x,y,z,p1,p2,p3,t
2.919929,-11.943937,0.000000,0.000000,0.000000,0.000000,0.000000
2.583812,-11.943937,0.000000,0.336117,0.000000,0.000000,0.067223
2.247695,-11.943937,0.000000,0.672234,0.000000,0.000000,0.134447
1.911577,-11.943937,0.000000,1.008352,0.000000,0.000000,0.201670
1.575460,-11.943937,0.000000,1.344469,0.000000,0.000000,0.268894
1.239343,-11.943937,0.000000,1.680586,0.000000,0.000000,0.336117
0.903226,-11.943937,0.000000,2.016703,0.000000,0.000000,0.403341
0.567109,-11.943937,0.000000,2.352821,0.000000,0.000000,0.470564
0.230991,-11.943937,0.000000,2.688938,0.000000,0.000000,0.537788
-0.105126,-11.943937,0.000000,3.025055,0.000000,0.000000,0.605011
-0.441243,-11.943937,0.000000,3.361172,0.000000,0.000000,0.672234
-0.777360,-11.943937,0.000000,3.697289,0.000000,0.000000,0.739458
-1.113478,-11.943937,0.000000,4.033407,0.000000,0.000000,0.806681
-1.449595,-11.943937,0.000000,4.369524,0.000000,0.000000,0.873905
-1.785712,-11.943937,0.000000,4.705641,0.000000,0.000000,0.941128
-2.121829,-11.943937,0.000000,5.041758,0.000000,0.000000,1.008352
-2.457946,-11.943937,0.000000,5.377876,0.000000,0.000000,1.075575
-2.794064,-11.943937,0.000000,5.713993,0.000000,0.000000,1.142799
-3.130181,-11.943937,0.000000,6.050110,0.000000,0.000000,1.210022
-3.466298,-11.943937,0.000000,6.386227,0.000000,0.000000,1.277245
-4.749831,-11.524660,0.000000,7.736505,0.000000,0.000000,1.547301
-4.278605,-11.524660,0.000000,8.207731,0.000000,0.000000,1.641546
-3.807379,-11.524660,0.000000,8.678957,0.000000,0.000000,1.735791
-3.336153,-11.524660,0.000000,9.150182,0.000000,0.000000,1.830036
-2.864927,-11.524660,0.000000,9.621408,0.000000,0.000000,1.924282
-2.393701,-11.524660,0.000000,10.092634,0.000000,0.000000,2.018527
-1.922475,-11.524660,0.000000,10.563860,0.000000,0.000000,2.112772
-1.451249,-11.524660,0.000000,11.035086,0.000000,0.000000,2.207017
-0.980023,-11.524660,0.000000,11.506312,0.000000,0.000000,2.301262
-0.508797,-11.524660,0.000000,11.977538,0.000000,0.000000,2.395508
-0.037572,-11.524660,0.000000,12.448764,0.000000,0.000000,2.489753
0.433654,-11.524660,0.000000,12.919990,0.000000,0.000000,2.583998
0.904880,-11.524660,0.000000,13.391216,0.000000,0.000000,2.678243
1.376106,-11.524660,0.000000,13.862442,0.000000,0.000000,2.772488
1.847332,-11.524660,0.000000,14.333668,0.000000,0.000000,2.866734
2.318558,-11.524660,0.000000,14.804894,0.000000,0.000000,2.960979
2.789784,-11.524660,0.000000,15.276120,0.000000,0.000000,3.055224
3.261010,-11.524660,0.000000,15.747346,0.000000,0.000000,3.149469
3.732236,-11.524660,0.000000,16.218572,0.000000,0.000000,3.243714
4.203462,-11.524660,0.000000,16.689798,0.000000,0.000000,3.337960
5.161258,-11.105384,0.000000,17.735343,0.000000,0.000000,3.547069
4.589212,-11.105384,0.000000,18.307390,0.000000,0.000000,3.661478
4.017165,-11.105384,0.000000,18.879437,0.000000,0.000000,3.775887
3.445118,-11.105384,0.000000,19.451483,0.000000,0.000000,3.890297
2.873072,-11.105384,0.000000,20.023530,0.000000,0.000000,4.004706
2.301025,-11.105384,0.000000,20.595576,0.000000,0.000000,4.119115
1.728979,-11.105384,0.000000,21.167623,0.000000,0.000000,4.233525
1.156932,-11.105384,0.000000,21.739670,0.000000,0.000000,4.347934
0.584885,-11.105384,0.000000,22.311716,0.000000,0.000000,4.462343
0.012839,-11.105384,0.000000,22.883763,0.000000,0.000000,4.576753
-0.559208,-11.105384,0.000000,23.455809,0.000000,0.000000,4.691162
-1.131254,-11.105384,0.000000,24.027856,0.000000,0.000000,4.805571
-1.703301,-11.105384,0.000000,24.599903,0.000000,0.000000,4.919981
-2.275348,-11.105384,0.000000,25.171949,0.000000,0.000000,5.034390
-2.847394,-11.105384,0.000000,25.743996,0.000000,0.000000,5.148799
-3.419441,-11.105384,0.000000,26.316042,0.000000,0.000000,5.263208
-3.991487,-11.105384,0.000000,26.888089,0.000000,0.000000,5.377618
-4.563534,-11.105384,0.000000,27.460136,0.000000,0.000000,5.492027
-5.135581,-11.105384,0.000000,28.032182,0.000000,0.000000,5.606436
-5.707627,-11.105384,0.000000,28.604229,0.000000,0.000000,5.720846
-6.492058,-10.686108,0.000000,29.493680,0.000000,0.000000,5.898736
-5.837440,-10.686108,0.000000,30.148299,0.000000,0.000000,6.029660
-5.182821,-10.686108,0.000000,30.802917,0.000000,0.000000,6.160583
-4.528203,-10.686108,0.000000,31.457535,0.000000,0.000000,6.291507
-3.873585,-10.686108,0.000000,32.112153,0.000000,0.000000,6.422431
-3.218967,-10.686108,0.000000,32.766772,0.000000,0.000000,6.553354
-2.564348,-10.686108,0.000000,33.421390,0.000000,0.000000,6.684278
-1.909730,-10.686108,0.000000,34.076008,0.000000,0.000000,6.815202
-1.255112,-10.686108,0.000000,34.730626,0.000000,0.000000,6.946125
-0.600494,-10.686108,0.000000,35.385245,0.000000,0.000000,7.077049
0.054125,-10.686108,0.000000,36.039863,0.000000,0.000000,7.207973
0.708743,-10.686108,0.000000,36.694481,0.000000,0.000000,7.338896
1.363361,-10.686108,0.000000,37.349099,0.000000,0.000000,7.469820
2.017979,-10.686108,0.000000,38.003718,0.000000,0.000000,7.600744
2.672598,-10.686108,0.000000,38.658336,0.000000,0.000000,7.731667
3.327216,-10.686108,0.000000,39.312954,0.000000,0.000000,7.862591
3.981834,-10.686108,0.000000,39.967572,0.000000,0.000000,7.993514
4.636452,-10.686108,0.000000,40.622191,0.000000,0.000000,8.124438
5.291071,-10.686108,0.000000,41.276809,0.000000,0.000000,8.255362
5.945689,-10.686108,0.000000,41.931427,0.000000,0.000000,8.386285
6.616229,-10.266831,0.000000,42.722260,0.000000,0.000000,8.544452
5.891028,-10.266831,0.000000,43.447461,0.000000,0.000000,8.689492
5.165826,-10.266831,0.000000,44.172663,0.000000,0.000000,8.834533
4.440625,-10.266831,0.000000,44.897864,0.000000,0.000000,8.979573
3.715423,-10.266831,0.000000,45.623066,0.000000,0.000000,9.124613
2.990222,-10.266831,0.000000,46.348267,0.000000,0.000000,9.269653
2.265020,-10.266831,0.000000,47.073469,0.000000,0.000000,9.414694
1.539819,-10.266831,0.000000,47.798670,0.000000,0.000000,9.559734
0.814618,-10.266831,0.000000,48.523871,0.000000,0.000000,9.704774
0.089416,-10.266831,0.000000,49.249073,0.000000,0.000000,9.849815
-0.635785,-10.266831,0.000000,49.974274,0.000000,0.000000,9.994855
-1.360987,-10.266831,0.000000,50.699476,0.000000,0.000000,10.139895
-2.086188,-10.266831,0.000000,51.424677,0.000000,0.000000,10.284935
-2.811389,-10.266831,0.000000,52.149879,0.000000,0.000000,10.429976
-3.536591,-10.266831,0.000000,52.875080,0.000000,0.000000,10.575016
-4.261792,-10.266831,0.000000,53.600281,0.000000,0.000000,10.720056
-4.986994,-10.266831,0.000000,54.325483,0.000000,0.000000,10.865097
-5.712195,-10.266831,0.000000,55.050684,0.000000,0.000000,11.010137
-6.437397,-10.266831,0.000000,55.775886,0.000000,0.000000,11.155177
-7.162598,-10.266831,0.000000,56.501087,0.000000,0.000000,11.300217
-7.749953,-9.847555,0.000000,57.222737,0.000000,0.000000,11.444547
-6.962925,-9.847555,0.000000,58.009765,0.000000,0.000000,11.601953
-6.175896,-9.847555,0.000000,58.796793,0.000000,0.000000,11.759359
-5.388868,-9.847555,0.000000,59.583822,0.000000,0.000000,11.916764
-4.601840,-9.847555,0.000000,60.370850,0.000000,0.000000,12.074170
-3.814812,-9.847555,0.000000,61.157878,0.000000,0.000000,12.231576
-3.027783,-9.847555,0.000000,61.944906,0.000000,0.000000,12.388981
-2.240755,-9.847555,0.000000,62.731935,0.000000,0.000000,12.546387
-1.453727,-9.847555,0.000000,63.518963,0.000000,0.000000,12.703793
-0.666699,-9.847555,0.000000,64.305991,0.000000,0.000000,12.861198
0.120330,-9.847555,0.000000,65.093020,0.000000,0.000000,13.018604
0.907358,-9.847555,0.000000,65.880048,0.000000,0.000000,13.176010
1.694386,-9.847555,0.000000,66.667076,0.000000,0.000000,13.333415
2.481414,-9.847555,0.000000,67.454104,0.000000,0.000000,13.490821
3.268443,-9.847555,0.000000,68.241133,0.000000,0.000000,13.648227
4.055471,-9.847555,0.000000,69.028161,0.000000,0.000000,13.805632
4.842499,-9.847555,0.000000,69.815189,0.000000,0.000000,13.963038
5.629527,-9.847555,0.000000,70.602217,0.000000,0.000000,14.120443
6.416556,-9.847555,0.000000,71.389246,0.000000,0.000000,14.277849
7.203584,-9.847555,0.000000,72.176274,0.000000,0.000000,14.435255
7.726099,-9.428279,0.000000,72.846210,0.000000,0.000000,14.569242
6.884069,-9.428279,0.000000,73.688240,0.000000,0.000000,14.737648
6.042039,-9.428279,0.000000,74.530269,0.000000,0.000000,14.906054
5.200009,-9.428279,0.000000,75.372299,0.000000,0.000000,15.074460
4.357979,-9.428279,0.000000,76.214329,0.000000,0.000000,15.242866
3.515950,-9.428279,0.000000,77.056359,0.000000,0.000000,15.411272
2.673920,-9.428279,0.000000,77.898389,0.000000,0.000000,15.579678
1.831890,-9.428279,0.000000,78.740418,0.000000,0.000000,15.748084
0.989860,-9.428279,0.000000,79.582448,0.000000,0.000000,15.916490
0.147830,-9.428279,0.000000,80.424478,0.000000,0.000000,16.084896
-0.694199,-9.428279,0.000000,81.266508,0.000000,0.000000,16.253302
-1.536229,-9.428279,0.000000,82.108537,0.000000,0.000000,16.421707
-2.378259,-9.428279,0.000000,82.950567,0.000000,0.000000,16.590113
-3.220289,-9.428279,0.000000,83.792597,0.000000,0.000000,16.758519
-4.062319,-9.428279,0.000000,84.634627,0.000000,0.000000,16.926925
-4.904348,-9.428279,0.000000,85.476657,0.000000,0.000000,17.095331
-5.746378,-9.428279,0.000000,86.318686,0.000000,0.000000,17.263737
-6.588408,-9.428279,0.000000,87.160716,0.000000,0.000000,17.432143
-7.430438,-9.428279,0.000000,88.002746,0.000000,0.000000,17.600549
-8.272468,-9.428279,0.000000,88.844776,0.000000,0.000000,17.768955
-8.742152,-9.009002,0.000000,89.474376,0.000000,0.000000,17.894875
-7.850682,-9.009002,0.000000,90.365846,0.000000,0.000000,18.073169
-6.959211,-9.009002,0.000000,91.257316,0.000000,0.000000,18.251463
-6.067741,-9.009002,0.000000,92.148786,0.000000,0.000000,18.429757
-5.176271,-9.009002,0.000000,93.040257,0.000000,0.000000,18.608051
-4.284801,-9.009002,0.000000,93.931727,0.000000,0.000000,18.786345
-3.393330,-9.009002,0.000000,94.823197,0.000000,0.000000,18.964639
-2.501860,-9.009002,0.000000,95.714667,0.000000,0.000000,19.142933
-1.610390,-9.009002,0.000000,96.606138,0.000000,0.000000,19.321228
-0.718920,-9.009002,0.000000,97.497608,0.000000,0.000000,19.499522
0.172551,-9.009002,0.000000,98.389078,0.000000,0.000000,19.677816
1.064021,-9.009002,0.000000,99.280548,0.000000,0.000000,19.856110
1.955491,-9.009002,0.000000,100.172018,0.000000,0.000000,20.034404
2.846961,-9.009002,0.000000,101.063489,0.000000,0.000000,20.212698
3.738432,-9.009002,0.000000,101.954959,0.000000,0.000000,20.390992
4.629902,-9.009002,0.000000,102.846429,0.000000,0.000000,20.569286
5.521372,-9.009002,0.000000,103.737899,0.000000,0.000000,20.747580
6.412842,-9.009002,0.000000,104.629370,0.000000,0.000000,20.925874
7.304313,-9.009002,0.000000,105.520840,0.000000,0.000000,21.104168
8.195783,-9.009002,0.000000,106.412310,0.000000,0.000000,21.282462
8.621010,-8.589726,0.000000,107.009479,0.000000,0.000000,21.401896
7.684779,-8.589726,0.000000,107.945710,0.000000,0.000000,21.589142
6.748548,-8.589726,0.000000,108.881941,0.000000,0.000000,21.776388
5.812317,-8.589726,0.000000,109.818172,0.000000,0.000000,21.963634
4.876086,-8.589726,0.000000,110.754403,0.000000,0.000000,22.150881
3.939855,-8.589726,0.000000,111.690634,0.000000,0.000000,22.338127
3.003624,-8.589726,0.000000,112.626865,0.000000,0.000000,22.525373
2.067393,-8.589726,0.000000,113.563096,0.000000,0.000000,22.712619
1.131162,-8.589726,0.000000,114.499327,0.000000,0.000000,22.899865
0.194931,-8.589726,0.000000,115.435558,0.000000,0.000000,23.087112
-0.741300,-8.589726,0.000000,116.371789,0.000000,0.000000,23.274358
-1.677531,-8.589726,0.000000,117.308020,0.000000,0.000000,23.461604
-2.613762,-8.589726,0.000000,118.244251,0.000000,0.000000,23.648850
-3.549993,-8.589726,0.000000,119.180482,0.000000,0.000000,23.836096
-4.486224,-8.589726,0.000000,120.116713,0.000000,0.000000,24.023343
-5.422455,-8.589726,0.000000,121.052944,0.000000,0.000000,24.210589
-6.358686,-8.589726,0.000000,121.989175,0.000000,0.000000,24.397835
-7.294917,-8.589726,0.000000,122.925406,0.000000,0.000000,24.585081
-8.231148,-8.589726,0.000000,123.861637,0.000000,0.000000,24.772327
-9.167379,-8.589726,0.000000,124.797868,0.000000,0.000000,24.959574
-9.554262,-8.170449,0.000000,125.368369,0.000000,0.000000,25.073674
-8.577307,-8.170449,0.000000,126.345325,0.000000,0.000000,25.269065
-7.600351,-8.170449,0.000000,127.322280,0.000000,0.000000,25.464456
-6.623396,-8.170449,0.000000,128.299236,0.000000,0.000000,25.659847
-5.646440,-8.170449,0.000000,129.276192,0.000000,0.000000,25.855238
-4.669484,-8.170449,0.000000,130.253147,0.000000,0.000000,26.050629
-3.692529,-8.170449,0.000000,131.230103,0.000000,0.000000,26.246021
-2.715573,-8.170449,0.000000,132.207058,0.000000,0.000000,26.441412
-1.738618,-8.170449,0.000000,133.184014,0.000000,0.000000,26.636803
-0.761662,-8.170449,0.000000,134.160969,0.000000,0.000000,26.832194
0.215293,-8.170449,0.000000,135.137925,0.000000,0.000000,27.027585
1.192249,-8.170449,0.000000,136.114880,0.000000,0.000000,27.222976
2.169204,-8.170449,0.000000,137.091836,0.000000,0.000000,27.418367
3.146160,-8.170449,0.000000,138.068792,0.000000,0.000000,27.613758
4.123115,-8.170449,0.000000,139.045747,0.000000,0.000000,27.809149
5.100071,-8.170449,0.000000,140.022703,0.000000,0.000000,28.004541
6.077027,-8.170449,0.000000,140.999658,0.000000,0.000000,28.199932
7.053982,-8.170449,0.000000,141.976614,0.000000,0.000000,28.395323
8.030938,-8.170449,0.000000,142.953569,0.000000,0.000000,28.590714
9.007893,-8.170449,0.000000,143.930525,0.000000,0.000000,28.786105
9.361053,-7.751173,0.000000,144.478717,0.000000,0.000000,28.895743
8.346922,-7.751173,0.000000,145.492847,0.000000,0.000000,29.098569
7.332792,-7.751173,0.000000,146.506977,0.000000,0.000000,29.301395
6.318662,-7.751173,0.000000,147.521107,0.000000,0.000000,29.504221
5.304532,-7.751173,0.000000,148.535238,0.000000,0.000000,29.707048
4.290402,-7.751173,0.000000,149.549368,0.000000,0.000000,29.909874
3.276271,-7.751173,0.000000,150.563498,0.000000,0.000000,30.112700
2.262141,-7.751173,0.000000,151.577628,0.000000,0.000000,30.315526
1.248011,-7.751173,0.000000,152.591758,0.000000,0.000000,30.518352
0.233881,-7.751173,0.000000,153.605889,0.000000,0.000000,30.721178
-0.780250,-7.751173,0.000000,154.620019,0.000000,0.000000,30.924004
-1.794380,-7.751173,0.000000,155.634149,0.000000,0.000000,31.126830
-2.808510,-7.751173,0.000000,156.648279,0.000000,0.000000,31.329656
-3.822640,-7.751173,0.000000,157.662410,0.000000,0.000000,31.532482
-4.836771,-7.751173,0.000000,158.676540,0.000000,0.000000,31.735308
-5.850901,-7.751173,0.000000,159.690670,0.000000,0.000000,31.938134
-6.865031,-7.751173,0.000000,160.704800,0.000000,0.000000,32.140960
-7.879161,-7.751173,0.000000,161.718930,0.000000,0.000000,32.343786
-8.893291,-7.751173,0.000000,162.733061,0.000000,0.000000,32.546612
-9.907422,-7.751173,0.000000,163.747191,0.000000,0.000000,32.749438
-10.230446,-7.331897,0.000000,164.276471,0.000000,0.000000,32.855294
-9.182313,-7.331897,0.000000,165.324604,0.000000,0.000000,33.064921
-8.134181,-7.331897,0.000000,166.372737,0.000000,0.000000,33.274547
-7.086048,-7.331897,0.000000,167.420870,0.000000,0.000000,33.484174
-6.037915,-7.331897,0.000000,168.469002,0.000000,0.000000,33.693800
-4.989782,-7.331897,0.000000,169.517135,0.000000,0.000000,33.903427
-3.941649,-7.331897,0.000000,170.565268,0.000000,0.000000,34.113054
-2.893517,-7.331897,0.000000,171.613401,0.000000,0.000000,34.322680
-1.845384,-7.331897,0.000000,172.661534,0.000000,0.000000,34.532307
-0.797251,-7.331897,0.000000,173.709666,0.000000,0.000000,34.741933
0.250882,-7.331897,0.000000,174.757799,0.000000,0.000000,34.951560
1.299015,-7.331897,0.000000,175.805932,0.000000,0.000000,35.161186
2.347148,-7.331897,0.000000,176.854065,0.000000,0.000000,35.370813
3.395280,-7.331897,0.000000,177.902198,0.000000,0.000000,35.580440
4.443413,-7.331897,0.000000,178.950331,0.000000,0.000000,35.790066
5.491546,-7.331897,0.000000,179.998463,0.000000,0.000000,35.999693
6.539679,-7.331897,0.000000,181.046596,0.000000,0.000000,36.209319
7.587812,-7.331897,0.000000,182.094729,0.000000,0.000000,36.418946
8.635944,-7.331897,0.000000,183.142862,0.000000,0.000000,36.628572
9.684077,-7.331897,0.000000,184.190995,0.000000,0.000000,36.838199
9.979816,-6.912620,0.000000,184.704077,0.000000,0.000000,36.940815
8.900552,-6.912620,0.000000,185.783340,0.000000,0.000000,37.156668
7.821289,-6.912620,0.000000,186.862604,0.000000,0.000000,37.372521
6.742026,-6.912620,0.000000,187.941867,0.000000,0.000000,37.588373
5.662763,-6.912620,0.000000,189.021130,0.000000,0.000000,37.804226
4.583500,-6.912620,0.000000,190.100393,0.000000,0.000000,38.020079
3.504237,-6.912620,0.000000,191.179656,0.000000,0.000000,38.235931
2.424973,-6.912620,0.000000,192.258920,0.000000,0.000000,38.451784
1.345710,-6.912620,0.000000,193.338183,0.000000,0.000000,38.667637
0.266447,-6.912620,0.000000,194.417446,0.000000,0.000000,38.883489
-0.812816,-6.912620,0.000000,195.496709,0.000000,0.000000,39.099342
-1.892079,-6.912620,0.000000,196.575972,0.000000,0.000000,39.315194
-2.971342,-6.912620,0.000000,197.655235,0.000000,0.000000,39.531047
-4.050606,-6.912620,0.000000,198.734499,0.000000,0.000000,39.746900
-5.129869,-6.912620,0.000000,199.813762,0.000000,0.000000,39.962752
-6.209132,-6.912620,0.000000,200.893025,0.000000,0.000000,40.178605
-7.288395,-6.912620,0.000000,201.972288,0.000000,0.000000,40.394458
-8.367658,-6.912620,0.000000,203.051551,0.000000,0.000000,40.610310
-9.446921,-6.912620,0.000000,204.130814,0.000000,0.000000,40.826163
-10.526185,-6.912620,0.000000,205.210078,0.000000,0.000000,41.042016
-10.796937,-6.493344,0.000000,205.709177,0.000000,0.000000,41.141835
-9.689174,-6.493344,0.000000,206.816940,0.000000,0.000000,41.363388
-8.581411,-6.493344,0.000000,207.924703,0.000000,0.000000,41.584941
-7.473647,-6.493344,0.000000,209.032467,0.000000,0.000000,41.806493
-6.365884,-6.493344,0.000000,210.140230,0.000000,0.000000,42.028046
-5.258120,-6.493344,0.000000,211.247994,0.000000,0.000000,42.249599
-4.150357,-6.493344,0.000000,212.355757,0.000000,0.000000,42.471151
-3.042593,-6.493344,0.000000,213.463521,0.000000,0.000000,42.692704
-1.934830,-6.493344,0.000000,214.571284,0.000000,0.000000,42.914257
-0.827066,-6.493344,0.000000,215.679048,0.000000,0.000000,43.135810
0.280697,-6.493344,0.000000,216.786811,0.000000,0.000000,43.357362
1.388461,-6.493344,0.000000,217.894575,0.000000,0.000000,43.578915
2.496224,-6.493344,0.000000,219.002338,0.000000,0.000000,43.800468
3.603988,-6.493344,0.000000,220.110102,0.000000,0.000000,44.022020
4.711751,-6.493344,0.000000,221.217865,0.000000,0.000000,44.243573
5.819515,-6.493344,0.000000,222.325629,0.000000,0.000000,44.465126
6.927278,-6.493344,0.000000,223.433392,0.000000,0.000000,44.686678
8.035042,-6.493344,0.000000,224.541156,0.000000,0.000000,44.908231
9.142805,-6.493344,0.000000,225.648919,0.000000,0.000000,45.129784
10.250568,-6.493344,0.000000,226.756683,0.000000,0.000000,45.351337
10.498220,-6.074068,0.000000,227.243636,0.000000,0.000000,45.448727
9.364388,-6.074068,0.000000,228.377468,0.000000,0.000000,45.675494
8.230556,-6.074068,0.000000,229.511300,0.000000,0.000000,45.902260
7.096724,-6.074068,0.000000,230.645132,0.000000,0.000000,46.129026
5.962892,-6.074068,0.000000,231.778965,0.000000,0.000000,46.355793
4.829060,-6.074068,0.000000,232.912797,0.000000,0.000000,46.582559
3.695228,-6.074068,0.000000,234.046629,0.000000,0.000000,46.809326
2.561396,-6.074068,0.000000,235.180461,0.000000,0.000000,47.036092
1.427564,-6.074068,0.000000,236.314293,0.000000,0.000000,47.262859
0.293732,-6.074068,0.000000,237.448125,0.000000,0.000000,47.489625
-0.840101,-6.074068,0.000000,238.581957,0.000000,0.000000,47.716391
-1.973933,-6.074068,0.000000,239.715789,0.000000,0.000000,47.943158
-3.107765,-6.074068,0.000000,240.849621,0.000000,0.000000,48.169924
-4.241597,-6.074068,0.000000,241.983453,0.000000,0.000000,48.396691
-5.375429,-6.074068,0.000000,243.117285,0.000000,0.000000,48.623457
-6.509261,-6.074068,0.000000,244.251117,0.000000,0.000000,48.850223
-7.643093,-6.074068,0.000000,245.384949,0.000000,0.000000,49.076990
-8.776925,-6.074068,0.000000,246.518781,0.000000,0.000000,49.303756
-9.910757,-6.074068,0.000000,247.652613,0.000000,0.000000,49.530523
-11.044589,-6.074068,0.000000,248.786445,0.000000,0.000000,49.757289
-11.270700,-5.654791,0.000000,249.262806,0.000000,0.000000,49.852561
-10.113067,-5.654791,0.000000,250.420439,0.000000,0.000000,50.084088
-8.955434,-5.654791,0.000000,251.578072,0.000000,0.000000,50.315614
-7.797800,-5.654791,0.000000,252.735705,0.000000,0.000000,50.547141
-6.640167,-5.654791,0.000000,253.893338,0.000000,0.000000,50.778668
-5.482534,-5.654791,0.000000,255.050972,0.000000,0.000000,51.010194
-4.324901,-5.654791,0.000000,256.208605,0.000000,0.000000,51.241721
-3.167268,-5.654791,0.000000,257.366238,0.000000,0.000000,51.473248
-2.009634,-5.654791,0.000000,258.523871,0.000000,0.000000,51.704774
-0.852001,-5.654791,0.000000,259.681505,0.000000,0.000000,51.936301
0.305632,-5.654791,0.000000,260.839138,0.000000,0.000000,52.167828
1.463265,-5.654791,0.000000,261.996771,0.000000,0.000000,52.399354
2.620899,-5.654791,0.000000,263.154404,0.000000,0.000000,52.630881
3.778532,-5.654791,0.000000,264.312038,0.000000,0.000000,52.862408
4.936165,-5.654791,0.000000,265.469671,0.000000,0.000000,53.093934
6.093798,-5.654791,0.000000,266.627304,0.000000,0.000000,53.325461
7.251431,-5.654791,0.000000,267.784937,0.000000,0.000000,53.556987
8.409065,-5.654791,0.000000,268.942570,0.000000,0.000000,53.788514
9.566698,-5.654791,0.000000,270.100204,0.000000,0.000000,54.020041
10.724331,-5.654791,0.000000,271.257837,0.000000,0.000000,54.251567
10.930206,-5.235515,0.000000,271.724931,0.000000,0.000000,54.344986
9.750902,-5.235515,0.000000,272.904236,0.000000,0.000000,54.580847
8.571598,-5.235515,0.000000,274.083540,0.000000,0.000000,54.816708
7.392293,-5.235515,0.000000,275.262844,0.000000,0.000000,55.052569
6.212989,-5.235515,0.000000,276.442148,0.000000,0.000000,55.288430
5.033685,-5.235515,0.000000,277.621453,0.000000,0.000000,55.524291
3.854380,-5.235515,0.000000,278.800757,0.000000,0.000000,55.760151
2.675076,-5.235515,0.000000,279.980061,0.000000,0.000000,55.996012
1.495772,-5.235515,0.000000,281.159365,0.000000,0.000000,56.231873
0.316468,-5.235515,0.000000,282.338670,0.000000,0.000000,56.467734
-0.862837,-5.235515,0.000000,283.517974,0.000000,0.000000,56.703595
-2.042141,-5.235515,0.000000,284.697278,0.000000,0.000000,56.939456
-3.221445,-5.235515,0.000000,285.876583,0.000000,0.000000,57.175317
-4.400749,-5.235515,0.000000,287.055887,0.000000,0.000000,57.411177
-5.580054,-5.235515,0.000000,288.235191,0.000000,0.000000,57.647038
-6.759358,-5.235515,0.000000,289.414495,0.000000,0.000000,57.882899
-7.938662,-5.235515,0.000000,290.593800,0.000000,0.000000,58.118760
-9.117967,-5.235515,0.000000,291.773104,0.000000,0.000000,58.354621
-10.297271,-5.235515,0.000000,292.952408,0.000000,0.000000,58.590482
-11.476575,-5.235515,0.000000,294.131712,0.000000,0.000000,58.826342
-11.663311,-4.816239,0.000000,294.590693,0.000000,0.000000,58.918139
-10.464350,-4.816239,0.000000,295.789654,0.000000,0.000000,59.157931
-9.265390,-4.816239,0.000000,296.988614,0.000000,0.000000,59.397723
-8.066429,-4.816239,0.000000,298.187575,0.000000,0.000000,59.637515
-6.867468,-4.816239,0.000000,299.386536,0.000000,0.000000,59.877307
-5.668508,-4.816239,0.000000,300.585496,0.000000,0.000000,60.117099
-4.469547,-4.816239,0.000000,301.784457,0.000000,0.000000,60.356891
-3.270586,-4.816239,0.000000,302.983418,0.000000,0.000000,60.596684
-2.071626,-4.816239,0.000000,304.182378,0.000000,0.000000,60.836476
-0.872665,-4.816239,0.000000,305.381339,0.000000,0.000000,61.076268
0.326296,-4.816239,0.000000,306.580300,0.000000,0.000000,61.316060
1.525257,-4.816239,0.000000,307.779260,0.000000,0.000000,61.555852
2.724217,-4.816239,0.000000,308.978221,0.000000,0.000000,61.795644
3.923178,-4.816239,0.000000,310.177182,0.000000,0.000000,62.035436
5.122139,-4.816239,0.000000,311.376143,0.000000,0.000000,62.275229
6.321099,-4.816239,0.000000,312.575103,0.000000,0.000000,62.515021
7.520060,-4.816239,0.000000,313.774064,0.000000,0.000000,62.754813
8.719021,-4.816239,0.000000,314.973025,0.000000,0.000000,62.994605
9.917981,-4.816239,0.000000,316.171985,0.000000,0.000000,63.234397
11.116942,-4.816239,0.000000,317.370946,0.000000,0.000000,63.474189
11.285467,-4.396962,0.000000,317.822824,0.000000,0.000000,63.564565
10.068767,-4.396962,0.000000,319.039524,0.000000,0.000000,63.807905
8.852067,-4.396962,0.000000,320.256224,0.000000,0.000000,64.051245
7.635366,-4.396962,0.000000,321.472924,0.000000,0.000000,64.294585
6.418666,-4.396962,0.000000,322.689624,0.000000,0.000000,64.537925
5.201966,-4.396962,0.000000,323.906324,0.000000,0.000000,64.781265
3.985266,-4.396962,0.000000,325.123024,0.000000,0.000000,65.024605
2.768566,-4.396962,0.000000,326.339725,0.000000,0.000000,65.267945
1.551866,-4.396962,0.000000,327.556425,0.000000,0.000000,65.511285
0.335166,-4.396962,0.000000,328.773125,0.000000,0.000000,65.754625
-0.881535,-4.396962,0.000000,329.989825,0.000000,0.000000,65.997965
-2.098235,-4.396962,0.000000,331.206525,0.000000,0.000000,66.241305
-3.314935,-4.396962,0.000000,332.423225,0.000000,0.000000,66.484645
-4.531635,-4.396962,0.000000,333.639926,0.000000,0.000000,66.727985
-5.748335,-4.396962,0.000000,334.856626,0.000000,0.000000,66.971325
-6.965035,-4.396962,0.000000,336.073326,0.000000,0.000000,67.214665
-8.181735,-4.396962,0.000000,337.290026,0.000000,0.000000,67.458005
-9.398436,-4.396962,0.000000,338.506726,0.000000,0.000000,67.701345
-10.615136,-4.396962,0.000000,339.723426,0.000000,0.000000,67.944685
-11.831836,-4.396962,0.000000,340.940126,0.000000,0.000000,68.188025
-11.982936,-3.977686,0.000000,341.385799,0.000000,0.000000,68.277160
-10.750330,-3.977686,0.000000,342.618404,0.000000,0.000000,68.523681
-9.517725,-3.977686,0.000000,343.851010,0.000000,0.000000,68.770202
-8.285120,-3.977686,0.000000,345.083615,0.000000,0.000000,69.016723
-7.052514,-3.977686,0.000000,346.316220,0.000000,0.000000,69.263244
-5.819909,-3.977686,0.000000,347.548826,0.000000,0.000000,69.509765
-4.587303,-3.977686,0.000000,348.781431,0.000000,0.000000,69.756286
-3.354698,-3.977686,0.000000,350.014037,0.000000,0.000000,70.002807
-2.122093,-3.977686,0.000000,351.246642,0.000000,0.000000,70.249328
-0.889487,-3.977686,0.000000,352.479247,0.000000,0.000000,70.495849
0.343118,-3.977686,0.000000,353.711853,0.000000,0.000000,70.742371
1.575724,-3.977686,0.000000,354.944458,0.000000,0.000000,70.988892
2.808329,-3.977686,0.000000,356.177064,0.000000,0.000000,71.235413
4.040934,-3.977686,0.000000,357.409669,0.000000,0.000000,71.481934
5.273540,-3.977686,0.000000,358.642274,0.000000,0.000000,71.728455
6.506145,-3.977686,0.000000,359.874880,0.000000,0.000000,71.974976
7.738751,-3.977686,0.000000,361.107485,0.000000,0.000000,72.221497
8.971356,-3.977686,0.000000,362.340091,0.000000,0.000000,72.468018
10.203961,-3.977686,0.000000,363.572696,0.000000,0.000000,72.714539
11.436567,-3.977686,0.000000,364.805301,0.000000,0.000000,72.961060
11.570909,-3.558410,0.000000,365.245575,0.000000,0.000000,73.049115
10.324162,-3.558410,0.000000,366.492321,0.000000,0.000000,73.298464
9.077415,-3.558410,0.000000,367.739068,0.000000,0.000000,73.547814
7.830669,-3.558410,0.000000,368.985814,0.000000,0.000000,73.797163
6.583922,-3.558410,0.000000,370.232561,0.000000,0.000000,74.046512
5.337175,-3.558410,0.000000,371.479308,0.000000,0.000000,74.295862
4.090429,-3.558410,0.000000,372.726054,0.000000,0.000000,74.545211
2.843682,-3.558410,0.000000,373.972801,0.000000,0.000000,74.794560
1.596935,-3.558410,0.000000,375.219548,0.000000,0.000000,75.043910
0.350189,-3.558410,0.000000,376.466294,0.000000,0.000000,75.293259
-0.896558,-3.558410,0.000000,377.713041,0.000000,0.000000,75.542608
-2.143304,-3.558410,0.000000,378.959788,0.000000,0.000000,75.791958
-3.390051,-3.558410,0.000000,380.206534,0.000000,0.000000,76.041307
-4.636798,-3.558410,0.000000,381.453281,0.000000,0.000000,76.290656
-5.883544,-3.558410,0.000000,382.700028,0.000000,0.000000,76.540006
-7.130291,-3.558410,0.000000,383.946774,0.000000,0.000000,76.789355
-8.377038,-3.558410,0.000000,385.193521,0.000000,0.000000,77.038704
-9.623784,-3.558410,0.000000,386.440268,0.000000,0.000000,77.288054
-10.870531,-3.558410,0.000000,387.687014,0.000000,0.000000,77.537403
-12.117278,-3.558410,0.000000,388.933761,0.000000,0.000000,77.786752
-12.235426,-3.139133,0.000000,389.369366,0.000000,0.000000,77.873873
-10.976243,-3.139133,0.000000,390.628549,0.000000,0.000000,78.125710
-9.717060,-3.139133,0.000000,391.887733,0.000000,0.000000,78.377547
-8.457876,-3.139133,0.000000,393.146916,0.000000,0.000000,78.629383
-7.198693,-3.139133,0.000000,394.406099,0.000000,0.000000,78.881220
-5.939510,-3.139133,0.000000,395.665283,0.000000,0.000000,79.133057
-4.680326,-3.139133,0.000000,396.924466,0.000000,0.000000,79.384893
-3.421143,-3.139133,0.000000,398.183649,0.000000,0.000000,79.636730
-2.161960,-3.139133,0.000000,399.442833,0.000000,0.000000,79.888567
-0.902776,-3.139133,0.000000,400.702016,0.000000,0.000000,80.140403
0.356407,-3.139133,0.000000,401.961199,0.000000,0.000000,80.392240
1.615591,-3.139133,0.000000,403.220383,0.000000,0.000000,80.644077
2.874774,-3.139133,0.000000,404.479566,0.000000,0.000000,80.895913
4.133957,-3.139133,0.000000,405.738749,0.000000,0.000000,81.147750
5.393141,-3.139133,0.000000,406.997933,0.000000,0.000000,81.399587
6.652324,-3.139133,0.000000,408.257116,0.000000,0.000000,81.651423
7.911507,-3.139133,0.000000,409.516299,0.000000,0.000000,81.903260
9.170691,-3.139133,0.000000,410.775483,0.000000,0.000000,82.155097
10.429874,-3.139133,0.000000,412.034666,0.000000,0.000000,82.406933
11.689057,-3.139133,0.000000,413.293849,0.000000,0.000000,82.658770
11.791488,-2.719857,0.000000,413.725457,0.000000,0.000000,82.745091
10.521523,-2.719857,0.000000,414.995422,0.000000,0.000000,82.999084
9.251557,-2.719857,0.000000,416.265388,0.000000,0.000000,83.253078
7.981591,-2.719857,0.000000,417.535353,0.000000,0.000000,83.507071
6.711626,-2.719857,0.000000,418.805319,0.000000,0.000000,83.761064
5.441660,-2.719857,0.000000,420.075284,0.000000,0.000000,84.015057
4.171695,-2.719857,0.000000,421.345250,0.000000,0.000000,84.269050
2.901729,-2.719857,0.000000,422.615215,0.000000,0.000000,84.523043
1.631764,-2.719857,0.000000,423.885181,0.000000,0.000000,84.777036
0.361798,-2.719857,0.000000,425.155146,0.000000,0.000000,85.031029
-0.908167,-2.719857,0.000000,426.425112,0.000000,0.000000,85.285022
-2.178133,-2.719857,0.000000,427.695077,0.000000,0.000000,85.539015
-3.448098,-2.719857,0.000000,428.965043,0.000000,0.000000,85.793009
-4.718064,-2.719857,0.000000,430.235008,0.000000,0.000000,86.047002
-5.988029,-2.719857,0.000000,431.504974,0.000000,0.000000,86.300995
-7.257995,-2.719857,0.000000,432.774940,0.000000,0.000000,86.554988
-8.527960,-2.719857,0.000000,434.044905,0.000000,0.000000,86.808981
-9.797926,-2.719857,0.000000,435.314871,0.000000,0.000000,87.062974
-11.067892,-2.719857,0.000000,436.584836,0.000000,0.000000,87.316967
-12.337857,-2.719857,0.000000,437.854802,0.000000,0.000000,87.570960
-12.424968,-2.300581,0.000000,438.283032,0.000000,0.000000,87.656606
-11.145833,-2.300581,0.000000,439.562167,0.000000,0.000000,87.912433
-9.866698,-2.300581,0.000000,440.841302,0.000000,0.000000,88.168260
-8.587563,-2.300581,0.000000,442.120437,0.000000,0.000000,88.424087
-7.308427,-2.300581,0.000000,443.399572,0.000000,0.000000,88.679914
-6.029292,-2.300581,0.000000,444.678707,0.000000,0.000000,88.935741
-4.750157,-2.300581,0.000000,445.957842,0.000000,0.000000,89.191568
-3.471022,-2.300581,0.000000,447.236977,0.000000,0.000000,89.447395
-2.191887,-2.300581,0.000000,448.516112,0.000000,0.000000,89.703222
-0.912752,-2.300581,0.000000,449.795247,0.000000,0.000000,89.959049
0.366383,-2.300581,0.000000,451.074382,0.000000,0.000000,90.214876
1.645518,-2.300581,0.000000,452.353518,0.000000,0.000000,90.470704
2.924653,-2.300581,0.000000,453.632653,0.000000,0.000000,90.726531
4.203788,-2.300581,0.000000,454.911788,0.000000,0.000000,90.982358
5.482923,-2.300581,0.000000,456.190923,0.000000,0.000000,91.238185
6.762058,-2.300581,0.000000,457.470058,0.000000,0.000000,91.494012
8.041194,-2.300581,0.000000,458.749193,0.000000,0.000000,91.749839
9.320329,-2.300581,0.000000,460.028328,0.000000,0.000000,92.005666
10.599464,-2.300581,0.000000,461.307463,0.000000,0.000000,92.261493
11.878599,-2.300581,0.000000,462.586598,0.000000,0.000000,92.517320
11.950717,-1.881304,0.000000,463.012032,0.000000,0.000000,92.602406
10.663990,-1.881304,0.000000,464.298758,0.000000,0.000000,92.859752
9.377264,-1.881304,0.000000,465.585485,0.000000,0.000000,93.117097
8.090537,-1.881304,0.000000,466.872211,0.000000,0.000000,93.374442
6.803811,-1.881304,0.000000,468.158937,0.000000,0.000000,93.631787
5.517085,-1.881304,0.000000,469.445664,0.000000,0.000000,93.889133
4.230358,-1.881304,0.000000,470.732390,0.000000,0.000000,94.146478
2.943632,-1.881304,0.000000,472.019117,0.000000,0.000000,94.403823
1.656905,-1.881304,0.000000,473.305843,0.000000,0.000000,94.661169
0.370179,-1.881304,0.000000,474.592570,0.000000,0.000000,94.918514
-0.916548,-1.881304,0.000000,475.879296,0.000000,0.000000,95.175859
-2.203274,-1.881304,0.000000,477.166023,0.000000,0.000000,95.433205
-3.490001,-1.881304,0.000000,478.452749,0.000000,0.000000,95.690550
-4.776727,-1.881304,0.000000,479.739476,0.000000,0.000000,95.947895
-6.063454,-1.881304,0.000000,481.026202,0.000000,0.000000,96.205240
-7.350180,-1.881304,0.000000,482.312928,0.000000,0.000000,96.462586
-8.636906,-1.881304,0.000000,483.599655,0.000000,0.000000,96.719931
-9.923633,-1.881304,0.000000,484.886381,0.000000,0.000000,96.977276
-11.210359,-1.881304,0.000000,486.173108,0.000000,0.000000,97.234622
-12.497086,-1.881304,0.000000,487.459834,0.000000,0.000000,97.491967
-12.554475,-1.462028,0.000000,487.883020,0.000000,0.000000,97.576604
-11.261708,-1.462028,0.000000,489.175787,0.000000,0.000000,97.835157
-9.968940,-1.462028,0.000000,490.468555,0.000000,0.000000,98.093711
-8.676173,-1.462028,0.000000,491.761322,0.000000,0.000000,98.352264
-7.383405,-1.462028,0.000000,493.054090,0.000000,0.000000,98.610818
-6.090638,-1.462028,0.000000,494.346857,0.000000,0.000000,98.869371
-4.797871,-1.462028,0.000000,495.639625,0.000000,0.000000,99.127925
-3.505103,-1.462028,0.000000,496.932392,0.000000,0.000000,99.386478
-2.212336,-1.462028,0.000000,498.225160,0.000000,0.000000,99.645032
-0.919568,-1.462028,0.000000,499.517927,0.000000,0.000000,99.903585
0.373199,-1.462028,0.000000,500.810695,0.000000,0.000000,100.162139
1.665967,-1.462028,0.000000,502.103462,0.000000,0.000000,100.420692
2.958734,-1.462028,0.000000,503.396229,0.000000,0.000000,100.679246
4.251502,-1.462028,0.000000,504.688997,0.000000,0.000000,100.937799
5.544269,-1.462028,0.000000,505.981764,0.000000,0.000000,101.196353
6.837036,-1.462028,0.000000,507.274532,0.000000,0.000000,101.454906
8.129804,-1.462028,0.000000,508.567299,0.000000,0.000000,101.713460
9.422571,-1.462028,0.000000,509.860067,0.000000,0.000000,101.972013
10.715339,-1.462028,0.000000,511.152834,0.000000,0.000000,102.230567
12.008106,-1.462028,0.000000,512.445602,0.000000,0.000000,102.489120
12.050973,-1.042751,0.000000,512.867064,0.000000,0.000000,102.573413
10.753693,-1.042751,0.000000,514.164343,0.000000,0.000000,102.832869
9.456414,-1.042751,0.000000,515.461623,0.000000,0.000000,103.092325
8.159134,-1.042751,0.000000,516.758903,0.000000,0.000000,103.351781
6.861854,-1.042751,0.000000,518.056183,0.000000,0.000000,103.611237
5.564574,-1.042751,0.000000,519.353462,0.000000,0.000000,103.870692
4.267295,-1.042751,0.000000,520.650742,0.000000,0.000000,104.130148
2.970015,-1.042751,0.000000,521.948022,0.000000,0.000000,104.389604
1.672735,-1.042751,0.000000,523.245302,0.000000,0.000000,104.649060
0.375455,-1.042751,0.000000,524.542581,0.000000,0.000000,104.908516
-0.921824,-1.042751,0.000000,525.839861,0.000000,0.000000,105.167972
-2.219104,-1.042751,0.000000,527.137141,0.000000,0.000000,105.427428
-3.516384,-1.042751,0.000000,528.434421,0.000000,0.000000,105.686884
-4.813664,-1.042751,0.000000,529.731700,0.000000,0.000000,105.946340
-6.110943,-1.042751,0.000000,531.028980,0.000000,0.000000,106.205796
-7.408223,-1.042751,0.000000,532.326260,0.000000,0.000000,106.465252
-8.705503,-1.042751,0.000000,533.623540,0.000000,0.000000,106.724708
-10.002783,-1.042751,0.000000,534.920819,0.000000,0.000000,106.984164
-11.300062,-1.042751,0.000000,536.218099,0.000000,0.000000,107.243620
-12.597342,-1.042751,0.000000,537.515379,0.000000,0.000000,107.503076
-12.625837,-0.623475,0.000000,537.935622,0.000000,0.000000,107.587124
-11.325558,-0.623475,0.000000,539.235902,0.000000,0.000000,107.847180
-10.025279,-0.623475,0.000000,540.536181,0.000000,0.000000,108.107236
-8.725000,-0.623475,0.000000,541.836460,0.000000,0.000000,108.367292
-7.424720,-0.623475,0.000000,543.136739,0.000000,0.000000,108.627348
-6.124441,-0.623475,0.000000,544.437019,0.000000,0.000000,108.887404
-4.824162,-0.623475,0.000000,545.737298,0.000000,0.000000,109.147460
-3.523883,-0.623475,0.000000,547.037577,0.000000,0.000000,109.407515
-2.223603,-0.623475,0.000000,548.337856,0.000000,0.000000,109.667571
-0.923324,-0.623475,0.000000,549.638135,0.000000,0.000000,109.927627
0.376955,-0.623475,0.000000,550.938415,0.000000,0.000000,110.187683
1.677234,-0.623475,0.000000,552.238694,0.000000,0.000000,110.447739
2.977514,-0.623475,0.000000,553.538973,0.000000,0.000000,110.707795
4.277793,-0.623475,0.000000,554.839252,0.000000,0.000000,110.967850
5.578072,-0.623475,0.000000,556.139532,0.000000,0.000000,111.227906
6.878351,-0.623475,0.000000,557.439811,0.000000,0.000000,111.487962
8.178631,-0.623475,0.000000,558.740090,0.000000,0.000000,111.748018
9.478910,-0.623475,0.000000,560.040369,0.000000,0.000000,112.008074
10.779189,-0.623475,0.000000,561.340649,0.000000,0.000000,112.268130
12.079468,-0.623475,0.000000,562.640928,0.000000,0.000000,112.528186
12.093691,-0.204199,0.000000,563.060445,0.000000,0.000000,112.612089
10.791915,-0.204199,0.000000,564.362222,0.000000,0.000000,112.872444
9.490138,-0.204199,0.000000,565.663998,0.000000,0.000000,113.132800
8.188362,-0.204199,0.000000,566.965775,0.000000,0.000000,113.393155
6.886586,-0.204199,0.000000,568.267551,0.000000,0.000000,113.653510
5.584809,-0.204199,0.000000,569.569327,0.000000,0.000000,113.913865
4.283033,-0.204199,0.000000,570.871104,0.000000,0.000000,114.174221
2.981256,-0.204199,0.000000,572.172880,0.000000,0.000000,114.434576
1.679480,-0.204199,0.000000,573.474657,0.000000,0.000000,114.694931
0.377704,-0.204199,0.000000,574.776433,0.000000,0.000000,114.955287
-0.924073,-0.204199,0.000000,576.078209,0.000000,0.000000,115.215642
-2.225849,-0.204199,0.000000,577.379986,0.000000,0.000000,115.475997
-3.527625,-0.204199,0.000000,578.681762,0.000000,0.000000,115.736352
-4.829402,-0.204199,0.000000,579.983539,0.000000,0.000000,115.996708
-6.131178,-0.204199,0.000000,581.285315,0.000000,0.000000,116.257063
-7.432955,-0.204199,0.000000,582.587091,0.000000,0.000000,116.517418
-8.734731,-0.204199,0.000000,583.888868,0.000000,0.000000,116.777774
-10.036507,-0.204199,0.000000,585.190644,0.000000,0.000000,117.038129
-11.338284,-0.204199,0.000000,586.492421,0.000000,0.000000,117.298484
-12.640060,-0.204199,0.000000,587.794197,0.000000,0.000000,117.558839
-12.640060,0.215078,0.000000,588.213473,0.000000,0.000000,117.642695
-11.338284,0.215078,0.000000,589.515250,0.000000,0.000000,117.903050
-10.036507,0.215078,0.000000,590.817026,0.000000,0.000000,118.163405
-8.734731,0.215078,0.000000,592.118802,0.000000,0.000000,118.423760
-7.432955,0.215078,0.000000,593.420579,0.000000,0.000000,118.684116
-6.131178,0.215078,0.000000,594.722355,0.000000,0.000000,118.944471
-4.829402,0.215078,0.000000,596.024132,0.000000,0.000000,119.204826
-3.527625,0.215078,0.000000,597.325908,0.000000,0.000000,119.465182
-2.225849,0.215078,0.000000,598.627684,0.000000,0.000000,119.725537
-0.924073,0.215078,0.000000,599.929461,0.000000,0.000000,119.985892
0.377704,0.215078,0.000000,601.231237,0.000000,0.000000,120.246247
1.679480,0.215078,0.000000,602.533014,0.000000,0.000000,120.506603
2.981256,0.215078,0.000000,603.834790,0.000000,0.000000,120.766958
4.283033,0.215078,0.000000,605.136566,0.000000,0.000000,121.027313
5.584809,0.215078,0.000000,606.438343,0.000000,0.000000,121.287669
6.886586,0.215078,0.000000,607.740119,0.000000,0.000000,121.548024
8.188362,0.215078,0.000000,609.041896,0.000000,0.000000,121.808379
9.490138,0.215078,0.000000,610.343672,0.000000,0.000000,122.068734
10.791915,0.215078,0.000000,611.645448,0.000000,0.000000,122.329090
12.093691,0.215078,0.000000,612.947225,0.000000,0.000000,122.589445
12.079468,0.634354,0.000000,613.366742,0.000000,0.000000,122.673348
10.779189,0.634354,0.000000,614.667022,0.000000,0.000000,122.933404
9.478910,0.634354,0.000000,615.967301,0.000000,0.000000,123.193460
8.178631,0.634354,0.000000,617.267580,0.000000,0.000000,123.453516
6.878351,0.634354,0.000000,618.567859,0.000000,0.000000,123.713572
5.578072,0.634354,0.000000,619.868138,0.000000,0.000000,123.973628
4.277793,0.634354,0.000000,621.168418,0.000000,0.000000,124.233684
2.977514,0.634354,0.000000,622.468697,0.000000,0.000000,124.493739
1.677234,0.634354,0.000000,623.768976,0.000000,0.000000,124.753795
0.376955,0.634354,0.000000,625.069255,0.000000,0.000000,125.013851
-0.923324,0.634354,0.000000,626.369535,0.000000,0.000000,125.273907
-2.223603,0.634354,0.000000,627.669814,0.000000,0.000000,125.533963
-3.523883,0.634354,0.000000,628.970093,0.000000,0.000000,125.794019
-4.824162,0.634354,0.000000,630.270372,0.000000,0.000000,126.054074
-6.124441,0.634354,0.000000,631.570652,0.000000,0.000000,126.314130
-7.424720,0.634354,0.000000,632.870931,0.000000,0.000000,126.574186
-8.725000,0.634354,0.000000,634.171210,0.000000,0.000000,126.834242
-10.025279,0.634354,0.000000,635.471489,0.000000,0.000000,127.094298
-11.325558,0.634354,0.000000,636.771769,0.000000,0.000000,127.354354
-12.625837,0.634354,0.000000,638.072048,0.000000,0.000000,127.614410
-12.597342,1.053630,0.000000,638.492291,0.000000,0.000000,127.698458
-11.300062,1.053630,0.000000,639.789571,0.000000,0.000000,127.957914
-10.002783,1.053630,0.000000,641.086851,0.000000,0.000000,128.217370
-8.705503,1.053630,0.000000,642.384131,0.000000,0.000000,128.476826
-7.408223,1.053630,0.000000,643.681410,0.000000,0.000000,128.736282
-6.110943,1.053630,0.000000,644.978690,0.000000,0.000000,128.995738
-4.813664,1.053630,0.000000,646.275970,0.000000,0.000000,129.255194
-3.516384,1.053630,0.000000,647.573250,0.000000,0.000000,129.514650
-2.219104,1.053630,0.000000,648.870529,0.000000,0.000000,129.774106
-0.921824,1.053630,0.000000,650.167809,0.000000,0.000000,130.033562
0.375455,1.053630,0.000000,651.465089,0.000000,0.000000,130.293018
1.672735,1.053630,0.000000,652.762369,0.000000,0.000000,130.552474
2.970015,1.053630,0.000000,654.059648,0.000000,0.000000,130.811930
4.267295,1.053630,0.000000,655.356928,0.000000,0.000000,131.071386
5.564574,1.053630,0.000000,656.654208,0.000000,0.000000,131.330842
6.861854,1.053630,0.000000,657.951488,0.000000,0.000000,131.590298
8.159134,1.053630,0.000000,659.248767,0.000000,0.000000,131.849753
9.456414,1.053630,0.000000,660.546047,0.000000,0.000000,132.109209
10.753693,1.053630,0.000000,661.843327,0.000000,0.000000,132.368665
12.050973,1.053630,0.000000,663.140607,0.000000,0.000000,132.628121
12.008106,1.472907,0.000000,663.562069,0.000000,0.000000,132.712414
10.715339,1.472907,0.000000,664.854836,0.000000,0.000000,132.970967
9.422571,1.472907,0.000000,666.147603,0.000000,0.000000,133.229521
8.129804,1.472907,0.000000,667.440371,0.000000,0.000000,133.488074
6.837036,1.472907,0.000000,668.733138,0.000000,0.000000,133.746628
5.544269,1.472907,0.000000,670.025906,0.000000,0.000000,134.005181
4.251502,1.472907,0.000000,671.318673,0.000000,0.000000,134.263735
2.958734,1.472907,0.000000,672.611441,0.000000,0.000000,134.522288
1.665967,1.472907,0.000000,673.904208,0.000000,0.000000,134.780842
0.373199,1.472907,0.000000,675.196976,0.000000,0.000000,135.039395
-0.919568,1.472907,0.000000,676.489743,0.000000,0.000000,135.297949
-2.212336,1.472907,0.000000,677.782511,0.000000,0.000000,135.556502
-3.505103,1.472907,0.000000,679.075278,0.000000,0.000000,135.815056
-4.797871,1.472907,0.000000,680.368045,0.000000,0.000000,136.073609
-6.090638,1.472907,0.000000,681.660813,0.000000,0.000000,136.332163
-7.383405,1.472907,0.000000,682.953580,0.000000,0.000000,136.590716
-8.676173,1.472907,0.000000,684.246348,0.000000,0.000000,136.849270
-9.968940,1.472907,0.000000,685.539115,0.000000,0.000000,137.107823
-11.261708,1.472907,0.000000,686.831883,0.000000,0.000000,137.366377
-12.554475,1.472907,0.000000,688.124650,0.000000,0.000000,137.624930
-12.497086,1.892183,0.000000,688.547836,0.000000,0.000000,137.709567
-11.210359,1.892183,0.000000,689.834562,0.000000,0.000000,137.966912
-9.923633,1.892183,0.000000,691.121289,0.000000,0.000000,138.224258
-8.636906,1.892183,0.000000,692.408015,0.000000,0.000000,138.481603
-7.350180,1.892183,0.000000,693.694742,0.000000,0.000000,138.738948
-6.063454,1.892183,0.000000,694.981468,0.000000,0.000000,138.996294
-4.776727,1.892183,0.000000,696.268195,0.000000,0.000000,139.253639
-3.490001,1.892183,0.000000,697.554921,0.000000,0.000000,139.510984
-2.203274,1.892183,0.000000,698.841648,0.000000,0.000000,139.768330
-0.916548,1.892183,0.000000,700.128374,0.000000,0.000000,140.025675
0.370179,1.892183,0.000000,701.415100,0.000000,0.000000,140.283020
1.656905,1.892183,0.000000,702.701827,0.000000,0.000000,140.540365
2.943632,1.892183,0.000000,703.988553,0.000000,0.000000,140.797711
4.230358,1.892183,0.000000,705.275280,0.000000,0.000000,141.055056
5.517085,1.892183,0.000000,706.562006,0.000000,0.000000,141.312401
6.803811,1.892183,0.000000,707.848733,0.000000,0.000000,141.569747
8.090537,1.892183,0.000000,709.135459,0.000000,0.000000,141.827092
9.377264,1.892183,0.000000,710.422186,0.000000,0.000000,142.084437
10.663990,1.892183,0.000000,711.708912,0.000000,0.000000,142.341782
11.950717,1.892183,0.000000,712.995639,0.000000,0.000000,142.599128
11.878599,2.311459,0.000000,713.421072,0.000000,0.000000,142.684214
10.599464,2.311459,0.000000,714.700207,0.000000,0.000000,142.940041
9.320329,2.311459,0.000000,715.979342,0.000000,0.000000,143.195868
8.041194,2.311459,0.000000,717.258477,0.000000,0.000000,143.451695
6.762058,2.311459,0.000000,718.537612,0.000000,0.000000,143.707522
5.482923,2.311459,0.000000,719.816747,0.000000,0.000000,143.963349
4.203788,2.311459,0.000000,721.095882,0.000000,0.000000,144.219176
2.924653,2.311459,0.000000,722.375018,0.000000,0.000000,144.475004
1.645518,2.311459,0.000000,723.654153,0.000000,0.000000,144.730831
0.366383,2.311459,0.000000,724.933288,0.000000,0.000000,144.986658
-0.912752,2.311459,0.000000,726.212423,0.000000,0.000000,145.242485
-2.191887,2.311459,0.000000,727.491558,0.000000,0.000000,145.498312
-3.471022,2.311459,0.000000,728.770693,0.000000,0.000000,145.754139
-4.750157,2.311459,0.000000,730.049828,0.000000,0.000000,146.009966
-6.029292,2.311459,0.000000,731.328963,0.000000,0.000000,146.265793
-7.308427,2.311459,0.000000,732.608098,0.000000,0.000000,146.521620
-8.587563,2.311459,0.000000,733.887233,0.000000,0.000000,146.777447
-9.866698,2.311459,0.000000,735.166368,0.000000,0.000000,147.033274
-11.145833,2.311459,0.000000,736.445503,0.000000,0.000000,147.289101
-12.424968,2.311459,0.000000,737.724639,0.000000,0.000000,147.544928
-12.337857,2.730736,0.000000,738.152869,0.000000,0.000000,147.630574
-11.067892,2.730736,0.000000,739.422834,0.000000,0.000000,147.884567
-9.797926,2.730736,0.000000,740.692800,0.000000,0.000000,148.138560
-8.527960,2.730736,0.000000,741.962765,0.000000,0.000000,148.392553
-7.257995,2.730736,0.000000,743.232731,0.000000,0.000000,148.646546
-5.988029,2.730736,0.000000,744.502696,0.000000,0.000000,148.900539
-4.718064,2.730736,0.000000,745.772662,0.000000,0.000000,149.154532
-3.448098,2.730736,0.000000,747.042627,0.000000,0.000000,149.408525
-2.178133,2.730736,0.000000,748.312593,0.000000,0.000000,149.662519
-0.908167,2.730736,0.000000,749.582558,0.000000,0.000000,149.916512
0.361798,2.730736,0.000000,750.852524,0.000000,0.000000,150.170505
1.631764,2.730736,0.000000,752.122489,0.000000,0.000000,150.424498
2.901729,2.730736,0.000000,753.392455,0.000000,0.000000,150.678491
4.171695,2.730736,0.000000,754.662420,0.000000,0.000000,150.932484
5.441660,2.730736,0.000000,755.932386,0.000000,0.000000,151.186477
6.711626,2.730736,0.000000,757.202351,0.000000,0.000000,151.440470
7.981591,2.730736,0.000000,758.472317,0.000000,0.000000,151.694463
9.251557,2.730736,0.000000,759.742283,0.000000,0.000000,151.948457
10.521523,2.730736,0.000000,761.012248,0.000000,0.000000,152.202450
11.791488,2.730736,0.000000,762.282214,0.000000,0.000000,152.456443
11.689057,3.150012,0.000000,762.713821,0.000000,0.000000,152.542764
10.429874,3.150012,0.000000,763.973004,0.000000,0.000000,152.794601
9.170691,3.150012,0.000000,765.232187,0.000000,0.000000,153.046437
7.911507,3.150012,0.000000,766.491371,0.000000,0.000000,153.298274
6.652324,3.150012,0.000000,767.750554,0.000000,0.000000,153.550111
5.393141,3.150012,0.000000,769.009737,0.000000,0.000000,153.801947
4.133957,3.150012,0.000000,770.268921,0.000000,0.000000,154.053784
2.874774,3.150012,0.000000,771.528104,0.000000,0.000000,154.305621
1.615591,3.150012,0.000000,772.787287,0.000000,0.000000,154.557457
0.356407,3.150012,0.000000,774.046471,0.000000,0.000000,154.809294
-0.902776,3.150012,0.000000,775.305654,0.000000,0.000000,155.061131
-2.161960,3.150012,0.000000,776.564838,0.000000,0.000000,155.312968
-3.421143,3.150012,0.000000,777.824021,0.000000,0.000000,155.564804
-4.680326,3.150012,0.000000,779.083204,0.000000,0.000000,155.816641
-5.939510,3.150012,0.000000,780.342388,0.000000,0.000000,156.068478
-7.198693,3.150012,0.000000,781.601571,0.000000,0.000000,156.320314
-8.457876,3.150012,0.000000,782.860754,0.000000,0.000000,156.572151
-9.717060,3.150012,0.000000,784.119938,0.000000,0.000000,156.823988
-10.976243,3.150012,0.000000,785.379121,0.000000,0.000000,157.075824
-12.235426,3.150012,0.000000,786.638304,0.000000,0.000000,157.327661
-12.117278,3.569288,0.000000,787.073909,0.000000,0.000000,157.414782
-10.870531,3.569288,0.000000,788.320656,0.000000,0.000000,157.664131
-9.623784,3.569288,0.000000,789.567403,0.000000,0.000000,157.913481
-8.377038,3.569288,0.000000,790.814149,0.000000,0.000000,158.162830
-7.130291,3.569288,0.000000,792.060896,0.000000,0.000000,158.412179
-5.883544,3.569288,0.000000,793.307642,0.000000,0.000000,158.661528
-4.636798,3.569288,0.000000,794.554389,0.000000,0.000000,158.910878
-3.390051,3.569288,0.000000,795.801136,0.000000,0.000000,159.160227
-2.143304,3.569288,0.000000,797.047882,0.000000,0.000000,159.409576
-0.896558,3.569288,0.000000,798.294629,0.000000,0.000000,159.658926
0.350189,3.569288,0.000000,799.541376,0.000000,0.000000,159.908275
1.596935,3.569288,0.000000,800.788122,0.000000,0.000000,160.157624
2.843682,3.569288,0.000000,802.034869,0.000000,0.000000,160.406974
4.090429,3.569288,0.000000,803.281616,0.000000,0.000000,160.656323
5.337175,3.569288,0.000000,804.528362,0.000000,0.000000,160.905672
6.583922,3.569288,0.000000,805.775109,0.000000,0.000000,161.155022
7.830669,3.569288,0.000000,807.021856,0.000000,0.000000,161.404371
9.077415,3.569288,0.000000,808.268602,0.000000,0.000000,161.653720
10.324162,3.569288,0.000000,809.515349,0.000000,0.000000,161.903070
11.570909,3.569288,0.000000,810.762096,0.000000,0.000000,162.152419
11.436567,3.988565,0.000000,811.202369,0.000000,0.000000,162.240474
10.203961,3.988565,0.000000,812.434974,0.000000,0.000000,162.486995
8.971356,3.988565,0.000000,813.667580,0.000000,0.000000,162.733516
7.738751,3.988565,0.000000,814.900185,0.000000,0.000000,162.980037
6.506145,3.988565,0.000000,816.132790,0.000000,0.000000,163.226558
5.273540,3.988565,0.000000,817.365396,0.000000,0.000000,163.473079
4.040934,3.988565,0.000000,818.598001,0.000000,0.000000,163.719600
2.808329,3.988565,0.000000,819.830607,0.000000,0.000000,163.966121
1.575724,3.988565,0.000000,821.063212,0.000000,0.000000,164.212642
0.343118,3.988565,0.000000,822.295817,0.000000,0.000000,164.459163
-0.889487,3.988565,0.000000,823.528423,0.000000,0.000000,164.705685
-2.122093,3.988565,0.000000,824.761028,0.000000,0.000000,164.952206
-3.354698,3.988565,0.000000,825.993634,0.000000,0.000000,165.198727
-4.587303,3.988565,0.000000,827.226239,0.000000,0.000000,165.445248
-5.819909,3.988565,0.000000,828.458844,0.000000,0.000000,165.691769
-7.052514,3.988565,0.000000,829.691450,0.000000,0.000000,165.938290
-8.285120,3.988565,0.000000,830.924055,0.000000,0.000000,166.184811
-9.517725,3.988565,0.000000,832.156661,0.000000,0.000000,166.431332
-10.750330,3.988565,0.000000,833.389266,0.000000,0.000000,166.677853
-11.982936,3.988565,0.000000,834.621871,0.000000,0.000000,166.924374
-11.831836,4.407841,0.000000,835.067544,0.000000,0.000000,167.013509
-10.615136,4.407841,0.000000,836.284244,0.000000,0.000000,167.256849
-9.398436,4.407841,0.000000,837.500944,0.000000,0.000000,167.500189
-8.181735,4.407841,0.000000,838.717644,0.000000,0.000000,167.743529
-6.965035,4.407841,0.000000,839.934344,0.000000,0.000000,167.986869
-5.748335,4.407841,0.000000,841.151045,0.000000,0.000000,168.230209
-4.531635,4.407841,0.000000,842.367745,0.000000,0.000000,168.473549
-3.314935,4.407841,0.000000,843.584445,0.000000,0.000000,168.716889
-2.098235,4.407841,0.000000,844.801145,0.000000,0.000000,168.960229
-0.881535,4.407841,0.000000,846.017845,0.000000,0.000000,169.203569
0.335166,4.407841,0.000000,847.234545,0.000000,0.000000,169.446909
1.551866,4.407841,0.000000,848.451245,0.000000,0.000000,169.690249
2.768566,4.407841,0.000000,849.667946,0.000000,0.000000,169.933589
3.985266,4.407841,0.000000,850.884646,0.000000,0.000000,170.176929
5.201966,4.407841,0.000000,852.101346,0.000000,0.000000,170.420269
6.418666,4.407841,0.000000,853.318046,0.000000,0.000000,170.663609
7.635366,4.407841,0.000000,854.534746,0.000000,0.000000,170.906949
8.852067,4.407841,0.000000,855.751446,0.000000,0.000000,171.150289
10.068767,4.407841,0.000000,856.968146,0.000000,0.000000,171.393629
11.285467,4.407841,0.000000,858.184847,0.000000,0.000000,171.636969
11.116942,4.827118,0.000000,858.636724,0.000000,0.000000,171.727345
9.917981,4.827118,0.000000,859.835685,0.000000,0.000000,171.967137
8.719021,4.827118,0.000000,861.034646,0.000000,0.000000,172.206929
7.520060,4.827118,0.000000,862.233606,0.000000,0.000000,172.446721
6.321099,4.827118,0.000000,863.432567,0.000000,0.000000,172.686513
5.122139,4.827118,0.000000,864.631528,0.000000,0.000000,172.926306
3.923178,4.827118,0.000000,865.830488,0.000000,0.000000,173.166098
2.724217,4.827118,0.000000,867.029449,0.000000,0.000000,173.405890
1.525257,4.827118,0.000000,868.228410,0.000000,0.000000,173.645682
0.326296,4.827118,0.000000,869.427370,0.000000,0.000000,173.885474
-0.872665,4.827118,0.000000,870.626331,0.000000,0.000000,174.125266
-2.071626,4.827118,0.000000,871.825292,0.000000,0.000000,174.365058
-3.270586,4.827118,0.000000,873.024253,0.000000,0.000000,174.604851
-4.469547,4.827118,0.000000,874.223213,0.000000,0.000000,174.844643
-5.668508,4.827118,0.000000,875.422174,0.000000,0.000000,175.084435
-6.867468,4.827118,0.000000,876.621135,0.000000,0.000000,175.324227
-8.066429,4.827118,0.000000,877.820095,0.000000,0.000000,175.564019
-9.265390,4.827118,0.000000,879.019056,0.000000,0.000000,175.803811
-10.464350,4.827118,0.000000,880.218017,0.000000,0.000000,176.043603
-11.663311,4.827118,0.000000,881.416977,0.000000,0.000000,176.283395
-11.476575,5.246394,0.000000,881.875958,0.000000,0.000000,176.375192
-10.297271,5.246394,0.000000,883.055262,0.000000,0.000000,176.611052
-9.117967,5.246394,0.000000,884.234566,0.000000,0.000000,176.846913
-7.938662,5.246394,0.000000,885.413871,0.000000,0.000000,177.082774
-6.759358,5.246394,0.000000,886.593175,0.000000,0.000000,177.318635
-5.580054,5.246394,0.000000,887.772479,0.000000,0.000000,177.554496
-4.400749,5.246394,0.000000,888.951783,0.000000,0.000000,177.790357
-3.221445,5.246394,0.000000,890.131088,0.000000,0.000000,178.026218
-2.042141,5.246394,0.000000,891.310392,0.000000,0.000000,178.262078
-0.862837,5.246394,0.000000,892.489696,0.000000,0.000000,178.497939
0.316468,5.246394,0.000000,893.669001,0.000000,0.000000,178.733800
1.495772,5.246394,0.000000,894.848305,0.000000,0.000000,178.969661
2.675076,5.246394,0.000000,896.027609,0.000000,0.000000,179.205522
3.854380,5.246394,0.000000,897.206913,0.000000,0.000000,179.441383
5.033685,5.246394,0.000000,898.386218,0.000000,0.000000,179.677244
6.212989,5.246394,0.000000,899.565522,0.000000,0.000000,179.913104
7.392293,5.246394,0.000000,900.744826,0.000000,0.000000,180.148965
8.571598,5.246394,0.000000,901.924130,0.000000,0.000000,180.384826
9.750902,5.246394,0.000000,903.103435,0.000000,0.000000,180.620687
10.930206,5.246394,0.000000,904.282739,0.000000,0.000000,180.856548
10.724331,5.665670,0.000000,904.749833,0.000000,0.000000,180.949967
9.566698,5.665670,0.000000,905.907467,0.000000,0.000000,181.181493
8.409065,5.665670,0.000000,907.065100,0.000000,0.000000,181.413020
7.251431,5.665670,0.000000,908.222733,0.000000,0.000000,181.644547
6.093798,5.665670,0.000000,909.380366,0.000000,0.000000,181.876073
4.936165,5.665670,0.000000,910.537999,0.000000,0.000000,182.107600
3.778532,5.665670,0.000000,911.695633,0.000000,0.000000,182.339127
2.620899,5.665670,0.000000,912.853266,0.000000,0.000000,182.570653
1.463265,5.665670,0.000000,914.010899,0.000000,0.000000,182.802180
0.305632,5.665670,0.000000,915.168532,0.000000,0.000000,183.033706
-0.852001,5.665670,0.000000,916.326166,0.000000,0.000000,183.265233
-2.009634,5.665670,0.000000,917.483799,0.000000,0.000000,183.496760
-3.167268,5.665670,0.000000,918.641432,0.000000,0.000000,183.728286
-4.324901,5.665670,0.000000,919.799065,0.000000,0.000000,183.959813
-5.482534,5.665670,0.000000,920.956699,0.000000,0.000000,184.191340
-6.640167,5.665670,0.000000,922.114332,0.000000,0.000000,184.422866
-7.797800,5.665670,0.000000,923.271965,0.000000,0.000000,184.654393
-8.955434,5.665670,0.000000,924.429598,0.000000,0.000000,184.885920
-10.113067,5.665670,0.000000,925.587231,0.000000,0.000000,185.117446
-11.270700,5.665670,0.000000,926.744865,0.000000,0.000000,185.348973
-11.044589,6.084947,0.000000,927.221225,0.000000,0.000000,185.444245
-9.910757,6.084947,0.000000,928.355057,0.000000,0.000000,185.671011
-8.776925,6.084947,0.000000,929.488889,0.000000,0.000000,185.897778
-7.643093,6.084947,0.000000,930.622721,0.000000,0.000000,186.124544
-6.509261,6.084947,0.000000,931.756553,0.000000,0.000000,186.351311
-5.375429,6.084947,0.000000,932.890385,0.000000,0.000000,186.578077
-4.241597,6.084947,0.000000,934.024217,0.000000,0.000000,186.804843
-3.107765,6.084947,0.000000,935.158049,0.000000,0.000000,187.031610
-1.973933,6.084947,0.000000,936.291881,0.000000,0.000000,187.258376
-0.840101,6.084947,0.000000,937.425713,0.000000,0.000000,187.485143
0.293732,6.084947,0.000000,938.559545,0.000000,0.000000,187.711909
1.427564,6.084947,0.000000,939.693377,0.000000,0.000000,187.938675
2.561396,6.084947,0.000000,940.827209,0.000000,0.000000,188.165442
3.695228,6.084947,0.000000,941.961042,0.000000,0.000000,188.392208
4.829060,6.084947,0.000000,943.094874,0.000000,0.000000,188.618975
5.962892,6.084947,0.000000,944.228706,0.000000,0.000000,188.845741
7.096724,6.084947,0.000000,945.362538,0.000000,0.000000,189.072508
8.230556,6.084947,0.000000,946.496370,0.000000,0.000000,189.299274
9.364388,6.084947,0.000000,947.630202,0.000000,0.000000,189.526040
10.498220,6.084947,0.000000,948.764034,0.000000,0.000000,189.752807
10.250568,6.504223,0.000000,949.250988,0.000000,0.000000,189.850198
9.142805,6.504223,0.000000,950.358751,0.000000,0.000000,190.071750
8.035042,6.504223,0.000000,951.466515,0.000000,0.000000,190.293303
6.927278,6.504223,0.000000,952.574278,0.000000,0.000000,190.514856
5.819515,6.504223,0.000000,953.682042,0.000000,0.000000,190.736408
4.711751,6.504223,0.000000,954.789805,0.000000,0.000000,190.957961
3.603988,6.504223,0.000000,955.897569,0.000000,0.000000,191.179514
2.496224,6.504223,0.000000,957.005332,0.000000,0.000000,191.401066
1.388461,6.504223,0.000000,958.113095,0.000000,0.000000,191.622619
0.280697,6.504223,0.000000,959.220859,0.000000,0.000000,191.844172
-0.827066,6.504223,0.000000,960.328622,0.000000,0.000000,192.065724
-1.934830,6.504223,0.000000,961.436386,0.000000,0.000000,192.287277
-3.042593,6.504223,0.000000,962.544149,0.000000,0.000000,192.508830
-4.150357,6.504223,0.000000,963.651913,0.000000,0.000000,192.730383
-5.258120,6.504223,0.000000,964.759676,0.000000,0.000000,192.951935
-6.365884,6.504223,0.000000,965.867440,0.000000,0.000000,193.173488
-7.473647,6.504223,0.000000,966.975203,0.000000,0.000000,193.395041
-8.581411,6.504223,0.000000,968.082967,0.000000,0.000000,193.616593
-9.689174,6.504223,0.000000,969.190730,0.000000,0.000000,193.838146
-10.796937,6.504223,0.000000,970.298494,0.000000,0.000000,194.059699
-10.526185,6.923499,0.000000,970.797593,0.000000,0.000000,194.159519
-9.446921,6.923499,0.000000,971.876856,0.000000,0.000000,194.375371
-8.367658,6.923499,0.000000,972.956119,0.000000,0.000000,194.591224
-7.288395,6.923499,0.000000,974.035382,0.000000,0.000000,194.807076
-6.209132,6.923499,0.000000,975.114645,0.000000,0.000000,195.022929
-5.129869,6.923499,0.000000,976.193908,0.000000,0.000000,195.238782
-4.050606,6.923499,0.000000,977.273172,0.000000,0.000000,195.454634
-2.971342,6.923499,0.000000,978.352435,0.000000,0.000000,195.670487
-1.892079,6.923499,0.000000,979.431698,0.000000,0.000000,195.886340
-0.812816,6.923499,0.000000,980.510961,0.000000,0.000000,196.102192
0.266447,6.923499,0.000000,981.590224,0.000000,0.000000,196.318045
1.345710,6.923499,0.000000,982.669488,0.000000,0.000000,196.533898
2.424973,6.923499,0.000000,983.748751,0.000000,0.000000,196.749750
3.504237,6.923499,0.000000,984.828014,0.000000,0.000000,196.965603
4.583500,6.923499,0.000000,985.907277,0.000000,0.000000,197.181455
5.662763,6.923499,0.000000,986.986540,0.000000,0.000000,197.397308
6.742026,6.923499,0.000000,988.065803,0.000000,0.000000,197.613161
7.821289,6.923499,0.000000,989.145067,0.000000,0.000000,197.829013
8.900552,6.923499,0.000000,990.224330,0.000000,0.000000,198.044866
9.979816,6.923499,0.000000,991.303593,0.000000,0.000000,198.260719
9.684077,7.342776,0.000000,991.816676,0.000000,0.000000,198.363335
8.635944,7.342776,0.000000,992.864808,0.000000,0.000000,198.572962
7.587812,7.342776,0.000000,993.912941,0.000000,0.000000,198.782588
6.539679,7.342776,0.000000,994.961074,0.000000,0.000000,198.992215
5.491546,7.342776,0.000000,996.009207,0.000000,0.000000,199.201841
4.443413,7.342776,0.000000,997.057340,0.000000,0.000000,199.411468
3.395280,7.342776,0.000000,998.105472,0.000000,0.000000,199.621094
2.347148,7.342776,0.000000,999.153605,0.000000,0.000000,199.830721
1.299015,7.342776,0.000000,1000.201738,0.000000,0.000000,200.040348
0.250882,7.342776,0.000000,1001.249871,0.000000,0.000000,200.249974
-0.797251,7.342776,0.000000,1002.298004,0.000000,0.000000,200.459601
-1.845384,7.342776,0.000000,1003.346137,0.000000,0.000000,200.669227
-2.893517,7.342776,0.000000,1004.394269,0.000000,0.000000,200.878854
-3.941649,7.342776,0.000000,1005.442402,0.000000,0.000000,201.088480
-4.989782,7.342776,0.000000,1006.490535,0.000000,0.000000,201.298107
-6.037915,7.342776,0.000000,1007.538668,0.000000,0.000000,201.507734
-7.086048,7.342776,0.000000,1008.586801,0.000000,0.000000,201.717360
-8.134181,7.342776,0.000000,1009.634933,0.000000,0.000000,201.926987
-9.182313,7.342776,0.000000,1010.683066,0.000000,0.000000,202.136613
-10.230446,7.342776,0.000000,1011.731199,0.000000,0.000000,202.346240
-9.907422,7.762052,0.000000,1012.260479,0.000000,0.000000,202.452096
-8.893291,7.762052,0.000000,1013.274610,0.000000,0.000000,202.654922
-7.879161,7.762052,0.000000,1014.288740,0.000000,0.000000,202.857748
-6.865031,7.762052,0.000000,1015.302870,0.000000,0.000000,203.060574
-5.850901,7.762052,0.000000,1016.317000,0.000000,0.000000,203.263400
-4.836771,7.762052,0.000000,1017.331130,0.000000,0.000000,203.466226
-3.822640,7.762052,0.000000,1018.345261,0.000000,0.000000,203.669052
-2.808510,7.762052,0.000000,1019.359391,0.000000,0.000000,203.871878
-1.794380,7.762052,0.000000,1020.373521,0.000000,0.000000,204.074704
-0.780250,7.762052,0.000000,1021.387651,0.000000,0.000000,204.277530
0.233881,7.762052,0.000000,1022.401782,0.000000,0.000000,204.480356
1.248011,7.762052,0.000000,1023.415912,0.000000,0.000000,204.683182
2.262141,7.762052,0.000000,1024.430042,0.000000,0.000000,204.886008
3.276271,7.762052,0.000000,1025.444172,0.000000,0.000000,205.088834
4.290402,7.762052,0.000000,1026.458302,0.000000,0.000000,205.291660
5.304532,7.762052,0.000000,1027.472433,0.000000,0.000000,205.494487
6.318662,7.762052,0.000000,1028.486563,0.000000,0.000000,205.697313
7.332792,7.762052,0.000000,1029.500693,0.000000,0.000000,205.900139
8.346922,7.762052,0.000000,1030.514823,0.000000,0.000000,206.102965
9.361053,7.762052,0.000000,1031.528954,0.000000,0.000000,206.305791
9.007893,8.181328,0.000000,1032.077145,0.000000,0.000000,206.415429
8.030938,8.181328,0.000000,1033.054101,0.000000,0.000000,206.610820
7.053982,8.181328,0.000000,1034.031056,0.000000,0.000000,206.806211
6.077027,8.181328,0.000000,1035.008012,0.000000,0.000000,207.001602
5.100071,8.181328,0.000000,1035.984968,0.000000,0.000000,207.196994
4.123115,8.181328,0.000000,1036.961923,0.000000,0.000000,207.392385
3.146160,8.181328,0.000000,1037.938879,0.000000,0.000000,207.587776
2.169204,8.181328,0.000000,1038.915834,0.000000,0.000000,207.783167
1.192249,8.181328,0.000000,1039.892790,0.000000,0.000000,207.978558
0.215293,8.181328,0.000000,1040.869745,0.000000,0.000000,208.173949
-0.761662,8.181328,0.000000,1041.846701,0.000000,0.000000,208.369340
-1.738618,8.181328,0.000000,1042.823656,0.000000,0.000000,208.564731
-2.715573,8.181328,0.000000,1043.800612,0.000000,0.000000,208.760122
-3.692529,8.181328,0.000000,1044.777568,0.000000,0.000000,208.955514
-4.669484,8.181328,0.000000,1045.754523,0.000000,0.000000,209.150905
-5.646440,8.181328,0.000000,1046.731479,0.000000,0.000000,209.346296
-6.623396,8.181328,0.000000,1047.708434,0.000000,0.000000,209.541687
-7.600351,8.181328,0.000000,1048.685390,0.000000,0.000000,209.737078
-8.577307,8.181328,0.000000,1049.662345,0.000000,0.000000,209.932469
-9.554262,8.181328,0.000000,1050.639301,0.000000,0.000000,210.127860
-9.167379,8.600605,0.000000,1051.209802,0.000000,0.000000,210.241960
-8.231148,8.600605,0.000000,1052.146033,0.000000,0.000000,210.429207
-7.294917,8.600605,0.000000,1053.082264,0.000000,0.000000,210.616453
-6.358686,8.600605,0.000000,1054.018495,0.000000,0.000000,210.803699
-5.422455,8.600605,0.000000,1054.954726,0.000000,0.000000,210.990945
-4.486224,8.600605,0.000000,1055.890957,0.000000,0.000000,211.178191
-3.549993,8.600605,0.000000,1056.827188,0.000000,0.000000,211.365438
-2.613762,8.600605,0.000000,1057.763419,0.000000,0.000000,211.552684
-1.677531,8.600605,0.000000,1058.699650,0.000000,0.000000,211.739930
-0.741300,8.600605,0.000000,1059.635881,0.000000,0.000000,211.927176
0.194931,8.600605,0.000000,1060.572112,0.000000,0.000000,212.114422
1.131162,8.600605,0.000000,1061.508343,0.000000,0.000000,212.301669
2.067393,8.600605,0.000000,1062.444574,0.000000,0.000000,212.488915
3.003624,8.600605,0.000000,1063.380805,0.000000,0.000000,212.676161
3.939855,8.600605,0.000000,1064.317036,0.000000,0.000000,212.863407
4.876086,8.600605,0.000000,1065.253267,0.000000,0.000000,213.050653
5.812317,8.600605,0.000000,1066.189498,0.000000,0.000000,213.237900
6.748548,8.600605,0.000000,1067.125729,0.000000,0.000000,213.425146
7.684779,8.600605,0.000000,1068.061960,0.000000,0.000000,213.612392
8.621010,8.600605,0.000000,1068.998191,0.000000,0.000000,213.799638
8.195783,9.019881,0.000000,1069.595360,0.000000,0.000000,213.919072
7.304313,9.019881,0.000000,1070.486830,0.000000,0.000000,214.097366
6.412842,9.019881,0.000000,1071.378301,0.000000,0.000000,214.275660
5.521372,9.019881,0.000000,1072.269771,0.000000,0.000000,214.453954
4.629902,9.019881,0.000000,1073.161241,0.000000,0.000000,214.632248
3.738432,9.019881,0.000000,1074.052711,0.000000,0.000000,214.810542
2.846961,9.019881,0.000000,1074.944181,0.000000,0.000000,214.988836
1.955491,9.019881,0.000000,1075.835652,0.000000,0.000000,215.167130
1.064021,9.019881,0.000000,1076.727122,0.000000,0.000000,215.345424
0.172551,9.019881,0.000000,1077.618592,0.000000,0.000000,215.523718
-0.718920,9.019881,0.000000,1078.510062,0.000000,0.000000,215.702012
-1.610390,9.019881,0.000000,1079.401533,0.000000,0.000000,215.880307
-2.501860,9.019881,0.000000,1080.293003,0.000000,0.000000,216.058601
-3.393330,9.019881,0.000000,1081.184473,0.000000,0.000000,216.236895
-4.284801,9.019881,0.000000,1082.075943,0.000000,0.000000,216.415189
-5.176271,9.019881,0.000000,1082.967414,0.000000,0.000000,216.593483
-6.067741,9.019881,0.000000,1083.858884,0.000000,0.000000,216.771777
-6.959211,9.019881,0.000000,1084.750354,0.000000,0.000000,216.950071
-7.850682,9.019881,0.000000,1085.641824,0.000000,0.000000,217.128365
-8.742152,9.019881,0.000000,1086.533295,0.000000,0.000000,217.306659
-8.272468,9.439157,0.000000,1087.162894,0.000000,0.000000,217.432579
-7.430438,9.439157,0.000000,1088.004924,0.000000,0.000000,217.600985
-6.588408,9.439157,0.000000,1088.846954,0.000000,0.000000,217.769391
-5.746378,9.439157,0.000000,1089.688984,0.000000,0.000000,217.937797
-4.904348,9.439157,0.000000,1090.531014,0.000000,0.000000,218.106203
-4.062319,9.439157,0.000000,1091.373043,0.000000,0.000000,218.274609
-3.220289,9.439157,0.000000,1092.215073,0.000000,0.000000,218.443015
-2.378259,9.439157,0.000000,1093.057103,0.000000,0.000000,218.611421
-1.536229,9.439157,0.000000,1093.899133,0.000000,0.000000,218.779827
-0.694199,9.439157,0.000000,1094.741162,0.000000,0.000000,218.948232
0.147830,9.439157,0.000000,1095.583192,0.000000,0.000000,219.116638
0.989860,9.439157,0.000000,1096.425222,0.000000,0.000000,219.285044
1.831890,9.439157,0.000000,1097.267252,0.000000,0.000000,219.453450
2.673920,9.439157,0.000000,1098.109282,0.000000,0.000000,219.621856
3.515950,9.439157,0.000000,1098.951311,0.000000,0.000000,219.790262
4.357979,9.439157,0.000000,1099.793341,0.000000,0.000000,219.958668
5.200009,9.439157,0.000000,1100.635371,0.000000,0.000000,220.127074
6.042039,9.439157,0.000000,1101.477401,0.000000,0.000000,220.295480
6.884069,9.439157,0.000000,1102.319431,0.000000,0.000000,220.463886
7.726099,9.439157,0.000000,1103.161460,0.000000,0.000000,220.632292
7.203584,9.858434,0.000000,1103.831396,0.000000,0.000000,220.766279
6.416556,9.858434,0.000000,1104.618425,0.000000,0.000000,220.923685
5.629527,9.858434,0.000000,1105.405453,0.000000,0.000000,221.081091
4.842499,9.858434,0.000000,1106.192481,0.000000,0.000000,221.238496
4.055471,9.858434,0.000000,1106.979509,0.000000,0.000000,221.395902
3.268443,9.858434,0.000000,1107.766538,0.000000,0.000000,221.553308
2.481414,9.858434,0.000000,1108.553566,0.000000,0.000000,221.710713
1.694386,9.858434,0.000000,1109.340594,0.000000,0.000000,221.868119
0.907358,9.858434,0.000000,1110.127622,0.000000,0.000000,222.025524
0.120330,9.858434,0.000000,1110.914651,0.000000,0.000000,222.182930
-0.666699,9.858434,0.000000,1111.701679,0.000000,0.000000,222.340336
-1.453727,9.858434,0.000000,1112.488707,0.000000,0.000000,222.497741
-2.240755,9.858434,0.000000,1113.275735,0.000000,0.000000,222.655147
-3.027783,9.858434,0.000000,1114.062764,0.000000,0.000000,222.812553
-3.814812,9.858434,0.000000,1114.849792,0.000000,0.000000,222.969958
-4.601840,9.858434,0.000000,1115.636820,0.000000,0.000000,223.127364
-5.388868,9.858434,0.000000,1116.423848,0.000000,0.000000,223.284770
-6.175896,9.858434,0.000000,1117.210877,0.000000,0.000000,223.442175
-6.962925,9.858434,0.000000,1117.997905,0.000000,0.000000,223.599581
-7.749953,9.858434,0.000000,1118.784933,0.000000,0.000000,223.756987
-7.162598,10.277710,0.000000,1119.506583,0.000000,0.000000,223.901317
-6.437397,10.277710,0.000000,1120.231784,0.000000,0.000000,224.046357
-5.712195,10.277710,0.000000,1120.956986,0.000000,0.000000,224.191397
-4.986994,10.277710,0.000000,1121.682187,0.000000,0.000000,224.336437
-4.261792,10.277710,0.000000,1122.407389,0.000000,0.000000,224.481478
-3.536591,10.277710,0.000000,1123.132590,0.000000,0.000000,224.626518
-2.811389,10.277710,0.000000,1123.857792,0.000000,0.000000,224.771558
-2.086188,10.277710,0.000000,1124.582993,0.000000,0.000000,224.916599
-1.360987,10.277710,0.000000,1125.308194,0.000000,0.000000,225.061639
-0.635785,10.277710,0.000000,1126.033396,0.000000,0.000000,225.206679
0.089416,10.277710,0.000000,1126.758597,0.000000,0.000000,225.351719
0.814618,10.277710,0.000000,1127.483799,0.000000,0.000000,225.496760
1.539819,10.277710,0.000000,1128.209000,0.000000,0.000000,225.641800
2.265020,10.277710,0.000000,1128.934202,0.000000,0.000000,225.786840
2.990222,10.277710,0.000000,1129.659403,0.000000,0.000000,225.931881
3.715423,10.277710,0.000000,1130.384604,0.000000,0.000000,226.076921
4.440625,10.277710,0.000000,1131.109806,0.000000,0.000000,226.221961
5.165826,10.277710,0.000000,1131.835007,0.000000,0.000000,226.367001
5.891028,10.277710,0.000000,1132.560209,0.000000,0.000000,226.512042
6.616229,10.277710,0.000000,1133.285410,0.000000,0.000000,226.657082
5.945689,10.696987,0.000000,1134.076243,0.000000,0.000000,226.815249
5.291071,10.696987,0.000000,1134.730861,0.000000,0.000000,226.946172
4.636452,10.696987,0.000000,1135.385480,0.000000,0.000000,227.077096
3.981834,10.696987,0.000000,1136.040098,0.000000,0.000000,227.208020
3.327216,10.696987,0.000000,1136.694716,0.000000,0.000000,227.338943
2.672598,10.696987,0.000000,1137.349334,0.000000,0.000000,227.469867
2.017979,10.696987,0.000000,1138.003953,0.000000,0.000000,227.600791
1.363361,10.696987,0.000000,1138.658571,0.000000,0.000000,227.731714
0.708743,10.696987,0.000000,1139.313189,0.000000,0.000000,227.862638
0.054125,10.696987,0.000000,1139.967807,0.000000,0.000000,227.993561
-0.600494,10.696987,0.000000,1140.622426,0.000000,0.000000,228.124485
-1.255112,10.696987,0.000000,1141.277044,0.000000,0.000000,228.255409
-1.909730,10.696987,0.000000,1141.931662,0.000000,0.000000,228.386332
-2.564348,10.696987,0.000000,1142.586280,0.000000,0.000000,228.517256
-3.218967,10.696987,0.000000,1143.240899,0.000000,0.000000,228.648180
-3.873585,10.696987,0.000000,1143.895517,0.000000,0.000000,228.779103
-4.528203,10.696987,0.000000,1144.550135,0.000000,0.000000,228.910027
-5.182821,10.696987,0.000000,1145.204753,0.000000,0.000000,229.040951
-5.837440,10.696987,0.000000,1145.859372,0.000000,0.000000,229.171874
-6.492058,10.696987,0.000000,1146.513990,0.000000,0.000000,229.302798
-5.707627,11.116263,0.000000,1147.403441,0.000000,0.000000,229.480688
-5.135581,11.116263,0.000000,1147.975488,0.000000,0.000000,229.595098
-4.563534,11.116263,0.000000,1148.547535,0.000000,0.000000,229.709507
-3.991487,11.116263,0.000000,1149.119581,0.000000,0.000000,229.823916
-3.419441,11.116263,0.000000,1149.691628,0.000000,0.000000,229.938326
-2.847394,11.116263,0.000000,1150.263674,0.000000,0.000000,230.052735
-2.275348,11.116263,0.000000,1150.835721,0.000000,0.000000,230.167144
-1.703301,11.116263,0.000000,1151.407768,0.000000,0.000000,230.281554
-1.131254,11.116263,0.000000,1151.979814,0.000000,0.000000,230.395963
-0.559208,11.116263,0.000000,1152.551861,0.000000,0.000000,230.510372
0.012839,11.116263,0.000000,1153.123907,0.000000,0.000000,230.624781
0.584885,11.116263,0.000000,1153.695954,0.000000,0.000000,230.739191
1.156932,11.116263,0.000000,1154.268001,0.000000,0.000000,230.853600
1.728979,11.116263,0.000000,1154.840047,0.000000,0.000000,230.968009
2.301025,11.116263,0.000000,1155.412094,0.000000,0.000000,231.082419
2.873072,11.116263,0.000000,1155.984140,0.000000,0.000000,231.196828
3.445118,11.116263,0.000000,1156.556187,0.000000,0.000000,231.311237
4.017165,11.116263,0.000000,1157.128234,0.000000,0.000000,231.425647
4.589212,11.116263,0.000000,1157.700280,0.000000,0.000000,231.540056
5.161258,11.116263,0.000000,1158.272327,0.000000,0.000000,231.654465
4.203462,11.535539,0.000000,1159.317873,0.000000,0.000000,231.863575
3.732236,11.535539,0.000000,1159.789099,0.000000,0.000000,231.957820
3.261010,11.535539,0.000000,1160.260325,0.000000,0.000000,232.052065
2.789784,11.535539,0.000000,1160.731550,0.000000,0.000000,232.146310
2.318558,11.535539,0.000000,1161.202776,0.000000,0.000000,232.240555
1.847332,11.535539,0.000000,1161.674002,0.000000,0.000000,232.334800
1.376106,11.535539,0.000000,1162.145228,0.000000,0.000000,232.429046
0.904880,11.535539,0.000000,1162.616454,0.000000,0.000000,232.523291
0.433654,11.535539,0.000000,1163.087680,0.000000,0.000000,232.617536
-0.037572,11.535539,0.000000,1163.558906,0.000000,0.000000,232.711781
-0.508797,11.535539,0.000000,1164.030132,0.000000,0.000000,232.806026
-0.980023,11.535539,0.000000,1164.501358,0.000000,0.000000,232.900272
-1.451249,11.535539,0.000000,1164.972584,0.000000,0.000000,232.994517
-1.922475,11.535539,0.000000,1165.443810,0.000000,0.000000,233.088762
-2.393701,11.535539,0.000000,1165.915036,0.000000,0.000000,233.183007
-2.864927,11.535539,0.000000,1166.386262,0.000000,0.000000,233.277252
-3.336153,11.535539,0.000000,1166.857488,0.000000,0.000000,233.371498
-3.807379,11.535539,0.000000,1167.328714,0.000000,0.000000,233.465743
-4.278605,11.535539,0.000000,1167.799940,0.000000,0.000000,233.559988
-4.749831,11.535539,0.000000,1168.271166,0.000000,0.000000,233.654233
-3.466298,11.954816,0.000000,1169.621443,0.000000,0.000000,233.924289
-3.130181,11.954816,0.000000,1169.957560,0.000000,0.000000,233.991512
-2.794064,11.954816,0.000000,1170.293677,0.000000,0.000000,234.058735
-2.457946,11.954816,0.000000,1170.629795,0.000000,0.000000,234.125959
-2.121829,11.954816,0.000000,1170.965912,0.000000,0.000000,234.193182
-1.785712,11.954816,0.000000,1171.302029,0.000000,0.000000,234.260406
-1.449595,11.954816,0.000000,1171.638146,0.000000,0.000000,234.327629
-1.113478,11.954816,0.000000,1171.974264,0.000000,0.000000,234.394853
-0.777360,11.954816,0.000000,1172.310381,0.000000,0.000000,234.462076
-0.441243,11.954816,0.000000,1172.646498,0.000000,0.000000,234.529300
-0.105126,11.954816,0.000000,1172.982615,0.000000,0.000000,234.596523
0.230991,11.954816,0.000000,1173.318732,0.000000,0.000000,234.663746
0.567109,11.954816,0.000000,1173.654850,0.000000,0.000000,234.730970
0.903226,11.954816,0.000000,1173.990967,0.000000,0.000000,234.798193
1.239343,11.954816,0.000000,1174.327084,0.000000,0.000000,234.865417
1.575460,11.954816,0.000000,1174.663201,0.000000,0.000000,234.932640
1.911577,11.954816,0.000000,1174.999319,0.000000,0.000000,234.999864
2.247695,11.954816,0.000000,1175.335436,0.000000,0.000000,235.067087
2.583812,11.954816,0.000000,1175.671553,0.000000,0.000000,235.134311
2.919929,11.954816,0.000000,1176.007670,0.000000,0.000000,235.201534
2.919929,11.954816,2.200000,1176.007670,0.000000,0.000000,235.311534
33.560855,0.835046,2.200000,1176.007670,0.000000,0.000000,236.941347
33.560855,0.835046,0.000000,1176.007670,0.000000,0.000000,237.051347
33.560855,0.835046,0.000000,1176.007670,0.000000,0.000000,237.051347
33.543380,1.335474,0.000000,1176.508403,0.000000,0.000000,237.151493
33.491039,1.833464,0.000000,1177.009136,0.000000,0.000000,237.251640
33.404087,2.326590,0.000000,1177.509870,0.000000,0.000000,237.351786
33.282949,2.812449,0.000000,1178.010603,0.000000,0.000000,237.451933
33.128214,3.288675,0.000000,1178.511336,0.000000,0.000000,237.552080
32.940636,3.752946,0.000000,1179.012069,0.000000,0.000000,237.652226
32.721129,4.203002,0.000000,1179.512802,0.000000,0.000000,237.752373
32.470763,4.636650,0.000000,1180.013535,0.000000,0.000000,237.852520
32.190756,5.051776,0.000000,1180.514268,0.000000,0.000000,237.952666
31.882474,5.446360,0.000000,1181.015001,0.000000,0.000000,238.052813
31.547418,5.818477,0.000000,1181.515734,0.000000,0.000000,238.152959
31.187221,6.166315,0.000000,1182.016467,0.000000,0.000000,238.253106
30.803637,6.488180,0.000000,1182.517201,0.000000,0.000000,238.353253
30.398536,6.782504,0.000000,1183.017934,0.000000,0.000000,238.453399
29.973890,7.047852,0.000000,1183.518667,0.000000,0.000000,238.553546
29.531769,7.282932,0.000000,1184.019400,0.000000,0.000000,238.653693
29.074326,7.486598,0.000000,1184.520133,0.000000,0.000000,238.753839
28.603791,7.657859,0.000000,1185.020866,0.000000,0.000000,238.853986
28.122456,7.795880,0.000000,1185.521599,0.000000,0.000000,238.954132
27.632665,7.899988,0.000000,1186.022332,0.000000,0.000000,239.054279
27.136805,7.969677,0.000000,1186.523065,0.000000,0.000000,239.154426
26.637291,8.004606,0.000000,1187.023798,0.000000,0.000000,239.254572
26.136558,8.004606,0.000000,1187.524532,0.000000,0.000000,239.354719
25.637045,7.969677,0.000000,1188.025265,0.000000,0.000000,239.454866
25.141185,7.899988,0.000000,1188.525998,0.000000,0.000000,239.555012
24.651394,7.795880,0.000000,1189.026731,0.000000,0.000000,239.655159
24.170058,7.657859,0.000000,1189.527464,0.000000,0.000000,239.755305
23.699523,7.486598,0.000000,1190.028197,0.000000,0.000000,239.855452
23.242081,7.282932,0.000000,1190.528930,0.000000,0.000000,239.955599
22.799960,7.047852,0.000000,1191.029663,0.000000,0.000000,240.055745
22.375314,6.782504,0.000000,1191.530396,0.000000,0.000000,240.155892
21.970212,6.488180,0.000000,1192.031130,0.000000,0.000000,240.256038
21.586629,6.166315,0.000000,1192.531863,0.000000,0.000000,240.356185
21.226431,5.818477,0.000000,1193.032596,0.000000,0.000000,240.456332
20.891375,5.446360,0.000000,1193.533329,0.000000,0.000000,240.556478
20.583093,5.051776,0.000000,1194.034062,0.000000,0.000000,240.656625
20.303087,4.636650,0.000000,1194.534795,0.000000,0.000000,240.756772
20.052720,4.203002,0.000000,1195.035528,0.000000,0.000000,240.856918
19.833213,3.752946,0.000000,1195.536261,0.000000,0.000000,240.957065
19.645636,3.288675,0.000000,1196.036994,0.000000,0.000000,241.057211
19.490900,2.812449,0.000000,1196.537727,0.000000,0.000000,241.157358
19.369762,2.326590,0.000000,1197.038461,0.000000,0.000000,241.257505
19.282811,1.833464,0.000000,1197.539194,0.000000,0.000000,241.357651
19.230470,1.335474,0.000000,1198.039927,0.000000,0.000000,241.457798
19.212995,0.835046,0.000000,1198.540660,0.000000,0.000000,241.557945
19.230470,0.334618,0.000000,1199.041393,0.000000,0.000000,241.658091
19.282811,-0.163372,0.000000,1199.542126,0.000000,0.000000,241.758238
19.369762,-0.656498,0.000000,1200.042859,0.000000,0.000000,241.858384
19.490900,-1.142357,0.000000,1200.543592,0.000000,0.000000,241.958531
19.645636,-1.618583,0.000000,1201.044325,0.000000,0.000000,242.058678
19.833213,-2.082854,0.000000,1201.545059,0.000000,0.000000,242.158824
20.052720,-2.532910,0.000000,1202.045792,0.000000,0.000000,242.258971
20.303087,-2.966558,0.000000,1202.546525,0.000000,0.000000,242.359118
20.583093,-3.381684,0.000000,1203.047258,0.000000,0.000000,242.459264
20.891375,-3.776267,0.000000,1203.547991,0.000000,0.000000,242.559411
21.226431,-4.148385,0.000000,1204.048724,0.000000,0.000000,242.659557
21.586629,-4.496223,0.000000,1204.549457,0.000000,0.000000,242.759704
21.970212,-4.818088,0.000000,1205.050190,0.000000,0.000000,242.859851
22.375314,-5.112412,0.000000,1205.550923,0.000000,0.000000,242.959997
22.799960,-5.377760,0.000000,1206.051656,0.000000,0.000000,243.060144
23.242081,-5.612840,0.000000,1206.552390,0.000000,0.000000,243.160290
23.699523,-5.816506,0.000000,1207.053123,0.000000,0.000000,243.260437
24.170058,-5.987767,0.000000,1207.553856,0.000000,0.000000,243.360584
24.651394,-6.125788,0.000000,1208.054589,0.000000,0.000000,243.460730
25.141185,-6.229896,0.000000,1208.555322,0.000000,0.000000,243.560877
25.637045,-6.299585,0.000000,1209.056055,0.000000,0.000000,243.661024
26.136558,-6.334514,0.000000,1209.556788,0.000000,0.000000,243.761170
26.637291,-6.334514,0.000000,1210.057521,0.000000,0.000000,243.861317
27.136805,-6.299585,0.000000,1210.558254,0.000000,0.000000,243.961463
27.632665,-6.229896,0.000000,1211.058988,0.000000,0.000000,244.061610
28.122456,-6.125788,0.000000,1211.559721,0.000000,0.000000,244.161757
28.603791,-5.987767,0.000000,1212.060454,0.000000,0.000000,244.261903
29.074326,-5.816506,0.000000,1212.561187,0.000000,0.000000,244.362050
29.531769,-5.612840,0.000000,1213.061920,0.000000,0.000000,244.462197
29.973890,-5.377760,0.000000,1213.562653,0.000000,0.000000,244.562343
30.398536,-5.112412,0.000000,1214.063386,0.000000,0.000000,244.662490
30.803637,-4.818088,0.000000,1214.564119,0.000000,0.000000,244.762636
31.187221,-4.496223,0.000000,1215.064852,0.000000,0.000000,244.862783
31.547418,-4.148385,0.000000,1215.565585,0.000000,0.000000,244.962930
31.882474,-3.776267,0.000000,1216.066319,0.000000,0.000000,245.063076
32.190756,-3.381684,0.000000,1216.567052,0.000000,0.000000,245.163223
32.470763,-2.966558,0.000000,1217.067785,0.000000,0.000000,245.263370
32.721129,-2.532910,0.000000,1217.568518,0.000000,0.000000,245.363516
32.940636,-2.082854,0.000000,1218.069251,0.000000,0.000000,245.463663
33.128214,-1.618583,0.000000,1218.569984,0.000000,0.000000,245.563809
33.282949,-1.142357,0.000000,1219.070717,0.000000,0.000000,245.663956
33.404087,-0.656498,0.000000,1219.571450,0.000000,0.000000,245.764103
33.491039,-0.163372,0.000000,1220.072183,0.000000,0.000000,245.864249
33.543380,0.334618,0.000000,1220.572917,0.000000,0.000000,245.964396
33.560855,0.835046,0.000000,1221.073650,0.000000,0.000000,246.064543
33.560855,0.835046,2.200000,1221.073650,0.000000,0.000000,246.174543
22.727740,4.040419,2.200000,1221.073650,0.000000,0.000000,246.739411
22.727740,4.040419,0.000000,1221.073650,0.000000,0.000000,246.849411
22.727740,4.040419,0.000000,1221.073650,0.000000,0.000000,246.849411
22.458371,4.040419,0.000000,1221.073650,0.269369,0.000000,246.903285
22.189002,4.040419,0.000000,1221.073650,0.538738,0.000000,246.957159
21.919633,4.040419,0.000000,1221.073650,0.808108,0.000000,247.011033
21.650264,4.040419,0.000000,1221.073650,1.077477,0.000000,247.064907
21.380894,4.040419,0.000000,1221.073650,1.346846,0.000000,247.118781
21.111525,4.040419,0.000000,1221.073650,1.616215,0.000000,247.172655
20.842156,4.040419,0.000000,1221.073650,1.885584,0.000000,247.226528
20.572787,4.040419,0.000000,1221.073650,2.154954,0.000000,247.280402
20.303418,4.040419,0.000000,1221.073650,2.424323,0.000000,247.334276
20.034048,4.040419,0.000000,1221.073650,2.693692,0.000000,247.388150
19.764679,4.040419,0.000000,1221.073650,2.963061,0.000000,247.442024
19.495310,4.040419,0.000000,1221.073650,3.232430,0.000000,247.495898
19.225941,4.040419,0.000000,1221.073650,3.501800,0.000000,247.549771
18.956572,4.040419,0.000000,1221.073650,3.771169,0.000000,247.603645
18.687202,4.040419,0.000000,1221.073650,4.040538,0.000000,247.657519
18.417833,4.040419,0.000000,1221.073650,4.309907,0.000000,247.711393
18.148464,4.040419,0.000000,1221.073650,4.579276,0.000000,247.765267
17.879095,4.040419,0.000000,1221.073650,4.848645,0.000000,247.819141
17.609726,4.040419,0.000000,1221.073650,5.118015,0.000000,247.873014
16.597686,4.455545,0.000000,1221.073650,6.211886,0.000000,248.091789
16.973585,4.455545,0.000000,1221.073650,6.587786,0.000000,248.166969
17.349485,4.455545,0.000000,1221.073650,6.963685,0.000000,248.242149
17.725385,4.455545,0.000000,1221.073650,7.339585,0.000000,248.317328
18.101285,4.455545,0.000000,1221.073650,7.715485,0.000000,248.392508
18.477184,4.455545,0.000000,1221.073650,8.091384,0.000000,248.467688
18.853084,4.455545,0.000000,1221.073650,8.467284,0.000000,248.542868
19.228984,4.455545,0.000000,1221.073650,8.843184,0.000000,248.618048
19.604883,4.455545,0.000000,1221.073650,9.219084,0.000000,248.693228
19.980783,4.455545,0.000000,1221.073650,9.594983,0.000000,248.768408
20.356683,4.455545,0.000000,1221.073650,9.970883,0.000000,248.843588
20.732583,4.455545,0.000000,1221.073650,10.346783,0.000000,248.918768
21.108482,4.455545,0.000000,1221.073650,10.722682,0.000000,248.993948
21.484382,4.455545,0.000000,1221.073650,11.098582,0.000000,249.069128
21.860282,4.455545,0.000000,1221.073650,11.474482,0.000000,249.144308
22.236181,4.455545,0.000000,1221.073650,11.850381,0.000000,249.219488
22.612081,4.455545,0.000000,1221.073650,12.226281,0.000000,249.294668
22.987981,4.455545,0.000000,1221.073650,12.602181,0.000000,249.369848
23.363880,4.455545,0.000000,1221.073650,12.978081,0.000000,249.445028
23.739780,4.455545,0.000000,1221.073650,13.353980,0.000000,249.520208
24.482847,4.870671,0.000000,1221.073650,14.205143,0.000000,249.690440
24.028730,4.870671,0.000000,1221.073650,14.659260,0.000000,249.781263
23.574612,4.870671,0.000000,1221.073650,15.113377,0.000000,249.872087
23.120495,4.870671,0.000000,1221.073650,15.567495,0.000000,249.962910
22.666378,4.870671,0.000000,1221.073650,16.021612,0.000000,250.053734
22.212261,4.870671,0.000000,1221.073650,16.475729,0.000000,250.144557
21.758143,4.870671,0.000000,1221.073650,16.929846,0.000000,250.235381
21.304026,4.870671,0.000000,1221.073650,17.383964,0.000000,250.326204
20.849909,4.870671,0.000000,1221.073650,17.838081,0.000000,250.417028
20.395792,4.870671,0.000000,1221.073650,18.292198,0.000000,250.507851
19.941674,4.870671,0.000000,1221.073650,18.746315,0.000000,250.598675
19.487557,4.870671,0.000000,1221.073650,19.200433,0.000000,250.689498
19.033440,4.870671,0.000000,1221.073650,19.654550,0.000000,250.780321
18.579323,4.870671,0.000000,1221.073650,20.108667,0.000000,250.871145
18.125205,4.870671,0.000000,1221.073650,20.562784,0.000000,250.961968
17.671088,4.870671,0.000000,1221.073650,21.016902,0.000000,251.052792
17.216971,4.870671,0.000000,1221.073650,21.471019,0.000000,251.143615
16.762854,4.870671,0.000000,1221.073650,21.925136,0.000000,251.234439
16.308736,4.870671,0.000000,1221.073650,22.379253,0.000000,251.325262
15.854619,4.870671,0.000000,1221.073650,22.833371,0.000000,251.416086
15.256898,5.285796,0.000000,1221.073650,23.561107,0.000000,251.561633
15.773933,5.285796,0.000000,1221.073650,24.078142,0.000000,251.665040
16.290969,5.285796,0.000000,1221.073650,24.595177,0.000000,251.768447
16.808004,5.285796,0.000000,1221.073650,25.112212,0.000000,251.871854
17.325039,5.285796,0.000000,1221.073650,25.629248,0.000000,251.975261
17.842074,5.285796,0.000000,1221.073650,26.146283,0.000000,252.078668
18.359110,5.285796,0.000000,1221.073650,26.663318,0.000000,252.182075
18.876145,5.285796,0.000000,1221.073650,27.180353,0.000000,252.285482
19.393180,5.285796,0.000000,1221.073650,27.697389,0.000000,252.388889
19.910215,5.285796,0.000000,1221.073650,28.214424,0.000000,252.492296
20.427251,5.285796,0.000000,1221.073650,28.731459,0.000000,252.595703
20.944286,5.285796,0.000000,1221.073650,29.248494,0.000000,252.699110
21.461321,5.285796,0.000000,1221.073650,29.765530,0.000000,252.802517
21.978356,5.285796,0.000000,1221.073650,30.282565,0.000000,252.905924
22.495392,5.285796,0.000000,1221.073650,30.799600,0.000000,253.009331
23.012427,5.285796,0.000000,1221.073650,31.316635,0.000000,253.112739
23.529462,5.285796,0.000000,1221.073650,31.833671,0.000000,253.216146
24.046497,5.285796,0.000000,1221.073650,32.350706,0.000000,253.319553
24.563533,5.285796,0.000000,1221.073650,32.867741,0.000000,253.422960
25.080568,5.285796,0.000000,1221.073650,33.384776,0.000000,253.526367
25.581311,5.700922,0.000000,1221.073650,34.035217,0.000000,253.656455
25.011566,5.700922,0.000000,1221.073650,34.604962,0.000000,253.770404
24.441821,5.700922,0.000000,1221.073650,35.174707,0.000000,253.884353
23.872076,5.700922,0.000000,1221.073650,35.744453,0.000000,253.998302
23.302331,5.700922,0.000000,1221.073650,36.314198,0.000000,254.112251
22.732586,5.700922,0.000000,1221.073650,36.883943,0.000000,254.226200
22.162841,5.700922,0.000000,1221.073650,37.453688,0.000000,254.340149
21.593096,5.700922,0.000000,1221.073650,38.023433,0.000000,254.454098
21.023351,5.700922,0.000000,1221.073650,38.593178,0.000000,254.568047
20.453606,5.700922,0.000000,1221.073650,39.162923,0.000000,254.681996
19.883860,5.700922,0.000000,1221.073650,39.732668,0.000000,254.795945
19.314115,5.700922,0.000000,1221.073650,40.302413,0.000000,254.909894
18.744370,5.700922,0.000000,1221.073650,40.872158,0.000000,255.023843
18.174625,5.700922,0.000000,1221.073650,41.441903,0.000000,255.137792
17.604880,5.700922,0.000000,1221.073650,42.011648,0.000000,255.251741
17.035135,5.700922,0.000000,1221.073650,42.581394,0.000000,255.365690
16.465390,5.700922,0.000000,1221.073650,43.151139,0.000000,255.479639
15.895645,5.700922,0.000000,1221.073650,43.720884,0.000000,255.593588
15.325900,5.700922,0.000000,1221.073650,44.290629,0.000000,255.707537
14.756155,5.700922,0.000000,1221.073650,44.860374,0.000000,255.821486
14.327395,6.116048,0.000000,1221.073650,45.457169,0.000000,255.940845
14.942273,6.116048,0.000000,1221.073650,46.072047,0.000000,256.063821
15.557150,6.116048,0.000000,1221.073650,46.686924,0.000000,256.186796
16.172028,6.116048,0.000000,1221.073650,47.301802,0.000000,256.309772
16.786906,6.116048,0.000000,1221.073650,47.916680,0.000000,256.432747
17.401783,6.116048,0.000000,1221.073650,48.531557,0.000000,256.555723
18.016661,6.116048,0.000000,1221.073650,49.146435,0.000000,256.678698
18.631539,6.116048,0.000000,1221.073650,49.761313,0.000000,256.801674
19.246416,6.116048,0.000000,1221.073650,50.376190,0.000000,256.924650
19.861294,6.116048,0.000000,1221.073650,50.991068,0.000000,257.047625
20.476172,6.116048,0.000000,1221.073650,51.605946,0.000000,257.170601
21.091049,6.116048,0.000000,1221.073650,52.220823,0.000000,257.293576
21.705927,6.116048,0.000000,1221.073650,52.835701,0.000000,257.416552
22.320805,6.116048,0.000000,1221.073650,53.450579,0.000000,257.539527
22.935682,6.116048,0.000000,1221.073650,54.065456,0.000000,257.662503
23.550560,6.116048,0.000000,1221.073650,54.680334,0.000000,257.785478
24.165438,6.116048,0.000000,1221.073650,55.295212,0.000000,257.908454
24.780316,6.116048,0.000000,1221.073650,55.910089,0.000000,258.031429
25.395193,6.116048,0.000000,1221.073650,56.524967,0.000000,258.154405
26.010071,6.116048,0.000000,1221.073650,57.139845,0.000000,258.277380
26.381767,6.531174,0.000000,1221.073650,57.697059,0.000000,258.388823
25.727764,6.531174,0.000000,1221.073650,58.351062,0.000000,258.519624
25.073760,6.531174,0.000000,1221.073650,59.005066,0.000000,258.650425
24.419756,6.531174,0.000000,1221.073650,59.659070,0.000000,258.781225
23.765753,6.531174,0.000000,1221.073650,60.313073,0.000000,258.912026
23.111749,6.531174,0.000000,1221.073650,60.967077,0.000000,259.042827
22.457746,6.531174,0.000000,1221.073650,61.621080,0.000000,259.173628
21.803742,6.531174,0.000000,1221.073650,62.275084,0.000000,259.304428
21.149738,6.531174,0.000000,1221.073650,62.929088,0.000000,259.435229
20.495735,6.531174,0.000000,1221.073650,63.583091,0.000000,259.566030
19.841731,6.531174,0.000000,1221.073650,64.237095,0.000000,259.696830
19.187728,6.531174,0.000000,1221.073650,64.891098,0.000000,259.827631
18.533724,6.531174,0.000000,1221.073650,65.545102,0.000000,259.958432
17.879720,6.531174,0.000000,1221.073650,66.199106,0.000000,260.089233
17.225717,6.531174,0.000000,1221.073650,66.853109,0.000000,260.220033
16.571713,6.531174,0.000000,1221.073650,67.507113,0.000000,260.350834
15.917710,6.531174,0.000000,1221.073650,68.161116,0.000000,260.481635
15.263706,6.531174,0.000000,1221.073650,68.815120,0.000000,260.612435
14.609702,6.531174,0.000000,1221.073650,69.469124,0.000000,260.743236
13.955699,6.531174,0.000000,1221.073650,70.123127,0.000000,260.874037
13.631325,6.946300,0.000000,1221.073650,70.649955,0.000000,260.979402
14.319473,6.946300,0.000000,1221.073650,71.338103,0.000000,261.117032
15.007622,6.946300,0.000000,1221.073650,72.026251,0.000000,261.254662
15.695770,6.946300,0.000000,1221.073650,72.714400,0.000000,261.392291
16.383918,6.946300,0.000000,1221.073650,73.402548,0.000000,261.529921
17.072066,6.946300,0.000000,1221.073650,74.090696,0.000000,261.667551
17.760214,6.946300,0.000000,1221.073650,74.778844,0.000000,261.805180
18.448362,6.946300,0.000000,1221.073650,75.466992,0.000000,261.942810
19.136511,6.946300,0.000000,1221.073650,76.155141,0.000000,262.080440
19.824659,6.946300,0.000000,1221.073650,76.843289,0.000000,262.218069
20.512807,6.946300,0.000000,1221.073650,77.531437,0.000000,262.355699
21.200955,6.946300,0.000000,1221.073650,78.219585,0.000000,262.493328
21.889103,6.946300,0.000000,1221.073650,78.907733,0.000000,262.630958
22.577252,6.946300,0.000000,1221.073650,79.595881,0.000000,262.768588
23.265400,6.946300,0.000000,1221.073650,80.284030,0.000000,262.906217
23.953548,6.946300,0.000000,1221.073650,80.972178,0.000000,263.043847
24.641696,6.946300,0.000000,1221.073650,81.660326,0.000000,263.181477
25.329844,6.946300,0.000000,1221.073650,82.348474,0.000000,263.319106
26.017993,6.946300,0.000000,1221.073650,83.036622,0.000000,263.456736
26.706141,6.946300,0.000000,1221.073650,83.724771,0.000000,263.594366
26.989946,7.361426,0.000000,1221.073650,84.227637,0.000000,263.694939
26.271924,7.361426,0.000000,1221.073650,84.945660,0.000000,263.838543
25.553901,7.361426,0.000000,1221.073650,85.663682,0.000000,263.982148
24.835879,7.361426,0.000000,1221.073650,86.381704,0.000000,264.125752
24.117856,7.361426,0.000000,1221.073650,87.099727,0.000000,264.269357
23.399834,7.361426,0.000000,1221.073650,87.817749,0.000000,264.412961
22.681811,7.361426,0.000000,1221.073650,88.535772,0.000000,264.556566
21.963789,7.361426,0.000000,1221.073650,89.253794,0.000000,264.700170
21.245767,7.361426,0.000000,1221.073650,89.971817,0.000000,264.843775
20.527744,7.361426,0.000000,1221.073650,90.689839,0.000000,264.987379
19.809722,7.361426,0.000000,1221.073650,91.407861,0.000000,265.130984
19.091699,7.361426,0.000000,1221.073650,92.125884,0.000000,265.274588
18.373677,7.361426,0.000000,1221.073650,92.843906,0.000000,265.418193
17.655654,7.361426,0.000000,1221.073650,93.561929,0.000000,265.561797
16.937632,7.361426,0.000000,1221.073650,94.279951,0.000000,265.705402
16.219610,7.361426,0.000000,1221.073650,94.997974,0.000000,265.849006
15.501587,7.361426,0.000000,1221.073650,95.715996,0.000000,265.992611
14.783565,7.361426,0.000000,1221.073650,96.434018,0.000000,266.136215
14.065542,7.361426,0.000000,1221.073650,97.152041,0.000000,266.279820
13.347520,7.361426,0.000000,1221.073650,97.870063,0.000000,266.423424
13.099395,7.776551,0.000000,1221.073650,98.353691,0.000000,266.520150
13.843536,7.776551,0.000000,1221.073650,99.097831,0.000000,266.668978
14.587677,7.776551,0.000000,1221.073650,99.841972,0.000000,266.817806
15.331818,7.776551,0.000000,1221.073650,100.586113,0.000000,266.966634
16.075958,7.776551,0.000000,1221.073650,101.330254,0.000000,267.115462
16.820099,7.776551,0.000000,1221.073650,102.074395,0.000000,267.264290
17.564240,7.776551,0.000000,1221.073650,102.818535,0.000000,267.413119
18.308381,7.776551,0.000000,1221.073650,103.562676,0.000000,267.561947
19.052522,7.776551,0.000000,1221.073650,104.306817,0.000000,267.710775
19.796663,7.776551,0.000000,1221.073650,105.050958,0.000000,267.859603
20.540803,7.776551,0.000000,1221.073650,105.795099,0.000000,268.008431
21.284944,7.776551,0.000000,1221.073650,106.539240,0.000000,268.157259
22.029085,7.776551,0.000000,1221.073650,107.283380,0.000000,268.306088
22.773226,7.776551,0.000000,1221.073650,108.027521,0.000000,268.454916
23.517367,7.776551,0.000000,1221.073650,108.771662,0.000000,268.603744
24.261507,7.776551,0.000000,1221.073650,109.515803,0.000000,268.752572
25.005648,7.776551,0.000000,1221.073650,110.259944,0.000000,268.901400
25.749789,7.776551,0.000000,1221.073650,111.004084,0.000000,269.050228
26.493930,7.776551,0.000000,1221.073650,111.748225,0.000000,269.199057
27.238071,7.776551,0.000000,1221.073650,112.492366,0.000000,269.347885
27.454161,8.191677,0.000000,1221.073650,112.960367,0.000000,269.441485
26.687274,8.191677,0.000000,1221.073650,113.727254,0.000000,269.594862
25.920387,8.191677,0.000000,1221.073650,114.494141,0.000000,269.748240
25.153500,8.191677,0.000000,1221.073650,115.261028,0.000000,269.901617
24.386613,8.191677,0.000000,1221.073650,116.027916,0.000000,270.054995
23.619725,8.191677,0.000000,1221.073650,116.794803,0.000000,270.208372
22.852838,8.191677,0.000000,1221.073650,117.561690,0.000000,270.361749
22.085951,8.191677,0.000000,1221.073650,118.328577,0.000000,270.515127
21.319064,8.191677,0.000000,1221.073650,119.095464,0.000000,270.668504
20.552177,8.191677,0.000000,1221.073650,119.862351,0.000000,270.821882
19.785289,8.191677,0.000000,1221.073650,120.629239,0.000000,270.975259
19.018402,8.191677,0.000000,1221.073650,121.396126,0.000000,271.128637
18.251515,8.191677,0.000000,1221.073650,122.163013,0.000000,271.282014
17.484628,8.191677,0.000000,1221.073650,122.929900,0.000000,271.435392
16.717741,8.191677,0.000000,1221.073650,123.696787,0.000000,271.588769
15.950853,8.191677,0.000000,1221.073650,124.463675,0.000000,271.742146
15.183966,8.191677,0.000000,1221.073650,125.230562,0.000000,271.895524
14.417079,8.191677,0.000000,1221.073650,125.997449,0.000000,272.048901
13.650192,8.191677,0.000000,1221.073650,126.764336,0.000000,272.202279
12.883305,8.191677,0.000000,1221.073650,127.531223,0.000000,272.355656
12.696468,8.606803,0.000000,1221.073650,127.986457,0.000000,272.446703
13.483023,8.606803,0.000000,1221.073650,128.773011,0.000000,272.604014
14.269577,8.606803,0.000000,1221.073650,129.559565,0.000000,272.761324
15.056131,8.606803,0.000000,1221.073650,130.346119,0.000000,272.918635
15.842685,8.606803,0.000000,1221.073650,131.132673,0.000000,273.075946
16.629239,8.606803,0.000000,1221.073650,131.919227,0.000000,273.233257
17.415793,8.606803,0.000000,1221.073650,132.705782,0.000000,273.390568
18.202348,8.606803,0.000000,1221.073650,133.492336,0.000000,273.547879
18.988902,8.606803,0.000000,1221.073650,134.278890,0.000000,273.705189
19.775456,8.606803,0.000000,1221.073650,135.065444,0.000000,273.862500
20.562010,8.606803,0.000000,1221.073650,135.851998,0.000000,274.019811
21.348564,8.606803,0.000000,1221.073650,136.638552,0.000000,274.177122
22.135118,8.606803,0.000000,1221.073650,137.425107,0.000000,274.334433
22.921673,8.606803,0.000000,1221.073650,138.211661,0.000000,274.491744
23.708227,8.606803,0.000000,1221.073650,138.998215,0.000000,274.649054
24.494781,8.606803,0.000000,1221.073650,139.784769,0.000000,274.806365
25.281335,8.606803,0.000000,1221.073650,140.571323,0.000000,274.963676
26.067889,8.606803,0.000000,1221.073650,141.357877,0.000000,275.120987
26.854443,8.606803,0.000000,1221.073650,142.144431,0.000000,275.278298
27.640997,8.606803,0.000000,1221.073650,142.930986,0.000000,275.435609
27.800728,9.021929,0.000000,1221.073650,143.375781,0.000000,275.524568
26.997360,9.021929,0.000000,1221.073650,144.179149,0.000000,275.685241
26.193992,9.021929,0.000000,1221.073650,144.982517,0.000000,275.845915
25.390624,9.021929,0.000000,1221.073650,145.785885,0.000000,276.006589
24.587256,9.021929,0.000000,1221.073650,146.589253,0.000000,276.167262
23.783889,9.021929,0.000000,1221.073650,147.392621,0.000000,276.327936
22.980521,9.021929,0.000000,1221.073650,148.195989,0.000000,276.488609
22.177153,9.021929,0.000000,1221.073650,148.999357,0.000000,276.649283
21.373785,9.021929,0.000000,1221.073650,149.802725,0.000000,276.809956
20.570417,9.021929,0.000000,1221.073650,150.606093,0.000000,276.970630
19.767049,9.021929,0.000000,1221.073650,151.409460,0.000000,277.131304
18.963681,9.021929,0.000000,1221.073650,152.212828,0.000000,277.291977
18.160313,9.021929,0.000000,1221.073650,153.016196,0.000000,277.452651
17.356945,9.021929,0.000000,1221.073650,153.819564,0.000000,277.613324
16.553577,9.021929,0.000000,1221.073650,154.622932,0.000000,277.773998
15.750209,9.021929,0.000000,1221.073650,155.426300,0.000000,277.934671
14.946842,9.021929,0.000000,1221.073650,156.229668,0.000000,278.095345
14.143474,9.021929,0.000000,1221.073650,157.033036,0.000000,278.256019
13.340106,9.021929,0.000000,1221.073650,157.836404,0.000000,278.416692
12.536738,9.021929,0.000000,1221.073650,158.639772,0.000000,278.577366
12.402440,9.437055,0.000000,1221.073650,159.076080,0.000000,278.664628
13.219945,9.437055,0.000000,1221.073650,159.893585,0.000000,278.828128
14.037449,9.437055,0.000000,1221.073650,160.711089,0.000000,278.991629
14.854954,9.437055,0.000000,1221.073650,161.528594,0.000000,279.155130
15.672458,9.437055,0.000000,1221.073650,162.346098,0.000000,279.318631
16.489963,9.437055,0.000000,1221.073650,163.163603,0.000000,279.482132
17.307467,9.437055,0.000000,1221.073650,163.981107,0.000000,279.645633
18.124972,9.437055,0.000000,1221.073650,164.798612,0.000000,279.809134
18.942476,9.437055,0.000000,1221.073650,165.616116,0.000000,279.972635
19.759981,9.437055,0.000000,1221.073650,166.433621,0.000000,280.136136
20.577485,9.437055,0.000000,1221.073650,167.251125,0.000000,280.299637
21.394990,9.437055,0.000000,1221.073650,168.068630,0.000000,280.463137
22.212494,9.437055,0.000000,1221.073650,168.886134,0.000000,280.626638
23.029999,9.437055,0.000000,1221.073650,169.703639,0.000000,280.790139
23.847503,9.437055,0.000000,1221.073650,170.521143,0.000000,280.953640
24.665008,9.437055,0.000000,1221.073650,171.338648,0.000000,281.117141
25.482512,9.437055,0.000000,1221.073650,172.156152,0.000000,281.280642
26.300017,9.437055,0.000000,1221.073650,172.973657,0.000000,281.444143
27.117521,9.437055,0.000000,1221.073650,173.791161,0.000000,281.607644
27.935026,9.437055,0.000000,1221.073650,174.608666,0.000000,281.771145
28.045191,9.852180,0.000000,1221.073650,175.038161,0.000000,281.857044
27.216090,9.852180,0.000000,1221.073650,175.867262,0.000000,282.022864
26.386990,9.852180,0.000000,1221.073650,176.696363,0.000000,282.188684
25.557889,9.852180,0.000000,1221.073650,177.525463,0.000000,282.354504
24.728788,9.852180,0.000000,1221.073650,178.354564,0.000000,282.520324
23.899687,9.852180,0.000000,1221.073650,179.183665,0.000000,282.686145
23.070586,9.852180,0.000000,1221.073650,180.012766,0.000000,282.851965
22.241485,9.852180,0.000000,1221.073650,180.841867,0.000000,283.017785
21.412384,9.852180,0.000000,1221.073650,181.670968,0.000000,283.183605
20.583283,9.852180,0.000000,1221.073650,182.500069,0.000000,283.349425
19.754183,9.852180,0.000000,1221.073650,183.329170,0.000000,283.515245
18.925082,9.852180,0.000000,1221.073650,184.158270,0.000000,283.681066
18.095981,9.852180,0.000000,1221.073650,184.987371,0.000000,283.846886
17.266880,9.852180,0.000000,1221.073650,185.816472,0.000000,284.012706
16.437779,9.852180,0.000000,1221.073650,186.645573,0.000000,284.178526
15.608678,9.852180,0.000000,1221.073650,187.474674,0.000000,284.344346
14.779577,9.852180,0.000000,1221.073650,188.303775,0.000000,284.510166
13.950476,9.852180,0.000000,1221.073650,189.132876,0.000000,284.675987
13.121375,9.852180,0.000000,1221.073650,189.961977,0.000000,284.841807
12.292275,9.852180,0.000000,1221.073650,190.791078,0.000000,285.007627
12.205239,10.267306,0.000000,1221.073650,191.215229,0.000000,285.092457
13.043502,10.267306,0.000000,1221.073650,192.053492,0.000000,285.260110
13.881764,10.267306,0.000000,1221.073650,192.891754,0.000000,285.427762
14.720027,10.267306,0.000000,1221.073650,193.730017,0.000000,285.595415
15.558289,10.267306,0.000000,1221.073650,194.568279,0.000000,285.763067
16.396552,10.267306,0.000000,1221.073650,195.406542,0.000000,285.930720
17.234814,10.267306,0.000000,1221.073650,196.244804,0.000000,286.098372
18.073077,10.267306,0.000000,1221.073650,197.083067,0.000000,286.266025
18.911339,10.267306,0.000000,1221.073650,197.921329,0.000000,286.433677
19.749602,10.267306,0.000000,1221.073650,198.759592,0.000000,286.601330
20.587864,10.267306,0.000000,1221.073650,199.597854,0.000000,286.768982
21.426127,10.267306,0.000000,1221.073650,200.436117,0.000000,286.936635
22.264389,10.267306,0.000000,1221.073650,201.274379,0.000000,287.104287
23.102652,10.267306,0.000000,1221.073650,202.112642,0.000000,287.271940
23.940914,10.267306,0.000000,1221.073650,202.950904,0.000000,287.439592
24.779177,10.267306,0.000000,1221.073650,203.789167,0.000000,287.607245
25.617439,10.267306,0.000000,1221.073650,204.627429,0.000000,287.774897
26.455702,10.267306,0.000000,1221.073650,205.465692,0.000000,287.942550
27.293964,10.267306,0.000000,1221.073650,206.303954,0.000000,288.110202
28.132227,10.267306,0.000000,1221.073650,207.142217,0.000000,288.277855
28.196884,10.682432,0.000000,1221.073650,207.562348,0.000000,288.361881
27.351815,10.682432,0.000000,1221.073650,208.407416,0.000000,288.530895
26.506747,10.682432,0.000000,1221.073650,209.252485,0.000000,288.699908
25.661678,10.682432,0.000000,1221.073650,210.097553,0.000000,288.868922
24.816610,10.682432,0.000000,1221.073650,210.942622,0.000000,289.037936
23.971541,10.682432,0.000000,1221.073650,211.787690,0.000000,289.206950
23.126473,10.682432,0.000000,1221.073650,212.632759,0.000000,289.375963
22.281404,10.682432,0.000000,1221.073650,213.477827,0.000000,289.544977
21.436336,10.682432,0.000000,1221.073650,214.322896,0.000000,289.713991
20.591267,10.682432,0.000000,1221.073650,215.167964,0.000000,289.883004
19.746199,10.682432,0.000000,1221.073650,216.013033,0.000000,290.052018
18.901130,10.682432,0.000000,1221.073650,216.858101,0.000000,290.221032
18.056062,10.682432,0.000000,1221.073650,217.703170,0.000000,290.390045
17.210993,10.682432,0.000000,1221.073650,218.548238,0.000000,290.559059
16.365925,10.682432,0.000000,1221.073650,219.393307,0.000000,290.728073
15.520856,10.682432,0.000000,1221.073650,220.238376,0.000000,290.897087
14.675788,10.682432,0.000000,1221.073650,221.083444,0.000000,291.066100
13.830719,10.682432,0.000000,1221.073650,221.928513,0.000000,291.235114
12.985650,10.682432,0.000000,1221.073650,222.773581,0.000000,291.404128
12.140582,10.682432,0.000000,1221.073650,223.618650,0.000000,291.573141
12.097765,11.097558,0.000000,1221.073650,224.035978,0.000000,291.656607
12.947340,11.097558,0.000000,1221.073650,224.885553,0.000000,291.826522
13.796916,11.097558,0.000000,1221.073650,225.735129,0.000000,291.996437
14.646492,11.097558,0.000000,1221.073650,226.584705,0.000000,292.166352
15.496067,11.097558,0.000000,1221.073650,227.434280,0.000000,292.336268
16.345643,11.097558,0.000000,1221.073650,228.283856,0.000000,292.506183
17.195218,11.097558,0.000000,1221.073650,229.133431,0.000000,292.676098
18.044794,11.097558,0.000000,1221.073650,229.983007,0.000000,292.846013
18.894370,11.097558,0.000000,1221.073650,230.832583,0.000000,293.015928
19.743945,11.097558,0.000000,1221.073650,231.682158,0.000000,293.185843
20.593521,11.097558,0.000000,1221.073650,232.531734,0.000000,293.355758
21.443096,11.097558,0.000000,1221.073650,233.381309,0.000000,293.525673
22.292672,11.097558,0.000000,1221.073650,234.230885,0.000000,293.695588
23.142248,11.097558,0.000000,1221.073650,235.080460,0.000000,293.865504
23.991823,11.097558,0.000000,1221.073650,235.930036,0.000000,294.035419
24.841399,11.097558,0.000000,1221.073650,236.779612,0.000000,294.205334
25.690974,11.097558,0.000000,1221.073650,237.629187,0.000000,294.375249
26.540550,11.097558,0.000000,1221.073650,238.478763,0.000000,294.545164
27.390126,11.097558,0.000000,1221.073650,239.328338,0.000000,294.715079
28.239701,11.097558,0.000000,1221.073650,240.177914,0.000000,294.884994
28.261025,11.512684,0.000000,1221.073650,240.593587,0.000000,294.968129
27.409205,11.512684,0.000000,1221.073650,241.445407,0.000000,295.138493
26.557384,11.512684,0.000000,1221.073650,242.297228,0.000000,295.308857
25.705564,11.512684,0.000000,1221.073650,243.149048,0.000000,295.479221
24.853744,11.512684,0.000000,1221.073650,244.000868,0.000000,295.649585
24.001924,11.512684,0.000000,1221.073650,244.852688,0.000000,295.819949
23.150104,11.512684,0.000000,1221.073650,245.704508,0.000000,295.990313
22.298283,11.512684,0.000000,1221.073650,246.556328,0.000000,296.160677
21.446463,11.512684,0.000000,1221.073650,247.408149,0.000000,296.331041
20.594643,11.512684,0.000000,1221.073650,248.259969,0.000000,296.501405
19.742823,11.512684,0.000000,1221.073650,249.111789,0.000000,296.671769
18.891003,11.512684,0.000000,1221.073650,249.963609,0.000000,296.842133
18.039182,11.512684,0.000000,1221.073650,250.815429,0.000000,297.012497
17.187362,11.512684,0.000000,1221.073650,251.667250,0.000000,297.182861
16.335542,11.512684,0.000000,1221.073650,252.519070,0.000000,297.353225
15.483722,11.512684,0.000000,1221.073650,253.370890,0.000000,297.523589
14.631902,11.512684,0.000000,1221.073650,254.222710,0.000000,297.693954
13.780082,11.512684,0.000000,1221.073650,255.074530,0.000000,297.864318
12.928261,11.512684,0.000000,1221.073650,255.926350,0.000000,298.034682
12.076441,11.512684,0.000000,1221.073650,256.778171,0.000000,298.205046
12.076441,11.927809,0.000000,1221.073650,257.193296,0.000000,298.288071
12.928261,11.927809,0.000000,1221.073650,258.045117,0.000000,298.458435
13.780082,11.927809,0.000000,1221.073650,258.896937,0.000000,298.628799
14.631902,11.927809,0.000000,1221.073650,259.748757,0.000000,298.799163
15.483722,11.927809,0.000000,1221.073650,260.600577,0.000000,298.969527
16.335542,11.927809,0.000000,1221.073650,261.452397,0.000000,299.139891
17.187362,11.927809,0.000000,1221.073650,262.304218,0.000000,299.310255
18.039182,11.927809,0.000000,1221.073650,263.156038,0.000000,299.480619
18.891003,11.927809,0.000000,1221.073650,264.007858,0.000000,299.650983
19.742823,11.927809,0.000000,1221.073650,264.859678,0.000000,299.821347
20.594643,11.927809,0.000000,1221.073650,265.711498,0.000000,299.991711
21.446463,11.927809,0.000000,1221.073650,266.563318,0.000000,300.162075
22.298283,11.927809,0.000000,1221.073650,267.415139,0.000000,300.332439
23.150104,11.927809,0.000000,1221.073650,268.266959,0.000000,300.502803
24.001924,11.927809,0.000000,1221.073650,269.118779,0.000000,300.673167
24.853744,11.927809,0.000000,1221.073650,269.970599,0.000000,300.843531
25.705564,11.927809,0.000000,1221.073650,270.822419,0.000000,301.013895
26.557384,11.927809,0.000000,1221.073650,271.674240,0.000000,301.184259
27.409205,11.927809,0.000000,1221.073650,272.526060,0.000000,301.354623
28.261025,11.927809,0.000000,1221.073650,273.377880,0.000000,301.524987
28.239701,12.342935,0.000000,1221.073650,273.793553,0.000000,301.608122
27.390126,12.342935,0.000000,1221.073650,274.643129,0.000000,301.778037
26.540550,12.342935,0.000000,1221.073650,275.492704,0.000000,301.947952
25.690974,12.342935,0.000000,1221.073650,276.342280,0.000000,302.117867
24.841399,12.342935,0.000000,1221.073650,277.191855,0.000000,302.287783
23.991823,12.342935,0.000000,1221.073650,278.041431,0.000000,302.457698
23.142248,12.342935,0.000000,1221.073650,278.891007,0.000000,302.627613
22.292672,12.342935,0.000000,1221.073650,279.740582,0.000000,302.797528
21.443096,12.342935,0.000000,1221.073650,280.590158,0.000000,302.967443
20.593521,12.342935,0.000000,1221.073650,281.439733,0.000000,303.137358
19.743945,12.342935,0.000000,1221.073650,282.289309,0.000000,303.307273
18.894370,12.342935,0.000000,1221.073650,283.138885,0.000000,303.477188
18.044794,12.342935,0.000000,1221.073650,283.988460,0.000000,303.647104
17.195218,12.342935,0.000000,1221.073650,284.838036,0.000000,303.817019
16.345643,12.342935,0.000000,1221.073650,285.687611,0.000000,303.986934
15.496067,12.342935,0.000000,1221.073650,286.537187,0.000000,304.156849
14.646492,12.342935,0.000000,1221.073650,287.386763,0.000000,304.326764
13.796916,12.342935,0.000000,1221.073650,288.236338,0.000000,304.496679
12.947340,12.342935,0.000000,1221.073650,289.085914,0.000000,304.666594
12.097765,12.342935,0.000000,1221.073650,289.935489,0.000000,304.836509
12.140582,12.758061,0.000000,1221.073650,290.352817,0.000000,304.919975
12.985650,12.758061,0.000000,1221.073650,291.197886,0.000000,305.088989
13.830719,12.758061,0.000000,1221.073650,292.042955,0.000000,305.258002
14.675788,12.758061,0.000000,1221.073650,292.888023,0.000000,305.427016
15.520856,12.758061,0.000000,1221.073650,293.733092,0.000000,305.596030
16.365925,12.758061,0.000000,1221.073650,294.578160,0.000000,305.765044
17.210993,12.758061,0.000000,1221.073650,295.423229,0.000000,305.934057
18.056062,12.758061,0.000000,1221.073650,296.268297,0.000000,306.103071
18.901130,12.758061,0.000000,1221.073650,297.113366,0.000000,306.272085
19.746199,12.758061,0.000000,1221.073650,297.958434,0.000000,306.441098
20.591267,12.758061,0.000000,1221.073650,298.803503,0.000000,306.610112
21.436336,12.758061,0.000000,1221.073650,299.648571,0.000000,306.779126
22.281404,12.758061,0.000000,1221.073650,300.493640,0.000000,306.948139
23.126473,12.758061,0.000000,1221.073650,301.338708,0.000000,307.117153
23.971541,12.758061,0.000000,1221.073650,302.183777,0.000000,307.286167
24.816610,12.758061,0.000000,1221.073650,303.028845,0.000000,307.455181
25.661678,12.758061,0.000000,1221.073650,303.873914,0.000000,307.624194
26.506747,12.758061,0.000000,1221.073650,304.718982,0.000000,307.793208
27.351815,12.758061,0.000000,1221.073650,305.564051,0.000000,307.962222
28.196884,12.758061,0.000000,1221.073650,306.409120,0.000000,308.131235
28.132227,13.173187,0.000000,1221.073650,306.829250,0.000000,308.215262
27.293964,13.173187,0.000000,1221.073650,307.667513,0.000000,308.382914
26.455702,13.173187,0.000000,1221.073650,308.505775,0.000000,308.550567
25.617439,13.173187,0.000000,1221.073650,309.344038,0.000000,308.718219
24.779177,13.173187,0.000000,1221.073650,310.182300,0.000000,308.885872
23.940914,13.173187,0.000000,1221.073650,311.020563,0.000000,309.053524
23.102652,13.173187,0.000000,1221.073650,311.858825,0.000000,309.221177
22.264389,13.173187,0.000000,1221.073650,312.697088,0.000000,309.388829
21.426127,13.173187,0.000000,1221.073650,313.535350,0.000000,309.556482
20.587864,13.173187,0.000000,1221.073650,314.373613,0.000000,309.724134
19.749602,13.173187,0.000000,1221.073650,315.211875,0.000000,309.891787
18.911339,13.173187,0.000000,1221.073650,316.050138,0.000000,310.059439
18.073077,13.173187,0.000000,1221.073650,316.888400,0.000000,310.227092
17.234814,13.173187,0.000000,1221.073650,317.726663,0.000000,310.394744
16.396552,13.173187,0.000000,1221.073650,318.564925,0.000000,310.562397
15.558289,13.173187,0.000000,1221.073650,319.403188,0.000000,310.730049
14.720027,13.173187,0.000000,1221.073650,320.241450,0.000000,310.897702
13.881764,13.173187,0.000000,1221.073650,321.079713,0.000000,311.065354
13.043502,13.173187,0.000000,1221.073650,321.917975,0.000000,311.233007
12.205239,13.173187,0.000000,1221.073650,322.756238,0.000000,311.400659
12.292275,13.588313,0.000000,1221.073650,323.180390,0.000000,311.485489
13.121375,13.588313,0.000000,1221.073650,324.009490,0.000000,311.651310
13.950476,13.588313,0.000000,1221.073650,324.838591,0.000000,311.817130
14.779577,13.588313,0.000000,1221.073650,325.667692,0.000000,311.982950
15.608678,13.588313,0.000000,1221.073650,326.496793,0.000000,312.148770
16.437779,13.588313,0.000000,1221.073650,327.325894,0.000000,312.314590
17.266880,13.588313,0.000000,1221.073650,328.154995,0.000000,312.480410
18.095981,13.588313,0.000000,1221.073650,328.984096,0.000000,312.646231
18.925082,13.588313,0.000000,1221.073650,329.813197,0.000000,312.812051
19.754183,13.588313,0.000000,1221.073650,330.642297,0.000000,312.977871
20.583283,13.588313,0.000000,1221.073650,331.471398,0.000000,313.143691
21.412384,13.588313,0.000000,1221.073650,332.300499,0.000000,313.309511
22.241485,13.588313,0.000000,1221.073650,333.129600,0.000000,313.475332
23.070586,13.588313,0.000000,1221.073650,333.958701,0.000000,313.641152
23.899687,13.588313,0.000000,1221.073650,334.787802,0.000000,313.806972
24.728788,13.588313,0.000000,1221.073650,335.616903,0.000000,313.972792
25.557889,13.588313,0.000000,1221.073650,336.446004,0.000000,314.138612
26.386990,13.588313,0.000000,1221.073650,337.275105,0.000000,314.304432
27.216090,13.588313,0.000000,1221.073650,338.104205,0.000000,314.470253
28.045191,13.588313,0.000000,1221.073650,338.933306,0.000000,314.636073
27.935026,14.003438,0.000000,1221.073650,339.362801,0.000000,314.721972
27.117521,14.003438,0.000000,1221.073650,340.180306,0.000000,314.885473
26.300017,14.003438,0.000000,1221.073650,340.997810,0.000000,315.048974
25.482512,14.003438,0.000000,1221.073650,341.815315,0.000000,315.212474
24.665008,14.003438,0.000000,1221.073650,342.632819,0.000000,315.375975
23.847503,14.003438,0.000000,1221.073650,343.450324,0.000000,315.539476
23.029999,14.003438,0.000000,1221.073650,344.267828,0.000000,315.702977
22.212494,14.003438,0.000000,1221.073650,345.085333,0.000000,315.866478
21.394990,14.003438,0.000000,1221.073650,345.902837,0.000000,316.029979
20.577485,14.003438,0.000000,1221.073650,346.720342,0.000000,316.193480
19.759981,14.003438,0.000000,1221.073650,347.537846,0.000000,316.356981
18.942476,14.003438,0.000000,1221.073650,348.355351,0.000000,316.520482
18.124972,14.003438,0.000000,1221.073650,349.172855,0.000000,316.683983
17.307467,14.003438,0.000000,1221.073650,349.990360,0.000000,316.847483
16.489963,14.003438,0.000000,1221.073650,350.807864,0.000000,317.010984
15.672458,14.003438,0.000000,1221.073650,351.625369,0.000000,317.174485
14.854954,14.003438,0.000000,1221.073650,352.442873,0.000000,317.337986
14.037449,14.003438,0.000000,1221.073650,353.260378,0.000000,317.501487
13.219945,14.003438,0.000000,1221.073650,354.077882,0.000000,317.664988
12.402440,14.003438,0.000000,1221.073650,354.895387,0.000000,317.828489
12.536738,14.418564,0.000000,1221.073650,355.331695,0.000000,317.915751
13.340106,14.418564,0.000000,1221.073650,356.135063,0.000000,318.076424
14.143474,14.418564,0.000000,1221.073650,356.938431,0.000000,318.237098
14.946842,14.418564,0.000000,1221.073650,357.741799,0.000000,318.397771
15.750209,14.418564,0.000000,1221.073650,358.545167,0.000000,318.558445
16.553577,14.418564,0.000000,1221.073650,359.348535,0.000000,318.719118
17.356945,14.418564,0.000000,1221.073650,360.151903,0.000000,318.879792
18.160313,14.418564,0.000000,1221.073650,360.955271,0.000000,319.040466
18.963681,14.418564,0.000000,1221.073650,361.758639,0.000000,319.201139
19.767049,14.418564,0.000000,1221.073650,362.562007,0.000000,319.361813
20.570417,14.418564,0.000000,1221.073650,363.365375,0.000000,319.522486
21.373785,14.418564,0.000000,1221.073650,364.168742,0.000000,319.683160
22.177153,14.418564,0.000000,1221.073650,364.972110,0.000000,319.843834
22.980521,14.418564,0.000000,1221.073650,365.775478,0.000000,320.004507
23.783889,14.418564,0.000000,1221.073650,366.578846,0.000000,320.165181
24.587256,14.418564,0.000000,1221.073650,367.382214,0.000000,320.325854
25.390624,14.418564,0.000000,1221.073650,368.185582,0.000000,320.486528
26.193992,14.418564,0.000000,1221.073650,368.988950,0.000000,320.647201
26.997360,14.418564,0.000000,1221.073650,369.792318,0.000000,320.807875
27.800728,14.418564,0.000000,1221.073650,370.595686,0.000000,320.968549
27.640997,14.833690,0.000000,1221.073650,371.040481,0.000000,321.057508
26.854443,14.833690,0.000000,1221.073650,371.827036,0.000000,321.214819
26.067889,14.833690,0.000000,1221.073650,372.613590,0.000000,321.372129
25.281335,14.833690,0.000000,1221.073650,373.400144,0.000000,321.529440
24.494781,14.833690,0.000000,1221.073650,374.186698,0.000000,321.686751
23.708227,14.833690,0.000000,1221.073650,374.973252,0.000000,321.844062
22.921673,14.833690,0.000000,1221.073650,375.759806,0.000000,322.001373
22.135118,14.833690,0.000000,1221.073650,376.546361,0.000000,322.158684
21.348564,14.833690,0.000000,1221.073650,377.332915,0.000000,322.315994
20.562010,14.833690,0.000000,1221.073650,378.119469,0.000000,322.473305
19.775456,14.833690,0.000000,1221.073650,378.906023,0.000000,322.630616
18.988902,14.833690,0.000000,1221.073650,379.692577,0.000000,322.787927
18.202348,14.833690,0.000000,1221.073650,380.479131,0.000000,322.945238
17.415793,14.833690,0.000000,1221.073650,381.265686,0.000000,323.102549
16.629239,14.833690,0.000000,1221.073650,382.052240,0.000000,323.259859
15.842685,14.833690,0.000000,1221.073650,382.838794,0.000000,323.417170
15.056131,14.833690,0.000000,1221.073650,383.625348,0.000000,323.574481
14.269577,14.833690,0.000000,1221.073650,384.411902,0.000000,323.731792
13.483023,14.833690,0.000000,1221.073650,385.198456,0.000000,323.889103
12.696468,14.833690,0.000000,1221.073650,385.985011,0.000000,324.046414
12.883305,15.248816,0.000000,1221.073650,386.440244,0.000000,324.137460
13.650192,15.248816,0.000000,1221.073650,387.207131,0.000000,324.290838
14.417079,15.248816,0.000000,1221.073650,387.974018,0.000000,324.444215
15.183966,15.248816,0.000000,1221.073650,388.740905,0.000000,324.597593
15.950853,15.248816,0.000000,1221.073650,389.507792,0.000000,324.750970
16.717741,15.248816,0.000000,1221.073650,390.274680,0.000000,324.904347
17.484628,15.248816,0.000000,1221.073650,391.041567,0.000000,325.057725
18.251515,15.248816,0.000000,1221.073650,391.808454,0.000000,325.211102
19.018402,15.248816,0.000000,1221.073650,392.575341,0.000000,325.364480
19.785289,15.248816,0.000000,1221.073650,393.342228,0.000000,325.517857
20.552177,15.248816,0.000000,1221.073650,394.109116,0.000000,325.671235
21.319064,15.248816,0.000000,1221.073650,394.876003,0.000000,325.824612
22.085951,15.248816,0.000000,1221.073650,395.642890,0.000000,325.977989
22.852838,15.248816,0.000000,1221.073650,396.409777,0.000000,326.131367
23.619725,15.248816,0.000000,1221.073650,397.176664,0.000000,326.284744
24.386613,15.248816,0.000000,1221.073650,397.943552,0.000000,326.438122
25.153500,15.248816,0.000000,1221.073650,398.710439,0.000000,326.591499
25.920387,15.248816,0.000000,1221.073650,399.477326,0.000000,326.744877
26.687274,15.248816,0.000000,1221.073650,400.244213,0.000000,326.898254
27.454161,15.248816,0.000000,1221.073650,401.011100,0.000000,327.051632
27.238071,15.663942,0.000000,1221.073650,401.479101,0.000000,327.145232
26.493930,15.663942,0.000000,1221.073650,402.223242,0.000000,327.294060
25.749789,15.663942,0.000000,1221.073650,402.967383,0.000000,327.442888
25.005648,15.663942,0.000000,1221.073650,403.711523,0.000000,327.591716
24.261507,15.663942,0.000000,1221.073650,404.455664,0.000000,327.740544
23.517367,15.663942,0.000000,1221.073650,405.199805,0.000000,327.889372
22.773226,15.663942,0.000000,1221.073650,405.943946,0.000000,328.038201
22.029085,15.663942,0.000000,1221.073650,406.688087,0.000000,328.187029
21.284944,15.663942,0.000000,1221.073650,407.432228,0.000000,328.335857
20.540803,15.663942,0.000000,1221.073650,408.176368,0.000000,328.484685
19.796663,15.663942,0.000000,1221.073650,408.920509,0.000000,328.633513
19.052522,15.663942,0.000000,1221.073650,409.664650,0.000000,328.782341
18.308381,15.663942,0.000000,1221.073650,410.408791,0.000000,328.931170
17.564240,15.663942,0.000000,1221.073650,411.152932,0.000000,329.079998
16.820099,15.663942,0.000000,1221.073650,411.897072,0.000000,329.228826
16.075958,15.663942,0.000000,1221.073650,412.641213,0.000000,329.377654
15.331818,15.663942,0.000000,1221.073650,413.385354,0.000000,329.526482
14.587677,15.663942,0.000000,1221.073650,414.129495,0.000000,329.675310
13.843536,15.663942,0.000000,1221.073650,414.873636,0.000000,329.824139
13.099395,15.663942,0.000000,1221.073650,415.617777,0.000000,329.972967
13.347520,16.079067,0.000000,1221.073650,416.101404,0.000000,330.069692
14.065542,16.079067,0.000000,1221.073650,416.819426,0.000000,330.213297
14.783565,16.079067,0.000000,1221.073650,417.537449,0.000000,330.356901
15.501587,16.079067,0.000000,1221.073650,418.255471,0.000000,330.500506
16.219610,16.079067,0.000000,1221.073650,418.973493,0.000000,330.644110
16.937632,16.079067,0.000000,1221.073650,419.691516,0.000000,330.787715
17.655654,16.079067,0.000000,1221.073650,420.409538,0.000000,330.931319
18.373677,16.079067,0.000000,1221.073650,421.127561,0.000000,331.074924
19.091699,16.079067,0.000000,1221.073650,421.845583,0.000000,331.218528
19.809722,16.079067,0.000000,1221.073650,422.563606,0.000000,331.362133
20.527744,16.079067,0.000000,1221.073650,423.281628,0.000000,331.505737
21.245767,16.079067,0.000000,1221.073650,423.999650,0.000000,331.649342
21.963789,16.079067,0.000000,1221.073650,424.717673,0.000000,331.792946
22.681811,16.079067,0.000000,1221.073650,425.435695,0.000000,331.936551
23.399834,16.079067,0.000000,1221.073650,426.153718,0.000000,332.080155
24.117856,16.079067,0.000000,1221.073650,426.871740,0.000000,332.223760
24.835879,16.079067,0.000000,1221.073650,427.589763,0.000000,332.367364
25.553901,16.079067,0.000000,1221.073650,428.307785,0.000000,332.510968
26.271924,16.079067,0.000000,1221.073650,429.025807,0.000000,332.654573
26.989946,16.079067,0.000000,1221.073650,429.743830,0.000000,332.798177
26.706141,16.494193,0.000000,1221.073650,430.246697,0.000000,332.898751
26.017993,16.494193,0.000000,1221.073650,430.934845,0.000000,333.036380
25.329844,16.494193,0.000000,1221.073650,431.622993,0.000000,333.174010
24.641696,16.494193,0.000000,1221.073650,432.311141,0.000000,333.311640
23.953548,16.494193,0.000000,1221.073650,432.999289,0.000000,333.449269
23.265400,16.494193,0.000000,1221.073650,433.687437,0.000000,333.586899
22.577252,16.494193,0.000000,1221.073650,434.375586,0.000000,333.724529
21.889103,16.494193,0.000000,1221.073650,435.063734,0.000000,333.862158
21.200955,16.494193,0.000000,1221.073650,435.751882,0.000000,333.999788
20.512807,16.494193,0.000000,1221.073650,436.440030,0.000000,334.137418
19.824659,16.494193,0.000000,1221.073650,437.128178,0.000000,334.275047
19.136511,16.494193,0.000000,1221.073650,437.816327,0.000000,334.412677
18.448362,16.494193,0.000000,1221.073650,438.504475,0.000000,334.550306
17.760214,16.494193,0.000000,1221.073650,439.192623,0.000000,334.687936
17.072066,16.494193,0.000000,1221.073650,439.880771,0.000000,334.825566
16.383918,16.494193,0.000000,1221.073650,440.568919,0.000000,334.963195
15.695770,16.494193,0.000000,1221.073650,441.257068,0.000000,335.100825
15.007622,16.494193,0.000000,1221.073650,441.945216,0.000000,335.238455
14.319473,16.494193,0.000000,1221.073650,442.633364,0.000000,335.376084
13.631325,16.494193,0.000000,1221.073650,443.321512,0.000000,335.513714
13.955699,16.909319,0.000000,1221.073650,443.848340,0.000000,335.619079
14.609702,16.909319,0.000000,1221.073650,444.502344,0.000000,335.749880
15.263706,16.909319,0.000000,1221.073650,445.156347,0.000000,335.880681
15.917710,16.909319,0.000000,1221.073650,445.810351,0.000000,336.011482
16.571713,16.909319,0.000000,1221.073650,446.464354,0.000000,336.142282
17.225717,16.909319,0.000000,1221.073650,447.118358,0.000000,336.273083
17.879720,16.909319,0.000000,1221.073650,447.772362,0.000000,336.403884
18.533724,16.909319,0.000000,1221.073650,448.426365,0.000000,336.534685
19.187728,16.909319,0.000000,1221.073650,449.080369,0.000000,336.665485
19.841731,16.909319,0.000000,1221.073650,449.734372,0.000000,336.796286
20.495735,16.909319,0.000000,1221.073650,450.388376,0.000000,336.927087
21.149738,16.909319,0.000000,1221.073650,451.042380,0.000000,337.057887
21.803742,16.909319,0.000000,1221.073650,451.696383,0.000000,337.188688
22.457746,16.909319,0.000000,1221.073650,452.350387,0.000000,337.319489
23.111749,16.909319,0.000000,1221.073650,453.004390,0.000000,337.450290
23.765753,16.909319,0.000000,1221.073650,453.658394,0.000000,337.581090
24.419756,16.909319,0.000000,1221.073650,454.312398,0.000000,337.711891
25.073760,16.909319,0.000000,1221.073650,454.966401,0.000000,337.842692
25.727764,16.909319,0.000000,1221.073650,455.620405,0.000000,337.973492
26.381767,16.909319,0.000000,1221.073650,456.274408,0.000000,338.104293
26.010071,17.324445,0.000000,1221.073650,456.831622,0.000000,338.215736
25.395193,17.324445,0.000000,1221.073650,457.446500,0.000000,338.338712
24.780316,17.324445,0.000000,1221.073650,458.061378,0.000000,338.461687
24.165438,17.324445,0.000000,1221.073650,458.676255,0.000000,338.584663
23.550560,17.324445,0.000000,1221.073650,459.291133,0.000000,338.707638
22.935682,17.324445,0.000000,1221.073650,459.906011,0.000000,338.830614
22.320805,17.324445,0.000000,1221.073650,460.520888,0.000000,338.953589
21.705927,17.324445,0.000000,1221.073650,461.135766,0.000000,339.076565
21.091049,17.324445,0.000000,1221.073650,461.750644,0.000000,339.199540
20.476172,17.324445,0.000000,1221.073650,462.365522,0.000000,339.322516
19.861294,17.324445,0.000000,1221.073650,462.980399,0.000000,339.445491
19.246416,17.324445,0.000000,1221.073650,463.595277,0.000000,339.568467
18.631539,17.324445,0.000000,1221.073650,464.210155,0.000000,339.691442
18.016661,17.324445,0.000000,1221.073650,464.825032,0.000000,339.814418
17.401783,17.324445,0.000000,1221.073650,465.439910,0.000000,339.937393
16.786906,17.324445,0.000000,1221.073650,466.054788,0.000000,340.060369
16.172028,17.324445,0.000000,1221.073650,466.669665,0.000000,340.183345
15.557150,17.324445,0.000000,1221.073650,467.284543,0.000000,340.306320
14.942273,17.324445,0.000000,1221.073650,467.899421,0.000000,340.429296
14.327395,17.324445,0.000000,1221.073650,468.514298,0.000000,340.552271
14.756155,17.739571,0.000000,1221.073650,469.111093,0.000000,340.671630
15.325900,17.739571,0.000000,1221.073650,469.680838,0.000000,340.785579
15.895645,17.739571,0.000000,1221.073650,470.250583,0.000000,340.899528
16.465390,17.739571,0.000000,1221.073650,470.820328,0.000000,341.013477
17.035135,17.739571,0.000000,1221.073650,471.390074,0.000000,341.127426
17.604880,17.739571,0.000000,1221.073650,471.959819,0.000000,341.241375
18.174625,17.739571,0.000000,1221.073650,472.529564,0.000000,341.355324
18.744370,17.739571,0.000000,1221.073650,473.099309,0.000000,341.469273
19.314115,17.739571,0.000000,1221.073650,473.669054,0.000000,341.583222
19.883860,17.739571,0.000000,1221.073650,474.238799,0.000000,341.697171
20.453606,17.739571,0.000000,1221.073650,474.808544,0.000000,341.811120
21.023351,17.739571,0.000000,1221.073650,475.378289,0.000000,341.925069
21.593096,17.739571,0.000000,1221.073650,475.948034,0.000000,342.039018
22.162841,17.739571,0.000000,1221.073650,476.517779,0.000000,342.152967
22.732586,17.739571,0.000000,1221.073650,477.087524,0.000000,342.266916
23.302331,17.739571,0.000000,1221.073650,477.657269,0.000000,342.380865
23.872076,17.739571,0.000000,1221.073650,478.227015,0.000000,342.494814
24.441821,17.739571,0.000000,1221.073650,478.796760,0.000000,342.608763
25.011566,17.739571,0.000000,1221.073650,479.366505,0.000000,342.722712
25.581311,17.739571,0.000000,1221.073650,479.936250,0.000000,342.836661
25.080568,18.154697,0.000000,1221.073650,480.586691,0.000000,342.966750
24.563533,18.154697,0.000000,1221.073650,481.103726,0.000000,343.070157
24.046497,18.154697,0.000000,1221.073650,481.620761,0.000000,343.173564
23.529462,18.154697,0.000000,1221.073650,482.137797,0.000000,343.276971
23.012427,18.154697,0.000000,1221.073650,482.654832,0.000000,343.380378
22.495392,18.154697,0.000000,1221.073650,483.171867,0.000000,343.483785
21.978356,18.154697,0.000000,1221.073650,483.688902,0.000000,343.587192
21.461321,18.154697,0.000000,1221.073650,484.205938,0.000000,343.690599
20.944286,18.154697,0.000000,1221.073650,484.722973,0.000000,343.794006
20.427251,18.154697,0.000000,1221.073650,485.240008,0.000000,343.897413
19.910215,18.154697,0.000000,1221.073650,485.757043,0.000000,344.000820
19.393180,18.154697,0.000000,1221.073650,486.274078,0.000000,344.104227
18.876145,18.154697,0.000000,1221.073650,486.791114,0.000000,344.207634
18.359110,18.154697,0.000000,1221.073650,487.308149,0.000000,344.311041
17.842074,18.154697,0.000000,1221.073650,487.825184,0.000000,344.414448
17.325039,18.154697,0.000000,1221.073650,488.342219,0.000000,344.517855
16.808004,18.154697,0.000000,1221.073650,488.859255,0.000000,344.621262
16.290969,18.154697,0.000000,1221.073650,489.376290,0.000000,344.724669
15.773933,18.154697,0.000000,1221.073650,489.893325,0.000000,344.828077
15.256898,18.154697,0.000000,1221.073650,490.410360,0.000000,344.931484
15.854619,18.569822,0.000000,1221.073650,491.138096,0.000000,345.077031
16.308736,18.569822,0.000000,1221.073650,491.592214,0.000000,345.167854
16.762854,18.569822,0.000000,1221.073650,492.046331,0.000000,345.258678
17.216971,18.569822,0.000000,1221.073650,492.500448,0.000000,345.349501
17.671088,18.569822,0.000000,1221.073650,492.954565,0.000000,345.440325
18.125205,18.569822,0.000000,1221.073650,493.408683,0.000000,345.531148
18.579323,18.569822,0.000000,1221.073650,493.862800,0.000000,345.621971
19.033440,18.569822,0.000000,1221.073650,494.316917,0.000000,345.712795
19.487557,18.569822,0.000000,1221.073650,494.771034,0.000000,345.803618
19.941674,18.569822,0.000000,1221.073650,495.225152,0.000000,345.894442
20.395792,18.569822,0.000000,1221.073650,495.679269,0.000000,345.985265
20.849909,18.569822,0.000000,1221.073650,496.133386,0.000000,346.076089
21.304026,18.569822,0.000000,1221.073650,496.587503,0.000000,346.166912
21.758143,18.569822,0.000000,1221.073650,497.041621,0.000000,346.257736
22.212261,18.569822,0.000000,1221.073650,497.495738,0.000000,346.348559
22.666378,18.569822,0.000000,1221.073650,497.949855,0.000000,346.439383
23.120495,18.569822,0.000000,1221.073650,498.403973,0.000000,346.530206
23.574612,18.569822,0.000000,1221.073650,498.858090,0.000000,346.621029
24.028730,18.569822,0.000000,1221.073650,499.312207,0.000000,346.711853
24.482847,18.569822,0.000000,1221.073650,499.766324,0.000000,346.802676
23.739780,18.984948,0.000000,1221.073650,500.617487,0.000000,346.972909
23.363880,18.984948,0.000000,1221.073650,500.993386,0.000000,347.048089
22.987981,18.984948,0.000000,1221.073650,501.369286,0.000000,347.123269
22.612081,18.984948,0.000000,1221.073650,501.745186,0.000000,347.198449
22.236181,18.984948,0.000000,1221.073650,502.121086,0.000000,347.273629
21.860282,18.984948,0.000000,1221.073650,502.496985,0.000000,347.348809
21.484382,18.984948,0.000000,1221.073650,502.872885,0.000000,347.423988
21.108482,18.984948,0.000000,1221.073650,503.248785,0.000000,347.499168
20.732583,18.984948,0.000000,1221.073650,503.624684,0.000000,347.574348
20.356683,18.984948,0.000000,1221.073650,504.000584,0.000000,347.649528
19.980783,18.984948,0.000000,1221.073650,504.376484,0.000000,347.724708
19.604883,18.984948,0.000000,1221.073650,504.752384,0.000000,347.799888
19.228984,18.984948,0.000000,1221.073650,505.128283,0.000000,347.875068
18.853084,18.984948,0.000000,1221.073650,505.504183,0.000000,347.950248
18.477184,18.984948,0.000000,1221.073650,505.880083,0.000000,348.025428
18.101285,18.984948,0.000000,1221.073650,506.255982,0.000000,348.100608
17.725385,18.984948,0.000000,1221.073650,506.631882,0.000000,348.175788
17.349485,18.984948,0.000000,1221.073650,507.007782,0.000000,348.250968
16.973585,18.984948,0.000000,1221.073650,507.383682,0.000000,348.326148
16.597686,18.984948,0.000000,1221.073650,507.759581,0.000000,348.401328
17.609726,19.400074,0.000000,1221.073650,508.853452,0.000000,348.620102
17.879095,19.400074,0.000000,1221.073650,509.122822,0.000000,348.673976
18.148464,19.400074,0.000000,1221.073650,509.392191,0.000000,348.727850
18.417833,19.400074,0.000000,1221.073650,509.661560,0.000000,348.781723
18.687202,19.400074,0.000000,1221.073650,509.930929,0.000000,348.835597
18.956572,19.400074,0.000000,1221.073650,510.200298,0.000000,348.889471
19.225941,19.400074,0.000000,1221.073650,510.469668,0.000000,348.943345
19.495310,19.400074,0.000000,1221.073650,510.739037,0.000000,348.997219
19.764679,19.400074,0.000000,1221.073650,511.008406,0.000000,349.051093
20.034048,19.400074,0.000000,1221.073650,511.277775,0.000000,349.104967
20.303418,19.400074,0.000000,1221.073650,511.547144,0.000000,349.158840
20.572787,19.400074,0.000000,1221.073650,511.816514,0.000000,349.212714
20.842156,19.400074,0.000000,1221.073650,512.085883,0.000000,349.266588
21.111525,19.400074,0.000000,1221.073650,512.355252,0.000000,349.320462
21.380894,19.400074,0.000000,1221.073650,512.624621,0.000000,349.374336
21.650264,19.400074,0.000000,1221.073650,512.893990,0.000000,349.428210
21.919633,19.400074,0.000000,1221.073650,513.163360,0.000000,349.482083
22.189002,19.400074,0.000000,1221.073650,513.432729,0.000000,349.535957
22.458371,19.400074,0.000000,1221.073650,513.702098,0.000000,349.589831
22.727740,19.400074,0.000000,1221.073650,513.971467,0.000000,349.643705
22.727740,19.400074,2.200000,1221.073650,513.971467,0.000000,349.753705
