x,y,z,p1,p2,p3,t
0.0,0.0,0.0,0.0,0.1,0.0,0.0
0.8332876411379269,0.008726486763538162,0.01047192766283916,0.02506664671286085,0.09959742939952392,4.166666666666667e-05,0.1
1.6663011391247426,0.03490403313892827,0.020943568232491584,0.04973797743297096,0.09839295885986298,8.333333333333334e-05,0.2
2.4987664009143296,0.07852689769532074,0.03141463462364135,0.0736249105369356,0.09639628606958534,0.00012500000000000003,0.30000000000000004
3.3304094336628616,0.13958551243066544,0.041884839766713915,0.09635073482034306,0.09362348706397372,0.0001666666666666667,0.4
4.160956394810724,0.2180664843455993,0.0523538966157463,0.11755705045849463,0.09009688679024191,0.00020833333333333335,0.5
4.990133642141359,0.3139525976465669,0.06282151815625658,0.13690942118573776,0.08584487936018662,0.00025000000000000006,0.6000000000000001
5.817667783809339,0.42722281657785155,0.07328741741311255,0.15410264855515787,0.08090169943749476,0.0002916666666666667,0.7000000000000001
6.64328572833003,0.5578522888821034,0.08375130745839925,0.16886558510040303,0.0753071466003611,0.0003333333333333334,0.8
7.466714734523101,0.7058123498888575,0.09421290141928532,0.18096541049320392,0.06910626489868647,0.00037500000000000006,0.9
8.287682461402278,0.8710705272304455,0.10467191248588766,0.1902113032590307,0.062348980185873364,0.0004166666666666667,1.0
9.105917018003634,1.0535905461846105,0.11512805391913457,0.19645745014573776,0.055089698145210246,0.0004583333333333334,1.1
9.92114701314478,1.2533323356430428,0.12558103905862675,0.19960534568565433,0.047386866247299854,0.0005000000000000001,1.2000000000000002
10.733101605107306,1.4702520347049641,0.13603058133049634,0.19960534568565433,0.03930250316539237,0.0005416666666666668,1.3
11.541510551234865,1.7043019998948024,0.14647639425526338,0.19645745014573776,0.030901699437494747,0.0005833333333333334,1.4000000000000001
12.346104257439222,1.955430813002886,0.1569181914556899,0.19021130325903074,0.022252093395631445,0.0006250000000000001,1.5
13.146613827606734,2.2235832895480305,0.16735568666463096,0.18096541049320392,0.013423326581765555,0.0006666666666666668,1.6
13.942771112897594,2.5087004878607635,0.17778859373288305,0.168865585100403,0.004486483035051477,0.0007083333333333334,1.7000000000000002
14.734308760930332,2.8107197187858697,0.18821662663702862,0.15410264855515787,-0.004486483035051486,0.0007500000000000001,1.8
15.52096026484393,3.129574556002831,0.19863949948727802,0.13690942118573776,-0.013423326581765541,0.0007916666666666668,1.9000000000000001
16.302460012230096,3.4651948469626555,0.20905692653530691,0.11755705045849466,-0.022252093395631434,0.0008333333333333334,2.0
17.07854333392808,3.817506724439495,0.21946862218209054,0.09635073482034305,-0.030901699437494736,0.0008750000000000001,2.1
17.848946552674605,4.186432618695354,0.22987430098573322,0.07362491053693555,-0.03930250316539238,0.0009166666666666668,2.2
18.61340703160136,4.571891270256135,0.24027367766929422,0.04973797743297088,-0.0473868662472999,0.0009583333333333335,2.3000000000000003
19.371663222572625,4.973797743297097,0.2506664671286085,0.02506664671286082,-0.05508969814521029,0.0010000000000000002,2.4000000000000004
20.12345471435559,5.392063439635848,0.26105238444010315,2.4492935982947065e-17,-0.06234898018587335,0.0010416666666666667,2.5
20.868522280615927,5.8265961133307576,0.27143114486860875,-0.02506664671286086,-0.06910626489868646,0.0010833333333333335,2.6
21.606607927731222,6.27729988588266,0.28180246387516533,-0.04973797743297092,-0.07530714660036109,0.0011250000000000001,2.7
22.337454942414904,6.744075262037672,0.29216605712482324,-0.07362491053693558,-0.08090169943749474,0.0011666666666666668,2.8000000000000003
23.060807939143363,7.226819146188763,0.30252164049443847,-0.09635073482034316,-0.08584487936018664,0.0012083333333333336,2.9000000000000004
23.776412907378838,7.7254248593736845,0.31286893008046174,-0.11755705045849461,-0.09009688679024191,0.0012500000000000002,3.0
24.484017258580963,8.239782156866807,0.32320764220672227,-0.13690942118573776,-0.09362348706397372,0.0012916666666666667,3.1
25.183369872999496,8.76977724636222,0.3335374934322045,-0.15410264855515787,-0.09639628606958534,0.0013333333333333335,3.2
25.874221146241204,9.315292806745516,0.34385820055881905,-0.16886558510040295,-0.09839295885986298,0.0013750000000000004,3.3000000000000003
26.556323035603597,9.876208007451432,0.35416948063916665,-0.18096541049320397,-0.09959742939952392,0.0014166666666666668,3.4000000000000004
27.229429106168386,10.452398528404592,0.36447105098429494,-0.1902113032590307,-0.1,0.0014583333333333334,3.5
27.893294576647545,11.04373658054034,0.3747626291714492,-0.19645745014573776,-0.09959742939952392,0.0015000000000000002,3.6
28.54767636497484,11.650090926902736,0.38504393305181484,-0.19960534568565433,-0.09839295885986298,0.0015416666666666669,3.7
29.192333133635852,12.271326904316595,0.3953146807582523,-0.19960534568565433,-0.09639628606958534,0.0015833333333333335,3.8000000000000003
29.827025334729388,12.90730644563037,0.40557459071302504,-0.19645745014573773,-0.09362348706397372,0.0016250000000000001,3.9000000000000004
30.451515254753364,13.557888102526674,0.41582338163551863,-0.19021130325903074,-0.09009688679024191,0.0016666666666666668,4.0
31.06556705910818,14.222927068897043,0.42606077254995317,-0.18096541049320383,-0.0858448793601866,0.0017083333333333336,4.1000000000000005
31.66894683631068,14.902275204777546,0.4362864827930851,-0.168865585100403,-0.08090169943749476,0.0017500000000000003,4.2
32.261422641911935,15.595781060841738,0.44650023202190275,-0.15410264855515793,-0.0753071466003611,0.0017916666666666669,4.3
32.8427645421118,16.30328990344734,0.4567017402213115,-0.13690942118573765,-0.06910626489868645,0.0018333333333333335,4.4
33.4127446570638,17.024643740233003,0.4668907277118108,-0.11755705045849468,-0.06234898018587337,0.001875,4.5
33.971137203863236,17.75968134626137,0.4770669151571618,-0.09635073482034291,-0.05508969814521019,0.001916666666666667,4.6000000000000005
34.5177185392122,18.508238290704618,0.487230023572045,-0.07362491053693558,-0.04738686624729988,0.0019583333333333336,4.7
35.05226720175455,19.270146964068616,0.4973797743297096,-0.0497379774329709,-0.0393025031653923,0.0020000000000000005,4.800000000000001
35.57456395407441,20.04523660595159,0.5075158891696113,-0.025066646712860758,-0.030901699437494674,0.002041666666666667,4.9
36.08439182435161,20.83333333333333,0.5176380902050415,-4.898587196589413e-17,-0.02225209339563146,0.0020833333333333333,5.0
36.581536147667606,21.63426016939078,0.5277460999307458,0.025066646712861015,-0.013423326581765477,0.002125,5.1000000000000005
37.06578460695529,22.447837072835643,0.5378396412305314,0.04973797743297098,-0.004486483035051511,0.002166666666666667,5.2
37.53692727358649,23.27388096776993,0.5479184373848649,0.07362491053693564,0.004486483035051563,0.002208333333333334,5.300000000000001
37.994756647590684,24.112205774054853,0.5579822120784586,0.09635073482034298,0.013423326581765531,0.0022500000000000003,5.4
38.4390676974986,24.962622438188735,0.5680306894078452,0.11755705045849446,0.022252093395631334,0.0022916666666666667,5.5
38.86965789980464,25.824938964689395,0.5780635938889432,0.13690942118573773,0.030901699437494726,0.0023333333333333335,5.6000000000000005
39.28632727804169,26.6989604479762,0.588080650464608,0.15410264855515787,0.03930250316539243,0.0023750000000000004,5.7
39.68887844146237,27.584489104747536,0.5980815845121734,0.16886558510040314,0.04738686624729993,0.0024166666666666672,5.800000000000001
40.077116623320585,28.48132430684838,0.6080661218509806,0.18096541049320394,0.05508969814521031,0.0024583333333333336,5.9
40.45084971874737,29.389262614623657,0.6180339887498948,0.1902113032590307,0.06234898018587334,0.0025000000000000005,6.0
40.809888322214995,30.308097810752137,0.6279849119348099,0.1964574501457378,0.06910626489868653,0.002541666666666667,6.1000000000000005
41.15404576458347,31.23762093455603,0.63791861859614,0.19960534568565433,0.07530714660036109,0.0025833333333333333,6.2
41.48313814972375,32.17762031678127,0.6478348363962988,0.19960534568565433,0.08090169943749478,0.0026250000000000006,6.300000000000001
41.79698439071145,33.127881614843226,0.6577332934771665,0.19645745014573773,0.0858448793601866,0.002666666666666667,6.4
42.09540624558592,34.08818784853287,0.6676137184675419,0.19021130325903074,0.09009688679024194,0.0027083333333333334,6.5
42.37822835266841,35.05831943617794,0.6774758404905827,0.18096541049320403,0.09362348706397372,0.0027500000000000007,6.6000000000000005
42.645278265434186,36.0380542312539,0.6873193891712323,0.16886558510040303,0.09639628606958535,0.0027916666666666667,6.7
42.89638648693287,37.027167559439306,0.6971440946436305,0.15410264855515773,0.09839295885986299,0.0028333333333333335,6.800000000000001
43.13138650375143,38.02543225610998,0.7069496875585143,0.13690942118573768,0.09959742939952392,0.0028750000000000004,6.9
43.350114819514665,39.03261870426673,0.7167358990906005,0.11755705045849468,0.1,0.002916666666666667,7.0
43.55241098791762,40.048494872890764,0.7265024609459567,0.09635073482034294,0.0995974293995239,0.0029583333333333336,7.1000000000000005
43.738117645284696,41.072826355721325,0.7362491053693558,0.0736249105369356,0.09839295885986298,0.0030000000000000005,7.2
43.90708054265037,42.10537641044975,0.7459755651516179,0.04973797743297076,0.09639628606958532,0.003041666666666667,7.300000000000001
44.05914857735621,43.145905998324196,0.7556815736369342,0.025066646712860782,0.09362348706397373,0.0030833333333333338,7.4
44.19417382415922,44.19417382415922,0.7653668647301795,7.347880794884119e-17,0.09009688679024197,0.003125,7.5
44.312011565846475,45.249936376744216,0.775031172904206,-0.025066646712860637,0.08584487936018663,0.003166666666666667,7.6000000000000005
44.4125203233511,46.312947969644895,0.7846742332071229,-0.04973797743297095,0.08090169943749471,0.0032083333333333334,7.7
44.49556188536476,47.38296078239175,0.7942957812695614,-0.07362491053693579,0.07530714660036106,0.0032500000000000003,7.800000000000001
44.56100133744184,48.45972490204918,0.8038955533119203,-0.09635073482034312,0.06910626489868642,0.003291666666666667,7.9
44.60870709059055,49.542988365159616,0.8134732861516003,-0.11755705045849457,0.06234898018587337,0.0033333333333333335,8.0
44.6385509093465,50.632497200055994,0.8230287172102175,-0.13690942118573757,0.05508969814521036,0.0033749999999999995,8.1
44.65040793932388,51.7279954695367,0.8325615845208024,-0.1541026485551581,0.04738686624729982,0.0034166666666666672,8.200000000000001
44.64415673423992,52.82922531389608,0.842071626734982,-0.16886558510040314,0.03930250316539231,0.0034583333333333337,8.3
44.61967928240828,53.93592699430525,0.8515585831301453,-0.18096541049320394,0.030901699437494774,0.0035000000000000005,8.4
44.57686103269682,55.04783893653543,0.8610221936165903,-0.19021130325903068,0.022252093395631386,0.003541666666666667,8.5
44.51559091994557,56.164697775018524,0.870462198744655,-0.1964574501457377,0.013423326581765578,0.0035833333333333338,8.6
44.435761389840806,57.28623839723757,0.8798783397118303,-0.19960534568565433,0.004486483035051434,0.0036250000000000006,8.700000000000001
44.33726842324083,58.412193988441054,0.889270358369855,-0.1996053456856543,-0.0044864830350515505,0.003666666666666667,8.8
44.22001155994983,59.54229607667433,0.8986379972317933,-0.19645745014573773,-0.013423326581765605,0.003708333333333334,8.9
44.083893921935484,60.67627457812106,0.9079809994790935,-0.19021130325903077,-0.02225209339563141,0.00375,9.0
43.92882223598649,61.8138578427487,0.9172991089686298,-0.18096541049320403,-0.030901699437494712,0.003791666666666667,9.1
43.754706855806425,62.95477270025066,0.9265920702397236,-0.16886558510040284,-0.039302503165392494,0.003833333333333334,9.200000000000001
43.56146178354012,64.09874450627854,0.9358596285211468,-0.15410264855515773,-0.04738686624729984,0.003875,9.3
43.34900469072863,65.2454971889578,0.9451015297381079,-0.1369094211857377,-0.055089698145210225,0.003916666666666667,9.4
43.11725693868965,66.3947532956794,0.9543175205192168,-0.1175570504584947,-0.06234898018587333,0.003958333333333334,9.5
42.86614359831973,67.54623404016122,0.9635073482034306,-0.09635073482034295,-0.06910626489868657,0.004000000000000001,9.600000000000001
42.59559346931477,68.69965934977151,0.972670760846981,-0.07362491053693562,-0.07530714660036109,0.004041666666666667,9.700000000000001
42.30553909880564,69.85474791310807,0.9818075072302818,-0.04973797743297078,-0.08090169943749483,0.004083333333333334,9.8
41.99591679940563,71.01121722782536,0.9909173368648152,-0.025066646712860803,-0.0858448793601866,0.004125,9.9
41.66666666666667,72.16878364870321,0.9999999999999999,-9.797174393178826e-17,-0.0900968867902419,0.004166666666666667,10.0
41.31773259594102,73.32716243594929,1.0090552476300385,0.025066646712861313,-0.09362348706397378,0.004208333333333334,10.100000000000001
40.949062298645785,74.48606780372842,1.0180828315007426,0.04973797743297128,-0.09639628606958538,0.00425,10.200000000000001
40.56060731792713,75.64521296891185,1.0270825041163403,0.07362491053693576,-0.09839295885986299,0.004291666666666668,10.3
40.15232304372136,76.80431020003861,1.0360540187462604,0.09635073482034309,-0.0995974293995239,0.004333333333333334,10.4
39.72416872721035,77.96307086648218,1.0449971294318976,0.11755705045849454,-0.1,0.0043749999999999995,10.5
39.27610749466858,79.12120548781482,1.0539115909933552,0.13690942118573782,-0.0995974293995239,0.004416666666666668,10.600000000000001
38.808106360699206,80.27842378336226,1.062797159036166,0.15410264855515807,-0.09839295885986295,0.004458333333333334,10.700000000000001
38.32013624085655,81.43443472194177,1.0716535899579933,0.16886558510040295,-0.09639628606958534,0.0045000000000000005,10.8
37.8121719636531,82.58894657177538,1.08048064095531,0.18096541049320392,-0.09362348706397373,0.004541666666666667,10.9
37.284192281948364,83.74166695057174,1.089278070030054,0.19021130325903057,-0.09009688679024201,0.004583333333333333,11.0
36.736179883717206,84.89230287576827,1.0980456359962636,0.19645745014573784,-0.08584487936018655,0.004625000000000001,11.100000000000001
36.16812140219628,86.04056081492672,1.1067830984866882,0.19960534568565433,-0.08090169943749477,0.004666666666666667,11.200000000000001
35.58000742540565,87.18614673627451,1.1154902179593804,0.19960534568565433,-0.07530714660036113,0.004708333333333334,11.3
34.97183250504442,88.32876615938387,1.1241667557042612,0.19645745014573773,-0.06910626489868636,0.004750000000000001,11.4
34.343595164757936,89.46812420598184,1.1328124738496657,0.19021130325903077,-0.062348980185873384,0.004791666666666667,11.5
33.69529790777547,90.60392565088287,1.1414271353688634,0.18096541049320372,-0.05508969814521014,0.0048333333333333344,11.600000000000001
33.02694722391592,91.73587497303699,1.1500105040865571,0.16886558510040306,-0.0473868662472999,0.004875000000000001,11.700000000000001
32.338553595960676,92.86367640668566,1.1585623446853577,0.15410264855515776,-0.039302503165392244,0.004916666666666667,11.8
31.630131505391947,93.98703399261726,1.167082422712235,0.13690942118573798,-0.030901699437494785,0.004958333333333334,11.9
30.901699437494745,95.10565162951535,1.1755705045849463,0.11755705045849472,-0.022252093395631483,0.005000000000000001,12.0
30.153279885822055,96.21923312539127,1.184026357598439,0.09635073482034298,-0.013423326581765592,0.005041666666666667,12.100000000000001
29.384899356021283,97.3274822490935,1.1924497499312317,0.0736249105369353,-0.004486483035051358,0.005083333333333334,12.200000000000001
28.596588369021006,98.43010278188667,1.2008404506517683,0.0497379774329708,0.004486483035051627,0.005125000000000001,12.3
27.788381463577455,99.52679856909134,1.2091982297247497,0.02506664671286083,0.013423326581765505,0.005166666666666667,12.4
26.960317198179244,100.61727357177796,1.2175228580174413,1.2246467991473532e-16,0.0222520933956314,0.005208333333333334,12.5
26.11243815230975,101.70123191850628,1.225814107305953,-0.025066646712860942,0.030901699437494868,0.005250000000000001,12.600000000000001
25.24479092706647,102.77837795710316,1.2340717502814973,-0.04973797743297125,0.03930250316539249,0.005291666666666668,12.700000000000001
24.357426145136607,103.84841630647044,1.2422955605566206,-0.07362491053693575,0.047386866247299826,0.005333333333333334,12.8
23.45039845012834,104.91105190841533,1.2504853126714104,-0.09635073482034306,0.05508969814521021,0.0053750000000000004,12.9
22.523766505257253,105.96599007949563,1.258640782099675,-0.11755705045849452,0.06234898018587346,0.005416666666666667,13.0
21.577592991387927,107.0129365628713,1.2667617452551003,-0.13690942118573807,0.06910626489868657,0.005458333333333334,13.100000000000001
20.6119446044297,108.05159758015577,1.2748479794973793,-0.1541026485551576,0.07530714660036107,0.005500000000000001,13.200000000000001
19.62689205208716,109.08167988325765,1.2828992631383156,-0.16886558510040311,0.08090169943749471,0.005541666666666667,13.3
18.62251004996476,110.10289080620637,1.2909153754479012,-0.18096541049320392,0.08584487936018668,0.005583333333333333,13.4
17.59887731702598,111.114938316953,1.2988960966603673,-0.19021130325903068,0.0900968867902419,0.005625000000000001,13.5
16.556076570406656,112.11753106913869,1.306841207980211,-0.19645745014573782,0.09362348706397378,0.005666666666666667,13.600000000000001
15.494194519583063,113.11037845382316,1.3147504915881916,-0.19960534568565436,0.09639628606958532,0.005708333333333334,13.700000000000001
14.413321859894989,114.09319065116496,1.3226237306473037,-0.19960534568565433,0.09839295885986299,0.005750000000000001,13.8
13.313553265423716,115.06567868204591,1.3304607093087215,-0.19645745014573776,0.0995974293995239,0.005791666666666667,13.9
12.194987381226237,116.02755445963189,1.3382612127177165,-0.19021130325903077,0.1,0.005833333333333334,14.0
11.057726814925429,116.97853084086191,1.3460250270195466,-0.18096541049320403,0.09959742939952392,0.005875000000000001,14.100000000000001
9.901878127657328,117.91832167785803,1.3537519393653215,-0.16886558510040287,0.09839295885986295,0.005916666666666667,14.200000000000001
8.727551824376103,118.84664186924793,1.3614417379178356,-0.15410264855515776,0.0963962860695853,0.005958333333333334,14.3
7.534862343517598,119.7632074113926,1.3690942118573772,-0.13690942118573773,0.09362348706397375,0.006000000000000001,14.4
6.323928046022396,120.667735449511,1.376709151387508,-0.11755705045849474,0.09009688679024194,0.006041666666666667,14.5
5.094871203719276,121.55994432869444,1.3842863477408136,-0.09635073482034269,0.08584487936018655,0.006083333333333334,14.600000000000001
3.8478179870707017,122.43955364480213,1.3918255931846286,-0.07362491053693533,0.08090169943749467,0.006125000000000001,14.700000000000001
2.5828984522807032,123.30628429523095,1.3993266810267306,-0.04973797743297082,0.07530714660036114,0.0061666666666666675,14.8
1.3002465277671678,124.1598585295511,1.4067894056210077,-0.02506664671286085,0.06910626489868651,0.006208333333333334,14.9
7.654042494670958e-15,125.0,1.414213562373095,-1.4695761589768238e-16,0.06234898018587354,0.00625,15.0
-1.3176995012942847,125.82643381182697,1.4215989477459852,0.025066646712861268,0.05508969814521014,0.006291666666666668,15.100000000000001
-2.652706518558544,126.63888657348043,1.4289453592656067,0.04973797743297054,0.047386866247299916,0.006333333333333334,15.200000000000001
-4.004871782461356,127.43708644663077,1.4362525955263776,0.07362491053693572,0.03930250316539241,0.0063750000000000005,15.3
-5.374042228580589,128.22076319602013,1.4435204561967243,0.09635073482034305,0.030901699437494625,0.006416666666666667,15.4
-6.760061014713581,128.98964823913246,1.450748742024575,0.1175570504584945,0.022252093395631493,0.006458333333333334,15.5
-8.162767538810742,129.7434746956753,1.457937254842823,0.13690942118573804,0.013423326581765427,0.006500000000000001,15.600000000000001
-9.58199745753179,130.4819774368666,1.4650857975747575,0.15410264855515804,0.004486483035051547,0.006541666666666667,15.700000000000001
-11.017582705421548,131.2048931345181,1.4721941742394686,0.1688655851004031,-0.004486483035051615,0.006583333333333334,15.8
-12.469351514703156,131.9119603099081,1.4792621899572191,0.18096541049320392,-0.013423326581765494,0.006625000000000001,15.9
-13.937128435687113,132.60291938243645,1.4862896509547883,0.19021130325903068,-0.02225209339563139,0.006666666666666667,16.0
-15.420734357792952,133.2775127180532,1.4932763645707827,0.19645745014573768,-0.03090169943749469,0.006708333333333334,16.1
-16.919986531181028,133.9354846774545,1.500222139260919,0.1996053456856543,-0.03930250316539215,0.006749999999999999,16.2
-18.434698588993,134.57658166403777,1.5071267846032759,0.19960534568565433,-0.04738686624729998,0.006791666666666667,16.3
-19.964680570196276,135.20055217160842,1.513990111303513,0.19645745014573762,-0.05508969814521036,0.0068333333333333345,16.400000000000002
-21.509738943031767,135.80714683183143,1.5208119312000619,0.1902113032590308,-0.06234898018587331,0.006875000000000001,16.5
-23.069676629060808,136.39611846141986,1.5275920572692843,0.18096541049320375,-0.06910626489868656,0.006916666666666667,16.6
-24.64429302780867,136.96722210905284,1.534330303630599,0.16886558510040328,-0.07530714660036106,0.006958333333333334,16.7
-26.233384042001475,137.5202151020164,1.5410264855515785,0.15410264855515776,-0.08090169943749471,0.007000000000000001,16.8
-27.8367421033936,138.05485709255916,1.5476804194530125,0.13690942118573723,-0.08584487936018668,0.007041666666666667,16.900000000000002
-29.454156199182542,138.5709101039558,1.5542919229139418,0.11755705045849477,-0.09009688679024197,0.007083333333333334,17.0
-31.085411899007322,139.06813857627154,1.5608608146766594,0.0963507348203427,-0.09362348706397378,0.007125000000000001,17.1
-32.73029138252733,139.54630941181966,1.5673869146516797,0.07362491053693603,-0.09639628606958532,0.0071666666666666675,17.2
-34.388573467578716,140.00519202030586,1.5738700439226747,0.04973797743297085,-0.09839295885986296,0.007208333333333334,17.3
-36.06003363890396,140.44455836365154,1.5803100247513808,0.02506664671286088,-0.09959742939952393,0.007250000000000001,17.400000000000002
-37.74444407745096,140.86418300048913,1.5867066805824703,1.7145055188062946e-16,-0.1,0.007291666666666668,17.5
-39.441573690238954,141.2638431303232,1.5930598360483925,-0.02506664671286124,-0.0995974293995239,0.007333333333333334,17.6
-41.1511881407863,141.6433186373491,1.599369316974181,-0.049737977432970516,-0.09839295885986302,0.007375,17.7
-42.873049880096644,142.0023921339233,1.6056349503822291,-0.07362491053693569,-0.09639628606958531,0.007416666666666668,17.8
-44.60691817819965,142.340849003678,1.6118565644970317,-0.09635073482034302,-0.09362348706397375,0.007458333333333335,17.900000000000002
-46.3525491562421,142.65847744427305,1.618033988749895,-0.1175570504584945,-0.09009688679024194,0.0075,18.0
-48.10969581912558,142.95506850977918,1.6241670537836124,-0.1369094211857375,-0.08584487936018664,0.007541666666666668,18.1
-49.878108088685124,143.23041615268465,1.6302555914571082,-0.15410264855515754,-0.08090169943749478,0.007583333333333334,18.2
-51.65753283740693,143.4843172655194,1.636299434850047,-0.1688655851004031,-0.07530714660036114,0.007625,18.3
-53.44771392267837,143.71657172209004,1.6422984182674083,-0.1809654104932042,-0.06910626489868625,0.007666666666666668,18.400000000000002
-55.24839222156713,143.92698241831863,1.6482523772440314,-0.19021130325903068,-0.062348980185873405,0.007708333333333334,18.5
-57.059305666125084,144.115355312679,1.6541611485491237,-0.19645745014573782,-0.05508969814521031,0.00775,18.6
-58.880189279211095,144.28149946622418,1.6600245701907348,-0.1996053456856543,-0.04738686624729993,0.007791666666666666,18.7
-60.710775210829475,144.42522708219843,1.6658424814201989,-0.19960534568565433,-0.039302503165392425,0.007833333333333335,18.8
-62.55079277497799,144.54635354522705,1.6716147227365408,-0.19645745014573762,-0.03090169943749447,0.007875000000000002,18.900000000000002
-64.39996848700167,144.64469746007848,1.6773411358908479,-0.1902113032590308,-0.022252093395631507,0.007916666666666667,19.0
-66.25802610144717,144.7200806899918,1.6830215638906125,-0.18096541049320375,-0.013423326581765614,0.007958333333333335,19.1
-68.12468665041165,144.77232839456315,1.6886558510040302,-0.1688655851004029,-0.0044864830350512044,0.008000000000000002,19.200000000000003
-69.99966848238265,144.8012690671861,1.6942438427642743,-0.1541026485551578,0.004486483035051426,0.008041666666666667,19.3
-71.88268730156331,144.8067345720384,1.699785385973728,-0.13690942118573776,0.01342332658176548,0.008083333333333335,19.400000000000002
-73.77345620767635,144.78856018060978,1.7052803287081844,-0.1175570504584948,0.022252093395631375,0.008125,19.5
-75.67168573624413,144.7465846077651,1.7107285203210134,-0.09635073482034273,0.030901699437495017,0.008166666666666668,19.6
-77.57708389933637,144.68065004733626,1.7161298114472894,-0.07362491053693537,0.03930250316539263,0.008208333333333335,19.700000000000003
-79.48935622678304,144.59060220723748,1.7214840540078873,-0.04973797743297087,0.04738686624729981,0.00825,19.8
-81.40820580784427,144.4762903440981,1.7267911012135433,-0.025066646712860904,0.0550896981452102,0.008291666666666668,19.900000000000002
-83.33333333333329,144.33756729740645,1.7320508075688772,-1.9594348786357652e-16,0.062348980185873294,0.008333333333333333,20.0
-85.26443713818719,144.17428952316055,1.7372630288763826,0.025066646712860515,0.06910626489868642,0.008375,20.1
-87.20121324447697,143.98631712701862,1.742427622240379,0.04973797743297187,0.0753071466003613,0.008416666666666668,20.200000000000003
-89.14335540485462,143.77351389694445,1.7475444460709304,0.07362491053693568,0.0809016994374947,0.008458333333333333,20.3
-91.09055514642947,143.53574733534253,1.7526133600877274,0.09635073482034363,0.08584487936018675,0.0085,20.400000000000002
-93.04250181506713,143.2728886906766,1.7576342253239305,0.1175570504584939,0.09009688679024189,0.008541666666666668,20.5
-94.99888262010745,142.98481298856706,1.7626069041299846,0.13690942118573798,0.09362348706397383,0.008583333333333335,20.6
-96.95938267949256,142.67139906236193,1.7675312601773872,0.15410264855515846,0.0963962860695854,0.008625,20.700000000000003
-98.92368506530148,142.3325295831754,1.7724071584624295,0.16886558510040306,0.09839295885986296,0.008666666666666668,20.8
-100.89147084968326,141.96809108938987,1.7772344653098977,0.1809654104932039,0.0995974293995239,0.008708333333333335,20.900000000000002
-102.86241915118278,141.5779740156158,1.7820130483767356,0.19021130325903068,0.1,0.008749999999999999,21.0
-104.83620718145414,141.1620727211043,1.7867427766556752,0.19645745014573782,0.09959742939952392,0.008791666666666668,21.1
-106.81251029235295,140.72028551760798,1.7914235204788258,0.19960534568565436,0.09839295885986292,0.008833333333333335,21.200000000000003
-108.79100202340337,140.25251469668504,1.7960551515212313,0.19960534568565427,0.09639628606958527,0.008875000000000001,21.3
-110.771354149632,139.75866655644145,1.8006375428043873,0.19645745014573762,0.09362348706397362,0.008916666666666668,21.400000000000002
-112.7532367297625,139.2386514277073,1.805170568699721,0.1902113032590308,0.09009688679024196,0.008958333333333334,21.5
-114.73631815476418,138.69238369964208,1.8096541049320392,0.18096541049320405,0.08584487936018666,0.009000000000000001,21.6
-116.72026519674776,138.11978184476445,1.81408802858293,0.16886558510040253,0.08090169943749459,0.009041666666666668,21.700000000000003
-118.7047430582025,137.5207684434024,1.818472218094137,0.15410264855515782,0.07530714660036114,0.009083333333333334,21.8
-120.68941542156652,136.89527020755887,1.8228065532708906,0.1369094211857378,0.06910626489868653,0.009125000000000001,21.900000000000002
-122.67394449912393,136.24321800418898,1.8270909152852017,0.11755705045849539,0.0623489801858737,0.009166666666666667,22.0
-124.65799108322334,135.56454687788442,1.8313251866791223,0.09635073482034275,0.055089698145210024,0.009208333333333334,22.1
-126.64121459680743,134.85919607296114,1.8355092513679623,0.07362491053693475,0.047386866247299625,0.009250000000000001,22.200000000000003
-128.62327314425065,134.1271090549456,1.8396429946434751,0.049737977432971585,0.03930250316539244,0.009291666666666669,22.3
-130.60382356249488,133.3682335314566,1.843726303177001,0.025066646712860925,0.03090169943749482,0.009333333333333334,22.400000000000002
-132.58252147247765,132.58252147247768,1.8477590650225735,2.2043642384652358e-16,0.022252093395631518,0.009375000000000001,22.5
-134.55902133084467,131.76992913001715,1.8517411696199895,-0.0250666467128612,0.013423326581765628,0.009416666666666669,22.6
-136.53297648194018,130.93041705715197,1.85567250779784,-0.049737977432971155,0.004486483035051572,0.009458333333333334,22.700000000000003
-138.50403921006816,130.0639501264509,1.859552971776503,-0.07362491053693565,-0.004486483035051768,0.009500000000000001,22.8
-140.47186079201597,129.17049754777443,1.863382455171098,-0.09635073482034362,-0.013423326581765822,0.009541666666666669,22.900000000000002
-142.43609154983392,128.2500328854478,1.8671608529944035,-0.11755705045849446,-0.02225209339563136,0.009583333333333334,23.0
-144.39638090386345,127.30253407480298,1.8708880616597345,-0.13690942118573746,-0.03090169943749467,0.009625000000000002,23.1
-146.3523774260063,126.32798343808705,1.8745639789837831,-0.15410264855515843,-0.03930250316539262,0.009666666666666669,23.200000000000003
-148.30372889322635,125.32636769973374,1.8781885041894182,-0.16886558510040306,-0.0473868662472998,0.009708333333333334,23.3
-150.25008234127887,124.29767800099452,1.881761537908451,-0.1809654104932039,-0.05508969814521019,0.009750000000000002,23.400000000000002
-152.19108411865682,123.24190991392649,1.8852829821843569,-0.19021130325903088,-0.062348980185873294,0.009791666666666667,23.5
-154.12637994074854,122.15906345473432,1.8887527404749622,-0.19645745014573782,-0.06910626489868667,0.009833333333333335,23.6
-156.05561494419894,121.04914309646279,1.8921707176550906,-0.19960534568565436,-0.07530714660036128,0.009875000000000002,23.700000000000003
-157.97843374146558,119.9121577810377,1.8955368200191713,-0.19960534568565436,-0.0809016994374947,0.009916666666666667,23.8
-159.89448047556365,118.74812093065181,1.8988509552838078,-0.19645745014573762,-0.08584487936018675,0.009958333333333335,23.900000000000002
-161.80339887498945,117.55705045849464,1.902113032590307,-0.1902113032590308,-0.09009688679024189,0.010000000000000002,24.0
-163.704832308818,116.33896877882131,1.9053229625071726,-0.18096541049320408,-0.09362348706397369,0.010041666666666667,24.1
-165.59842384196372,115.09390281636034,1.9084806570325537,-0.16886558510040292,-0.09639628606958531,0.010083333333333335,24.200000000000003
-167.48381629059878,113.82188401505643,1.9115860295966602,-0.15410264855515785,-0.09839295885986296,0.010125000000000002,24.3
-169.36065227772022,112.52294834614663,1.9146389950641345,-0.1369094211857373,-0.09959742939952393,0.010166666666666668,24.400000000000002
-171.22857428885737,111.19713631556807,1.917639469736386,-0.1175570504584954,-0.1,0.010208333333333333,24.5
-173.0872247279131,109.84449297069433,1.9205873713538864,-0.09635073482034277,-0.09959742939952387,0.010250000000000002,24.6
-174.93624597312956,108.46506790639944,1.9234826190984227,-0.07362491053693476,-0.09839295885986293,0.01029166666666667,24.700000000000003
-176.77528043317136,107.0589152704469,1.9263251335953164,-0.049737977432970926,-0.09639628606958536,0.010333333333333333,24.8
-178.60397060331834,105.62609376820201,1.9291148369155962,-0.025066646712860952,-0.09362348706397376,0.010375000000000002,24.900000000000002
-180.42195912175808,104.16666666666666,1.9318516525781366,-2.4492935982947064e-16,-0.09009688679024196,0.010416666666666668,25.0
-182.22888882597294,102.68070179783365,1.9345355055517537,0.02506664671286117,-0.08584487936018666,0.010458333333333333,25.1
-184.02440280921138,101.16827156136021,1.9371663222572622,0.049737977432971134,-0.08090169943749459,0.010500000000000002,25.200000000000003
-185.80814447703585,99.62945292655891,1.9397440305694937,0.07362491053693629,-0.07530714660036092,0.010541666666666668,25.3
-187.57975760394046,98.06432743370405,1.9422685598192722,0.09635073482034359,-0.06910626489868628,0.010583333333333335,25.400000000000002
-189.33888639002816,96.47298119465371,1.9447398407953531,0.11755705045849385,-0.062348980185873426,0.010625,25.5
-191.08517551774142,94.85550489278451,1.9471578057463204,0.13690942118573798,-0.055089698145210336,0.010666666666666668,25.6
-192.81827020863648,93.21199378224009,1.9495223883824435,0.15410264855515887,-0.04738686624729963,0.010708333333333335,25.700000000000003
-194.53781628019416,91.54254768649066,1.9518335238774949,0.16886558510040306,-0.039302503165392445,0.010750000000000001,25.8
-196.24346020265898,89.84727099620326,1.9540911488705273,0.18096541049320386,-0.03090169943749483,0.010791666666666668,25.900000000000002
-197.9348491558969,88.12627266642335,1.9562952014676114,0.19021130325903066,-0.022252093395631185,0.010833333333333334,26.0
-199.6116310862659,86.37966621306478,1.9584456212435315,0.19645745014573793,-0.013423326581765286,0.010875000000000001,26.1
-201.27345476348933,84.60756970870911,1.9605423492434437,0.19960534568565438,-0.00448648303505123,0.010916666666666668,26.200000000000003
-202.91996983752387,82.81010577771404,1.9625853279844903,0.19960534568565436,0.004486483035051401,0.010958333333333334,26.3
-204.55082689541536,80.98740159062912,1.9645745014573772,0.1964574501457379,0.013423326581765458,0.011000000000000003,26.400000000000002
-206.16567751813201,79.13958885792056,1.9665098151279092,0.19021130325903057,0.02225209339563135,0.011041666666666667,26.5
-207.7641743373693,77.2668038230024,1.9683912159384838,0.1809654104932038,0.030901699437494656,0.011083333333333334,26.6
-209.34597109231518,75.36918725457733,1.970218652309548,0.16886558510040295,0.03930250316539228,0.011125000000000003,26.700000000000003
-210.91072268637075,73.44688443828362,1.97199207414101,0.15410264855515785,0.0473868662473001,0.011166666666666667,26.8
-212.4580852438155,71.50004516765067,1.9737114328136145,0.13690942118573782,0.055089698145210475,0.011208333333333334,26.900000000000002
-213.98771616640954,69.52882373436319,1.9753766811902755,0.11755705045849485,0.06234898018587329,0.011250000000000001,27.0
-215.4992741899259,67.53337891783289,1.976987773617367,0.09635073482034341,0.0691062648986864,0.011291666666666669,27.1
-216.99241944060194,65.51387397408025,1.9785446659259767,0.07362491053693479,0.07530714660036127,0.011333333333333334,27.200000000000003
-218.46681349150455,63.470476623924625,1.980047315433115,0.04973797743297163,0.0809016994374947,0.011375000000000001,27.3
-219.92211941879867,61.40335904048559,1.9814956809428872,0.02506664671286027,0.08584487936018657,0.011416666666666669,27.400000000000002
-221.35800185791146,59.3126978359944,1.9828897227476208,-4.411204399476825e-16,0.09009688679024187,0.011458333333333334,27.5
-222.77412705958514,57.19867404791661,1.9842294026289558,-0.025066646712861147,0.09362348706397382,0.011500000000000002,27.6
-224.1701629458077,55.06147312438905,1.985514683858891,-0.04973797743297111,0.0963962860695854,0.011541666666666669,27.700000000000003
-225.54577916561547,52.90128490896858,1.986745531200793,-0.07362491053693561,0.09839295885986295,0.011583333333333334,27.8
-226.90064715075877,50.71830362469609,1.9879219109103594,-0.09635073482034419,0.09959742939952393,0.011625000000000002,27.900000000000002
-228.23444017122134,48.512727857477174,1.9890437907365466,-0.1175570504584944,0.1,0.011666666666666667,28.0
-229.54683339058656,46.28476053877865,1.9901111399224525,-0.13690942118573743,0.09959742939952392,0.011708333333333334,28.1
-230.83750392124188,44.03460892764528,1.99112392920616,-0.1541026485551575,0.09839295885986299,0.011750000000000002,28.200000000000003
-232.1061308794129,41.762484592035094,1.992082130821539,-0.1688655851004034,0.09639628606958536,0.011791666666666667,28.3
-233.35239544001954,39.468603389477515,1.9929857184990087,-0.18096541049320417,0.09362348706397364,0.011833333333333335,28.400000000000002
-234.57598089134518,37.15318544705486,1.993834667466256,-0.19021130325903043,0.09009688679024197,0.011875,28.5
-235.77657268951222,34.81645514070807,1.9946289544489162,-0.1964574501457378,0.08584487936018648,0.011916666666666667,28.6
-236.95385851275364,32.45864107387105,1.9953685576712106,-0.19960534568565433,0.08090169943749459,0.011958333333333335,28.700000000000003
-238.10752831547472,30.079976055432986,1.9960534568565431,-0.19960534568565433,0.07530714660036117,0.012000000000000002,28.8
-239.23727438209548,27.680697077032058,1.9966836332280566,-0.1964574501457378,0.06910626489868654,0.012041666666666668,28.900000000000002
-240.34279138066603,25.261045289682986,1.9972590695091477,-0.1902113032590308,0.06234898018587344,0.012083333333333335,29.0
-241.42377641624694,22.82126597973973,1.99777974992394,-0.1809654104932041,0.05508969814521034,0.012125000000000002,29.1
-242.47992908404606,20.36160854419672,1.9982456601977168,-0.1688655851004026,0.047386866247299646,0.012166666666666668,29.200000000000003
-243.51095152230516,17.88232646533007,1.9986567875573125,-0.15410264855515743,0.03930250316539213,0.012208333333333335,29.3
-244.51654846492656,15.38367728468172,1.9990131207314632,-0.13690942118573732,0.030901699437494504,0.012250000000000002,29.400000000000002
-245.4964272938327,12.86592257639046,1.9993146499511145,-0.11755705045849543,0.022252093395631542,0.012291666666666666,29.5
-246.45029809105176,10.329327919869288,1.999561366949691,-0.09635073482034281,0.013423326581765649,0.012333333333333335,29.6
-247.3778736905186,7.774162871836739,1.9997532649633212,-0.07362491053693414,0.004486483035051242,0.012375000000000002,29.700000000000003
-248.27886972958663,5.200700937700239,1.9998903387310243,-0.04973797743297097,-0.004486483035051388,0.012416666666666668,29.8
-249.15300470024013,2.609219542297889,1.9999725844948535,-0.025066646712860997,-0.013423326581765444,0.012458333333333335,29.900000000000002
-250.0,3.061616997868383e-14,2.0,-2.9391523179536476e-16,-0.022252093395630994,0.0125,30.0
-250.81957998251596,-2.626672515825015,1.9999725844948535,0.025066646712861823,-0.03090169943749498,0.012541666666666668,30.1
-251.61147200783617,-5.270509003978257,1.9998903387310243,0.04973797743297177,-0.0393025031653926,0.012583333333333335,30.200000000000003
-252.37540649234722,-7.931216667227319,1.9997532649633212,0.07362491053693491,-0.04738686624729978,0.012625,30.3
-253.11111695837747,-10.608498944730558,1.999561366949691,0.0963507348203423,-0.05508969814521017,0.012666666666666668,30.400000000000002
-253.81834008345416,-13.302055545081489,1.9993146499511145,0.11755705045849496,-0.06234898018587327,0.012708333333333334,30.5
-254.49681574920925,-16.011582479974905,1.9990131207314632,0.13690942118573793,-0.06910626489868639,0.012750000000000001,30.6
-255.1462870899239,-18.736772098485826,1.9986567875573125,0.15410264855515793,-0.07530714660036103,0.012791666666666668,30.700000000000003
-255.7665005407061,-21.477313121960858,1.9982456601977168,0.16886558510040303,-0.0809016994374949,0.012833333333333334,30.8
-256.3572058852931,-24.232890679517382,1.99777974992394,0.18096541049320386,-0.08584487936018675,0.012875000000000001,30.900000000000002
-256.91815630347065,-27.003186344143824,1.9972590695091477,0.19021130325903063,-0.09009688679024187,0.012916666666666668,31.0
-257.4491084181027,-29.78787816940121,1.9966836332280566,0.19645745014573768,-0.09362348706397369,0.012958333333333334,31.1
-257.9498223417643,-32.58664072671912,1.9960534568565431,0.19960534568565436,-0.09639628606958539,0.013000000000000001,31.200000000000003
-258.4200617229682,-35.399145143281146,1.9953685576712106,0.19960534568565436,-0.09839295885986295,0.013041666666666668,31.3
-258.859593791982,-38.22505914049761,1.9946289544489162,0.19645745014573765,-0.0995974293995239,0.013083333333333334,31.400000000000002
-259.26818940622366,-41.064047073060564,1.993834667466256,0.1902113032590306,-0.1,0.013125000000000001,31.5
-259.64562309523296,-43.91576996857363,1.9929857184990087,0.1809654104932038,-0.09959742939952389,0.013166666666666669,31.6
-259.9916731052081,-46.779885567756686,1.992082130821539,0.16886558510040295,-0.09839295885986293,0.013208333333333336,31.700000000000003
-260.3061214431025,-49.65604836521706,1.99112392920616,0.15410264855515787,-0.09639628606958536,0.013250000000000001,31.8
-260.5887539202744,-52.54390965078448,1.9901111399224525,0.13690942118573682,-0.09362348706397364,0.013291666666666669,31.900000000000002
-260.83936019568154,-55.44311755140242,1.9890437907365468,0.11755705045849488,-0.09009688679024197,0.013333333333333334,32.0
-261.05773381861496,-58.35331707357512,1.9879219109103594,0.09635073482034345,-0.08584487936018667,0.013375000000000001,32.1
-261.2436722709647,-61.274150146359354,1.986745531200793,0.07362491053693615,-0.08090169943749481,0.013416666666666669,32.2
-261.3969770090104,-64.20525566490149,1.985514683858891,0.0497379774329703,-0.0753071466003607,0.013458333333333336,32.300000000000004
-261.5174535047304,-67.14626953451061,1.9842294026289558,0.02506664671286173,-0.0691062648986868,0.013499999999999998,32.4
-261.60491128662267,-70.09682471526592,1.982889722747621,1.028950903538412e-15,-0.062348980185873454,0.013541666666666667,32.5
-261.6591639800305,-73.05655126714714,1.9814956809428872,-0.025066646712861098,-0.05508969814521006,0.013583333333333334,32.6
-261.680029346967,-76.02507639568998,1.980047315433115,-0.049737977432971064,-0.04738686624729965,0.013625000000000002,32.7
-261.6673293254317,-79.00202449815565,1.9785446659259767,-0.07362491053693689,-0.03930250316539214,0.013666666666666669,32.800000000000004
-261.6208900682126,-81.98701721021044,1.976987773617367,-0.0963507348203429,-0.03090169943749485,0.013708333333333335,32.9
-261.5405419811672,-84.97967345311062,1.9753766811902755,-0.11755705045849436,-0.022252093395631556,0.013750000000000002,33.0
-261.4261197609774,-87.9796094813842,1.9737114328136145,-0.1369094211857374,-0.013423326581765663,0.013791666666666667,33.1
-261.2774624323698,-90.98643893100801,1.97199207414101,-0.15410264855515837,-0.004486483035051254,0.013833333333333335,33.2
-261.0944133847976,-93.99977286806839,1.9702186523095477,-0.1688655851004034,0.004486483035051731,0.013875000000000002,33.300000000000004
-260.87682040857646,-97.0192198379052,1.968391215938484,-0.18096541049320353,0.013423326581765434,0.013916666666666667,33.4
-260.62453573046884,-100.04438591472972,1.9665098151279092,-0.1902113032590304,0.022252093395631327,0.013958333333333335,33.5
-260.33741604871034,-103.07487475170993,1.9645745014573774,-0.1964574501457378,0.03090169943749463,0.014000000000000002,33.6
-260.0153225674735,-106.1102876315197,1.9625853279844903,-0.1996053456856544,0.03930250316539258,0.01404166666666667,33.7
-259.658121030761,-109.15022351734234,1.9605423492434435,-0.19960534568565425,0.047386866247300076,0.014083333333333335,33.800000000000004
-259.26568175572476,-112.19427910432535,1.9584456212435317,-0.19645745014573804,0.05508969814520986,0.014124999999999999,33.9
-258.83787966540365,-115.24204887147661,1.9562952014676114,-0.19021130325903082,0.06234898018587354,0.014166666666666668,34.0
-258.37459432087536,-118.2931251339973,1.9540911488705273,-0.1809654104932035,0.06910626489868664,0.014208333333333335,34.1
-257.8757099528156,-121.34709809604573,1.9518335238774949,-0.16886558510040262,0.07530714660036125,0.014250000000000002,34.2
-257.3411154924603,-124.40355590392369,1.9495223883824435,-0.15410264855515743,0.08090169943749488,0.01429166666666667,34.300000000000004
-256.770704601965,-127.46208469967924,1.9471578057463206,-0.1369094211857384,0.08584487936018655,0.014333333333333335,34.4
-256.1643757041558,-130.52226867511953,1.9447398407953533,-0.11755705045849432,0.09009688679024186,0.014374999999999999,34.5
-255.52203201166694,-133.58369012622668,1.9422685598192722,-0.09635073482034286,0.09362348706397368,0.014416666666666668,34.6
-254.84358155546028,-136.6459295079681,1.9397440305694935,-0.07362491053693553,0.09639628606958531,0.014458333333333335,34.7
-254.1289372127205,-139.7085654894975,1.9371663222572622,-0.049737977432971016,0.09839295885986302,0.014500000000000002,34.800000000000004
-253.37801673412176,-142.77117500973677,1.9345355055517537,-0.025066646712861046,0.0995974293995239,0.014541666666666668,34.9
-252.59074277046128,-145.83333333333337,1.9318516525781366,-3.4290110376125893e-16,0.1,0.014583333333333335,35.0
-251.7670428986535,-148.89461410698374,1.9291148369155962,0.02506664671286037,0.09959742939952393,0.014625000000000003,35.1
-250.90684964708197,-151.9545894161181,1.9263251335953162,0.04973797743297173,0.09839295885986293,0.014666666666666668,35.2
-250.0101005203025,-155.0128298419393,1.9234826190984227,0.07362491053693619,0.09639628606958528,0.014708333333333335,35.300000000000004
-249.0767380230945,-158.06890451880395,1.9205873713538864,0.09635073482034226,0.09362348706397389,0.01475,35.4
-248.1067096838546,-161.1223811919455,1.917639469736386,0.11755705045849492,0.09009688679024197,0.014791666666666668,35.5
-247.0999680773295,-164.1728262755255,1.9146389950641345,0.13690942118573787,0.0858448793601865,0.014833333333333336,35.6
-246.0564708466821,-167.21980491100902,1.9115860295966602,0.1541026485551579,0.08090169943749462,0.014875000000000003,35.7
-244.97618072488828,-170.26288102585565,1.9084806570325537,0.16886558510040298,0.07530714660036118,0.01491666666666667,35.800000000000004
-243.85906555545918,-173.30161739251795,1.9053229625071726,0.18096541049320383,0.0691062648986868,0.014958333333333332,35.9
-242.70509831248424,-176.3355756877419,1.9021130325903073,0.1902113032590306,0.062348980185873454,0.015,36.0
-241.51425711999357,-179.36431655215608,1.8988509552838078,0.19645745014573765,0.055089698145210066,0.015041666666666668,36.1
-240.2865252706325,-182.38739965014986,1.8955368200191713,0.19960534568565427,0.047386866247299986,0.015083333333333336,36.2
-239.02189124364628,-185.40438373002556,1.8921707176550904,0.19960534568565427,0.039302503165392154,0.015125000000000003,36.300000000000004
-237.72034872217145,-188.4148266844208,1.8887527404749622,0.1964574501457379,0.030901699437494864,0.015166666666666669,36.4
-236.3818966098287,-191.41828561099214,1.8852829821843569,0.19021130325903104,0.022252093395631913,0.015208333333333332,36.5
-235.00653904661573,-194.41431687335034,1.881761537908451,0.18096541049320383,0.013423326581765675,0.01525,36.6
-233.59428542409472,-197.4024761622416,1.8781885041894182,0.16886558510040298,0.004486483035051266,0.015291666666666669,36.7
-232.1451503998719,-200.38231855696577,1.874563978983783,0.15410264855515698,-0.004486483035052074,0.015333333333333336,36.800000000000004
-230.65915391136636,-203.3533985870229,1.8708880616597348,0.13690942118573787,-0.013423326581765772,0.015375,36.9
-229.13632118886326,-206.3152702939813,1.8671608529944035,0.11755705045849492,-0.022252093395631316,0.015416666666666669,37.0
-227.57668276785117,-209.26748729355603,1.8633824551710978,0.09635073482034351,-0.030901699437494958,0.015458333333333336,37.1
-225.9802745006376,-212.2096028378935,1.859552971776503,0.07362491053693487,-0.039302503165392244,0.0155,37.2
-224.3471375672409,-215.1411698780515,1.8556725077978398,0.04973797743297035,-0.04738686624730007,0.015541666666666669,37.300000000000004
-222.67731848555712,-218.06174112666542,1.8517411696199897,0.02506664671286178,-0.05508969814521014,0.015583333333333333,37.4
-220.97086912079615,-220.9708691207961,1.8477590650225735,1.0779367755043063e-15,-0.062348980185872975,0.015625,37.5
-219.22784669418783,-223.86810628494513,1.8437263031770013,-0.025066646712861046,-0.06910626489868638,0.01566666666666667,37.6
-217.44831379095274,-226.75300499423554,1.8396429946434751,-0.0497379774329724,-0.07530714660036125,0.015708333333333335,37.7
-215.63233836753685,-229.62511763774478,1.835509251367962,-0.07362491053693684,-0.08090169943749509,0.015750000000000004,37.800000000000004
-213.77999375810714,-232.48399668198263,1.8313251866791223,-0.09635073482034162,-0.08584487936018637,0.015791666666666666,37.9
-211.89135868030516,-235.3291947345081,1.827090915285202,-0.11755705045849432,-0.09009688679024186,0.015833333333333335,38.0
-209.9665172402595,-238.16026460767088,1.8228065532708906,-0.1369094211857384,-0.0936234870639738,0.015875,38.1
-208.00555893685032,-240.97675938247573,1.8184722180941368,-0.15410264855515834,-0.0963962860695853,0.01591666666666667,38.2
-206.0085786652276,-243.77823247255662,1.81408802858293,-0.16886558510040336,-0.098392958859863,0.015958333333333335,38.300000000000004
-203.9756767195807,-246.56423768825263,1.809654104932039,-0.18096541049320414,-0.09959742939952396,0.016000000000000004,38.400000000000006
-201.90695879515607,-249.33432930077828,1.8051705686997215,-0.19021130325903082,-0.1,0.01604166666666667,38.5
-199.8025359895232,-252.0880621064784,1.800637542804387,-0.1964574501457378,-0.09959742939952393,0.016083333333333335,38.6
-197.66252480308492,-254.82499149116015,1.7960551515212313,-0.19960534568565433,-0.09839295885986293,0.016125,38.7
-195.48704713883447,-257.5446734944902,1.7914235204788256,-0.19960534568565433,-0.09639628606958538,0.01616666666666667,38.800000000000004
-193.2762303013537,-260.24666487445313,1.786742776655675,-0.19645745014573754,-0.09362348706397365,0.016208333333333335,38.900000000000006
-191.03020699505382,-262.9305231718579,1.7820130483767358,-0.19021130325903085,-0.09009688679024197,0.01625,39.0
-188.74911532165618,-265.5958067748873,1.7772344653098975,-0.18096541049320414,-0.08584487936018687,0.01629166666666667,39.1
-186.4330987769143,-268.2420749836768,1.7724071584624292,-0.16886558510040262,-0.08090169943749441,0.016333333333333335,39.2
-184.08230624657287,-270.8688880749189,1.7675312601773865,-0.15410264855515746,-0.07530714660036096,0.016375,39.300000000000004
-181.69689200156466,-273.4758073664827,1.762606904129984,-0.1369094211857374,-0.06910626489868606,0.01641666666666667,39.400000000000006
-179.27701569244638,-276.0623952820355,1.7576342253239308,-0.11755705045849436,-0.06234898018587318,0.016458333333333335,39.5
-176.8228423430688,-278.62821541566507,1.752613360087727,-0.0963507348203429,-0.055089698145210364,0.0165,39.6
-174.334542343484,-281.1728325964876,1.7475444460709306,-0.07362491053693557,-0.04738686624729968,0.01654166666666667,39.7
-171.812291442088,-283.6958129532349,1.742427622240379,-0.049737977432971064,-0.039302503165392494,0.016583333333333335,39.800000000000004
-169.25627073699815,-286.1967239788115,1.7372630288763824,-0.025066646712859686,-0.030901699437494542,0.016625000000000004,39.900000000000006
-166.6666666666668,-288.6751345948128,1.7320508075688774,-3.9188697572715305e-16,-0.02225209339563158,0.016666666666666666,40.0
-164.04367099972632,-291.1306152159966,1.7267911012135435,0.02506664671286032,-0.013423326581765337,0.016708333333333335,40.1
-161.3874808240746,-293.5627378146943,1.7214840540078873,0.0497379774329703,-0.004486483035051634,0.01675,40.2
-158.6982985351906,-295.97107598516,1.716129811447289,0.07362491053693615,0.004486483035051707,0.01679166666666667,40.300000000000004
-155.97633182368668,-298.3552050078424,1.710728520321013,0.0963507348203447,0.013423326581766114,0.016833333333333336,40.400000000000006
-153.22179366209707,-300.7147019135741,1.7052803287081846,0.11755705045849374,0.02225209339563096,0.016875,40.5
-150.43490229090042,-303.049145547668,1.6997853859737277,0.13690942118573787,0.030901699437494608,0.016916666666666667,40.6
-147.615881203781,-305.3581166339107,1.694243842764274,0.15410264855515787,0.039302503165392556,0.016958333333333336,40.7
-144.76495913212455,-307.6411978384467,1.68865585100403,0.16886558510040373,0.047386866247300374,0.017,40.800000000000004
-141.88237002875317,-309.89797383354266,1.6830215638906119,0.18096541049320503,0.05508969814521102,0.01704166666666667,40.900000000000006
-138.96835305089837,-312.12803136122204,1.6773411358908485,0.19021130325903016,0.06234898018587324,0.017083333333333336,41.0
-136.02315254241225,-314.3309592967636,1.6716147227365403,0.19645745014573765,0.06910626489868663,0.017125,41.1
-133.04701801522185,-316.50634871205193,1.6658424814201986,0.19960534568565436,0.07530714660036147,0.01716666666666667,41.2
-130.04020413002246,-318.6537929387732,1.660024570190735,0.19960534568565427,0.08090169943749487,0.017208333333333336,41.300000000000004
-127.00297067621386,-320.7728876314468,1.654161148549123,0.1964574501457374,0.08584487936018691,0.01725,41.400000000000006
-123.93558255108316,-322.8632308302822,1.648252377244031,0.19021130325903063,0.09009688679024201,0.017291666666666667,41.5
-120.83830973822937,-324.9244230238557,1.6422984182674083,0.18096541049320386,0.09362348706397366,0.017333333333333336,41.6
-117.71142728523877,-326.9560672115934,1.6362994348500468,0.16886558510040225,0.09639628606958539,0.017375,41.7
-114.55521528060643,-328.95776896605594,1.6302555914571084,0.15410264855515793,0.09839295885986295,0.01741666666666667,41.800000000000004
-111.36995882990928,-330.92913649501384,1.6241670537836121,0.1369094211857369,0.09959742939952393,0.017458333333333336,41.900000000000006
-108.15594803123165,-332.8697807033037,1.618033988749895,0.11755705045849496,0.1,0.017499999999999998,42.0
-104.91347794984371,-334.77931525446047,1.6118565644970315,0.09635073482034355,0.09959742939952396,0.017541666666666667,42.1
-101.64284859213907,-336.65735663211035,1.605634950382229,0.07362491053693491,0.09839295885986299,0.017583333333333336,42.2
-98.34436487882815,-338.5035242011225,1.5993693169741807,0.049737977432969024,0.09639628606958509,0.017625000000000002,42.300000000000004
-95.01833661739364,-340.317440268506,1.5930598360483927,0.025066646712860415,0.09362348706397353,0.01766666666666667,42.400000000000006
-91.66507847380939,-342.098730144045,1.5867066805824703,-2.941628240500001e-16,0.09009688679024183,0.017708333333333336,42.5
-88.28490994352333,-343.8470222006641,1.5803100247513806,-0.025066646712862413,0.08584487936018632,0.017750000000000002,42.6
-84.87815532171179,-345.5619479345121,1.5738700439226747,-0.04973797743297097,0.08090169943749463,0.017791666666666667,42.7
-81.44514367280057,-347.2431420247605,1.567386914651679,-0.07362491053693679,0.07530714660036074,0.017833333333333336,42.800000000000004
-77.9862087992639,-348.89024239310226,1.5608608146766594,-0.09635073482034281,0.06910626489868632,0.017875000000000002,42.900000000000006
-74.50168920969725,-350.502890262947,1.554291922913942,-0.11755705045849428,0.062348980185873475,0.017916666666666668,43.0
-70.99192808616957,-352.08073021830177,1.547680419453012,-0.13690942118573837,0.05508969814521008,0.017958333333333337,43.1
-67.45727325086088,-353.623410262328,1.5410264855515785,-0.15410264855515743,0.04738686624730001,0.018000000000000002,43.2
-63.8980771319829,-355.13058187556817,1.534330303630599,-0.16886558510040334,0.039302503165392175,0.01804166666666667,43.300000000000004
-60.31469672899016,-356.60190007383267,1.527592057269284,-0.1809654104932047,0.030901699437494212,0.018083333333333337,43.400000000000006
-56.70749357708375,-358.0370234657374,1.5208119312000619,-0.19021130325903038,0.022252093395631938,0.018125,43.5
-53.076833711009535,-359.43561430988575,1.5139901113035128,-0.1964574501457378,0.0134233265817657,0.018166666666666668,43.6
-49.42308762815908,-360.79733857168407,1.5071267846032756,-0.1996053456856544,0.00448648303505129,0.018208333333333337,43.7
-45.74663025097087,-362.1218659797845,1.5002221392609187,-0.19960534568565433,-0.00448648303505134,0.018250000000000002,43.800000000000004
-42.047840888640096,-363.4088700821451,1.4932763645707823,-0.19645745014573754,-0.013423326581766452,0.01829166666666667,43.900000000000006
-38.32710319813988,-364.65802830170014,1.486289650954789,-0.1902113032590313,-0.0222520933956306,0.018333333333333333,44.0
-34.58480514455421,-365.8690219916319,1.4792621899572198,-0.18096541049320417,-0.030901699437494934,0.018375,44.1
-30.82133896073632,-367.0415364902341,1.4721941742394682,-0.16886558510040264,-0.039302503165392876,0.018416666666666668,44.2
-27.03710110628406,-368.1752611753625,1.4650857975747575,-0.1541026485551575,-0.04738686624730004,0.018458333333333337,44.300000000000004
-23.232492225845892,-369.26988951846056,1.4579372548428229,-0.1369094211857364,-0.055089698145210725,0.018500000000000003,44.400000000000006
-19.407917106758187,-370.32511913815455,1.450748742024575,-0.1175570504584944,-0.062348980185873516,0.018541666666666668,44.5
-15.563784636018957,-371.34065185340904,1.4435204561967245,-0.09635073482034419,-0.06910626489868636,0.018583333333333337,44.6
-11.700507756602791,-372.316193736235,1.4362525955263776,-0.07362491053693561,-0.07530714660036124,0.018625,44.7
-7.8185034231198465,-373.25145516394235,1.4289453592656065,-0.04973797743297111,-0.08090169943749466,0.018666666666666668,44.800000000000004
-3.9181925568284597,-374.14615087092915,1.4215989477459847,-0.025066646712859738,-0.08584487936018671,0.018708333333333337,44.900000000000006
-6.888638245203861e-14,-375.0,1.4142135623730951,-4.4087284769304716e-16,-0.09009688679024186,0.018750000000000003,45.0
3.935645530355731,-375.812726153205,1.4067894056210084,0.02506664671286027,-0.09362348706397355,0.01879166666666667,45.1
7.888311489397897,-376.5840574421918,1.3993266810267306,0.04973797743297163,-0.0963962860695853,0.018833333333333337,45.2
11.857561551993632,-377.3137265380637,1.3918255931846282,0.07362491053693743,-0.098392958859863,0.018875000000000003,45.300000000000004
15.842955660880481,-378.0014707207348,1.3842863477408136,0.09635073482034341,-0.09959742939952389,0.01891666666666667,45.400000000000006
19.84405007544924,-378.6470319277759,1.3767091513875078,0.1175570504584937,-0.1,0.018958333333333334,45.5
23.860397421138877,-379.2501568027432,1.369094211857377,0.13690942118573782,-0.09959742939952386,0.019000000000000003,45.6
27.891546739439622,-379.81059674298115,1.3614417379178358,0.15410264855515785,-0.09839295885986293,0.01904166666666667,45.7
31.93704353850039,-380.3281079468942,1.3537519393653208,0.1688655851004037,-0.09639628606958518,0.019083333333333338,45.800000000000004
35.9964298443318,-380.8024514606781,1.3460250270195466,0.1809654104932038,-0.09362348706397366,0.019125000000000003,45.900000000000006
40.069244252600654,-381.2333932245048,1.3382612127177167,0.19021130325903057,-0.09009688679024198,0.01916666666666667,46.0
44.15502198100949,-381.6207041181523,1.330460709308722,0.1964574501457379,-0.08584487936018652,0.019208333333333334,46.1
48.253294922257126,-381.964160006074,1.3226237306473037,0.19960534568565427,-0.08090169943749484,0.019250000000000003,46.2
52.3635916975692,-382.2635417818987,1.3147504915881914,0.19960534568565427,-0.07530714660036097,0.01929166666666667,46.300000000000004
56.485437710799346,-382.51863541235554,1.3068412079802105,0.1964574501457374,-0.06910626489868608,0.019333333333333338,46.400000000000006
60.618355203089386,-382.7292319806159,1.2988960966603675,0.1902113032590311,-0.06234898018587376,0.019375000000000003,46.5
64.7618633080864,-382.8951277290461,1.290915375447901,0.18096541049320386,-0.05508969814521039,0.01941666666666667,46.6
68.91547810770462,-383.01612410136335,1.2828992631383156,0.16886558510040228,-0.0473868662472997,0.019458333333333338,46.7
73.07871268843246,-383.0920277841886,1.2748479794973797,0.15410264855515798,-0.039302503165392515,0.019500000000000003,46.800000000000004
77.2510771981751,-383.12265074798967,1.2667617452550997,0.13690942118573693,-0.030901699437494563,0.01954166666666667,46.900000000000006
81.43207890362244,-383.1078102874072,1.2586407820996748,0.11755705045849385,-0.0222520933956316,0.019583333333333335,47.0
85.62122224814308,-383.0473290609583,1.2504853126714108,0.09635073482034359,-0.013423326581766063,0.019625000000000004,47.1
89.81800891019148,-382.9410351301097,1.2422955605566202,0.07362491053693497,-0.004486483035050948,0.01966666666666667,47.2
94.0219378622243,-382.78876199771486,1.2340717502814973,0.04973797743297182,0.004486483035051682,0.019708333333333338,47.300000000000004
98.23250543011805,-382.59034864580923,1.2258141073059527,0.025066646712860463,0.013423326581766088,0.019750000000000004,47.400000000000006
102.44920535308094,-382.3456395727562,1.2175228580174409,-2.45176952084106e-16,0.022252093395631625,0.019791666666666666,47.5
106.67152884405532,-382.05448482973776,1.2091982297247499,-0.025066646712859544,0.030901699437494587,0.019833333333333335,47.6
110.89896465059361,-381.71674005658485,1.200840450651768,-0.049737977432970926,0.039302503165392536,0.019875000000000004,47.7
115.13099911621461,-381.33226651694014,1.1924497499312314,-0.07362491053693675,0.04738686624730035,0.01991666666666667,47.800000000000004
119.36711624222146,-380.9009311327472,1.1840263575984387,-0.09635073482034401,0.05508969814521041,0.01995833333333334,47.900000000000006
123.6067977499789,-380.42260651806146,1.1755705045849465,-0.11755705045849425,0.06234898018587323,0.020000000000000004,48.0
127.84952314364304,-379.8971710121756,1.167082422712235,-0.13690942118573832,0.0691062648986866,0.020041666666666666,48.1
132.09476977333105,-379.32450871205486,1.1585623446853575,-0.15410264855515737,0.07530714660036097,0.020083333333333335,48.2
136.34201289873,-378.7045095040757,1.1500105040865567,-0.1688655851004033,0.08090169943749487,0.020125000000000004,48.300000000000004
140.59072575313243,-378.0370690950628,1.1414271353688634,-0.18096541049320408,0.08584487936018653,0.02016666666666667,48.400000000000006
144.84037960789223,-377.32208904261904,1.1328124738496663,-0.19021130325903035,0.09009688679024169,0.020208333333333335,48.5
149.09044383729469,-376.5594767847418,1.124166755704261,-0.19645745014573776,0.09362348706397366,0.020250000000000004,48.6
153.34038598382816,-375.7491456687228,1.1154902179593806,-0.19960534568565433,0.0963962860695852,0.02029166666666667,48.7
157.58967182385518,-374.8910149793236,1.1067830984866882,-0.19960534568565425,0.09839295885986307,0.020333333333333335,48.800000000000004
161.83776543367318,-373.9850099662223,1.0980456359962627,-0.19645745014573726,0.09959742939952398,0.020375000000000004,48.900000000000006
166.08412925595155,-373.03106187072876,1.0892780700300546,-0.19021130325903132,0.1,0.020416666666666666,49.0
170.3282241665474,-372.02910795175893,1.0804806409553103,-0.1809654104932042,0.09959742939952389,0.020458333333333335,49.1
174.5695095416798,-370.9790915110681,1.0716535899579924,-0.16886558510040267,0.09839295885986288,0.020500000000000004,49.2
178.80744332546465,-369.8809619177345,1.0627971590361656,-0.15410264855515754,0.09639628606958528,0.02054166666666667,49.300000000000004
183.04148209779535,-368.7346746318916,1.0539115909933547,-0.13690942118573643,0.09362348706397354,0.02058333333333334,49.400000000000006
187.271081142563,-367.5401912277018,1.0449971294318978,-0.11755705045849446,0.09009688679024185,0.020625,49.5
191.49569451620954,-366.2974794155687,1.0360540187462604,-0.096350734820343,0.0858448793601867,0.020666666666666667,49.6
195.71477511659998,-365.00651306358424,1.02708250411634,-0.07362491053693433,0.08090169943749465,0.020708333333333336,49.7
199.92777475221206,-363.6672722182033,1.0180828315007429,-0.049737977432971155,0.07530714660036121,0.020750000000000005,49.800000000000004
204.1341442116297,-362.2797431241453,1.0090552476300378,-0.025066646712859787,0.06910626489868633,0.02079166666666667,49.900000000000006
208.3333333333334,-360.8439182435161,0.9999999999999999,-4.898587196589413e-16,0.062348980185873495,0.020833333333333336,50.0
212.52479107578014,-359.35979627414645,0.9909173368648155,0.02506664671286022,0.0550896981452107,0.020875000000000005,50.1
216.70796558775936,-357.82738216714534,0.9818075072302812,0.049737977432971585,0.04738686624730002,0.020916666666666667,50.2
220.882304279024,-356.2466871436605,0.9726707608469802,0.07362491053693739,0.03930250316539155,0.020958333333333336,50.300000000000004
225.04725389117868,-354.61772871084634,0.9635073482034304,0.09635073482034337,0.030901699437494237,0.021000000000000005,50.400000000000006
229.2022605688237,-352.9405306770327,0.9543175205192173,0.11755705045849481,0.022252093395631268,0.021041666666666667,50.5
233.34676993094334,-351.21512316609204,0.9451015297381075,0.13690942118573882,0.01342332658176502,0.021083333333333336,50.6
237.4802271425252,-349.44154263100245,0.9358596285211468,0.15410264855515782,0.004486483035051315,0.021125000000000005,50.7
241.6020769864095,-347.6198318666014,0.9265920702397232,0.16886558510040367,-0.004486483035052025,0.02116666666666667,50.800000000000004
245.7117639353531,-345.7500400215283,0.9172991089686295,0.18096541049320378,-0.013423326581765725,0.021208333333333336,50.900000000000006
249.808732224301,-343.8322226093527,0.9079809994790937,0.19021130325903013,-0.022252093395631268,0.02125,51.0
253.89242592285805,-341.8664415188829,0.8986379972317932,0.19645745014573762,-0.030901699437494913,0.021291666666666667,51.1
257.9622890079467,-339.852765023657,0.8892703583698556,0.19960534568565436,-0.0393025031653922,0.021333333333333336,51.2
262.01776543664766,-337.79126779060755,0.8798783397118298,0.19960534568565422,-0.04738686624730002,0.021375000000000005,51.300000000000004
266.0582992192099,-335.6820308879012,0.8704621987446544,0.19645745014573715,-0.0550896981452107,0.02141666666666667,51.400000000000006
270.08333449222164,-333.52514179195015,0.861022193616591,0.1902113032590311,-0.06234898018587294,0.021458333333333333,51.5
274.0923155919364,-331.3206943935895,0.851558583130145,0.1809654104932039,-0.06910626489868633,0.021500000000000002,51.6
278.08468712773526,-329.06878900342514,0.8420716267349815,0.1688655851004023,-0.07530714660036121,0.021541666666666667,51.7
282.0598940557288,-326.7695323563416,0.8325615845208024,0.15410264855515798,-0.08090169943749465,0.021583333333333336,51.800000000000004
286.0173817524795,-324.42303761517377,0.8230287172102166,0.13690942118573698,-0.08584487936018707,0.021625000000000005,51.900000000000006
289.9565960888387,-322.02942437353744,0.8134732861516001,0.11755705045849503,-0.09009688679024214,0.021666666666666667,52.0
293.87698350388877,-319.5888186578178,0.8038955533119205,0.09635073482034238,-0.09362348706397378,0.021708333333333336,52.1
297.77799107897954,-317.10135292831404,0.7942957812695612,0.0736249105369337,-0.09639628606958547,0.021750000000000002,52.2
301.6590666118524,-314.56716607953615,0.7846742332071228,0.049737977432970495,-0.098392958859863,0.021791666666666668,52.300000000000004
305.5196586908364,-311.98640343965735,0.7750311729042055,0.025066646712859103,-0.09959742939952396,0.021833333333333337,52.400000000000006
309.3592167691145,-309.3592167691146,0.7653668647301798,-1.9619108011821186e-16,-0.1,0.021875000000000002,52.5
313.1771912390455,-306.6857642583585,0.7556815736369342,-0.02506664671285949,-0.09959742939952393,0.021916666666666668,52.6
316.97303350653084,-303.9662105247536,0.7459755651516176,-0.04973797743297087,-0.09839295885986293,0.021958333333333337,52.7
320.74619606542126,-301.20072660862286,0.7362491053693563,-0.07362491053693405,-0.09639628606958539,0.022000000000000006,52.800000000000004
324.49613257194954,-298.3894899684397,0.726502460945956,-0.09635073482034273,-0.09362348706397366,0.022041666666666668,52.900000000000006
328.2222979191822,-295.5326844751626,0.7167358990906004,-0.11755705045849536,-0.090096886790242,0.022083333333333333,53.0
331.9241483114782,-292.63050040571613,0.7069496875585148,-0.13690942118573726,-0.0858448793601869,0.022125000000000002,53.1
335.60114133894524,-289.68313443561357,0.6971440946436307,-0.15410264855515826,-0.08090169943749485,0.022166666666666668,53.2
339.25273605188687,-286.69078963072144,0.6873193891712314,-0.16886558510040406,-0.07530714660036097,0.022208333333333337,53.300000000000004
342.87839303522634,-283.65367543816694,0.6774758404905826,-0.18096541049320405,-0.0691062648986866,0.022250000000000006,53.400000000000006
346.4775744828997,-280.57200767638574,0.6676137184675424,-0.19021130325903035,-0.06234898018587379,0.022291666666666668,53.5
350.04974427220833,-277.44600852431205,0.6577332934771659,-0.19645745014573776,-0.05508969814520982,0.022333333333333334,53.6
353.5943680381214,-274.275906509707,0.6478348363962989,-0.19960534568565425,-0.04738686624729972,0.022375000000000003,53.7
357.11091324751476,-271.06193649663135,0.6379186185961397,-0.19960534568565436,-0.03930250316539188,0.022416666666666668,53.800000000000004
360.59884927334247,-267.8043396720557,0.6279849119348103,-0.19645745014573757,-0.030901699437494587,0.022458333333333337,53.900000000000006
364.0576474687263,-264.503363531613,0.618033988749895,-0.1902113032590309,-0.022252093395631625,0.022500000000000003,54.0
367.48678124095653,-261.15926186449104,0.6080661218509805,-0.18096541049320358,-0.013423326581765383,0.022541666666666668,54.1
370.8857261253898,-257.77229473746826,0.598081584512174,-0.16886558510040348,-0.004486483035051682,0.022583333333333337,54.2
374.2539598592391,-254.34272847808924,0.5880806504646074,-0.15410264855515754,0.004486483035051658,0.022625000000000003,54.300000000000004
377.5909624552451,-250.87083565698273,0.5780635938889425,-0.13690942118573646,0.013423326581766063,0.02266666666666667,54.400000000000006
380.8962162752134,-247.35689506932476,0.5680306894078461,-0.11755705045849679,0.02225209339563091,0.022708333333333334,54.5
384.1692061034169,-243.80119171544334,0.5579822120784582,-0.09635073482034429,0.030901699437494563,0.022750000000000003,54.6
387.40941921984563,-240.20401678056862,0.5479184373848645,-0.07362491053693569,0.039302503165392515,0.02279166666666667,54.7
390.6163454732983,-236.56566761372918,0.5378396412305315,-0.04973797743296983,0.0473868662472997,0.022833333333333337,54.800000000000004
393.7894773543045,-232.8864477057945,0.5277460999307456,-0.025066646712858423,0.05508969814521039,0.022875000000000006,54.900000000000006
396.9283100678676,-229.16666666666686,0.5176380902050411,8.82240879895365e-16,0.062348980185873204,0.02291666666666667,55.0
400.0323416060202,-225.40664020161893,0.5075158891696115,0.025066646712860175,0.06910626489868608,0.022958333333333334,55.1
403.10107282017725,-221.60669008678906,0.49737977432970965,0.049737977432971536,0.07530714660036143,0.023000000000000003,55.2
406.134007493284,-217.76714414382232,0.48723002357204487,0.07362491053693469,0.08090169943749484,0.02304166666666667,55.300000000000004
409.1306524117443,-213.88833621366936,0.4770669151571614,0.09635073482034334,0.08584487936018688,0.023083333333333338,55.400000000000006
412.0905174371201,-209.97060612954047,0.46689072771181106,0.11755705045849361,0.09009688679024198,0.023125000000000003,55.5
415.01311557759465,-206.01429968901638,0.4567017402213123,0.13690942118573776,0.09362348706397366,0.02316666666666667,55.6
417.8979630591849,-202.01976862532192,0.4465002320219025,0.15410264855515868,0.09639628606958538,0.023208333333333334,55.7
420.7445793966992,-197.98737057775858,0.43628648279308463,0.1688655851004044,0.09839295885986306,0.023250000000000003,55.800000000000004
423.5524874644263,-193.91746906130328,0.42606077254995334,0.18096541049320436,0.09959742939952393,0.02329166666666667,55.900000000000006
426.32121356654716,-189.81043343537343,0.41582338163551863,0.19021130325903057,0.1,0.023333333333333334,56.0
429.05028750726126,-185.6666388717598,0.40557459071302465,0.1964574501457379,0.09959742939952389,0.023375000000000003,56.1
431.73924266061454,-181.48646632173467,0.39531468075825266,0.19960534568565427,0.098392958859863,0.02341666666666667,56.2
434.3876160400225,-177.2703024823309,0.3850439330518141,0.1996053456856543,0.0963962860695853,0.023458333333333335,56.300000000000004
436.99494836747823,-173.01853976179862,0.37476262917144915,0.19645745014573796,0.09362348706397379,0.023500000000000004,56.400000000000006
439.56078414243234,-168.73157624424576,0.36447105098429544,0.19021130325903068,0.09009688679024215,0.02354166666666667,56.5
442.08467171034215,-164.40981565345632,0.35416948063916687,0.1809654104932033,0.08584487936018671,0.023583333333333335,56.6
444.5661633308716,-160.0536673159002,0.34385820055881916,0.1688655851004031,0.08090169943749508,0.023625000000000004,56.7
447.0048152457411,-155.66354612292932,0.33353749343220435,0.15410264855515712,0.07530714660036075,0.02366666666666667,56.800000000000004
449.400187746212,-151.239872492168,0.3232076422067219,0.13690942118573599,0.06910626489868585,0.023708333333333338,56.900000000000006
451.75184524019795,-146.78307232810013,0.31286893008046196,0.11755705045849624,0.062348980185873516,0.02375,57.0
454.059356318995,-142.29357698185456,0.3025216404944384,0.09635073482034368,0.05508969814521012,0.02379166666666667,57.1
456.3222938236188,-137.77182321019802,0.29216605712482296,0.07362491053693505,0.047386866247299424,0.023833333333333335,57.2
458.5402349107404,-133.21825313373176,0.28180246387516483,0.04973797743297192,0.03930250316539222,0.023875000000000004,57.300000000000004
460.7127611182133,-128.6333141943018,0.2714311448686081,0.025066646712860564,0.030901699437494257,0.02391666666666667,57.400000000000006
462.8394584301786,-124.0174591116245,0.26105238444010315,-1.5682906796725184e-15,0.022252093395631292,0.023958333333333335,57.5
464.91991734174303,-119.37114583913016,0.25066646712860907,-0.02506664671286085,0.013423326581765746,0.024000000000000004,57.6
466.9537329232166,-114.69483751903446,0.24027367766929367,-0.0497379774329722,0.004486483035051339,0.02404166666666667,57.7
468.94050488390553,-109.98900243663257,0.22987430098573333,-0.07362491053693533,-0.00448648303505129,0.024083333333333335,57.800000000000004
470.8798376354457,-105.25411397383174,0.21946862218209043,-0.09635073482034394,-0.0134233265817657,0.024125000000000004,57.900000000000006
472.7713403546727,-100.49065056191726,0.20905692653530658,-0.11755705045849417,-0.022252093395631244,0.02416666666666667,58.0
474.61462704601695,-95.69909563356039,0.19863949948727833,-0.13690942118573618,-0.030901699437494212,0.024208333333333335,58.1
476.4093166034141,-90.87993757407648,0.1882166266370287,-0.15410264855515732,-0.039302503165392175,0.024250000000000004,58.2
478.15503287172345,-86.03366967193081,0.17778859373288197,-0.16886558510040325,-0.047386866247300624,0.02429166666666667,58.300000000000004
479.85140470764577,-81.1607900685029,0.16735568666463058,-0.18096541049320464,-0.055089698145210676,0.024333333333333335,58.400000000000006
481.49806604012963,-76.26180170711265,0.15691819145569014,-0.19021130325903077,-0.062348980185873475,0.024375,58.5
483.0946559302593,-71.33721228131101,0.14647639425526338,-0.196457450145738,-0.06910626489868683,0.02441666666666667,58.6
484.6408186306145,-66.38753418244711,0.1360305813304961,-0.19960534568565433,-0.0753071466003612,0.024458333333333335,58.7
486.1362036440942,-61.41328444650886,0.12558103905862628,-0.19960534568565425,-0.08090169943749505,0.024500000000000004,58.800000000000004
487.58046578219466,-56.414984700248354,0.11512805391913475,-0.19645745014573782,-0.0858448793601867,0.02454166666666667,58.900000000000006
488.9732652227343,-51.39316110659669,0.10467191248588761,-0.19021130325903135,-0.09009688679024183,0.024583333333333332,59.0
490.3142675670169,-46.34834430936859,0.09421290141928503,-0.18096541049320422,-0.09362348706397378,0.024625,59.1
491.6031438964221,-41.28106937727582,0.08375130745839962,-0.16886558510040273,-0.09639628606958528,0.02466666666666667,59.2
492.8395708284197,-36.19187574723806,0.07328741741311268,-0.15410264855515668,-0.09839295885986299,0.024708333333333336,59.300000000000004
494.0232305719945,-31.08130716701007,0.06282151815625558,-0.13690942118573546,-0.09959742939952396,0.024750000000000005,59.400000000000006
495.1538109824763,-25.949911637126146,0.052353896615746846,-0.11755705045849568,-0.1,0.02479166666666667,59.5
496.2310056157663,-20.798241352168862,0.04188483976671422,-0.09635073482034306,-0.09959742939952393,0.024833333333333336,59.6
497.25451378195146,-15.62685264136886,0.03141463462364053,-0.07362491053693442,-0.09839295885986295,0.024875,59.7
498.224040598298,-10.436305908539468,0.020943568232491418,-0.04973797743297125,-0.09639628606958539,0.02491666666666667,59.800000000000004
499.13929704161814,-5.227165571359156,0.010471927662838753,-0.02506664671285988,-0.09362348706397343,0.024958333333333336,59.900000000000006
500.0,-1.2246467991473532e-13,1.133107779529596e-15,-5.878304635907295e-16,-0.09009688679024232,0.025,60.0
500.80587232389405,5.244618544886431,-0.010471927662839152,0.025066646712861535,-0.08584487936018653,0.02504166666666667,60.1
501.5566428765475,10.506113974817522,-0.020943568232491813,0.04973797743297287,-0.08090169943749445,0.025083333333333336,60.2
502.25204658378016,15.783906436759702,-0.03141463462364093,0.07362491053693597,-0.075307146600361,0.025125000000000005,60.300000000000004
502.8918244830921,21.077412377030836,-0.04188483976671462,0.09635073482034454,-0.06910626489868611,0.02516666666666667,60.400000000000006
503.47572377209764,26.38604460581709,-0.052353896615746354,0.11755705045849472,-0.06234898018587324,0.025208333333333333,60.5
504.00349785627714,31.709212362302953,-0.06282151815625599,0.13690942118573668,-0.05508969814521043,0.02525,60.6
504.4749063960384,37.046321380393515,-0.07328741741311308,0.15410264855515776,-0.04738686624729974,0.02529166666666667,60.7
504.88971535308224,42.396773955039784,-0.08375130745839914,0.1688655851004021,-0.039302503165392556,0.025333333333333336,60.800000000000004
505.24769703606313,47.759969009146076,-0.09421290141928543,0.18096541049320372,-0.030901699437494608,0.025375000000000005,60.900000000000006
505.54863014553894,53.135302161056906,-0.10467191248588713,0.190211303259031,-0.02225209339563165,0.025416666666666667,61.0
505.7922998182018,58.522165792617756,-0.11512805391913426,0.1964574501457376,-0.013423326581766114,0.025458333333333333,61.1
505.9784976703837,63.91994911779513,-0.1255810390586267,0.19960534568565436,-0.004486483035051707,0.025500000000000002,61.2
506.10702184082913,69.32803825185724,-0.1360305813304965,0.19960534568565422,0.004486483035051634,0.02554166666666667,61.300000000000004
506.17767703272904,74.74581628110083,-0.14647639425526376,0.1964574501457377,0.013423326581765337,0.025583333333333336,61.400000000000006
506.19027455500816,80.17266333311774,-0.15691819145568964,0.19021130325903113,0.022252093395630886,0.025625,61.5
506.1446323628592,85.60795664759868,-0.16735568666463096,0.18096541049320392,0.03090169943749521,0.025666666666666667,61.6
506.0405750975186,91.05107064765207,-0.17778859373288325,0.1688655851004039,0.039302503165392494,0.025708333333333333,61.7
505.8779341252747,96.50137701164797,-0.1882166266370291,0.15410264855515807,0.047386866247300305,0.025750000000000002,61.800000000000004
505.6565475757049,101.95824474556582,-0.19863949948727783,0.13690942118573704,0.055089698145210364,0.02579166666666667,61.900000000000006
505.37626037913293,107.42104025584236,-0.2090569265353061,0.11755705045849513,0.06234898018587318,0.025833333333333337,62.0
505.0369243033019,112.88912742271046,-0.21946862218209082,0.09635073482034247,0.06910626489868657,0.025875,62.1
504.6383979892547,118.36186767402302,-0.22987430098573286,0.07362491053693643,0.07530714660036096,0.025916666666666668,62.2
504.18054698641936,123.8386200595465,-0.24027367766929406,0.04973797743297059,0.08090169943749483,0.025958333333333333,62.300000000000004
503.6632437868882,129.31874132572455,-0.25066646712860946,0.0250666467128592,0.08584487936018687,0.026000000000000002,62.400000000000006
503.08636785888973,134.8015859908964,-0.26105238444010265,2.7439516068539774e-15,0.09009688679024166,0.02604166666666667,62.5
502.449805679445,140.28650642096392,-0.2714311448686085,-0.025066646712859398,0.09362348706397365,0.026083333333333337,62.6
501.7534507662027,145.77285290549773,-0.2818024638751661,-0.04973797743297078,0.09639628606958538,0.026125000000000006,62.7
500.9972037084487,151.2599737342731,-0.2921660571248234,-0.07362491053693661,0.09839295885986293,0.026166666666666668,62.800000000000004
500.18097219728185,156.74721527423185,-0.3025216404944388,-0.09635073482034513,0.09959742939952393,0.026208333333333333,62.900000000000006
499.30467105495563,162.23392204684725,-0.31286893008046146,-0.11755705045849528,0.1,0.026250000000000002,63.0
498.3682222633738,167.71943680590178,-0.32320764220672227,-0.13690942118573718,0.09959742939952396,0.02629166666666667,63.1
497.3715549917401,173.20310061565397,-0.33353749343220473,-0.1541026485551582,0.09839295885986288,0.026333333333333337,63.2
496.314605623354,178.68425292939148,-0.34385820055881866,-0.16886558510040248,0.0963962860695853,0.026375000000000006,63.300000000000004
495.1973177815493,184.16223166835942,-0.35416948063916726,-0.18096541049320403,0.09362348706397355,0.02641666666666667,63.400000000000006
494.01964235476925,189.63637330105473,-0.36447105098429494,-0.19021130325903032,0.09009688679024186,0.026458333333333334,63.5
492.7815375207732,195.10601292287944,-0.37476262917144865,-0.19645745014573773,0.08584487936018673,0.026500000000000003,63.6
491.4829687699721,200.57048433613656,-0.3850439330518145,-0.19960534568565438,0.08090169943749467,0.026541666666666672,63.7
490.123908927886,206.02912013036848,-0.39531468075825305,-0.19960534568565416,0.07530714660036078,0.026583333333333337,63.800000000000004
488.7043381767199,211.4812517630212,-0.40557459071302504,-0.19645745014573757,0.06910626489868638,0.026625000000000006,63.900000000000006
487.22424407605394,216.92620964042652,-0.41582338163551813,-0.1902113032590309,0.06234898018587353,0.02666666666666667,64.0
485.6836215826422,222.36332319909837,-0.4260607725499537,-0.18096541049320364,0.05508969814521014,0.02670833333333334,64.10000000000001
484.0824730693205,227.7919209873138,-0.436286482793085,-0.1688655851004035,0.04738686624730007,0.026750000000000003,64.2
482.4208083430088,233.2113307470051,-0.44650023202190203,-0.15410264855515943,0.039302503165392896,0.026791666666666665,64.3
480.6986446618182,238.6208794959113,-0.4567017402213119,-0.13690942118573862,0.030901699437494958,0.026833333333333338,64.4
478.9160067512478,244.01989361000625,-0.46689072771181056,-0.11755705045849457,0.022252093395632007,0.026875,64.5
477.07292681947047,249.4076989061927,-0.4770669151571626,-0.09635073482034187,0.013423326581764365,0.026916666666666672,64.60000000000001
475.16944457170825,254.78362072523169,-0.48723002357204437,-0.07362491053693579,0.004486483035052074,0.026958333333333334,64.7
473.20560722368657,260.1469840149256,-0.49737977432970915,-0.049737977432972674,-0.0044864830350505565,0.026999999999999996,64.8
471.181469514169,265.49711341352236,-0.5075158891696119,-0.02506664671285852,-0.01342332658176638,0.027041666666666672,64.9
469.0970937165711,270.8333333333329,-0.5176380902050407,-2.057901807076824e-15,-0.022252093395631223,0.027083333333333334,65.0
466.9525496496392,276.15496804457706,-0.527746099930747,0.025066646712862895,-0.03090169943749554,0.027125000000000007,65.10000000000001
464.7479146872087,281.46134175940057,-0.5378396412305319,0.049737977432971446,-0.039302503165392806,0.02716666666666667,65.2
462.48327376701855,286.7517787161086,-0.5479184373848639,0.0736249105369346,-0.047386866247299354,0.027208333333333334,65.3
460.15871939859824,292.0256032635532,-0.5579822120784594,0.09635073482034325,-0.055089698145210655,0.027250000000000003,65.4
457.77435167021076,297.282139945702,-0.5680306894078455,0.11755705045849583,-0.062348980185873454,0.027291666666666665,65.5
455.3302782548543,302.52071358636175,-0.5780635938889437,0.13690942118573976,-0.0691062648986868,0.027333333333333338,65.60000000000001
452.8266144153226,307.7406493740414,-0.5880806504646078,0.15410264855515862,-0.07530714660036118,0.027375,65.7
450.2634830083143,312.94127294696347,-0.5980815845121734,0.16886558510040284,-0.08090169943749462,0.02741666666666667,65.8
447.6410144875976,318.121910478188,-0.608066121850981,0.1809654104932043,-0.08584487936018668,0.027458333333333335,65.9
444.9593469062209,323.28188876086045,-0.6180339887498946,0.19021130325903052,-0.09009688679024182,0.027500000000000004,66.0
442.218625917772,328.4205352935604,-0.6279849119348107,0.19645745014573787,-0.09362348706397378,0.027541666666666673,66.10000000000001
439.41900477668185,333.5371783657431,-0.6379186185961401,0.19960534568565425,-0.09639628606958528,0.027583333333333335,66.2
436.5606443375691,338.63114714326935,-0.6478348363962984,0.1996053456856543,-0.09839295885986286,0.027625,66.3
433.6437130536315,343.70177175399834,-0.6577332934771662,0.19645745014573746,-0.09959742939952396,0.02766666666666667,66.4
430.66838697407144,348.74838337345165,-0.6676137184675419,0.1902113032590307,-0.1,0.027708333333333335,66.5
427.6348497405629,353.7703143105229,-0.677475840490583,0.18096541049320336,-0.09959742939952387,0.027750000000000004,66.60000000000001
424.5432925827551,358.76689809322943,-0.6873193891712318,0.16886558510040314,-0.09839295885986295,0.027791666666666673,66.7
421.3939143128111,363.73746955449195,-0.6971440946436303,0.15410264855515898,-0.09639628606958539,0.027833333333333335,66.8
418.18692131898115,368.681364917936,-0.7069496875585143,0.1369094211857381,-0.09362348706397368,0.027875,66.9
414.9225275582117,373.597921883696,-0.7167358990906,0.11755705045849632,-0.09009688679024203,0.02791666666666667,67.0
411.6009545477846,378.48647971422145,-0.726502460945958,0.09635073482034127,-0.0858448793601862,0.027958333333333335,67.10000000000001
408.2224313559902,383.346379320066,-0.7362491053693558,0.07362491053693515,-0.08090169943749488,0.028000000000000004,67.2
404.7871945918317,388.1769633456528,-0.7459755651516171,0.04973797743297201,-0.07530714660036149,0.028041666666666666,67.3
401.29548839375747,392.9775762550075,-0.7556815736369346,0.02506664671285784,-0.06910626489868613,0.02808333333333334,67.4
397.74756441743307,397.7475644174329,-0.7653668647301793,1.371852007299671e-15,-0.062348980185873815,0.028125,67.5
394.14368182252923,402.4862761931459,-0.7750311729042068,-0.02506664671286358,-0.05508969814520986,0.02816666666666667,67.60000000000001
390.4841072585545,407.1930620188261,-0.7846742332071232,-0.049737977432972105,-0.047386866247299764,0.028208333333333335,67.7
386.76911484970964,411.86727449309694,-0.7942957812695608,-0.0736249105369326,-0.039302503165393236,0.028249999999999997,67.8
382.998986178772,416.5082684619166,-0.803895553311921,-0.09635073482034384,-0.03090169943749396,0.028291666666666673,67.9
379.17401027002,421.1154011038564,-0.8134732861516004,-0.1175570504584941,-0.02225209339563098,0.028333333333333335,68.0
375.29448357117207,425.6880320152863,-0.8230287172102186,-0.1369094211857382,-0.013423326581764728,0.028375000000000008,68.10000000000001
371.36070993437676,430.2255232954148,-0.8325615845208028,-0.15410264855515907,-0.004486483035051021,0.02841666666666667,68.2
367.3730005962156,434.7272396312167,-0.842071626734981,-0.16886558510040167,0.004486483035050899,0.028458333333333332,68.3
363.33167415675314,439.19254838219996,-0.8515585831301453,-0.18096541049320458,0.013423326581766017,0.028500000000000004,68.4
359.2370565576158,443.62081966502063,-0.8610221936165906,-0.19021130325903074,0.022252093395631556,0.028541666666666667,68.5
355.0894810591006,448.01142643793867,-0.8704621987446555,-0.196457450145738,0.03090169943749519,0.02858333333333334,68.60000000000001
350.8892882163291,452.3637445850827,-0.8798783397118302,-0.1996053456856543,0.039302503165392466,0.028625,68.7
346.6368258544282,456.6771530005393,-0.8892703583698551,-0.19960534568565444,0.04738686624729965,0.02866666666666667,68.8
342.3324490427576,460.9510336722318,-0.8986379972317935,-0.19645745014573784,0.05508969814521034,0.028708333333333336,68.9
337.9765200681726,465.1847717655944,-0.9079809994790933,-0.1902113032590305,0.06234898018587316,0.028749999999999998,69.0
333.5694084073255,469.3777557070261,-0.9172991089686299,-0.18096541049320305,0.06910626489868654,0.028791666666666674,69.10000000000001
329.1114906980226,473.52937726710235,-0.9265920702397237,-0.16886558510040278,0.07530714660036093,0.028833333333333336,69.2
324.60315070960564,477.63903164355935,-0.9358596285211463,-0.15410264855515857,0.0809016994374944,0.028875,69.3
320.04477931240075,481.7061175440075,-0.9451015297381078,-0.13690942118573762,0.08584487936018649,0.02891666666666667,69.4
315.43677444620323,485.73003726839147,-0.9543175205192168,-0.11755705045849577,0.09009688679024165,0.028958333333333336,69.5
310.779541087818,489.7101967911689,-0.9635073482034308,-0.09635073482034316,0.09362348706397389,0.029000000000000005,69.60000000000001
306.0734912176537,493.6460058432033,-0.9726707608469807,-0.07362491053693715,0.09639628606958536,0.029041666666666667,69.7
301.3190437853708,497.53687799336126,-0.9818075072302808,-0.04973797743297134,0.09839295885986293,0.029083333333333336,69.8
296.51662467459124,501.3822307297972,-0.9909173368648151,-0.02506664671285998,0.09959742939952393,0.029125,69.9
291.6666666666665,505.18148554092267,-0.9999999999999994,-6.858022075225179e-16,0.1,0.02916666666666667,70.0
286.7696094035112,508.93406799604423,-1.009055247630039,0.025066646712864255,0.09959742939952383,0.029208333333333336,70.10000000000001
281.8258993495031,512.6394078256604,-1.0180828315007424,0.04973797743297002,0.09839295885986302,0.029250000000000005,70.2
276.83598975245457,516.2969390014077,-1.0270825041163396,0.07362491053693324,0.0963962860695855,0.029291666666666667,70.3
271.80034060365244,519.9060998156458,-1.0360540187462608,0.09635073482034445,0.09362348706397355,0.029333333333333336,70.4
266.71941859698387,523.466332960666,-1.0449971294318974,0.11755705045849235,0.09009688679024218,0.029375000000000002,70.5
261.59369708713234,526.9770856075212,-1.0539115909933559,0.13690942118573868,0.08584487936018638,0.02941666666666667,70.60000000000001
256.4236560468629,530.4378094844592,-1.062797159036166,0.15410264855515768,0.08090169943749469,0.029458333333333336,70.7
251.2097820233931,533.8479609549514,-1.071653589957992,0.16886558510040206,0.07530714660036172,0.0295,70.8
245.95256809385342,537.20700109531,-1.0804806409553107,0.18096541049320491,0.06910626489868639,0.029541666666666674,70.9
240.65251381984845,540.5143957718722,-1.0892780700300542,0.19021130325903093,0.06234898018587355,0.029583333333333336,71.0
235.31012520110738,543.7696157177589,-1.0980456359962636,0.19645745014573812,0.055089698145209566,0.029625000000000002,71.10000000000001
229.9259146282475,546.9721366091771,-1.1067830984866887,0.19960534568565436,0.04738686624729946,0.02966666666666667,71.2
224.50040083463978,550.1214391412716,-1.1154902179593802,0.19960534568565438,0.03930250316539227,0.029708333333333333,71.3
219.0341088473829,553.2170091035099,-1.1241667557042612,0.1964574501457377,0.03090169943749431,0.029750000000000006,71.4
213.52756993740843,556.2583374545826,-1.1328124738496659,0.19021130325903116,0.022252093395631337,0.029791666666666668,71.5
207.98132156868232,559.244920396829,-1.1414271353688639,0.18096541049320397,0.013423326581765796,0.02983333333333334,71.60000000000001
202.39590734656167,562.1762594501497,-1.150010504086557,0.1688655851004024,0.004486483035052099,0.029875000000000002,71.7
196.77187696525272,565.0518615254259,-1.158562344685357,0.15410264855515812,-0.004486483035050532,0.029916666666666664,71.8
191.10978615442673,567.8712389974103,-1.1670824227122354,0.1369094211857371,-0.013423326581765652,0.029958333333333337,71.9
185.41019662496865,570.6339097770921,-1.175570504584946,0.11755705045849521,-0.022252093395631195,0.03,72.0
179.67367601386496,573.33939738353,-1.184026357598439,0.09635073482034257,-0.030901699437495517,0.030041666666666675,72.10000000000001
173.90079782825694,575.9872310151271,-1.1924497499312317,0.07362491053693652,-0.039302503165392785,0.030083333333333337,72.2
168.09214138863638,578.5769456203578,-1.2008404506517678,0.04973797743297344,-0.04738686624729996,0.030125,72.3
162.24829177120995,581.1080819679206,-1.2091982297247494,0.025066646712862118,-0.055089698145210045,0.03016666666666667,72.4
156.36983974944013,583.5801867163119,-1.2175228580174406,-2.475922546353431e-19,-0.06234898018587287,0.030208333333333334,72.5
150.45738173473651,585.9928124828222,-1.2258141073059539,-0.025066646712862118,-0.0691062648986868,0.030250000000000006,72.60000000000001
144.51151971635718,588.3455179119212,-1.234071750281497,-0.04973797743297068,-0.07530714660036117,0.030291666666666668,72.7
138.5328612004646,590.6378677430506,-1.24229556055662,-0.07362491053693387,-0.08090169943749459,0.030333333333333337,72.8
132.52201914839958,592.8694328777891,-1.250485312671411,-0.09635073482034505,-0.08584487936018703,0.030375000000000003,72.9
126.47961191413727,595.0397904463982,-1.2586407820996746,-0.1175570504584929,-0.0900968867902415,0.030416666666666665,73.0
120.40626318095072,597.1485238737324,-1.2667617452551008,-0.13690942118573918,-0.09362348706397376,0.030458333333333337,73.10000000000001
114.30260189729209,599.1952229445001,-1.27484797949738,-0.15410264855515812,-0.09639628606958527,0.0305,73.2
108.16926221187873,601.1794838678787,-1.2828992631383151,-0.1688655851004024,-0.09839295885986286,0.03054166666666667,73.3
102.0068834080157,603.100909341459,-1.2909153754479015,-0.18096541049320397,-0.09959742939952394,0.030583333333333337,73.4
95.81610983714106,604.9591086145219,-1.298896096660367,-0.19021130325903116,-0.1,0.030625000000000003,73.5
89.59759085161195,606.753697550633,-1.3068412079802114,-0.19645745014573823,-0.0995974293995238,0.030666666666666672,73.60000000000001
83.35198073673571,608.4842986895449,-1.3147504915881916,-0.19960534568565438,-0.09839295885986282,0.030708333333333334,73.7
77.07993864204741,610.1505413084038,-1.3226237306473034,-0.19960534568565436,-0.09639628606958522,0.03075,73.8
70.78212851185717,611.7520614822441,-1.3304607093087222,-0.1964574501457376,-0.09362348706397369,0.03079166666666667,73.9
64.45921901505298,613.2885021437686,-1.3382612127177165,-0.19021130325903093,-0.09009688679024203,0.030833333333333338,74.0
58.11188347418245,614.7595131424019,-1.3460250270195468,-0.1809654104932037,-0.0858448793601862,0.030875000000000003,74.10000000000001
51.740799793814794,616.1647513026103,-1.353751939365322,-0.1688655851004036,-0.08090169943749448,0.030916666666666672,74.2
45.34665038819206,617.5038804814769,-1.3614417379178354,-0.15410264855515768,-0.07530714660036103,0.030958333333333334,74.3
38.93012210817426,618.7765716255284,-1.3690942118573775,-0.13690942118573662,-0.06910626489868665,0.031,74.4
32.49190616749412,619.982502826798,-1.3767091513875074,-0.11755705045849466,-0.06234898018587384,0.03104166666666667,74.5
26.03269806831878,621.1213593781237,-1.3842863477408138,-0.09635073482034195,-0.05508969814520988,0.031083333333333338,74.60000000000001
19.55319752613439,622.1928338276679,-1.3918255931846286,-0.07362491053693587,-0.04738686624729979,0.031125000000000003,74.7
13.054108393959655,623.1966260326536,-1.3993266810267302,-0.04973797743297277,-0.039302503165392605,0.031166666666666665,74.8
6.536138585889314,624.1324432123073,-1.406789405621008,-0.025066646712861435,-0.03090169943749533,0.031208333333333338,74.9
1.9135106236677393e-13,625.0,-1.414213562373095,-2.1558735510086125e-15,-0.02225209339563239,0.03125,75.0
-6.553591559417116,625.799018494583,-1.4215989477459854,0.0250666467128628,-0.013423326581764048,0.03129166666666667,75.10000000000001
-13.123916460237135,626.5292283109032,-1.4289453592656063,0.04973797743297135,-0.004486483035051755,0.03133333333333334,75.2
-19.71025132152464,627.1903666294966,-1.4362525955263774,0.07362491053693451,0.004486483035050874,0.031375,75.3
-26.311869093180835,627.7821782454494,-1.4435204561967248,0.09635073482034565,0.01342332658176599,0.03141666666666667,75.4
-32.92803913618493,628.3044156164194,-1.4507487420245746,0.11755705045849346,0.022252093395631528,0.03145833333333333,75.5
-39.55802730346813,628.7568389098111,-1.4579372548428238,0.13690942118573968,0.030901699437495846,0.03150000000000001,75.60000000000001
-46.20109602134739,629.1392160490957,-1.4650857975747578,0.15410264855515857,0.039302503165393105,0.03154166666666667,75.7
-52.8565043715786,629.4513227592703,-1.472194174239468,0.16886558510040126,0.047386866247299014,0.03158333333333333,75.8
-59.523508173960344,629.6929426114482,-1.47926218995722,0.18096541049320425,0.055089698145210336,0.03162500000000001,75.9
-66.20136006951348,629.8638670665731,-1.486289650954788,0.1902113032590305,0.06234898018587315,0.03166666666666667,76.0
-72.88930960422658,629.9638955182514,-1.4932763645707832,0.19645745014573784,0.06910626489868704,0.03170833333333334,76.10000000000001
-79.58660331333311,629.9928353346935,-1.500222139260919,0.19960534568565444,0.07530714660036139,0.03175,76.2
-86.29248480614528,629.9505018997596,-1.5071267846032752,0.19960534568565447,0.08090169943749397,0.03179166666666667,76.3
-93.00619485140172,629.8367186531027,-1.5139901113035137,0.19645745014573746,0.08584487936018648,0.03183333333333334,76.4
-99.72697146314641,629.6513171294004,-1.5208119312000623,0.19021130325903074,0.09009688679024165,0.031875,76.5
-106.45404998711192,629.3941369966724,-1.5275920572692843,0.1809654104932034,0.09362348706397389,0.03191666666666667,76.60000000000001
-113.18666318759985,629.0650260936739,-1.5343303036305986,0.1688655851004032,0.09639628606958536,0.03195833333333333,76.7
-119.92404133486403,628.6638404663609,-1.5410264855515787,0.15410264855515723,0.09839295885986317,0.03200000000000001,76.80000000000001
-126.66541229295653,628.1904444034201,-1.5476804194530123,0.1369094211857382,0.09959742939952398,0.03204166666666667,76.9
-133.4100016080628,627.6447104708586,-1.5542919229139411,0.1175570504584941,0.1,0.03208333333333334,77.0
-140.15703259727874,627.0265195456452,-1.5608608146766596,0.09635073482034136,0.0995974293995239,0.03212500000000001,77.10000000000001
-146.90572643785492,626.3357608483998,-1.5673869146516792,0.07362491053693525,0.09839295885986302,0.03216666666666667,77.2
-153.65530225686962,625.5723319751238,-1.5738700439226752,0.04973797743296935,0.09639628606958511,0.03220833333333334,77.30000000000001
-160.40497722133136,624.7361389279671,-1.5803100247513808,0.025066646712860758,0.09362348706397357,0.03225,77.4
-167.15396662871098,623.8270961450233,-1.5867066805824699,1.4698237512314592e-15,0.09009688679024189,0.03229166666666667,77.5
-173.90148399787216,622.8451265291523,-1.593059836048393,-0.025066646712860657,0.08584487936018675,0.03233333333333334,77.60000000000001
-180.6467411604009,621.7901614758207,-1.599369316974181,-0.04973797743296926,0.08090169943749512,0.03237500000000001,77.7
-187.38894835233305,620.662140899957,-1.6056349503822296,-0.0736249105369378,0.07530714660036081,0.03241666666666667,77.80000000000001
-194.12731430624314,619.4610132618163,-1.6118565644970317,-0.09635073482034376,0.06910626489868642,0.03245833333333333,77.9
-200.86104634371563,618.1867355918498,-1.6180339887498947,-0.11755705045849402,0.06234898018587357,0.0325,78.0
-207.58935046816103,616.8392735145719,-1.624167053783613,-0.1369094211857402,0.05508969814520959,0.03254166666666667,78.10000000000001
-214.31143145797688,615.4186012714252,-1.6302555914571086,-0.1541026485551572,0.047386866247300735,0.03258333333333334,78.2
-221.02649296005345,613.9247017426319,-1.6362994348500475,-0.16886558510040467,0.03930250316539098,0.03262500000000001,78.30000000000001
-227.73373758358636,612.3575664680358,-1.6422984182674085,-0.18096541049320455,0.030901699437493654,0.03266666666666667,78.4
-234.43236699421723,610.7171956669195,-1.6482523772440314,-0.19021130325902982,0.022252093395632055,0.03270833333333333,78.5
-241.12158200846363,609.0035982568048,-1.6541611485491243,-0.19645745014573798,0.013423326581765116,0.03275,78.60000000000001
-247.800582688445,607.2167918712215,-1.6600245701907352,-0.1996053456856543,0.004486483035051413,0.03279166666666667,78.7
-254.46856843688084,605.3568028764488,-1.6658424814201997,-0.19960534568565425,-0.0044864830350526365,0.03283333333333334,78.80000000000001
-261.12473809236883,603.4236663872175,-1.671614722736541,-0.19645745014573734,-0.013423326581766329,0.03287500000000001,78.9
-267.76829002490194,601.4174262813789,-1.6773411358908483,-0.19021130325903052,-0.022252093395631865,0.03291666666666667,79.0
-274.3984222316486,599.3381352135257,-1.683021563890613,-0.1809654104932031,-0.03090169943749482,0.03295833333333334,79.10000000000001
-281.0143324329484,597.1858546275727,-1.6886558510040306,-0.16886558510040284,-0.039302503165392105,0.033,79.2
-287.6152181685465,594.9606547682829,-1.6942438427642743,-0.15410264855515682,-0.04738686624730057,0.03304166666666667,79.30000000000001
-294.20027689402775,592.6626146917446,-1.6997853859737275,-0.13690942118573768,-0.055089698145210614,0.03308333333333334,79.4
-300.768706077449,590.2918222747941,-1.7052803287081848,-0.11755705045849583,-0.06234898018587342,0.033125,79.5
-307.319703296176,587.848374223372,-1.7107285203210132,-0.09635073482034325,-0.06910626489868626,0.03316666666666667,79.60000000000001
-313.85246633386294,585.3323760798326,-1.7161298114472887,-0.0736249105369346,-0.07530714660036068,0.03320833333333333,79.7
-320.36619327764197,582.7439422291687,-1.7214840540078875,-0.04973797743296869,-0.080901699437495,0.03325000000000001,79.80000000000001
-326.86008261541446,580.083195904193,-1.7267911012135433,-0.025066646712860075,-0.08584487936018666,0.03329166666666667,79.9
-333.3333333333328,577.350269189626,-1.732050807568877,-7.837739514543061e-16,-0.0900968867902418,0.03333333333333333,80.0
-339.785145013373,574.5453030251324,-1.7372630288763826,0.02506664671286134,-0.093623487063974,0.03337500000000001,80.10000000000001
-346.2147179310418,571.668447207272,-1.7424276222403787,0.049737977432969926,-0.09639628606958545,0.03341666666666667,80.2
-352.62125315319383,568.7198603903762,-1.7475444460709308,0.07362491053693843,-0.09839295885986324,0.03345833333333334,80.30000000000001
-359.00395263592776,565.6997100863501,-1.7526133600877272,0.09635073482034187,-0.09959742939952387,0.0335,80.4
-365.36201932258024,562.6081726633888,-1.7576342253239305,0.11755705045849457,-0.1,0.033541666666666664,80.5
-371.69465724177974,559.4454333436167,-1.7626069041299848,0.13690942118573862,-0.09959742939952387,0.03358333333333334,80.60000000000001
-378.00107160555774,556.2116861996429,-1.7675312601773867,0.15410264855515762,-0.09839295885986296,0.033625,80.7
-384.28046890751796,552.9071341500271,-1.77240715846243,0.16886558510040506,-0.09639628606958503,0.03366666666666667,80.80000000000001
-390.53205702102287,549.531988953667,-1.7772344653098977,0.18096541049320486,-0.09362348706397344,0.03370833333333333,80.9
-396.7550452974192,546.0864712030896,-1.7820130483767356,0.19021130325903005,-0.09009688679024236,0.03375,81.0
-402.9486446642625,542.5708103166612,-1.7867427766556754,0.19645745014573812,-0.08584487936018659,0.03379166666666667,81.10000000000001
-409.11206772354035,538.985244529706,-1.7914235204788258,0.19960534568565436,-0.08090169943749492,0.03383333333333333,81.2
-415.24452884989233,535.3300208845299,-1.7960551515212317,0.19960534568565422,-0.07530714660036059,0.03387500000000001,81.30000000000001
-421.34524428878757,531.6053952193611,-1.8006375428043873,0.19645745014573773,-0.06910626489868617,0.03391666666666667,81.4
-427.41343225468125,527.8116321561928,-1.8051705686997213,0.19021130325903118,-0.06234898018587442,0.03395833333333333,81.5
-433.44831302910956,523.9490050875362,-1.8096541049320396,0.1809654104932028,-0.0550896981452093,0.034,81.60000000000001
-439.44910905872325,520.0177961620853,-1.8140880285829302,0.16886558510040248,-0.04738686624729918,0.03404166666666667,81.7
-445.41504505325605,516.01829626928,-1.8184722180941377,0.15410264855515454,-0.03930250316539067,0.03408333333333334,81.80000000000001
-451.3453480833919,511.95080502278904,-1.8228065532708901,0.13690942118573926,-0.03090169943749468,0.034125,81.9
-457.2392476785533,507.815630742886,-1.827090915285201,0.11755705045849758,-0.022252093395631722,0.03416666666666667,82.0
-463.09597592455356,503.6130904377518,-1.831325186679122,0.09635073482034265,-0.013423326581764778,0.034208333333333334,82.10000000000001
-468.9147675611521,499.34350978366655,-1.8355092513679625,0.07362491053693661,-0.00448648303505107,0.03425,82.2
-474.69486007945403,495.00722310412675,-1.839642994643476,0.049737977432968025,0.00448648303505298,0.03429166666666667,82.30000000000001
-480.43549381917825,490.60457334785775,-1.8437263031770015,0.025066646712859394,0.01342332658176667,0.03433333333333334,82.4
-486.13591206575086,486.135912065752,-1.847759065022573,2.939895094717554e-15,0.022252093395630813,0.034375,82.5
-491.79536114724635,481.6015993866999,-1.8517411696199895,-0.025066646712862017,0.030901699437495146,0.03441666666666667,82.60000000000001
-497.41309053112184,477.00200399235484,-1.8556725077978398,-0.04973797743297059,0.039302503165392425,0.034458333333333334,82.7
-502.9883529207742,472.33750309079505,-1.8595529717765036,-0.07362491053693908,0.04738686624730087,0.0345,82.80000000000001
-508.5204043518838,467.60848238910404,-1.8633824551710985,-0.09635073482034497,0.0550896981452109,0.03454166666666667,82.9
-514.0085042885305,462.8153360648774,-1.8671608529944037,-0.11755705045849513,0.06234898018587368,0.034583333333333334,83.0
-519.4519157190942,457.95846673662794,-1.8708880616597348,-0.13690942118573704,0.06910626489868651,0.03462500000000001,83.10000000000001
-524.8499052518843,453.03828543314006,-1.874563978983783,-0.15410264855515807,0.07530714660036092,0.03466666666666667,83.2
-530.2017432105478,448.05521156170875,-1.8781885041894184,-0.1688655851004039,0.0809016994374952,0.034708333333333334,83.30000000000001
-535.5067037291736,443.00967287533945,-1.881761537908451,-0.18096541049320514,0.08584487936018682,0.03475,83.4
-540.7640648471419,437.9021054388455,-1.885282982184357,-0.19021130325903113,0.09009688679024194,0.034791666666666665,83.5
-545.9731086036686,432.7329535938893,-1.8887527404749622,-0.1964574501457377,0.09362348706397362,0.03483333333333334,83.60000000000001
-551.133121132044,427.50266992295116,-1.8921707176550906,-0.19960534568565422,0.09639628606958517,0.034875,83.7
-556.2433927535642,422.21171521222465,-1.8955368200191718,-0.1996053456856542,0.09839295885986304,0.03491666666666667,83.80000000000001
-561.303218071121,416.8605584134596,-1.8988509552838078,-0.1964574501457376,0.09959742939952392,0.034958333333333334,83.9
-566.311896062463,411.44967660473134,-1.902113032590307,-0.190211303259031,0.1,0.034999999999999996,84.0
-571.2687301730954,405.9795549501603,-1.9053229625071721,-0.18096541049320372,0.09959742939952397,0.03504166666666667,84.10000000000001
-576.1730284088158,400.45068665857616,-1.9084806570325539,-0.16886558510040361,0.09839295885986316,0.035083333333333334,84.2
-581.0241034278803,394.8635729411211,-1.9115860295966607,-0.15410264855515593,0.09639628606958532,0.03512500000000001,84.30000000000001
-585.8212726327703,389.21872296781834,-1.9146389950641347,-0.13690942118573668,0.09362348706397383,0.03516666666666667,84.4
-590.5638582615695,383.51665382308164,-1.917639469736386,-0.11755705045849472,0.09009688679024219,0.035208333333333335,84.5
-595.2511874789211,377.757890460192,-1.9205873713538864,-0.09635073482033955,0.08584487936018567,0.035250000000000004,84.60000000000001
-599.8825924665609,371.942965654739,-1.9234826190984222,-0.07362491053693862,0.08090169943749555,0.035291666666666666,84.7
-604.4574105134253,366.0724199570111,-1.9263251335953162,-0.049737977432970114,0.07530714660036036,0.03533333333333334,84.80000000000001
-608.9749841052898,360.14680164338824,-1.9291148369155964,-0.025066646712861535,0.06910626489868592,0.035375000000000004,84.9
-613.4346610139776,354.1666666666665,-1.9318516525781366,5.883256481000002e-16,0.06234898018587303,0.03541666666666667,85.0
-617.8357943860676,348.1325786054043,-1.934535505551754,0.0250666467128627,0.055089698145209025,0.035458333333333335,85.10000000000001
-622.1777428311435,342.04510861221746,-1.9371663222572624,0.04973797743297401,0.047386866247298876,0.035500000000000004,85.2
-626.4598705095322,335.90483536108593,-1.9397440305694935,0.07362491053693707,0.03930250316539166,0.03554166666666667,85.30000000000001
-630.6815472195475,329.71234499363527,-1.942268559819272,0.09635073482034306,0.03090169943749435,0.035583333333333335,85.4
-634.8421484842123,323.46823106442673,-1.944739840795353,0.11755705045849339,0.02225209339563139,0.035625000000000004,85.5
-638.9410556374478,317.1730944852483,-1.9471578057463208,0.13690942118573962,0.013423326581764436,0.03566666666666667,85.60000000000001
-642.9776559097336,310.82754346840323,-1.9495223883824437,0.1541026485551585,0.004486483035050727,0.035708333333333335,85.7
-646.9513425132042,304.43219346902674,-1.9518335238774949,0.16886558510040273,-0.004486483035051903,0.035750000000000004,85.80000000000001
-650.8615147261938,297.9876671264029,-1.9540911488705273,0.18096541049320422,-0.013423326581765602,0.03579166666666667,85.9
-654.707577977197,291.4945942043241,-1.9562952014676112,0.19021130325903046,-0.02225209339563115,0.035833333333333335,86.0
-658.4889439282565,284.95361153045496,-1.9584456212435315,0.19645745014573834,-0.030901699437495468,0.035875000000000004,86.10000000000001
-662.2050305577394,278.3653629347609,-1.960542349243444,0.19960534568565444,-0.039302503165392744,0.03591666666666667,86.2
-665.8552622425215,271.7304991869472,-1.9625853279844905,0.19960534568565433,-0.047386866247299916,0.035958333333333335,86.30000000000001
-669.4390698395412,265.04967793296817,-1.9645745014573774,0.196457450145738,-0.05508969814521,0.036000000000000004,86.4
-672.9558907667328,258.3235636305711,-1.966509815127909,0.19021130325903166,-0.06234898018587284,0.036041666666666666,86.5
-676.4051690833153,251.5528274839097,-1.968391215938484,0.18096541049320344,-0.06910626489868676,0.03608333333333334,86.60000000000001
-679.7863555694279,244.73814737722313,-1.9702186523095477,0.16886558510040325,-0.07530714660036114,0.036125000000000004,86.7
-683.0989078051115,237.88020780757458,-1.97199207414101,0.1541026485551555,-0.08090169943749541,0.03616666666666667,86.80000000000001
-686.3422902486085,230.9796998166855,-1.9737114328136147,0.13690942118573826,-0.08584487936018628,0.036208333333333335,86.9
-689.5159743139862,224.03732092183714,-1.9753766811902753,0.11755705045849647,-0.09009688679024147,0.03625,87.0
-692.6194384480647,217.05377504587574,-1.976987773617367,0.09635073482034144,-0.09362348706397375,0.03629166666666667,87.10000000000001
-695.6521682066355,210.02977244631592,-1.9785446659259767,0.07362491053693533,-0.09639628606958525,0.036333333333333336,87.2
-698.6136563299764,202.96602964353843,-1.9800473154331153,0.0497379774329667,-0.0983929588598631,0.03637500000000001,87.30000000000001
-701.5034028176278,195.86326934811814,-1.9814956809428872,0.025066646712858034,-0.09959742939952394,0.036416666666666674,87.4
-704.3209150024456,188.72222038725474,-1.9828897227476205,1.5677954951632476e-15,-0.1,0.036458333333333336,87.5
-707.0657076239011,181.54361763034328,-1.9842294026289558,-0.025066646712860564,-0.09959742939952393,0.036500000000000005,87.60000000000001
-709.7373029006258,174.32820191367927,-1.985514683858891,-0.04973797743297192,-0.0983929588598631,0.03654166666666667,87.7
-712.3352306021959,167.07671996429536,-1.9867455312007931,-0.0736249105369377,-0.09639628606958485,0.03658333333333334,87.80000000000001
-714.8590281201326,159.78992432296678,-1.9879219109103594,-0.09635073482034617,-0.09362348706397322,0.036625000000000005,87.9
-717.3082405381239,152.46857326635794,-1.9890437907365466,-0.11755705045849163,-0.09009688679024266,0.03666666666666667,88.0
-719.6824207014477,145.11343072834083,-1.9901111399224525,-0.13690942118573804,-0.08584487936018623,0.036708333333333336,88.10000000000001
-721.981129285586,137.7252662205084,-1.99112392920616,-0.15410264855515712,-0.0809016994374945,0.03675,88.2
-724.2039348640342,130.30485475182542,-1.9920821308215393,-0.1688655851004046,-0.07530714660036014,0.036791666666666674,88.30000000000001
-726.350413975272,122.85297674752913,-1.9929857184990087,-0.18096541049320453,-0.06910626489868567,0.036833333333333336,88.4
-728.4201511889141,115.37041796716987,-1.993834667466256,-0.19021130325903068,-0.06234898018587276,0.036875000000000005,88.5
-730.4127391710065,107.857969421914,-1.9946289544489162,-0.19645745014573796,-0.05508969814520992,0.036916666666666674,88.60000000000001
-732.3277787484752,100.31642729102389,-1.9953685576712106,-0.1996053456856543,-0.047386866247299826,0.036958333333333336,88.7
-734.1648789727137,92.7465928375849,-1.9960534568565431,-0.1996053456856541,-0.03930250316539134,0.037000000000000005,88.80000000000001
-735.9236571822937,85.14927232346558,-1.9966836332280569,-0.19645745014573734,-0.030901699437494025,0.03704166666666667,88.9
-737.6037390648029,77.52527692350905,-1.9972590695091479,-0.19021130325903057,-0.022252093395631053,0.037083333333333336,89.0
-739.204758717787,69.87542263899675,-1.99777974992394,-0.18096541049320436,-0.013423326581765505,0.037125000000000005,89.10000000000001
-740.7263587087983,62.20053021035356,-1.9982456601977168,-0.1688655851004044,-0.004486483035051805,0.037166666666666674,89.2
-742.1681901345343,54.501425029145445,-1.9986567875573125,-0.15410264855515687,0.004486483035052245,0.037208333333333336,89.30000000000001
-743.5299126790624,46.778937049338474,-1.9990131207314632,-0.13690942118573776,0.013423326581765944,0.03725,89.4
-744.8111946711197,39.03390069786277,-1.9993146499511145,-0.11755705045849361,0.022252093395631483,0.03729166666666667,89.5
-746.011713140481,31.267154784468712,-1.999561366949691,-0.09635073482034334,0.030901699437494448,0.037333333333333336,89.60000000000001
-747.1311538733844,23.47954241090104,-1.9997532649633212,-0.07362491053693734,0.039302503165391744,0.037375000000000005,89.7
-748.1692114670094,15.671910879378093,-1.9998903387310243,-0.04973797743296879,0.047386866247300215,0.037416666666666674,89.80000000000001
-749.1255893829963,7.845111600420595,-1.9999725844948535,-0.025066646712860175,0.05508969814521029,0.03745833333333334,89.9
-750.0,2.7554552980815444e-13,-2.0,-8.817456953860943e-16,0.06234898018587311,0.037500000000000006,90.0
-750.792164665272,-7.862564573948452,-1.9999725844948535,0.02506664671286406,0.06910626489868701,0.03754166666666667,90.10000000000001
-751.5018137452589,-15.741718945656729,-1.9998903387310243,0.04973797743296983,0.07530714660036042,0.03758333333333334,90.2
-752.1286866752131,-23.636596206292467,-1.9997532649633212,0.07362491053693569,0.08090169943749477,0.037625000000000006,90.30000000000001
-752.6725320078066,-31.546325809330824,-1.999561366949691,0.09635073482034429,0.08584487936018646,0.037666666666666675,90.4
-753.133107460741,-39.47003366655341,-1.9993146499511145,0.1175570504584945,0.09009688679024164,0.03770833333333334,90.5
-753.5101799633451,-47.4068422446324,-1.999013120731463,0.13690942118574062,0.09362348706397387,0.037750000000000006,90.60000000000001
-753.8035257021529,-55.355870662301925,-1.9986567875573125,0.15410264855515937,0.09639628606958534,0.03779166666666667,90.7
-754.0129301654583,-63.31623478811854,-1.9982456601977168,0.16886558510040348,0.09839295885986292,0.03783333333333334,90.80000000000001
-754.1381881868331,-71.28704733877527,-1.99777974992394,0.18096541049320358,0.09959742939952385,0.037875000000000006,90.9
-754.1791039876074,-79.26741797796937,-1.9972590695091477,0.19021130325903002,0.1,0.03791666666666667,91.0
-754.1354912183009,-87.2564534158356,-1.9966836332280566,0.1964574501457381,0.09959742939952378,0.037958333333333344,91.10000000000001
-754.0071729990033,-95.25325750887042,-1.9960534568565431,0.19960534568565436,0.09839295885986277,0.038000000000000006,91.2
-753.79398195869,-103.25693136043463,-1.9953685576712106,0.19960534568565425,0.09639628606958514,0.038041666666666675,91.30000000000001
-753.4957602734763,-111.26657342170306,-1.9946289544489162,0.19645745014573776,0.0936234870639736,0.03808333333333334,91.4
-753.1123597037927,-119.28127959317509,-1.9938346674662561,0.19021130325903124,0.0900968867902419,0.038125,91.5
-752.6436416304855,-127.30014332662465,-1.9929857184990085,0.18096541049320283,0.08584487936018605,0.038166666666666675,91.60000000000001
-752.0894770898292,-135.32225572754763,-1.992082130821539,0.1688655851004025,0.08090169943749431,0.03820833333333334,91.7
-751.4497468074469,-143.34670565807963,-1.99112392920616,0.15410264855515826,0.07530714660036085,0.038250000000000006,91.80000000000001
-750.7243412311353,-151.3725798403472,-1.9901111399224527,0.13690942118573932,0.06910626489868645,0.03829166666666667,91.9
-749.9131605625843,-159.39896296028277,-1.9890437907365468,0.11755705045849536,0.062348980185873606,0.03833333333333334,92.0
-749.0161147879887,-167.42493777184654,-1.9879219109103594,0.09635073482034273,0.055089698145209635,0.038375000000000006,92.10000000000001
-748.0331237075449,-175.44958520168677,-1.986745531200793,0.07362491053693405,0.04738686624729953,0.03841666666666667,92.2
-746.9641169638284,-183.4719844541923,-1.9855146838588908,0.04973797743296812,0.03930250316539102,0.038458333333333344,92.30000000000001
-745.8090340690459,-191.49121311693818,-1.9842294026289558,0.025066646712862312,0.030901699437495052,0.038500000000000006,92.4
-744.567824431157,-199.50634726652595,-1.982889722747621,3.037866838649342e-15,0.022252093395632104,0.03854166666666667,92.5
-743.2404473788595,-207.5164615747804,-1.9814956809428872,-0.025066646712861924,0.013423326581765167,0.03858333333333334,92.60000000000001
-741.8268721854387,-215.52062941530448,-1.980047315433115,-0.049737977432970495,0.004486483035051462,0.03862500000000001,92.7
-740.3270780914653,-223.51792297039208,-1.9785446659259764,-0.07362491053693897,-0.004486483035052588,0.038666666666666676,92.80000000000001
-738.741054326351,-231.50741333825394,-1.976987773617367,-0.09635073482034488,-0.013423326581766282,0.03870833333333334,92.9
-737.0688001287441,-239.48817064058397,-1.9753766811902755,-0.11755705045849274,-0.022252093395630432,0.03875000000000001,93.0
-735.3103247657701,-247.45926413041983,-1.9737114328136145,-0.13690942118573904,-0.030901699437494774,0.03879166666666667,93.10000000000001
-733.4656475511104,-255.41976230029977,-1.9719920741410097,-0.15410264855515798,-0.039302503165392064,0.03883333333333334,93.2
-731.5347978619101,-263.368732990715,-1.9702186523095477,-0.16886558510040536,-0.04738686624730052,0.03887500000000001,93.30000000000001
-729.5178151545223,-271.3052434988133,-1.9683912159384838,-0.1809654104932051,-0.05508969814521058,0.038916666666666676,93.4
-727.4147489790696,-279.22836068737973,-1.9665098151279092,-0.1902113032590311,-0.06234898018587337,0.03895833333333334,93.5
-725.2256589928363,-287.13715109404825,-1.9645745014573774,-0.19645745014573768,-0.06910626489868624,0.03900000000000001,93.60000000000001
-722.9506149724708,-295.0306810407534,-1.9625853279844903,-0.19960534568565422,-0.07530714660036064,0.03904166666666667,93.7
-720.5896968250114,-302.90801674339366,-1.9605423492434433,-0.1996053456856542,-0.08090169943749498,0.03908333333333334,93.80000000000001
-718.1429945977151,-310.76822442171647,-1.9584456212435313,-0.19645745014573762,-0.08584487936018663,0.03912500000000001,93.9
-715.610608486704,-318.61037040937697,-1.9562952014676112,-0.19021130325903013,-0.09009688679024178,0.03916666666666667,94.0
-712.9926488444092,-326.4335212641989,-1.9540911488705273,-0.18096541049320378,-0.09362348706397348,0.039208333333333345,94.10000000000001
-710.2892361858251,-334.2367438785825,-1.951833523877495,-0.16886558510040367,-0.09639628606958506,0.03925000000000001,94.2
-707.500501193557,-342.0191055900874,-1.949522388382443,-0.15410264855515599,-0.09839295885986322,0.03929166666666667,94.30000000000001
-704.6265847216711,-349.7796742921438,-1.9471578057463204,-0.13690942118573676,-0.099597429399524,0.03933333333333334,94.4
-701.6676377983401,-357.5175185448922,-1.9447398407953531,-0.11755705045849481,-0.1,0.039375,94.5
-698.6238216272739,-365.23170768615887,-1.9422685598192722,-0.09635073482034462,-0.09959742939952387,0.039416666666666676,94.60000000000001
-695.4953075879566,-372.9213119424945,-1.9397440305694937,-0.07362491053693607,-0.09839295885986298,0.03945833333333334,94.7
-692.2822772346516,-380.58540254035654,-1.9371663222572622,-0.049737977432970204,-0.09639628606958504,0.03950000000000001,94.80000000000001
-688.9849222942166,-388.223051817307,-1.9345355055517537,-0.02506664671285881,-0.09362348706397347,0.03954166666666667,94.9
-685.603444662681,-395.83333333333263,-1.9318516525781364,4.90353904168212e-16,-0.09009688679024175,0.03958333333333333,95.0
-682.1380564006254,-403.4153219821694,-1.9291148369155957,0.025066646712865428,-0.08584487936018587,0.03962500000000001,95.10000000000001
-678.5889797273355,-410.9680941026829,-1.9263251335953164,0.0497379774329684,-0.08090169943749494,0.03966666666666667,95.2
-674.9564470137342,-418.49072759027854,-1.9234826190984224,0.07362491053693697,-0.07530714660036061,0.039708333333333345,95.30000000000001
-671.240700774102,-425.98230200830227,-1.9205873713538861,0.096350734820343,-0.0691062648986862,0.03975000000000001,95.4
-667.4419936565669,-433.4418986994586,-1.9176394697363863,0.1175570504584933,-0.06234898018587334,0.03979166666666667,95.5
-663.5605884323791,-440.8686008971978,-1.9146389950641345,0.13690942118573954,-0.055089698145209344,0.03983333333333334,95.60000000000001
-659.5967579839631,-448.26149383707406,-1.9115860295966598,0.15410264855515843,-0.04738686624729923,0.039875,95.7
-655.5507852917401,-455.61966486807194,-1.9084806570325534,0.1688655851004042,-0.03930250316539202,0.03991666666666668,95.80000000000001
-651.4229634197362,-462.94220356385773,-1.9053229625071724,0.1809654104932042,-0.030901699437494726,0.03995833333333334,95.9
-647.2135954999582,-470.22820183397823,-1.9021130325903073,0.19021130325903043,-0.022252093395631767,0.04000000000000001,96.0
-642.9229947155505,-477.4767540349645,-1.8988509552838075,0.19645745014573834,-0.013423326581764825,0.04004166666666667,96.10000000000001
-638.5514842827306,-484.6869570813372,-1.8955368200191713,0.19960534568565444,-0.0044864830350511194,0.04008333333333333,96.2
-634.0993974314911,-491.8579105565145,-1.8921707176550908,0.19960534568565433,0.0044864830350515115,0.04012500000000001,96.30000000000001
-629.567077385091,-498.98871682357634,-1.888752740474962,0.196457450145738,0.013423326581765213,0.04016666666666667,96.4
-624.9548773383142,-506.078481135911,-1.8852829821843569,0.1902113032590308,0.022252093395630765,0.04020833333333334,96.5
-620.2631604345098,-513.1263117476959,-1.8817615379084507,0.18096541049320347,0.030901699437495097,0.04025000000000001,96.60000000000001
-615.4922997414156,-520.1313200242171,-1.8781885041894182,0.16886558510040178,0.03930250316539238,0.04029166666666667,96.7
-610.6426782257495,-527.0926205520194,-1.8745639789837831,0.15410264855515737,0.04738686624729957,0.04033333333333334,96.80000000000001
-605.7146887265966,-534.0093312488483,-1.870888061659735,0.13690942118573832,0.05508969814520968,0.040375,96.9
-600.7087339275603,-540.8805734734105,-1.8671608529944042,0.11755705045849654,0.06234898018587254,0.04041666666666667,97.0
-595.6252263277187,-547.7054721348861,-1.8633824551710974,0.09635073482034152,0.06910626489868647,0.04045833333333334,97.10000000000001
-590.4645882113429,-554.4831558022382,-1.8595529717765025,0.07362491053693541,0.07530714660036086,0.04050000000000001,97.2
-585.227251616422,-561.2127568132548,-1.85567250779784,0.04973797743297229,0.08090169943749434,0.04054166666666667,97.30000000000001
-579.9136583019582,-567.893411383349,-1.8517411696199897,0.025066646712860952,0.08584487936018609,0.04058333333333334,97.4
-574.5242597140696,-574.5242597140701,-1.847759065022574,1.6657672390950357e-15,0.0900968867902413,0.040625,97.5
-569.0595169508707,-581.1044461013466,-1.843726303177001,-0.025066646712863284,0.09362348706397411,0.04066666666666667,97.60000000000001
-563.5199007261557,-587.6331190434171,-1.839642994643475,-0.04973797743297182,0.09639628606958553,0.04070833333333334,97.7
-557.9058913318811,-594.1094313484507,-1.8355092513679614,-0.07362491053694024,0.0983929588598633,0.04075000000000001,97.80000000000001
-552.2179785994365,-600.5325402418507,-1.8313251866791223,-0.0963507348203411,0.09959742939952392,0.04079166666666667,97.9
-546.4566618597347,-606.9016074732048,-1.8270909152852022,-0.11755705045849155,0.1,0.04083333333333333,98.0
-540.6224499020843,-613.2157994229018,-1.8228065532708904,-0.13690942118573798,0.09959742939952385,0.04087500000000001,98.10000000000001
-534.7158609319033,-619.4742872083538,-1.8184722180941373,-0.15410264855515707,0.0983929588598629,0.04091666666666667,98.2
-528.7374225272025,-625.6762467898781,-1.8140880285829297,-0.16886558510040456,0.09639628606958495,0.04095833333333334,98.30000000000001
-522.6876715939256,-631.8208590761471,-1.8096541049320383,-0.18096541049320447,0.09362348706397335,0.04100000000000001,98.4
-516.5671543200752,-637.9073100292632,-1.8051705686997215,-0.19021130325902977,0.09009688679024222,0.04104166666666667,98.5
-510.3764261286782,-643.9347907693987,-1.8006375428043868,-0.19645745014573793,0.08584487936018642,0.04108333333333334,98.60000000000001
-504.11605162957335,-649.9024976790051,-1.7960551515212313,-0.19960534568565427,0.08090169943749474,0.041125,98.7
-497.7866045700215,-655.8096325065889,-1.7914235204788254,-0.1996053456856541,0.07530714660036039,0.04116666666666668,98.80000000000001
-491.38866778416156,-661.6554024700104,-1.786742776655675,-0.19645745014573737,0.06910626489868595,0.04120833333333334,98.9
-484.9228331412906,-667.4390203593315,-1.782013048376736,-0.19021130325903057,0.06234898018587307,0.04125,99.0
-478.3897014929952,-673.1597046391647,-1.7772344653098973,-0.1809654104932044,0.055089698145210246,0.04129166666666667,99.10000000000001
-471.7898826191301,-678.8166795505286,-1.7724071584624295,-0.16886558510040295,0.04738686624730018,0.04133333333333333,99.2
-465.1239951726373,-684.4091752122006,-1.7675312601773863,-0.15410264855515693,0.0393025031653917,0.04137500000000001,99.30000000000001
-458.3926666232364,-689.9364277215327,-1.762606904129984,-0.13690942118573576,0.030901699437494396,0.04141666666666667,99.4
-451.5965331999601,-695.3976792547475,-1.7576342253239308,-0.1175570504584937,0.022252093395631434,0.04145833333333334,99.5
-444.7362398325665,-700.7921781666731,-1.7526133600877276,-0.09635073482034341,0.013423326581765893,0.04150000000000001,99.60000000000001
-437.8124400918239,-706.1191790899188,-1.747544446070931,-0.07362491053693743,0.004486483035052196,0.04154166666666667,99.7
-430.8257961286523,-711.3779430334887,-1.742427622240378,-0.04973797743296888,-0.004486483035051853,0.04158333333333334,99.80000000000001
-423.7769786121848,-716.5677374807827,-1.737263028876382,-0.02506664671286027,-0.013423326581765555,0.041625,99.9
-416.6666666666666,-721.6878364870323,-1.7320508075688772,-9.797174393178826e-16,-0.0222520933956311,0.04166666666666667,100.0
-409.495547807297,-726.7375207760913,-1.7267911012135435,0.025066646712861147,-0.030901699437494073,0.04170833333333334,100.10000000000001
-402.26431787493186,-731.7160778366265,-1.7214840540078877,0.04973797743296973,-0.039302503165391384,0.04175000000000001,100.2
-394.9736809697177,-736.6228020176561,-1.7161298114472892,0.07362491053693825,-0.047386866247299875,0.04179166666666667,100.30000000000001
-387.6243493836181,-741.4569946234493,-1.7107285203210127,0.09635073482034419,-0.05508969814520997,0.041833333333333333,100.4
-380.2170435318701,-746.2179640077583,-1.7052803287081841,0.1175570504584944,-0.06234898018587281,0.041875,100.5
-372.7524918833643,-750.9050256673744,-1.699785385973727,0.13690942118574054,-0.06910626489868775,0.04191666666666667,100.60000000000001
-365.23143088994414,-755.5175023350079,-1.6942438427642748,0.15410264855515568,-0.07530714660036017,0.04195833333333334,100.7
-357.65460491466087,-760.0547240714567,-1.68865585100403,0.1688655851004034,-0.08090169943749537,0.04200000000000001,100.80000000000001
-350.02276615895295,-764.5160283570774,-1.6830215638906125,0.18096541049320355,-0.08584487936018698,0.04204166666666667,100.9
-342.33667458879927,-768.900760182522,-1.6773411358908485,0.19021130325903085,-0.09009688679024208,0.042083333333333334,101.0
-334.5970978598026,-773.2082721387541,-1.6716147227365394,0.19645745014573807,-0.09362348706397422,0.042125,101.10000000000001
-326.80481124127397,-777.4379245063019,-1.6658424814201982,0.1996053456856545,-0.09639628606958561,0.04216666666666667,101.2
-318.96059753925556,-781.5890853437708,-1.6600245701907346,0.19960534568565425,-0.0983929588598631,0.04220833333333334,101.30000000000001
-311.06524701855295,-785.6611305755725,-1.6541611485491237,0.1964574501457378,-0.09959742939952394,0.04225000000000001,101.4
-303.1195573237337,-789.653444078883,-1.6482523772440316,0.19021130325903124,-0.1,0.04229166666666667,101.5
-295.1243333991366,-793.5654177698017,-1.6422984182674079,0.1809654104932029,-0.09959742939952382,0.04233333333333334,101.60000000000001
-287.08038740788464,-797.396451688706,-1.636299434850047,0.1688655851004026,-0.09839295885986284,0.042375,101.7
-278.9885386498974,-801.1459540847967,-1.630255591457108,0.15410264855515832,-0.09639628606958524,0.04241666666666667,101.80000000000001
-270.84961347894426,-804.8133414998067,-1.6241670537836124,0.13690942118573732,-0.09362348706397372,0.04245833333333334,101.9
-262.6644452187057,-808.3980388508804,-1.6180339887498951,0.11755705045849774,-0.09009688679024208,0.0425,102.0
-254.43387407788654,-811.8994795125992,-1.611856564497031,0.09635073482034033,-0.08584487936018625,0.04254166666666667,102.10000000000001
-246.15874706437495,-815.3171053981439,-1.605634950382229,0.07362491053693679,-0.08090169943749453,0.042583333333333334,102.2
-237.839917898442,-818.6503670395944,-1.5993693169741814,0.04973797743297097,-0.0753071466003611,0.04262500000000001,102.30000000000001
-229.47824692502633,-821.8987236673352,-1.5930598360483934,0.02506664671285959,-0.06910626489868672,0.04266666666666667,102.4
-221.07460102506994,-825.0616432885791,-1.5867066805824703,3.1358385825811304e-15,-0.06234898018587392,0.042708333333333334,102.5
-212.62985352595004,-828.13860276498,-1.5803100247513802,-0.025066646712864644,-0.055089698145209955,0.04275000000000001,102.60000000000001
-204.14488411100186,-831.1290878893303,-1.5738700439226745,-0.0497379774329704,-0.047386866247299875,0.04279166666666667,102.7
-195.6205787281272,-834.032593461341,-1.5673869146516786,-0.07362491053694152,-0.039302503165391384,0.04283333333333334,102.80000000000001
-187.05782949753456,-836.848623362476,-1.56086081467666,-0.0963507348203398,-0.030901699437495423,0.042875,102.9
-178.45753461857808,-839.5766906298495,-1.5542919229139427,-0.11755705045849266,-0.022252093395632486,0.042916666666666665,103.0
-169.82059827573147,-842.216317529163,-1.5476804194530116,-0.1369094211857369,-0.013423326581765552,0.04295833333333334,103.10000000000001
-161.14793054372413,-844.767035626672,-1.541026485551578,-0.15410264855515793,-0.004486483035051853,0.043000000000000003,103.2
-152.44044729177315,-847.2283858601895,-1.534330303630598,-0.16886558510040378,0.004486483035052196,0.04304166666666667,103.30000000000001
-143.69907008704203,-849.5999186090851,-1.5275920572692836,-0.18096541049320505,0.013423326581765893,0.043083333333333335,103.4
-134.92472609719871,-851.8811937633063,-1.5208119312000627,-0.19021130325903018,0.02225209339563005,0.043125000000000004,103.5
-126.11834799221552,-854.07178079138,-1.513990111303513,-0.19645745014573768,0.030901699437494396,0.04316666666666667,103.60000000000001
-117.28087384531209,-856.1712588074057,-1.5071267846032763,-0.19960534568565436,0.0393025031653917,0.043208333333333335,103.7
-108.41324703312293,-858.1792166370235,-1.5002221392609176,-0.1996053456856542,0.04738686624730143,0.04325000000000001,103.80000000000001
-99.516416135074,-860.0952528823432,-1.4932763645707818,-0.19645745014573712,0.05508969814521143,0.04329166666666667,103.9
-90.5913348319657,-861.918975985837,-1.486289650954788,-0.19021130325903104,0.06234898018587418,0.043333333333333335,104.0
-81.63896180381109,-863.650004293172,-1.4792621899572194,-0.1809654104932038,0.06910626489868697,0.043375000000000004,104.10000000000001
-72.66026062689289,-865.2879661149864,-1.472194174239469,-0.1688655851004022,0.07530714660036132,0.04341666666666667,104.2
-63.656199670099376,-866.8324997875916,-1.465085797574757,-0.15410264855515607,0.08090169943749559,0.04345833333333334,104.30000000000001
-54.627751990502695,-868.2832537325962,-1.457937254842823,-0.13690942118573476,0.08584487936018716,0.043500000000000004,104.4
-45.575895228230884,-869.6398865154414,-1.4507487420245746,-0.11755705045849488,0.09009688679024222,0.04354166666666667,104.5
-36.501611500618665,-870.9020669028383,-1.443520456196724,-0.09635073482034222,0.09362348706397385,0.043583333333333335,104.60000000000001
-27.405887295667153,-872.0694739191008,-1.4362525955263779,-0.0736249105369388,0.09639628606958534,0.043625000000000004,104.7
-18.28971336479765,-873.1417969013651,-1.428945359265606,-0.049737977432967546,0.09839295885986316,0.04366666666666667,104.80000000000001
-9.154084614951337,-874.1187355536853,-1.4215989477459847,-0.02506664671286173,0.09959742939952397,0.04370833333333334,104.9
-3.750480822388769e-13,-875.0,-1.4142135623730954,3.923821602364237e-16,0.1,0.043750000000000004,105.0
9.171537588479218,-875.7853108359611,-1.4067894056210086,0.025066646712862507,0.09959742939952392,0.04379166666666667,105.10000000000001
18.359521431076306,-876.4743991796146,-1.3993266810267309,0.04973797743296831,0.09839295885986304,0.043833333333333335,105.2
27.562941091058608,-877.0670067209295,-1.3918255931846277,0.07362491053693952,0.09639628606958515,0.043875000000000004,105.30000000000001
36.780782525480795,-877.562885770164,-1.3842863477408132,0.0963507348203429,0.09362348706397361,0.04391666666666667,105.4
46.01202819692133,-877.9617993050628,-1.376709151387508,0.11755705045849552,0.09009688679024191,0.043958333333333335,105.5
55.25565718579664,-878.2635210168789,-1.369094211857378,0.13690942118573532,0.08584487936018681,0.04400000000000001,105.60000000000001
64.51064530325587,-878.4678353552102,-1.3614417379178367,0.15410264855515657,0.08090169943749517,0.04404166666666667,105.7
73.7759652046579,-878.5745375716464,-1.3537519393653203,0.16886558510040262,0.07530714660036086,0.044083333333333335,105.80000000000001
83.05058650358961,-878.5834337622181,-1.346025027019546,0.18096541049320414,0.06910626489868647,0.044125000000000004,105.9
92.3334758864258,-878.4943409086416,-1.3382612127177163,0.19021130325903127,0.06234898018587365,0.04416666666666667,106.0
101.62359722744404,-878.3070869183504,-1.3304607093087206,0.19645745014573834,0.05508969814520968,0.04420833333333334,106.10000000000001
110.91991170440826,-878.021510663313,-1.3226237306473045,0.19960534568565425,0.04738686624730082,0.044250000000000005,106.2
120.22137791472286,-877.6374620176204,-1.3147504915881916,0.19960534568565433,0.03930250316539238,0.044291666666666674,106.30000000000001
129.5269519920044,-877.1548018938498,-1.3068412079802114,0.1964574501457375,0.030901699437495097,0.044333333333333336,106.4
138.83558772320373,-876.5734022781849,-1.2988960966603669,0.1902113032590317,0.022252093395632153,0.044375,106.5
148.14623666613736,-875.8931462642986,-1.2909153754479,0.1809654104932023,0.013423326581765213,0.044416666666666674,106.60000000000001
157.4578482674954,-875.1139280859844,-1.282899263138315,0.16886558510040336,0.004486483035051511,0.044458333333333336,106.7
166.7693699812952,-874.235653148533,-1.2748479794973793,0.15410264855515743,-0.0044864830350511194,0.04450000000000001,106.80000000000001
176.07974738773788,-873.2582380588506,-1.2667617452551005,0.13690942118573632,-0.013423326581764825,0.044541666666666674,106.9
185.38792431250275,-872.1816106543099,-1.2586407820996757,0.11755705045849663,-0.022252093395630383,0.044583333333333336,107.0
194.69284294641434,-871.0057100303321,-1.2504853126714104,0.09635073482033912,-0.03090169943749608,0.044625000000000005,107.10000000000001
203.99344396551862,-869.7304865666899,-1.2422955605566197,0.07362491053693551,-0.03930250316539333,0.04466666666666667,107.2
213.28866665151492,-868.3559019525329,-1.2340717502814968,0.04973797743296964,-0.04738686624730048,0.04470833333333334,107.30000000000001
222.57744901254497,-866.8819292101249,-1.225814107305953,0.025066646712863867,-0.05508969814521053,0.044750000000000005,107.4
231.8587279043409,-865.3085527172905,-1.217522858017442,1.7637389830268241e-15,-0.06234898018587334,0.044791666666666674,107.5
241.13143915168862,-863.6357682285668,-1.2091982297247494,-0.02506664671286037,-0.06910626489868722,0.044833333333333336,107.60000000000001
250.39451767020805,-861.8635828950567,-1.2008404506517683,-0.04973797743297173,-0.07530714660036156,0.044875000000000005,107.7
259.64689758845105,-859.9920152829737,-1.1924497499312323,-0.07362491053693752,-0.08090169943749494,0.044916666666666674,107.80000000000001
268.88751237026474,-858.0210953908855,-1.1840263575984389,-0.09635073482034101,-0.0858448793601866,0.044958333333333336,107.9
278.1152949374523,-855.9508646656384,-1.1755705045849467,-0.11755705045849377,-0.09009688679024175,0.045000000000000005,108.0
287.3291777926786,-853.7813760169682,-1.1670824227122345,-0.13690942118573787,-0.09362348706397397,0.045041666666666674,108.10000000000001
296.52809314262265,-851.5126938307955,-1.1585623446853577,-0.15410264855515882,-0.09639628606958542,0.045083333333333336,108.2
305.7109730213765,-849.1448939811883,-1.1500105040865563,-0.1688655851004045,-0.09839295885986321,0.045125000000000005,108.30000000000001
314.8767494140402,-846.6780638410087,-1.1414271353688643,-0.18096541049320322,-0.09959742939952387,0.045166666666666674,108.4
324.0243543805422,-844.11230229122,-1.1328124738496672,-0.1902113032590306,-0.1,0.045208333333333336,108.5
333.15272017963287,-841.4477197288678,-1.1241667557042603,-0.1964574501457379,-0.09959742939952387,0.045250000000000005,108.60000000000001
342.2607793930618,-838.6844380737201,-1.11549021795938,-0.19960534568565447,-0.09839295885986298,0.045291666666666675,108.7
351.3474650499064,-835.822590773574,-1.1067830984866869,-0.1996053456856541,-0.09639628606958506,0.04533333333333334,108.80000000000001
360.4117107510641,-832.8623228082126,-1.0980456359962627,-0.19645745014573684,-0.09362348706397348,0.045375000000000006,108.9
369.452450793852,-829.8037906920291,-1.0892780700300555,-0.19021130325903238,-0.09009688679024239,0.04541666666666667,109.0
378.4686202967491,-826.6471624752927,-1.0804806409553105,-0.18096541049320322,-0.08584487936018663,0.045458333333333344,109.10000000000001
387.4591553242166,-823.3926177440775,-1.0716535899579926,-0.1688655851004045,-0.08090169943749498,0.045500000000000006,109.2
396.42299301162825,-820.0403476188313,-1.0627971590361642,-0.1541026485551552,-0.07530714660036064,0.045541666666666675,109.30000000000001
405.3590716902598,-816.5905547515977,-1.053911590993354,-0.13690942118573787,-0.06910626489868624,0.04558333333333334,109.4
414.26633101233534,-813.0434533218862,-1.0449971294318974,-0.11755705045849377,-0.06234898018587337,0.045625,109.5
423.1437120761417,-809.3992690311755,-1.0360540187462606,-0.09635073482034101,-0.05508969814521058,0.045666666666666675,109.60000000000001
431.9901575511261,-805.6582390960807,-1.027082504116341,-0.07362491053693752,-0.04738686624730052,0.04570833333333334,109.7
440.80461180307117,-801.8206122401343,-1.0180828315007424,-0.04973797743296622,-0.039302503165392064,0.04575000000000001,109.80000000000001
449.5860210191995,-797.8866486842403,-1.0090552476300374,-0.02506664671286037,-0.030901699437494774,0.045791666666666675,109.9
458.3333333333325,-793.8566201357359,-0.9999999999999993,1.76448175979073e-15,-0.02225209339563182,0.04583333333333334,110.0
467.04549895096574,-789.7308097761183,-0.990917336864815,0.02506664671285823,-0.013423326581766282,0.045875000000000006,110.10000000000001
475.72147027432413,-785.5095122473989,-0.9818075072302821,0.04973797743296964,-0.004486483035052588,0.04591666666666667,110.2
484.36020202736324,-781.1930336370922,-0.9726707608469805,0.07362491053693553,0.004486483035052882,0.045958333333333344,110.30000000000001
492.96065138067684,-776.7816914618539,-0.9635073482034306,0.0963507348203441,0.013423326581766573,0.046000000000000006,110.4
501.5217780763368,-772.275814649745,-0.9543175205192175,0.11755705045849663,0.022252093395632104,0.04604166666666667,110.5
510.0425445526158,-767.6757435211416,-0.9451015297381077,0.13690942118573632,0.030901699437495052,0.04608333333333334,110.60000000000001
518.5219160685903,-762.9818297682834,-0.935859628521147,0.15410264855515743,0.039302503165392334,0.046125,110.7
526.958860828626,-758.1944364334531,-0.9265920702397227,0.16886558510040336,0.04738686624730078,0.046166666666666675,110.80000000000001
535.3523501066925,-753.3139378858054,-0.9172991089686298,0.18096541049320472,0.05508969814521082,0.04620833333333334,110.9
543.7013583705374,-748.3407197968266,-0.9079809994790939,0.19021130325902993,0.062348980185873606,0.046250000000000006,111.0
552.0048634056665,-743.2751791144399,-0.8986379972317926,0.19645745014573857,0.06910626489868747,0.046291666666666675,111.10000000000001
560.2618464391339,-738.1177240357551,-0.8892703583698566,0.19960534568565433,0.07530714660036085,0.04633333333333334,111.2
568.4712922631365,-732.8687739784523,-0.8798783397118293,0.19960534568565425,0.08090169943749514,0.046375000000000006,111.30000000000001
576.6321893583652,-727.5287595508211,-0.8704621987446546,0.19645745014573726,0.08584487936018678,0.04641666666666667,111.4
584.7435300171405,-722.0981225204356,-0.8610221936165904,0.19021130325903127,0.0900968867902419,0.04645833333333334,111.5
592.8043104662821,-716.5773157814834,-0.8515585831301444,0.18096541049320172,0.0936234870639741,0.04650000000000001,111.60000000000001
600.8135309897109,-710.966803320746,-0.8420716267349817,0.16886558510040262,0.09639628606958552,0.046541666666666676,111.7
608.7701960507826,-705.267060182219,-0.8325615845208026,0.15410264855515657,0.09839295885986303,0.04658333333333334,111.80000000000001
616.6733144143047,-699.4785724304041,-0.8230287172102169,0.13690942118573945,0.0995974293995239,0.046625,111.9
624.5218992682678,-693.6018371122345,-0.8134732861516003,0.11755705045849552,0.1,0.04666666666666667,112.0
632.3149683452186,-687.6373622176856,-0.8038955533119192,0.0963507348203429,0.09959742939952385,0.04670833333333334,112.10000000000001
640.0515440433243,-681.5856666390193,-0.7942957812695607,0.07362491053693425,0.09839295885986292,0.04675000000000001,112.2
647.7306535470557,-675.4472801287174,-0.784674233207123,0.04973797743296831,0.09639628606958534,0.046791666666666676,112.30000000000001
655.3513289475197,-669.2227432560585,-0.7750311729042065,0.025066646712862507,0.09362348706397387,0.04683333333333334,112.4
662.9126073623875,-662.9126073623892,-0.7653668647301808,3.916393834725177e-16,0.09009688679024225,0.046875,112.5
670.413531055447,-656.5174345150414,-0.7556815736369328,-0.02506664671286173,0.08584487936018646,0.04691666666666667,112.60000000000001
677.8531475557124,-650.0377974599564,-0.745975565151617,-0.049737977432973056,0.08090169943749477,0.04695833333333334,112.7
685.2305097761271,-643.4742795729672,-0.7362491053693557,-0.07362491053693351,0.07530714660036136,0.04700000000000001,112.80000000000001
692.5446761318177,-636.827474809769,-0.726502460945957,-0.09635073482034222,0.06910626489868701,0.047041666666666676,112.9
699.7947106578788,-630.0979876545922,-0.7167358990906015,-0.11755705045849488,0.06234898018587422,0.04708333333333334,113.0
706.9796831267093,-623.2864330675407,-0.7069496875585142,-0.1369094211857389,0.05508969814521029,0.04712500000000001,113.10000000000001
714.0986691648233,-616.3934364306665,-0.697144094643631,-0.15410264855515968,0.047386866247300215,0.04716666666666667,113.2
721.1507503692084,-609.4196334926963,-0.6873193891712316,-0.1688655851004022,0.039302503165393056,0.04720833333333334,113.30000000000001
728.1350144231209,-602.3656703125118,-0.6774758404905828,-0.1809654104932038,0.030901699437495794,0.04725000000000001,113.4
735.0505552113844,-595.2322032013051,-0.6676137184675426,-0.19021130325902927,0.022252093395632867,0.04729166666666667,113.5
741.8964729351286,-588.019898663467,-0.6577332934771661,-0.19645745014573818,0.013423326581764533,0.04733333333333334,113.60000000000001
748.6718742259665,-580.7294333361955,-0.6478348363962991,-0.1996053456856542,0.004486483035050825,0.047375,113.7
755.3758722596134,-573.3614939278183,-0.6379186185961391,-0.19960534568565402,-0.0044864830350532245,0.047416666666666676,113.80000000000001
762.0075868688997,-565.9167771548636,-0.6279849119348114,-0.19645745014573768,-0.013423326581765505,0.04745833333333334,113.9
768.5661446561998,-558.3959896778498,-0.6180339887498953,-0.19021130325903193,-0.022252093395631053,0.0475,114.0
775.050679105234,-550.79984803583,-0.60806612185098,-0.18096541049320264,-0.030901699437495378,0.047541666666666677,114.10000000000001
781.4603306922417,-543.1290785796841,-0.5980815845121733,-0.16886558510040378,-0.039302503165392653,0.04758333333333334,114.2
787.7942469965209,-535.3844174041536,-0.5880806504646068,-0.15410264855515432,-0.04738686624730108,0.04762500000000001,114.30000000000001
794.0515828102951,-527.5666102786544,-0.5780635938889427,-0.1369094211857369,-0.05508969814521111,0.04766666666666667,114.4
800.2315002479254,-519.6764125768385,-0.5680306894078471,-0.11755705045849725,-0.06234898018587276,0.04770833333333334,114.5
806.333168854425,-511.71458920494103,-0.5579822120784576,-0.09635073482034479,-0.0691062648986867,0.04775000000000001,114.60000000000001
812.3557657132767,-503.6819145289088,-0.5479184373848647,-0.07362491053693625,-0.07530714660036107,0.04779166666666667,114.7
818.2984755535521,-495.5791723002934,-0.5378396412305301,-0.0497379774329704,-0.08090169943749535,0.04783333333333334,114.80000000000001
824.1604908562755,-487.4071555809814,-0.5277460999307451,-0.025066646712859006,-0.08584487936018696,0.047875,114.9
829.9410119600872,-479.1666666666666,-0.5176380902050414,3.1365813593450367e-15,-0.09009688679024205,0.04791666666666667,115.0
835.6392471661148,-470.8585170091897,-0.5075158891696118,0.025066646712859592,-0.09362348706397372,0.04795833333333334,115.10000000000001
841.2544128421094,-462.4835271376462,-0.4973797743297107,0.04973797743297097,-0.09639628606958522,0.04800000000000001,115.2
846.7857335257801,-454.0425265783495,-0.48723002357204337,0.07362491053693679,-0.0983929588598631,0.04804166666666668,115.30000000000001
852.2324420273511,-445.5363537736009,-0.4770669151571607,0.0963507348203453,-0.09959742939952393,0.04808333333333334,115.4
857.5937795313042,-436.9658559993134,-0.4668907277118104,0.11755705045849314,-0.1,0.048125,115.5
862.868995697301,-428.33188928148036,-0.4567017402213117,0.13690942118573732,-0.09959742939952394,0.04816666666666667,115.60000000000001
868.057348760282,-419.635318311485,-0.4465002320219036,0.15410264855515832,-0.0983929588598631,0.04820833333333334,115.7
873.158105629709,-410.87701636029493,-0.43628648279308485,0.1688655851004041,-0.09639628606958525,0.04825000000000001,115.80000000000001
878.170541987961,-402.057865191503,-0.42606077254995356,0.1809654104932053,-0.09362348706397375,0.04829166666666668,115.9
883.093942387847,-393.17875497327447,-0.41582338163551796,0.19021130325903038,-0.0900968867902421,0.04833333333333334,116.0
887.9276003492517,-384.2405841891502,-0.40557459071302493,0.1964574501457378,-0.085844879360187,0.048375,116.10000000000001
892.6708184548645,-375.24425954778695,-0.3953146807582529,0.19960534568565405,-0.08090169943749541,0.04841666666666667,116.2
897.3229084450202,-366.1906958915639,-0.38504393305181434,0.19960534568565413,-0.07530714660036114,0.04845833333333334,116.30000000000001
901.8831913116039,-357.0808161041378,-0.37476262917144937,0.19645745014573807,-0.06910626489868676,0.04850000000000001,116.4
906.3509973910332,-347.9155510168964,-0.36447105098429566,0.19021130325903085,-0.06234898018587395,0.04854166666666667,116.5
910.7256664562882,-338.6958393143635,-0.3541694806391645,0.18096541049320355,-0.05508969814520881,0.04858333333333334,116.60000000000001
915.0065478079841,-329.4226274385461,-0.3438582005588194,0.16886558510040495,-0.047386866247301165,0.048625,116.7
919.1930003644819,-320.09686949222026,-0.33353749343220374,0.15410264855515568,-0.03930250316539144,0.04866666666666667,116.80000000000001
923.2843927510049,-310.71952714120306,-0.3232076422067221,0.13690942118573846,-0.03090169943749412,0.04870833333333334,116.9
927.2801033877746,-301.2915695155742,-0.3128689300804622,0.1175570504584944,-0.02225209339563115,0.04875,117.0
931.1795205771339,-291.81397310989735,-0.3025216404944378,0.09635073482034169,-0.013423326581764195,0.04879166666666668,117.10000000000001
934.9820425896523,-282.2877216824339,-0.29216605712482324,0.07362491053693297,-0.004486483035050483,0.04883333333333334,117.2
938.6870777492123,-272.71380615334556,-0.2818024638751642,0.04973797743297249,0.004486483035052147,0.04887500000000001,117.30000000000001
942.2940445170424,-263.0932245019345,-0.2714311448686083,0.025066646712861147,0.013423326581765847,0.04891666666666667,117.4
945.8023715747125,-253.4269816628851,-0.26105238444010337,-9.804602160817885e-16,0.02225209339563139,0.04895833333333333,117.5
949.2114979060589,-243.71608942155683,-0.2506664671286076,-0.02506664671286309,0.0309016994374957,0.04900000000000001,117.60000000000001
952.5208728780348,-233.96156630832448,-0.24027367766929392,-0.04973797743297439,0.039302503165392966,0.04904166666666667,117.7
955.729956320486,-224.16443749195903,-0.22987430098573358,-0.07362491053693479,0.04738686624730013,0.04908333333333334,117.80000000000001
958.8382186048194,-214.32573467210233,-0.21946862218209154,-0.09635073482034341,0.05508969814521021,0.049125,117.9
961.845140721575,-204.44649597079828,-0.20905692653530683,-0.1175570504584914,0.06234898018587303,0.049166666666666664,118.0
964.7502143568782,-194.52776582312214,-0.1986394994872768,-0.1369094211857399,0.06910626489868694,0.04920833333333334,118.10000000000001
967.5529419677582,-184.5705948669399,-0.18821662663702807,-0.15410264855515693,0.0753071466003613,0.04925,118.2
970.2528368563447,-174.5760398317209,-0.1777885937328831,-0.16886558510040295,0.08090169943749471,0.04929166666666668,118.30000000000001
972.8494232428981,-164.54516342655495,-0.1673556866646317,-0.1809654104932044,0.08584487936018641,0.04933333333333334,118.4
975.3422363376985,-154.4790342272276,-0.15691819145569125,-0.1902113032590297,0.09009688679024158,0.049375,118.5
977.7308224117535,-144.37872656251707,-0.14647639425526363,-0.19645745014573845,0.09362348706397383,0.04941666666666667,118.60000000000001
980.0147388663362,-134.24532039960027,-0.13603058133049545,-0.19960534568565427,0.09639628606958532,0.04945833333333333,118.7
982.1935543013332,-124.07990122866099,-0.12558103905862475,-0.1996053456856539,0.09839295885986316,0.04950000000000001,118.80000000000001
984.2668485823928,-113.88355994668241,-0.115128053919135,-0.19645745014573845,0.09959742939952383,0.04954166666666667,118.9
986.2342129068712,-103.65739274042234,-0.10467191248588874,-0.19021130325903152,0.1,0.04958333333333334,119.0
988.095249868557,-93.40250096862542,-0.09421290141928527,-0.18096541049320447,0.09959742939952392,0.049625,119.10000000000001
989.8495735211745,-83.11999104343224,-0.08375130745839986,-0.16886558510040306,0.09839295885986304,0.04966666666666667,119.2
991.4968094406488,-72.81097431105333,-0.07328741741311026,-0.15410264855515707,0.09639628606958517,0.04970833333333334,119.30000000000001
993.0365947861302,-62.476566931666945,-0.06282151815625495,-0.13690942118573587,0.09362348706397362,0.04975,119.4
994.4685783597631,-52.11788975859902,-0.05235389661574709,-0.11755705045849614,0.09009688679024257,0.04979166666666667,119.5
995.7924206651956,-41.73606821676863,-0.04188483976671358,-0.09635073482034359,0.08584487936018682,0.04983333333333334,119.60000000000001
997.0077939648173,-31.332232180433284,-0.03141463462364166,-0.07362491053693497,0.0809016994374952,0.049875,119.7
998.1143823357208,-20.90751585021722,-0.020943568232490772,-0.049737977432969066,0.07530714660035998,0.04991666666666667,119.80000000000001
999.1118817243743,-10.463057629482094,-0.010471927662838998,-0.025066646712857646,0.06910626489868549,0.04995833333333334,119.9
1000.0,-4.898587196589413e-13,-2.266215559059192e-15,-1.175660927181459e-15,0.06234898018587479,0.05,120.0
