t,planned_x,planned_y,planned_z,planned_p1,planned_p2,planned_p3,actual_x,actual_y,actual_z,actual_p1,actual_p2,actual_p3,tracking_error_xy,tracking_error_z,segment_id,is_travel,is_retract
0.0000,0.0000,0.0000,5.0000,0.0000,0.0000,0.0000,0.0000,0.0000,0.0000,0.0000,0.0000,0.0000,0.0000,5.0000,0,0,0
0.2877,10.7222,5.3611,5.0000,0.0000,0.0000,0.0000,0.0000,0.0000,3.7775,0.0000,0.0000,0.0000,11.9878,1.2225,1,1,0
0.5754,27.8778,13.9389,5.0000,0.0000,0.0000,0.0000,975.2000,619.4000,4.9743,0.0000,0.0000,0.0000,1124.2787,0.0257,1,1,0
0.8631,38.6000,19.3000,5.0000,0.0000,0.0000,0.0000,1037.8000,682.0000,4.9993,0.0000,0.0000,0.0000,1198.9879,0.0007,1,1,0
0.9881,38.6000,19.3000,4.7500,0.0000,0.0000,0.0000,1037.8000,682.0000,4.9993,0.0000,0.0000,0.0000,1198.9879,0.2493,1,1,0
1.1132,38.6000,19.3000,4.4999,0.0000,0.0000,0.0000,1037.8000,682.0000,4.9993,0.0000,0.0000,0.0000,1198.9879,0.4994,1,1,0
1.3720,38.6000,19.3000,4.4618,0.0000,0.0000,0.0000,4212.8000,2171.5000,4.7931,0.0000,0.0000,0.0000,4696.3721,0.3313,1,1,0
1.6308,38.6000,19.3000,4.3477,0.0000,0.0000,0.0000,4276.6000,2189.6000,4.4737,0.0000,0.0000,0.0000,4761.3912,0.1260,1,1,0
1.8896,38.6000,19.3000,4.1573,0.0000,0.0000,0.0000,6083.1000,3071.7000,4.3794,0.0000,0.0000,0.0000,6771.4936,0.2221,1,1,0
2.1484,38.6000,19.3000,3.8529,0.0000,0.0000,0.0000,6083.1000,3071.7000,4.3794,0.0000,0.0000,0.0000,6771.4936,0.5265,1,1,0
2.4073,38.6000,19.3000,3.5078,0.0000,0.0000,0.0000,6641.2000,3580.3000,4.1029,0.0000,0.0000,0.0000,7501.6697,0.5951,1,1,0
2.6661,38.6000,19.3000,3.1627,0.0000,0.0000,0.0000,7280.8000,4063.5000,3.6769,0.0000,0.0000,0.0000,8294.8788,0.5142,1,1,0
2.9249,38.6000,19.3000,2.8176,0.0000,0.0000,0.0000,8302.8000,4666.2000,3.2251,0.0000,0.0000,0.0000,9481.0696,0.4075,1,1,0
3.1837,38.6000,19.3000,2.4725,0.0000,0.0000,0.0000,8528.2000,4891.6000,3.2251,0.0000,0.0000,0.0000,9788.3919,0.7526,1,1,0
3.4425,38.6000,19.3000,2.1274,0.0000,0.0000,0.0000,8528.2000,4891.6000,2.7858,0.0000,0.0000,0.0000,9788.3919,0.6584,1,1,0
3.7013,38.6000,19.3000,1.7823,0.0000,0.0000,0.0000,13877.6000,7742.4000,2.2002,0.0000,0.0000,0.0000,15848.1606,0.4179,1,1,0
3.9602,38.6000,19.3000,1.4372,0.0000,0.0000,0.0000,13877.6000,7742.4000,2.1274,0.0000,0.0000,0.0000,15848.1606,0.6902,1,1,0
4.2190,38.6000,19.3000,1.0921,0.0000,0.0000,0.0000,13877.6000,7742.4000,2.1274,0.0000,0.0000,0.0000,15848.1606,1.0353,1,1,0
4.4778,38.6000,19.3000,0.7470,0.0000,0.0000,0.0000,13877.6000,7742.4000,2.1274,0.0000,0.0000,0.0000,15848.1606,1.3804,1,1,0
4.7366,38.6000,19.3000,0.4426,0.0000,0.0000,0.0000,13877.6000,7742.4000,2.1274,0.0000,0.0000,0.0000,15848.1606,1.6848,1,1,0
4.9954,38.6000,19.3000,0.2522,0.0000,0.0000,0.0000,13877.6000,7742.4000,2.1274,0.0000,0.0000,0.0000,15848.1606,1.8752,1,1,0
5.2543,38.6000,19.3000,0.1381,0.0000,0.0000,0.0000,13877.6000,7742.4000,2.1274,0.0000,0.0000,0.0000,15848.1606,1.9893,1,1,0
5.5131,38.6000,19.3000,0.1000,0.0000,0.0000,0.0000,13877.6000,7742.4000,2.1274,0.0000,0.0000,0.0000,15848.1606,2.0274,1,1,0
5.5645,38.6000,19.3000,0.1000,0.0055,0.0000,0.0000,13877.6000,7742.4000,2.1274,0.0000,0.0000,0.0000,15848.1606,2.0274,1,0,0
5.6159,38.6000,19.3000,0.1000,0.0219,0.0000,0.0000,13877.6000,7742.4000,2.1274,0.0000,0.0000,0.0000,15848.1606,2.0274,1,0,0
5.6673,38.6000,19.3000,0.1000,0.0493,0.0000,0.0000,13877.6000,7742.4000,2.1274,0.0000,0.0000,0.0000,15848.1606,2.0274,1,0,0
5.7187,38.6000,19.3000,0.1000,0.0877,0.0000,0.0000,13877.6000,7742.4000,2.1274,0.0000,0.0000,0.0000,15848.1606,2.0274,1,0,0
5.7700,38.6000,19.3000,0.1000,0.1410,0.0000,0.0000,13877.6000,7742.4000,2.1274,0.0000,0.0000,0.0000,15848.1606,2.0274,1,0,0
5.8214,38.6000,19.3000,0.1000,0.2009,0.0000,0.0000,13877.6000,7742.4000,2.1274,0.0000,0.0000,0.0000,15848.1606,2.0274,1,0,0
5.8728,38.6000,19.3000,0.1000,0.2608,0.0000,0.0000,13877.6000,7742.4000,2.1274,0.0000,0.0000,0.0000,15848.1606,2.0274,1,0,0
5.9242,38.6000,19.3000,0.1000,0.3207,0.0000,0.0000,38600.0000,19300.0000,2.1274,0.0000,0.0000,0.0000,43112.9559,2.0274,1,0,0
5.9756,38.6000,19.3000,0.1000,0.3806,0.0000,0.0000,38600.0000,19300.0000,2.1274,0.0000,0.0000,0.0000,43112.9559,2.0274,1,0,0
6.0270,38.6000,19.3000,0.1000,0.4405,0.0000,0.0000,38600.0000,19300.0000,2.1274,0.0000,0.0000,0.0000,43112.9559,2.0274,1,0,0
6.0784,38.6000,19.3000,0.1000,0.5004,0.0000,0.0000,38600.0000,19300.0000,2.1274,0.0000,0.0000,0.0000,43112.9559,2.0274,1,0,0
6.1298,38.6000,19.3000,0.1000,0.5603,0.0000,0.0000,38600.0000,19300.0000,2.1274,0.0000,0.0000,0.0000,43112.9559,2.0274,1,0,0
6.1812,38.6000,19.3000,0.1000,0.6203,0.0000,0.0000,38600.0000,19300.0000,2.1274,0.0000,0.0000,0.0000,43112.9559,2.0274,1,0,0
6.2326,38.6000,19.3000,0.1000,0.6802,0.0000,0.0000,38600.0000,19300.0000,2.1274,0.0000,0.0000,0.0000,43112.9559,2.0274,1,0,0
6.2840,38.6000,19.3000,0.1000,0.7401,0.0000,0.0000,38600.0000,19300.0000,2.1274,0.0000,0.0000,0.0000,43112.9559,2.0274,1,0,0
6.3354,38.6000,19.3000,0.1000,0.8000,0.0000,0.0000,38600.0000,19300.0000,0.1963,0.1589,0.0000,0.0000,43112.9559,0.0963,1,0,0
6.3868,38.6000,19.3000,0.1000,0.8599,0.0000,0.0000,38600.0000,19300.0000,0.1963,0.1589,0.0000,0.0000,43112.9559,0.0963,1,0,0
6.4382,38.6000,19.3000,0.1000,0.9198,0.0000,0.0000,38600.0000,19300.0000,0.1963,0.1589,0.0000,0.0000,43112.9559,0.0963,1,0,0
6.4896,38.6000,19.3000,0.1000,0.9797,0.0000,0.0000,38600.0000,19300.0000,0.1963,0.1589,0.0000,0.0000,43112.9559,0.0963,1,0,0
6.5410,38.6000,19.3000,0.1000,1.0396,0.0000,0.0000,38600.0000,19300.0000,0.1963,0.1589,0.0000,0.0000,43112.9559,0.0963,1,0,0
6.5924,38.6000,19.3000,0.1000,1.0996,0.0000,0.0000,38600.0000,19300.0000,0.1963,0.1589,0.0000,0.0000,43112.9559,0.0963,1,0,0
6.6438,38.6000,19.3000,0.1000,1.1595,0.0000,0.0000,38600.0000,19300.0000,0.1963,0.1589,0.0000,0.0000,43112.9559,0.0963,1,0,0
6.6951,38.6000,19.3000,0.1000,1.2194,0.0000,0.0000,38600.0000,19300.0000,0.1001,1.0024,0.0000,0.0000,43112.9559,0.0001,1,0,0
6.7465,38.6000,19.3000,0.1000,1.2793,0.0000,0.0000,38600.0000,19300.0000,0.1001,1.0024,0.0000,0.0000,43112.9559,0.0001,1,0,0
6.7979,38.6000,19.3000,0.1000,1.3392,0.0000,0.0000,38600.0000,19300.0000,0.1001,1.0024,0.0000,0.0000,43112.9559,0.0001,1,0,0
6.8493,38.6000,19.3000,0.1000,1.3925,0.0000,0.0000,38600.0000,19300.0000,0.1001,1.0024,0.0000,0.0000,43112.9559,0.0001,1,0,0
6.9007,38.6000,19.3000,0.1000,1.4308,0.0000,0.0000,38600.0000,19300.0000,0.1001,1.0024,0.0000,0.0000,43112.9559,0.0001,1,0,0
6.9521,38.6000,19.3000,0.1000,1.4582,0.0000,0.0000,38600.0000,19300.0000,0.1001,1.0024,0.0000,0.0000,43112.9559,0.0001,1,0,0
7.0035,38.6000,19.3000,0.1000,1.4747,0.0000,0.0000,38600.0000,19300.0000,0.1000,1.3753,0.0000,0.0000,43112.9559,0.0000,1,0,0
7.0549,38.6000,19.3000,0.1000,1.4802,0.0000,0.0000,38600.0000,19300.0000,0.1000,1.3753,0.0000,0.0000,43112.9559,0.0000,1,0,0
7.5549,38.6000,19.3000,0.1000,1.4802,0.0000,0.0000,38600.0000,19300.0000,0.1000,1.4764,0.0000,0.0000,43112.9559,0.0000,1,0,0
7.8137,38.6000,19.3000,0.1381,1.4802,0.0000,0.0000,38600.0000,19300.0000,0.1000,1.4801,0.0000,0.0000,43112.9559,0.0381,1,1,0
8.0725,38.6000,19.3000,0.2522,1.4802,0.0000,0.0000,38600.0000,19300.0000,0.1296,1.4802,0.0000,0.0000,43112.9559,0.1226,1,1,0
8.3314,38.6000,19.3000,0.4426,1.4802,0.0000,0.0000,38600.0000,19300.0000,0.2384,1.4802,0.0000,0.0000,43112.9559,0.2042,1,1,0
8.5902,38.6000,19.3000,0.7470,1.4802,0.0000,0.0000,38600.0000,19300.0000,0.2384,1.4802,0.0000,0.0000,43112.9559,0.5086,1,1,0
8.8490,38.6000,19.3000,1.0921,1.4802,0.0000,0.0000,38600.0000,19300.0000,0.4667,1.4802,0.0000,0.0000,43112.9559,0.6254,1,1,0
9.1078,38.6000,19.3000,1.4372,1.4802,0.0000,0.0000,38600.0000,19300.0000,0.9409,1.4802,0.0000,0.0000,43112.9559,0.4963,1,1,0
9.3666,38.6000,19.3000,1.7823,1.4802,0.0000,0.0000,38600.0000,19300.0000,1.3578,1.4802,0.0000,0.0000,43112.9559,0.4245,1,1,0
9.6255,38.6000,19.3000,2.1274,1.4802,0.0000,0.0000,38600.0000,19300.0000,1.7475,1.4802,0.0000,0.0000,43112.9559,0.3799,1,1,0
9.8843,38.6000,19.3000,2.4725,1.4802,0.0000,0.0000,38600.0000,19300.0000,1.7475,1.4802,0.0000,0.0000,43112.9559,0.7250,1,1,0
10.1431,38.6000,19.3000,2.8176,1.4802,0.0000,0.0000,38600.0000,19300.0000,2.2206,1.4802,0.0000,0.0000,43112.9559,0.5970,1,1,0
10.4019,38.6000,19.3000,3.1627,1.4802,0.0000,0.0000,38600.0000,19300.0000,2.6875,1.4802,0.0000,0.0000,43112.9559,0.4752,1,1,0
10.6607,38.6000,19.3000,3.5078,1.4802,0.0000,0.0000,38600.0000,19300.0000,3.0953,1.4802,0.0000,0.0000,43112.9559,0.4125,1,1,0
10.9195,38.6000,19.3000,3.8529,1.4802,0.0000,0.0000,38600.0000,19300.0000,3.4758,1.4802,0.0000,0.0000,43112.9559,0.3771,1,1,0
11.1784,38.6000,19.3000,4.1573,1.4802,0.0000,0.0000,38600.0000,19300.0000,3.4758,1.4802,0.0000,0.0000,43112.9559,0.6815,1,1,0
11.4372,38.6000,19.3000,4.3477,1.4802,0.0000,0.0000,38600.0000,19300.0000,3.9559,1.4802,0.0000,0.0000,43112.9559,0.3918,1,1,0
11.6960,38.6000,19.3000,4.4618,1.4802,0.0000,0.0000,38600.0000,19300.0000,4.2816,1.4802,0.0000,0.0000,43112.9559,0.1802,1,1,0
11.9548,38.6000,19.3000,4.4999,1.4802,0.0000,0.0000,38600.0000,19300.0000,4.4417,1.4802,0.0000,0.0000,43112.9559,0.0582,1,1,0
12.0798,38.6000,19.3000,4.7500,1.4802,0.0000,0.0000,38600.0000,19300.0000,4.4417,1.4802,0.0000,0.0000,43112.9559,0.3083,1,1,0
12.2049,38.6000,19.3000,5.0000,1.4802,0.0000,0.0000,38600.0000,19300.0000,4.6686,1.4802,0.0000,0.0000,43112.9559,0.3314,1,1,0
12.3979,38.6000,9.6500,5.0000,1.4802,0.0000,0.0000,38600.0000,19300.0000,4.6686,1.4802,0.0000,0.0000,43117.2723,0.3314,2,1,0
12.5909,38.6000,0.0000,5.0000,1.4802,0.0000,0.0000,38600.0000,17776.4000,4.9898,1.4802,0.0000,0.0000,42461.5351,0.0102,2,1,0
12.7159,38.6000,0.0000,4.7500,1.4802,0.0000,0.0000,38600.0000,17776.4000,4.9898,1.4802,0.0000,0.0000,42461.5351,0.2398,2,1,0
12.8409,38.6000,0.0000,4.4999,1.4802,0.0000,0.0000,38600.0000,16851.2000,4.9898,1.4802,0.0000,0.0000,42082.5915,0.4899,2,1,0
13.0997,38.6000,0.0000,4.4618,1.4802,0.0000,0.0000,38600.0000,16851.2000,4.7753,1.4802,0.0000,0.0000,42082.5915,0.3135,2,1,0
13.3585,38.6000,0.0000,4.3477,1.4802,0.0000,0.0000,38600.0000,14317.0000,4.4815,1.4802,0.0000,0.0000,41133.4178,0.1338,2,1,0
13.6174,38.6000,0.0000,4.1573,1.4802,0.0000,0.0000,38600.0000,14289.7000,4.3593,1.4802,0.0000,0.0000,41123.9236,0.2020,2,1,0
13.8762,38.6000,0.0000,3.8529,1.4802,0.0000,0.0000,38600.0000,12884.9000,4.3593,1.4802,0.0000,0.0000,40657.1300,0.5064,2,1,0
14.1350,38.6000,0.0000,3.5078,1.4802,0.0000,0.0000,38600.0000,11499.5000,4.1391,1.4802,0.0000,0.0000,40239.5337,0.6313,2,1,0
14.3938,38.6000,0.0000,3.1627,1.4802,0.0000,0.0000,38600.0000,11499.5000,3.7832,1.4802,0.0000,0.0000,40239.5337,0.6205,2,1,0
14.6526,38.6000,0.0000,2.8176,1.4802,0.0000,0.0000,38600.0000,9902.9000,3.2708,1.4802,0.0000,0.0000,39812.6738,0.4532,2,1,0
14.9115,38.6000,0.0000,2.4725,1.4802,0.0000,0.0000,38600.0000,9840.9000,2.8504,1.4802,0.0000,0.0000,39797.2974,0.3779,2,1,0
15.1703,38.6000,0.0000,2.1274,1.4802,0.0000,0.0000,38600.0000,8558.3000,2.8504,1.4802,0.0000,0.0000,39499.6971,0.7230,2,1,0
15.4291,38.6000,0.0000,1.7823,1.4802,0.0000,0.0000,38600.0000,8558.3000,2.4653,1.4802,0.0000,0.0000,39499.6971,0.6830,2,1,0
15.6879,38.6000,0.0000,1.4372,1.4802,0.0000,0.0000,38600.0000,7118.5000,2.0569,1.4802,0.0000,0.0000,39212.9393,0.6197,2,1,0
15.9467,38.6000,0.0000,1.0921,1.4802,0.0000,0.0000,38600.0000,5816.5000,1.5380,1.4802,0.0000,0.0000,38997.6056,0.4459,2,1,0
16.2055,38.6000,0.0000,0.7470,1.4802,0.0000,0.0000,38600.0000,5747.5000,1.1241,1.4802,0.0000,0.0000,38987.3739,0.3771,2,1,0
16.4644,38.6000,0.0000,0.4426,1.4802,0.0000,0.0000,38600.0000,5747.5000,1.1241,1.4802,0.0000,0.0000,38987.3739,0.6815,2,1,0
16.7232,38.6000,0.0000,0.2522,1.4802,0.0000,0.0000,38600.0000,4087.9000,0.7041,1.4802,0.0000,0.0000,38777.4741,0.4519,2,1,0
16.9820,38.6000,0.0000,0.1381,1.4802,0.0000,0.0000,38600.0000,2495.3000,0.4069,1.4802,0.0000,0.0000,38642.0508,0.2688,2,1,0
17.2408,38.6000,0.0000,0.1000,1.4802,0.0000,0.0000,38600.0000,1131.5000,0.1734,1.4802,0.0000,0.0000,38577.9971,0.0734,2,1,0
22.2408,38.6000,0.0000,0.1000,1.4802,0.0000,0.0000,38600.0000,1060.5000,0.1000,1.4802,0.0000,0.0000,38575.9800,0.0000,2,0,0
22.4996,38.6000,0.0000,0.1381,1.4802,0.0000,0.0000,38600.0000,1060.5000,0.1000,1.4802,0.0000,0.0000,38575.9800,0.0381,2,1,0
22.7584,38.6000,0.0000,0.2522,1.4802,0.0000,0.0000,38600.0000,204.4000,0.1304,1.4802,0.0000,0.0000,38561.9417,0.1218,2,1,0
23.0173,38.6000,0.0000,0.4426,1.4802,0.0000,0.0000,38600.0000,43.9000,0.1304,1.4802,0.0000,0.0000,38561.4250,0.3122,2,1,0
23.2761,38.6000,0.0000,0.7470,1.4802,0.0000,0.0000,38600.0000,43.9000,0.2489,1.4802,0.0000,0.0000,38561.4250,0.4981,2,1,0
23.5349,38.6000,0.0000,1.0921,1.4802,0.0000,0.0000,38600.0000,1.6000,0.6444,1.4802,0.0000,0.0000,38561.4000,0.4477,2,1,0
23.7937,38.6000,0.0000,1.4372,1.4802,0.0000,0.0000,38600.0000,0.0000,1.0535,1.4802,0.0000,0.0000,38561.4000,0.3837,2,1,0
24.0525,38.6000,0.0000,1.7823,1.4802,0.0000,0.0000,38600.0000,0.0000,1.0535,1.4802,0.0000,0.0000,38561.4000,0.7288,2,1,0
24.3114,38.6000,0.0000,2.1274,1.4802,0.0000,0.0000,38600.0000,0.0000,1.5338,1.4802,0.0000,0.0000,38561.4000,0.5936,2,1,0
24.5702,38.6000,0.0000,2.4725,1.4802,0.0000,0.0000,38600.0000,0.0000,1.9965,1.4802,0.0000,0.0000,38561.4000,0.4760,2,1,0
24.8290,38.6000,0.0000,2.8176,1.4802,0.0000,0.0000,38600.0000,0.0000,2.4064,1.4802,0.0000,0.0000,38561.4000,0.4112,2,1,0
25.0878,38.6000,0.0000,3.1627,1.4802,0.0000,0.0000,38600.0000,0.0000,2.7887,1.4802,0.0000,0.0000,38561.4000,0.3740,2,1,0
25.3466,38.6000,0.0000,3.5078,1.4802,0.0000,0.0000,38600.0000,0.0000,2.7887,1.4802,0.0000,0.0000,38561.4000,0.7191,2,1,0
25.6054,38.6000,0.0000,3.8529,1.4802,0.0000,0.0000,38600.0000,0.0000,3.2616,1.4802,0.0000,0.0000,38561.4000,0.5913,2,1,0
25.8643,38.6000,0.0000,4.1573,1.4802,0.0000,0.0000,38600.0000,0.0000,3.7105,1.4802,0.0000,0.0000,38561.4000,0.4468,2,1,0
26.1231,38.6000,0.0000,4.3477,1.4802,0.0000,0.0000,38600.0000,0.0000,4.1028,1.4802,0.0000,0.0000,38561.4000,0.2449,2,1,0
26.3819,38.6000,0.0000,4.4618,1.4802,0.0000,0.0000,38600.0000,0.0000,4.3291,1.4802,0.0000,0.0000,38561.4000,0.1327,2,1,0
26.6407,38.6000,0.0000,4.4999,1.4802,0.0000,0.0000,38600.0000,0.0000,4.3291,1.4802,0.0000,0.0000,38561.4000,0.1708,2,1,0
26.7657,38.6000,0.0000,4.7500,1.4802,0.0000,0.0000,38600.0000,0.0000,4.4691,1.4802,0.0000,0.0000,38561.4000,0.2809,2,1,0
26.8908,38.6000,0.0000,5.0000,1.4802,0.0000,0.0000,38600.0000,0.0000,4.4691,1.4802,0.0000,0.0000,38561.4000,0.5309,2,1,0
27.1637,28.9500,9.6500,5.0000,1.4802,0.0000,0.0000,38600.0000,0.0000,4.9073,1.4802,0.0000,0.0000,38571.0512,0.0927,3,1,0
27.4366,19.3000,19.3000,5.0000,1.4802,0.0000,0.0000,38116.5000,483.5000,4.9971,1.4802,0.0000,0.0000,38100.0279,0.0029,3,1,0
27.5617,19.3000,19.3000,4.7500,1.4802,0.0000,0.0000,38116.5000,483.5000,4.9971,1.4802,0.0000,0.0000,38100.0279,0.2471,3,1,0
27.6867,19.3000,19.3000,4.4999,1.4802,0.0000,0.0000,35453.7000,3146.3000,4.9443,1.4802,0.0000,0.0000,35572.1075,0.4444,3,1,0
27.9455,19.3000,19.3000,4.4618,1.4802,0.0000,0.0000,33805.3000,4794.7000,4.9443,1.4802,0.0000,0.0000,34121.8147,0.4825,3,1,0
28.2043,19.3000,19.3000,4.3477,1.4802,0.0000,0.0000,32752.7000,5847.3000,4.5224,1.4802,0.0000,0.0000,33248.1738,0.1747,3,1,0
28.4632,19.3000,19.3000,4.1573,1.4802,0.0000,0.0000,32752.7000,5847.3000,4.4493,1.4802,0.0000,0.0000,33248.1738,0.2920,3,1,0
28.7220,19.3000,19.3000,3.8529,1.4802,0.0000,0.0000,31951.7000,6648.3000,4.2113,1.4802,0.0000,0.0000,32613.2153,0.3584,3,1,0
28.9808,19.3000,19.3000,3.5078,1.4802,0.0000,0.0000,31920.3000,6679.7000,3.8782,1.4802,0.0000,0.0000,32588.8743,0.3704,3,1,0
29.2396,19.3000,19.3000,3.1627,1.4802,0.0000,0.0000,31920.3000,6679.7000,3.8782,1.4802,0.0000,0.0000,32588.8743,0.7155,3,1,0
29.4984,19.3000,19.3000,2.8176,1.4802,0.0000,0.0000,30563.5000,8036.5000,3.4657,1.4802,0.0000,0.0000,31578.8481,0.6481,3,1,0
29.7572,19.3000,19.3000,2.4725,1.4802,0.0000,0.0000,29266.4000,9333.6000,3.0918,1.4802,0.0000,0.0000,30694.4465,0.6193,3,1,0
30.0161,19.3000,19.3000,2.1274,1.4802,0.0000,0.0000,28030.5000,10569.5000,2.5699,1.4802,0.0000,0.0000,29932.1574,0.4425,3,1,0
30.2749,19.3000,19.3000,1.7823,1.4802,0.0000,0.0000,27826.8000,10773.2000,2.5699,1.4802,0.0000,0.0000,29814.4834,0.7876,3,1,0
30.5337,19.3000,19.3000,1.4372,1.4802,0.0000,0.0000,27826.8000,10773.2000,2.1380,1.4802,0.0000,0.0000,29814.4834,0.7008,3,1,0
30.7925,19.3000,19.3000,1.0921,1.4802,0.0000,0.0000,25596.3000,13003.7000,1.5383,1.4802,0.0000,0.0000,28684.0996,0.4462,3,1,0
31.0513,19.3000,19.3000,0.7470,1.4802,0.0000,0.0000,25553.9000,13046.1000,1.1268,1.4802,0.0000,0.0000,28665.5423,0.3798,3,1,0
31.3101,19.3000,19.3000,0.4426,1.4802,0.0000,0.0000,23986.7000,14613.3000,1.1268,1.4802,0.0000,0.0000,28061.0245,0.6842,3,1,0
31.5690,19.3000,19.3000,0.2522,1.4802,0.0000,0.0000,23986.7000,14613.3000,0.7792,1.4802,0.0000,0.0000,28061.0245,0.5270,3,1,0
31.8278,19.3000,19.3000,0.1381,1.4802,0.0000,0.0000,23760.0000,14840.0000,0.3189,1.4802,0.0000,0.0000,27987.0324,0.1808,3,1,0
32.0866,19.3000,19.3000,0.1000,1.4802,0.0000,0.0000,22713.8000,15886.2000,0.1797,1.4802,0.0000,0.0000,27691.1330,0.0797,3,1,0
32.1380,19.3000,19.3000,0.1000,1.4747,0.0000,0.0000,22713.8000,15886.2000,0.1797,1.4802,0.0000,0.0000,27691.1330,0.0797,3,0,0
32.1894,19.3000,19.3000,0.1000,1.4582,0.0000,0.0000,22713.8000,15886.2000,0.1797,1.4802,0.0000,0.0000,27691.1330,0.0797,3,0,0
32.2408,19.3000,19.3000,0.1000,1.4308,0.0000,0.0000,20031.2000,18568.8000,0.1797,1.4802,0.0000,0.0000,27286.6284,0.0797,3,0,0
32.2922,19.3000,19.3000,0.1000,1.3925,0.0000,0.0000,20031.2000,18568.8000,0.1797,1.4802,0.0000,0.0000,27286.6284,0.0797,3,0,0
32.3436,19.3000,19.3000,0.1000,1.3392,0.0000,0.0000,20031.2000,18568.8000,0.1019,1.4648,0.0000,0.0000,27286.6284,0.0019,3,0,0
32.3950,19.3000,19.3000,0.1000,1.2793,0.0000,0.0000,20031.2000,18568.8000,0.1019,1.4648,0.0000,0.0000,27286.6284,0.0019,3,0,0
32.4464,19.3000,19.3000,0.1000,1.2194,0.0000,0.0000,20031.2000,18568.8000,0.1019,1.4648,0.0000,0.0000,27286.6284,0.0019,3,0,0
32.4978,19.3000,19.3000,0.1000,1.1595,0.0000,0.0000,20031.2000,18568.8000,0.1019,1.4648,0.0000,0.0000,27286.6284,0.0019,3,0,0
32.5491,19.3000,19.3000,0.1000,1.0996,0.0000,0.0000,20031.2000,18568.8000,0.1019,1.4648,0.0000,0.0000,27286.6284,0.0019,3,0,0
32.6005,19.3000,19.3000,0.1000,1.0396,0.0000,0.0000,20031.2000,18568.8000,0.1019,1.4648,0.0000,0.0000,27286.6284,0.0019,3,0,0
32.6519,19.3000,19.3000,0.1000,0.9797,0.0000,0.0000,20031.2000,18568.8000,0.1019,1.4648,0.0000,0.0000,27286.6284,0.0019,3,0,0
32.7033,19.3000,19.3000,0.1000,0.9198,0.0000,0.0000,20031.2000,18568.8000,0.1019,1.4648,0.0000,0.0000,27286.6284,0.0019,3,0,0
32.7547,19.3000,19.3000,0.1000,0.8599,0.0000,0.0000,19300.0000,19300.0000,0.1019,1.4648,0.0000,0.0000,27267.0274,0.0019,3,0,0
32.8061,19.3000,19.3000,0.1000,0.8000,0.0000,0.0000,19300.0000,19300.0000,0.1001,0.9951,0.0000,0.0000,27267.0274,0.0001,3,0,0
32.8575,19.3000,19.3000,0.1000,0.7401,0.0000,0.0000,19300.0000,19300.0000,0.1001,0.9951,0.0000,0.0000,27267.0274,0.0001,3,0,0
32.9089,19.3000,19.3000,0.1000,0.6802,0.0000,0.0000,19300.0000,19300.0000,0.1001,0.9951,0.0000,0.0000,27267.0274,0.0001,3,0,0
32.9603,19.3000,19.3000,0.1000,0.6203,0.0000,0.0000,19300.0000,19300.0000,0.1001,0.9951,0.0000,0.0000,27267.0274,0.0001,3,0,0
33.0117,19.3000,19.3000,0.1000,0.5603,0.0000,0.0000,19300.0000,19300.0000,0.1001,0.9951,0.0000,0.0000,27267.0274,0.0001,3,0,0
33.0631,19.3000,19.3000,0.1000,0.5004,0.0000,0.0000,19300.0000,19300.0000,0.1001,0.9951,0.0000,0.0000,27267.0274,0.0001,3,0,0
33.1145,19.3000,19.3000,0.1000,0.4405,0.0000,0.0000,19300.0000,19300.0000,0.1000,0.6024,0.0000,0.0000,27267.0274,0.0000,3,0,0
33.1659,19.3000,19.3000,0.1000,0.3806,0.0000,0.0000,19300.0000,19300.0000,0.1000,0.6024,0.0000,0.0000,27267.0274,0.0000,3,0,0
33.2173,19.3000,19.3000,0.1000,0.3207,0.0000,0.0000,19300.0000,19300.0000,0.1000,0.6024,0.0000,0.0000,27267.0274,0.0000,3,0,0
33.2687,19.3000,19.3000,0.1000,0.2608,0.0000,0.0000,19300.0000,19300.0000,0.1000,0.6024,0.0000,0.0000,27267.0274,0.0000,3,0,0
33.3201,19.3000,19.3000,0.1000,0.2009,0.0000,0.0000,19300.0000,19300.0000,0.1000,0.6024,0.0000,0.0000,27267.0274,0.0000,3,0,0
33.3715,19.3000,19.3000,0.1000,0.1410,0.0000,0.0000,19300.0000,19300.0000,0.1000,0.6024,0.0000,0.0000,27267.0274,0.0000,3,0,0
33.4229,19.3000,19.3000,0.1000,0.0877,0.0000,0.0000,19300.0000,19300.0000,0.1000,0.6024,0.0000,0.0000,27267.0274,0.0000,3,0,0
33.4743,19.3000,19.3000,0.1000,0.0493,0.0000,0.0000,19300.0000,19300.0000,0.1000,0.2243,0.0000,0.0000,27267.0274,0.0000,3,0,0
33.5256,19.3000,19.3000,0.1000,0.0219,0.0000,0.0000,19300.0000,19300.0000,0.1000,0.2243,0.0000,0.0000,27267.0274,0.0000,3,0,0
33.5770,19.3000,19.3000,0.1000,0.0055,0.0000,0.0000,19300.0000,19300.0000,0.1000,0.2243,0.0000,0.0000,27267.0274,0.0000,3,0,0
33.6284,19.3000,19.3000,0.1000,0.0000,0.0000,0.0000,19300.0000,19300.0000,0.1000,0.2243,0.0000,0.0000,27267.0274,0.0000,3,0,0
34.6284,19.3000,19.3000,0.1000,0.0000,0.0000,0.0000,19300.0000,19300.0000,0.1000,0.0055,0.0000,0.0000,27267.0274,0.0000,3,0,0
34.8873,19.3000,19.3000,0.1381,0.0000,0.0000,0.0000,19300.0000,19300.0000,0.1000,0.0055,0.0000,0.0000,27267.0274,0.0381,3,1,0
35.1461,19.3000,19.3000,0.2522,0.0000,0.0000,0.0000,19300.0000,19300.0000,0.1303,0.0055,0.0000,0.0000,27267.0274,0.1219,3,1,0
35.4049,19.3000,19.3000,0.4426,0.0000,0.0000,0.0000,19300.0000,19300.0000,0.2413,0.0055,0.0000,0.0000,27267.0274,0.2013,3,1,0
35.6637,19.3000,19.3000,0.7470,0.0000,0.0000,0.0000,19300.0000,19300.0000,0.2413,0.0055,0.0000,0.0000,27267.0274,0.5057,3,1,0
35.9225,19.3000,19.3000,1.0921,0.0000,0.0000,0.0000,19300.0000,19300.0000,0.5587,0.0055,0.0000,0.0000,27267.0274,0.5334,3,1,0
36.1813,19.3000,19.3000,1.4372,0.0000,0.0000,0.0000,19300.0000,19300.0000,0.9654,0.0055,0.0000,0.0000,27267.0274,0.4718,3,1,0
36.4402,19.3000,19.3000,1.7823,0.0000,0.0000,0.0000,19300.0000,19300.0000,1.3694,0.0055,0.0000,0.0000,27267.0274,0.4129,3,1,0
36.6990,19.3000,19.3000,2.1274,0.0000,0.0000,0.0000,19300.0000,19300.0000,1.7478,0.0055,0.0000,0.0000,27267.0274,0.3796,3,1,0
36.9578,19.3000,19.3000,2.4725,0.0000,0.0000,0.0000,19300.0000,19300.0000,1.7478,0.0055,0.0000,0.0000,27267.0274,0.7247,3,1,0
37.2166,19.3000,19.3000,2.8176,0.0000,0.0000,0.0000,19300.0000,19300.0000,2.2465,0.0055,0.0000,0.0000,27267.0274,0.5711,3,1,0
37.4754,19.3000,19.3000,3.1627,0.0000,0.0000,0.0000,19300.0000,19300.0000,2.6916,0.0055,0.0000,0.0000,27267.0274,0.4711,3,1,0
37.7342,19.3000,19.3000,3.5078,0.0000,0.0000,0.0000,19300.0000,19300.0000,3.0972,0.0055,0.0000,0.0000,27267.0274,0.4106,3,1,0
37.9931,19.3000,19.3000,3.8529,0.0000,0.0000,0.0000,19300.0000,19300.0000,3.4768,0.0055,0.0000,0.0000,27267.0274,0.3761,3,1,0
38.2519,19.3000,19.3000,4.1573,0.0000,0.0000,0.0000,19300.0000,19300.0000,3.4768,0.0055,0.0000,0.0000,27267.0274,0.6805,3,1,0
38.5107,19.3000,19.3000,4.3477,0.0000,0.0000,0.0000,19300.0000,19300.0000,3.9333,0.0055,0.0000,0.0000,27267.0274,0.4144,3,1,0
38.7695,19.3000,19.3000,4.4618,0.0000,0.0000,0.0000,19300.0000,19300.0000,4.2800,0.0055,0.0000,0.0000,27267.0274,0.1818,3,1,0
39.0283,19.3000,19.3000,4.4999,0.0000,0.0000,0.0000,19300.0000,19300.0000,4.4434,0.0055,0.0000,0.0000,27267.0274,0.0565,3,1,0
39.1534,19.3000,19.3000,4.7500,0.0000,0.0000,0.0000,19300.0000,19300.0000,4.4434,0.0055,0.0000,0.0000,27267.0274,0.3066,3,1,0
39.2784,19.3000,19.3000,5.0000,0.0000,0.0000,0.0000,19300.0000,19300.0000,4.4434,0.0055,0.0000,0.0000,27267.0274,0.5566,3,1,0
39.5513,28.9500,9.6500,5.0000,0.0000,0.0000,0.0000,19300.0000,19300.0000,4.7165,0.0055,0.0000,0.0000,27267.0308,0.2835,4,1,0
39.8243,38.6000,0.0000,5.0000,0.0000,0.0000,0.0000,19682.3000,18917.7000,4.9916,0.0055,0.0000,0.0000,27271.8595,0.0084,4,1,0
39.9493,38.6000,0.0000,4.7500,0.0000,0.0000,0.0000,19775.0000,18825.0000,4.9997,0.0055,0.0000,0.0000,27274.6423,0.2497,4,1,0
40.0743,38.6000,0.0000,4.4999,0.0000,0.0000,0.0000,19775.0000,18825.0000,4.9997,0.0055,0.0000,0.0000,27274.6423,0.4998,4,1,0
40.3331,38.6000,0.0000,4.4618,0.0000,0.0000,0.0000,22447.1000,16152.9000,4.5997,0.0055,0.0000,0.0000,27623.4873,0.1379,4,1,0
40.5920,38.6000,0.0000,4.3477,0.0000,0.0000,0.0000,22832.2000,15767.8000,4.5997,0.0055,0.0000,0.0000,27715.9109,0.2520,4,1,0
40.8508,38.6000,0.0000,4.1573,0.0000,0.0000,0.0000,23433.5000,15166.5000,4.4687,0.0055,0.0000,0.0000,27880.8907,0.3114,4,1,0
41.1096,38.6000,0.0000,3.8529,0.0000,0.0000,0.0000,23433.5000,15166.5000,4.3519,0.0055,0.0000,0.0000,27880.8907,0.4990,4,1,0
41.3684,38.6000,0.0000,3.5078,0.0000,0.0000,0.0000,24017.9000,14582.1000,3.9504,0.0055,0.0000,0.0000,28065.0043,0.4426,4,1,0
41.6272,38.6000,0.0000,3.1627,0.0000,0.0000,0.0000,25300.9000,13299.1000,3.6109,0.0055,0.0000,0.0000,28549.0781,0.4482,4,1,0
41.8860,38.6000,0.0000,2.8176,0.0000,0.0000,0.0000,25300.9000,13299.1000,3.6109,0.0055,0.0000,0.0000,28549.0781,0.7933,4,1,0
42.1449,38.6000,0.0000,2.4725,0.0000,0.0000,0.0000,25684.4000,12915.6000,3.1446,0.0055,0.0000,0.0000,28714.4525,0.6721,4,1,0
42.4037,38.6000,0.0000,2.1274,0.0000,0.0000,0.0000,26357.6000,12242.4000,2.8281,0.0055,0.0000,0.0000,29026.9895,0.7007,4,1,0
42.6625,38.6000,0.0000,1.7823,0.0000,0.0000,0.0000,26837.5000,11762.5000,2.2350,0.0055,0.0000,0.0000,29266.6610,0.4527,4,1,0
42.9213,38.6000,0.0000,1.4372,0.0000,0.0000,0.0000,28274.7000,10325.3000,1.8935,0.0055,0.0000,0.0000,30064.7495,0.4563,4,1,0
43.1801,38.6000,0.0000,1.0921,0.0000,0.0000,0.0000,28956.7000,9643.3000,1.8935,0.0055,0.0000,0.0000,30483.5979,0.8014,4,1,0
43.4390,38.6000,0.0000,0.7470,0.0000,0.0000,0.0000,28956.7000,9643.3000,1.4265,0.0055,0.0000,0.0000,30483.5979,0.6795,4,1,0
43.6978,38.6000,0.0000,0.4426,0.0000,0.0000,0.0000,29905.4000,8694.6000,1.0627,0.0055,0.0000,0.0000,31106.6201,0.6201,4,1,0
43.9566,38.6000,0.0000,0.2522,0.0000,0.0000,0.0000,30619.2000,7980.8000,0.5367,0.0055,0.0000,0.0000,31604.8456,0.2845,4,1,0
44.2154,38.6000,0.0000,0.1381,0.0000,0.0000,0.0000,30619.2000,7980.8000,0.2705,0.0055,0.0000,0.0000,31604.8456,0.1324,4,1,0
44.4742,38.6000,0.0000,0.1000,0.0000,0.0000,0.0000,30619.2000,7980.8000,0.2705,0.0055,0.0000,0.0000,31604.8456,0.1705,4,1,0
49.4742,38.6000,0.0000,0.1000,0.0000,0.0000,0.0000,31549.7000,7050.3000,0.1000,0.0055,0.0000,0.0000,32290.1866,0.0000,4,0,0
49.7330,38.6000,0.0000,0.1381,0.0000,0.0000,0.0000,32093.6000,6506.4000,0.1000,0.0055,0.0000,0.0000,32708.6574,0.0381,4,1,0
49.9919,38.6000,0.0000,0.2522,0.0000,0.0000,0.0000,32707.2000,5892.8000,0.1048,0.0055,0.0000,0.0000,33195.8208,0.1474,4,1,0
50.2507,38.6000,0.0000,0.4426,0.0000,0.0000,0.0000,32707.2000,5892.8000,0.1370,0.0055,0.0000,0.0000,33195.8208,0.3056,4,1,0
50.5095,38.6000,0.0000,0.7470,0.0000,0.0000,0.0000,33356.0000,5244.0000,0.3825,0.0055,0.0000,0.0000,33727.5656,0.3645,4,1,0
50.7683,38.6000,0.0000,1.0921,0.0000,0.0000,0.0000,34766.1000,3833.9000,0.6507,0.0055,0.0000,0.0000,34938.4895,0.4414,4,1,0
51.0271,38.6000,0.0000,1.4372,0.0000,0.0000,0.0000,35590.3000,3009.7000,0.6507,0.0055,0.0000,0.0000,35678.8686,0.7865,4,1,0
51.2859,38.6000,0.0000,1.7823,0.0000,0.0000,0.0000,36472.9000,2127.1000,1.0954,0.0055,0.0000,0.0000,36496.3391,0.6869,4,1,0
51.5448,38.6000,0.0000,2.1274,0.0000,0.0000,0.0000,36472.9000,2127.1000,1.4263,0.0055,0.0000,0.0000,36496.3391,0.7011,4,1,0
51.8036,38.6000,0.0000,2.4725,0.0000,0.0000,0.0000,37366.7000,1233.3000,2.0248,0.0055,0.0000,0.0000,37348.4682,0.4477,4,1,0
52.0624,38.6000,0.0000,2.8176,0.0000,0.0000,0.0000,37381.6000,1218.4000,2.4386,0.0055,0.0000,0.0000,37362.8712,0.3790,4,1,0
52.3212,38.6000,0.0000,3.1627,0.0000,0.0000,0.0000,37381.6000,1218.4000,2.4386,0.0055,0.0000,0.0000,37362.8712,0.7241,4,1,0
52.5800,38.6000,0.0000,3.5078,0.0000,0.0000,0.0000,38594.0000,6.0000,2.8255,0.0055,0.0000,0.0000,38555.4005,0.6823,4,1,0
52.8389,38.6000,0.0000,3.8529,0.0000,0.0000,0.0000,38600.0000,0.0000,3.3592,0.0055,0.0000,0.0000,38561.4000,0.4937,4,1,0
53.0977,38.6000,0.0000,4.1573,0.0000,0.0000,0.0000,38600.0000,0.0000,3.7910,0.0055,0.0000,0.0000,38561.4000,0.3663,4,1,0
53.3565,38.6000,0.0000,4.3477,0.0000,0.0000,0.0000,38600.0000,0.0000,4.1285,0.0055,0.0000,0.0000,38561.4000,0.2192,4,1,0
53.6153,38.6000,0.0000,4.4618,0.0000,0.0000,0.0000,38600.0000,0.0000,4.1285,0.0055,0.0000,0.0000,38561.4000,0.3333,4,1,0
53.8741,38.6000,0.0000,4.4999,0.0000,0.0000,0.0000,38600.0000,0.0000,4.3745,0.0055,0.0000,0.0000,38561.4000,0.1254,4,1,0
53.9991,38.6000,0.0000,4.7500,0.0000,0.0000,0.0000,38600.0000,0.0000,4.4838,0.0055,0.0000,0.0000,38561.4000,0.2662,4,1,0
54.1242,38.6000,0.0000,5.0000,0.0000,0.0000,0.0000,38600.0000,0.0000,4.4838,0.0055,0.0000,0.0000,38561.4000,0.5162,4,1,0
54.3172,28.9500,0.0000,5.0000,0.0000,0.0000,0.0000,38600.0000,0.0000,4.4838,0.0055,0.0000,0.0000,38571.0500,0.5162,5,1,0
54.5102,19.3000,0.0000,5.0000,0.0000,0.0000,0.0000,38600.0000,0.0000,4.9842,0.0055,0.0000,0.0000,38580.7000,0.0158,5,1,0
54.6352,19.3000,0.0000,4.7500,0.0000,0.0000,0.0000,38600.0000,0.0000,4.9842,0.0055,0.0000,0.0000,38580.7000,0.2343,5,1,0
54.7602,19.3000,0.0000,4.4999,0.0000,0.0000,0.0000,36809.3000,0.0000,4.8358,0.0055,0.0000,0.0000,36790.0000,0.3359,5,1,0
55.0190,19.3000,0.0000,4.4618,0.0000,0.0000,0.0000,34882.0000,0.0000,4.8358,0.0055,0.0000,0.0000,34862.7000,0.3740,5,1,0
55.2779,19.3000,0.0000,4.3477,0.0000,0.0000,0.0000,34882.0000,0.0000,4.5282,0.0055,0.0000,0.0000,34862.7000,0.1805,5,1,0
55.5367,19.3000,0.0000,4.1573,0.0000,0.0000,0.0000,34548.4000,0.0000,4.3889,0.0055,0.0000,0.0000,34529.1000,0.2316,5,1,0
55.7955,19.3000,0.0000,3.8529,0.0000,0.0000,0.0000,33592.6000,0.0000,4.2154,0.0055,0.0000,0.0000,33573.3000,0.3625,5,1,0
56.0543,19.3000,0.0000,3.5078,0.0000,0.0000,0.0000,33402.8000,0.0000,3.8885,0.0055,0.0000,0.0000,33383.5000,0.3807,5,1,0
56.3131,19.3000,0.0000,3.1627,0.0000,0.0000,0.0000,30974.3000,0.0000,3.8885,0.0055,0.0000,0.0000,30955.0000,0.7258,5,1,0
56.5719,19.3000,0.0000,2.8176,0.0000,0.0000,0.0000,30974.3000,0.0000,3.5486,0.0055,0.0000,0.0000,30955.0000,0.7310,5,1,0
56.8308,19.3000,0.0000,2.4725,0.0000,0.0000,0.0000,30612.4000,0.0000,2.9530,0.0055,0.0000,0.0000,30593.1000,0.4805,5,1,0
57.0896,19.3000,0.0000,2.1274,0.0000,0.0000,0.0000,29224.4000,0.0000,2.5976,0.0055,0.0000,0.0000,29205.1000,0.4702,5,1,0
57.3484,19.3000,0.0000,1.7823,0.0000,0.0000,0.0000,29001.8000,0.0000,2.1641,0.0055,0.0000,0.0000,28982.5000,0.3818,5,1,0
57.6072,19.3000,0.0000,1.4372,0.0000,0.0000,0.0000,26627.7000,0.0000,2.1641,0.0055,0.0000,0.0000,26608.4000,0.7269,5,1,0
57.8660,19.3000,0.0000,1.0921,0.0000,0.0000,0.0000,26627.7000,0.0000,1.8175,0.0055,0.0000,0.0000,26608.4000,0.7254,5,1,0
58.1249,19.3000,0.0000,0.7470,0.0000,0.0000,0.0000,26280.9000,0.0000,1.1994,0.0055,0.0000,0.0000,26261.6000,0.4524,5,1,0
58.3837,19.3000,0.0000,0.4426,0.0000,0.0000,0.0000,24970.8000,0.0000,0.8557,0.0055,0.0000,0.0000,24951.5000,0.4131,5,1,0
58.6425,19.3000,0.0000,0.2522,0.0000,0.0000,0.0000,24577.1000,0.0000,0.8557,0.0055,0.0000,0.0000,24557.8000,0.6035,5,1,0
58.9013,19.3000,0.0000,0.1381,0.0000,0.0000,0.0000,24066.2000,0.0000,0.4758,0.0055,0.0000,0.0000,24046.9000,0.3377,5,1,0
59.1601,19.3000,0.0000,0.1000,0.0000,0.0000,0.0000,24066.2000,0.0000,0.2441,0.0055,0.0000,0.0000,24046.9000,0.1441,5,1,0
59.2123,19.3000,0.0000,0.1000,-0.0128,0.0000,0.0000,24066.2000,0.0000,0.2441,0.0055,0.0000,0.0000,24046.9000,0.1441,5,0,0
59.2645,19.3000,0.0000,0.1000,-0.0519,0.0000,0.0000,22567.5000,0.0000,0.2441,0.0055,0.0000,0.0000,22548.2000,0.1441,5,0,0
59.3167,19.3000,0.0000,0.1000,-0.1127,0.0000,0.0000,22567.5000,0.0000,0.1043,-0.0070,0.0000,0.0000,22548.2000,0.0043,5,0,0
59.3689,19.3000,0.0000,0.1000,-0.1736,0.0000,0.0000,22567.5000,0.0000,0.1043,-0.0070,0.0000,0.0000,22548.2000,0.0043,5,0,0
59.4211,19.3000,0.0000,0.1000,-0.2344,0.0000,0.0000,22567.5000,0.0000,0.1043,-0.0070,0.0000,0.0000,22548.2000,0.0043,5,0,0
59.4732,19.3000,0.0000,0.1000,-0.2952,0.0000,0.0000,22567.5000,0.0000,0.1043,-0.0070,0.0000,0.0000,22548.2000,0.0043,5,0,0
59.5254,19.3000,0.0000,0.1000,-0.3561,0.0000,0.0000,22567.5000,0.0000,0.1043,-0.0070,0.0000,0.0000,22548.2000,0.0043,5,0,0
59.5776,19.3000,0.0000,0.1000,-0.4169,0.0000,0.0000,22567.5000,0.0000,0.1043,-0.0070,0.0000,0.0000,22548.2000,0.0043,5,0,0
59.6298,19.3000,0.0000,0.1000,-0.4777,0.0000,0.0000,22567.5000,0.0000,0.1043,-0.0070,0.0000,0.0000,22548.2000,0.0043,5,0,0
59.6820,19.3000,0.0000,0.1000,-0.5386,0.0000,0.0000,22567.5000,0.0000,0.1043,-0.0070,0.0000,0.0000,22548.2000,0.0043,5,0,0
59.7342,19.3000,0.0000,0.1000,-0.5994,0.0000,0.0000,19300.0000,0.0000,0.1043,-0.0070,0.0000,0.0000,19280.7000,0.0043,5,0,0
59.7863,19.3000,0.0000,0.1000,-0.6384,0.0000,0.0000,19300.0000,0.0000,0.1001,-0.3603,0.0000,0.0000,19280.7000,0.0001,5,0,0
59.8385,19.3000,0.0000,0.1000,-0.6513,0.0000,0.0000,19300.0000,0.0000,0.1001,-0.3603,0.0000,0.0000,19280.7000,0.0001,5,0,0
60.8385,19.3000,0.0000,0.1000,-0.6513,0.0000,0.0000,19300.0000,0.0000,0.1000,-0.6513,0.0000,0.0000,19280.7000,0.0000,5,0,0
61.0974,19.3000,0.0000,0.1381,-0.6513,0.0000,0.0000,19300.0000,0.0000,0.1000,-0.6513,0.0000,0.0000,19280.7000,0.0381,5,1,0
61.3562,19.3000,0.0000,0.2522,-0.6513,0.0000,0.0000,19300.0000,0.0000,0.1000,-0.6513,0.0000,0.0000,19280.7000,0.1522,5,1,0
61.6150,19.3000,0.0000,0.4426,-0.6513,0.0000,0.0000,19300.0000,0.0000,0.1357,-0.6513,0.0000,0.0000,19280.7000,0.3069,5,1,0
61.8738,19.3000,0.0000,0.7470,-0.6513,0.0000,0.0000,19300.0000,0.0000,0.3492,-0.6513,0.0000,0.0000,19280.7000,0.3978,5,1,0
62.1326,19.3000,0.0000,1.0921,-0.6513,0.0000,0.0000,19300.0000,0.0000,0.6731,-0.6513,0.0000,0.0000,19280.7000,0.4190,5,1,0
62.3914,19.3000,0.0000,1.4372,-0.6513,0.0000,0.0000,19300.0000,0.0000,1.0478,-0.6513,0.0000,0.0000,19280.7000,0.3894,5,1,0
62.6503,19.3000,0.0000,1.7823,-0.6513,0.0000,0.0000,19300.0000,0.0000,1.0478,-0.6513,0.0000,0.0000,19280.7000,0.7345,5,1,0
62.9091,19.3000,0.0000,2.1274,-0.6513,0.0000,0.0000,19300.0000,0.0000,1.4570,-0.6513,0.0000,0.0000,19280.7000,0.6704,5,1,0
63.1679,19.3000,0.0000,2.4725,-0.6513,0.0000,0.0000,19300.0000,0.0000,1.9536,-0.6513,0.0000,0.0000,19280.7000,0.5189,5,1,0
63.4267,19.3000,0.0000,2.8176,-0.6513,0.0000,0.0000,19300.0000,0.0000,2.3941,-0.6513,0.0000,0.0000,19280.7000,0.4235,5,1,0
63.6855,19.3000,0.0000,3.1627,-0.6513,0.0000,0.0000,19300.0000,0.0000,2.7733,-0.6513,0.0000,0.0000,19280.7000,0.3894,5,1,0
63.9443,19.3000,0.0000,3.5078,-0.6513,0.0000,0.0000,19300.0000,0.0000,2.7733,-0.6513,0.0000,0.0000,19280.7000,0.7345,5,1,0
64.2032,19.3000,0.0000,3.8529,-0.6513,0.0000,0.0000,19300.0000,0.0000,3.1841,-0.6513,0.0000,0.0000,19280.7000,0.6688,5,1,0
64.4620,19.3000,0.0000,4.1573,-0.6513,0.0000,0.0000,19300.0000,0.0000,3.6627,-0.6513,0.0000,0.0000,19280.7000,0.4946,5,1,0
64.7208,19.3000,0.0000,4.3477,-0.6513,0.0000,0.0000,19300.0000,0.0000,4.0856,-0.6513,0.0000,0.0000,19280.7000,0.2621,5,1,0
64.9796,19.3000,0.0000,4.4618,-0.6513,0.0000,0.0000,19300.0000,0.0000,4.3247,-0.6513,0.0000,0.0000,19280.7000,0.1371,5,1,0
65.2384,19.3000,0.0000,4.4999,-0.6513,0.0000,0.0000,19300.0000,0.0000,4.3247,-0.6513,0.0000,0.0000,19280.7000,0.1752,5,1,0
65.3635,19.3000,0.0000,4.7500,-0.6513,0.0000,0.0000,19300.0000,0.0000,4.4598,-0.6513,0.0000,0.0000,19280.7000,0.2901,5,1,0
65.4885,19.3000,0.0000,5.0000,-0.6513,0.0000,0.0000,19300.0000,0.0000,4.4598,-0.6513,0.0000,0.0000,19280.7000,0.5402,5,1,0
65.7642,18.3153,0.0000,5.0000,-0.6513,0.0000,0.0000,19300.0000,0.0000,4.8758,-0.6513,0.0000,0.0000,19281.6847,0.1242,7,1,0
66.0399,15.1643,0.0000,5.0000,-0.6513,0.0000,0.0000,19121.5000,0.0000,4.9961,-0.6513,0.0000,0.0000,19106.3357,0.0039,7,1,0
66.3156,11.4881,0.0000,5.0000,-0.6513,0.0000,0.0000,17809.5000,0.0000,4.9999,-0.6513,0.0000,0.0000,17798.0119,0.0001,7,1,0
66.5913,7.8119,0.0000,5.0000,-0.6513,0.0000,0.0000,17743.5000,0.0000,5.0000,-0.6513,0.0000,0.0000,17735.6881,0.0000,7,1,0
66.8671,4.1357,0.0000,5.0000,-0.6513,0.0000,0.0000,17743.5000,0.0000,5.0000,-0.6513,0.0000,0.0000,17739.3643,0.0000,7,1,0
67.1428,0.9847,0.0000,5.0000,-0.6513,0.0000,0.0000,16375.3000,0.0000,5.0000,-0.6513,0.0000,0.0000,16374.3153,0.0000,7,1,0
67.4185,0.0000,0.0000,5.0000,-0.6513,0.0000,0.0000,16375.3000,0.0000,5.0000,-0.6513,0.0000,0.0000,16375.3000,0.0000,7,1,0
67.5435,0.0000,0.0000,4.7500,-0.6513,0.0000,0.0000,16149.1000,0.0000,5.0000,-0.6513,0.0000,0.0000,16149.1000,0.2500,9,1,0
67.6685,0.0000,0.0000,4.4999,-0.6513,0.0000,0.0000,16149.1000,0.0000,5.0000,-0.6513,0.0000,0.0000,16149.1000,0.5001,9,1,0
67.9274,0.0000,0.0000,4.4618,-0.6513,0.0000,0.0000,11640.2000,0.0000,5.0000,-0.6513,0.0000,0.0000,11640.2000,0.5382,9,1,0
68.1862,0.0000,0.0000,4.3477,-0.6513,0.0000,0.0000,11640.2000,0.0000,4.5269,-0.6513,0.0000,0.0000,11640.2000,0.1792,9,1,0
68.4450,0.0000,0.0000,4.1573,-0.6513,0.0000,0.0000,11519.4000,0.0000,4.3768,-0.6513,0.0000,0.0000,11519.4000,0.2195,9,1,0
68.7038,0.0000,0.0000,3.8529,-0.6513,0.0000,0.0000,9871.7000,0.0000,4.2170,-0.6513,0.0000,0.0000,9871.7000,0.3641,9,1,0
68.9626,0.0000,0.0000,3.5078,-0.6513,0.0000,0.0000,9770.0000,0.0000,4.2170,-0.6513,0.0000,0.0000,9770.0000,0.7092,9,1,0
69.2214,0.0000,0.0000,3.1627,-0.6513,0.0000,0.0000,9208.6000,0.0000,3.8388,-0.6513,0.0000,0.0000,9208.6000,0.6761,9,1,0
69.4803,0.0000,0.0000,2.8176,-0.6513,0.0000,0.0000,9208.6000,0.0000,3.4739,-0.6513,0.0000,0.0000,9208.6000,0.6563,9,1,0
69.7391,0.0000,0.0000,2.4725,-0.6513,0.0000,0.0000,7906.8000,0.0000,2.9422,-0.6513,0.0000,0.0000,7906.8000,0.4697,9,1,0
69.9979,0.0000,0.0000,2.1274,-0.6513,0.0000,0.0000,7838.7000,0.0000,2.5048,-0.6513,0.0000,0.0000,7838.7000,0.3774,9,1,0
70.2567,0.0000,0.0000,1.7823,-0.6513,0.0000,0.0000,6431.0000,0.0000,2.5048,-0.6513,0.0000,0.0000,6431.0000,0.7225,9,1,0
70.5155,0.0000,0.0000,1.4372,-0.6513,0.0000,0.0000,6431.0000,0.0000,2.0196,-0.6513,0.0000,0.0000,6431.0000,0.5824,9,1,0
70.7743,0.0000,0.0000,1.0921,-0.6513,0.0000,0.0000,6400.4000,0.0000,1.5398,-0.6513,0.0000,0.0000,6400.4000,0.4477,9,1,0
71.0332,0.0000,0.0000,0.7470,-0.6513,0.0000,0.0000,5318.0000,0.0000,1.1785,-0.6513,0.0000,0.0000,5318.0000,0.4315,9,1,0
71.2920,0.0000,0.0000,0.4426,-0.6513,0.0000,0.0000,4933.9000,0.0000,1.1785,-0.6513,0.0000,0.0000,4933.9000,0.7359,9,1,0
71.5508,0.0000,0.0000,0.2522,-0.6513,0.0000,0.0000,3657.8000,0.0000,0.6438,-0.6513,0.0000,0.0000,3657.8000,0.3916,9,1,0
71.8096,0.0000,0.0000,0.1381,-0.6513,0.0000,0.0000,3657.8000,0.0000,0.4253,-0.6513,0.0000,0.0000,3657.8000,0.2872,9,1,0
72.0684,0.0000,0.0000,0.1000,-0.6513,0.0000,0.0000,2828.9000,0.0000,0.1754,-0.6513,0.0000,0.0000,2828.9000,0.0754,9,1,0
72.1205,0.0000,0.0000,0.1000,-0.6346,0.0000,0.0000,2828.9000,0.0000,0.1754,-0.6513,0.0000,0.0000,2828.9000,0.0754,9,0,0
72.1726,0.0000,0.0000,0.1000,-0.5834,0.0000,0.0000,2828.9000,0.0000,0.1754,-0.6513,0.0000,0.0000,2828.9000,0.0754,9,0,0
72.2247,0.0000,0.0000,0.1000,-0.5227,0.0000,0.0000,286.4000,0.0000,0.1754,-0.6513,0.0000,0.0000,286.4000,0.0754,9,0,0
72.2768,0.0000,0.0000,0.1000,-0.4620,0.0000,0.0000,286.4000,0.0000,0.1016,-0.6015,0.0000,0.0000,286.4000,0.0016,9,0,0
72.3288,0.0000,0.0000,0.1000,-0.4013,0.0000,0.0000,286.4000,0.0000,0.1016,-0.6015,0.0000,0.0000,286.4000,0.0016,9,0,0
72.3809,0.0000,0.0000,0.1000,-0.3406,0.0000,0.0000,91.3000,0.0000,0.1016,-0.6015,0.0000,0.0000,91.3000,0.0016,9,0,0
72.4330,0.0000,0.0000,0.1000,-0.2798,0.0000,0.0000,91.3000,0.0000,0.1000,-0.4271,0.0000,0.0000,91.3000,0.0000,9,0,0
72.4851,0.0000,0.0000,0.1000,-0.2191,0.0000,0.0000,91.3000,0.0000,0.1000,-0.4271,0.0000,0.0000,91.3000,0.0000,9,0,0
72.5372,0.0000,0.0000,0.1000,-0.1679,0.0000,0.0000,91.3000,0.0000,0.1000,-0.4271,0.0000,0.0000,91.3000,0.0000,9,0,0
72.5893,0.0000,0.0000,0.1000,-0.1513,0.0000,0.0000,-0.4000,0.0000,0.1000,-0.4271,0.0000,0.0000,0.4000,0.0000,9,0,0
72.6186,1.7500,0.0000,0.1000,-0.1513,0.0000,0.0000,-0.4000,0.0000,0.1000,-0.2361,0.0000,0.0000,2.1500,0.0000,9,0,0
72.6479,3.5000,0.0000,0.1000,-0.1513,0.0000,0.0000,-0.4000,0.0000,0.1000,-0.2361,0.0000,0.0000,3.9000,0.0000,9,0,0
72.6480,3.5068,0.0012,0.1000,-0.1511,0.0000,0.0000,-0.4000,0.0000,0.1000,-0.2361,0.0000,0.0000,3.9068,0.0000,9,0,0
72.6481,3.5137,0.0024,0.1000,-0.1510,0.0000,0.0000,3886.5000,1.0000,0.1000,-0.2361,0.0000,0.0000,3882.9865,0.0000,9,0,0
72.6482,3.5199,0.0060,0.1000,-0.1509,0.0000,0.0000,3886.5000,1.0000,0.1000,-0.1517,0.0000,0.0000,3882.9802,0.0000,9,0,0
72.6483,3.5261,0.0095,0.1000,-0.1507,0.0000,0.0000,3886.5000,1.0000,0.1000,-0.1517,0.0000,0.0000,3882.9740,0.0000,9,0,0
72.6485,3.5311,0.0152,0.1000,-0.1506,0.0000,0.0000,3886.5000,1.0000,0.1000,-0.1517,0.0000,0.0000,3882.9690,0.0000,9,0,0
72.6486,3.5361,0.0208,0.1000,-0.1504,0.0000,0.0000,3531.0000,11.8000,0.1000,-0.1508,0.0000,0.0000,3527.4836,0.0000,9,0,0
72.6487,3.5393,0.0283,0.1000,-0.1503,0.0000,0.0000,3531.0000,11.8000,0.1000,-0.1508,0.0000,0.0000,3527.4803,0.0000,9,0,0
72.6489,3.5426,0.0357,0.1000,-0.1501,0.0000,0.0000,3543.0000,39.8000,0.1000,-0.1508,0.0000,0.0000,3539.6808,0.0000,9,0,0
72.6490,3.5436,0.0445,0.1000,-0.1499,0.0000,0.0000,3543.0000,39.8000,0.1000,-0.1503,0.0000,0.0000,3539.6797,0.0000,9,0,0
72.6492,3.5446,0.0532,0.1000,-0.1497,0.0000,0.0000,3543.0000,39.8000,0.1000,-0.1503,0.0000,0.0000,3539.6785,0.0000,9,0,0
72.6493,3.5432,0.0627,0.1000,-0.1496,0.0000,0.0000,3543.0000,39.8000,0.1000,-0.1503,0.0000,0.0000,3539.6799,0.0000,9,0,0
72.6495,3.5417,0.0722,0.1000,-0.1494,0.0000,0.0000,3543.0000,39.8000,0.1000,-0.1503,0.0000,0.0000,3539.6813,0.0000,9,0,0
72.6497,3.5375,0.0818,0.1000,-0.1492,0.0000,0.0000,3542.4000,71.2000,0.1000,-0.1503,0.0000,0.0000,3539.5771,0.0000,9,0,0
72.6498,3.5333,0.0914,0.1000,-0.1489,0.0000,0.0000,3542.4000,71.2000,0.1000,-0.1494,0.0000,0.0000,3539.5811,0.0000,9,0,0
72.6500,3.5263,0.1004,0.1000,-0.1487,0.0000,0.0000,3542.4000,71.2000,0.1000,-0.1494,0.0000,0.0000,3539.5879,0.0000,9,0,0
72.6502,3.5193,0.1094,0.1000,-0.1485,0.0000,0.0000,3542.4000,71.2000,0.1000,-0.1494,0.0000,0.0000,3539.5947,0.0000,9,0,0
72.6504,3.5096,0.1172,0.1000,-0.1482,0.0000,0.0000,3542.4000,71.2000,0.1000,-0.1494,0.0000,0.0000,3539.6042,0.0000,9,0,0
72.6506,3.5000,0.1250,0.1000,-0.1480,0.0000,0.0000,3509.4000,113.4000,0.1000,-0.1494,0.0000,0.0000,3507.7295,0.0000,9,0,0
72.6509,3.4879,0.1309,0.1000,-0.1477,0.0000,0.0000,3509.4000,113.4000,0.1000,-0.1484,0.0000,0.0000,3507.7413,0.0000,9,0,0
72.6511,3.4759,0.1368,0.1000,-0.1475,0.0000,0.0000,3509.4000,113.4000,0.1000,-0.1484,0.0000,0.0000,3507.7532,0.0000,9,0,0
72.6513,3.4618,0.1402,0.1000,-0.1472,0.0000,0.0000,3463.3000,140.0000,0.1000,-0.1484,0.0000,0.0000,3462.6639,0.0000,9,0,0
72.6516,3.4477,0.1436,0.1000,-0.1469,0.0000,0.0000,3463.3000,140.0000,0.1000,-0.1476,0.0000,0.0000,3462.6778,0.0000,9,0,0
72.6518,3.4322,0.1440,0.1000,-0.1466,0.0000,0.0000,3463.3000,140.0000,0.1000,-0.1476,0.0000,0.0000,3462.6933,0.0000,9,0,0
72.6521,3.4167,0.1443,0.1000,-0.1463,0.0000,0.0000,3463.3000,140.0000,0.1000,-0.1476,0.0000,0.0000,3462.7088,0.0000,9,0,0
72.6524,3.4003,0.1413,0.1000,-0.1460,0.0000,0.0000,3372.7000,144.0000,0.1000,-0.1476,0.0000,0.0000,3372.3695,0.0000,9,0,0
72.6526,3.3839,0.1383,0.1000,-0.1456,0.0000,0.0000,3372.7000,144.0000,0.1000,-0.1464,0.0000,0.0000,3372.3859,0.0000,9,0,0
72.6529,3.3675,0.1317,0.1000,-0.1453,0.0000,0.0000,3372.7000,144.0000,0.1000,-0.1464,0.0000,0.0000,3372.4027,0.0000,9,0,0
72.6532,3.3510,0.1250,0.1000,-0.1449,0.0000,0.0000,3372.7000,144.0000,0.1000,-0.1464,0.0000,0.0000,3372.4194,0.0000,9,0,0
72.6536,3.3353,0.1146,0.1000,-0.1445,0.0000,0.0000,3347.4000,126.2000,0.1000,-0.1454,0.0000,0.0000,3346.4408,0.0000,9,0,0
72.6539,3.3196,0.1042,0.1000,-0.1442,0.0000,0.0000,3347.4000,126.2000,0.1000,-0.1454,0.0000,0.0000,3346.4569,0.0000,9,0,0
72.6542,3.3054,0.0901,0.1000,-0.1438,0.0000,0.0000,3347.4000,126.2000,0.1000,-0.1454,0.0000,0.0000,3346.4717,0.0000,9,0,0
72.6545,3.2912,0.0760,0.1000,-0.1434,0.0000,0.0000,3305.0000,90.0000,0.1000,-0.1454,0.0000,0.0000,3302.9332,0.0000,9,0,0
72.6549,3.2793,0.0585,0.1000,-0.1430,0.0000,0.0000,3305.0000,90.0000,0.1000,-0.1440,0.0000,0.0000,3302.9455,0.0000,9,0,0
72.6553,3.2675,0.0410,0.1000,-0.1425,0.0000,0.0000,3305.0000,90.0000,0.1000,-0.1440,0.0000,0.0000,3302.9578,0.0000,9,0,0
72.6556,3.2587,0.0205,0.1000,-0.1421,0.0000,0.0000,3259.6000,60.1000,0.1000,-0.1440,0.0000,0.0000,3256.8954,0.0000,9,0,0
72.6560,3.2500,0.0000,0.1000,-0.1417,0.0000,0.0000,3259.6000,60.1000,0.1000,-0.1427,0.0000,0.0000,3256.9046,0.0000,9,0,0
72.6564,3.2451,-0.0229,0.1000,-0.1412,0.0000,0.0000,3259.6000,60.1000,0.1000,-0.1427,0.0000,0.0000,3256.9099,0.0000,9,0,0
72.6568,3.2401,-0.0458,0.1000,-0.1407,0.0000,0.0000,3259.6000,60.1000,0.1000,-0.1427,0.0000,0.0000,3256.9153,0.0000,9,0,0
72.6572,3.2395,-0.0704,0.1000,-0.1402,0.0000,0.0000,3259.6000,60.1000,0.1000,-0.1427,0.0000,0.0000,3256.9163,0.0000,9,0,0
72.6576,3.2390,-0.0950,0.1000,-0.1397,0.0000,0.0000,3239.3000,-69.8000,0.1000,-0.1427,0.0000,0.0000,3236.8117,0.0000,9,0,0
72.6580,3.2432,-0.1204,0.1000,-0.1392,0.0000,0.0000,3239.3000,-69.8000,0.1000,-0.1405,0.0000,0.0000,3236.8069,0.0000,9,0,0
72.6585,3.2474,-0.1458,0.1000,-0.1387,0.0000,0.0000,3239.3000,-69.8000,0.1000,-0.1405,0.0000,0.0000,3236.8021,0.0000,9,0,0
72.6589,3.2567,-0.1711,0.1000,-0.1382,0.0000,0.0000,3257.0000,-174.8000,0.1000,-0.1405,0.0000,0.0000,3258.4261,0.0000,9,0,0
72.6594,3.2659,-0.1964,0.1000,-0.1377,0.0000,0.0000,3257.0000,-174.8000,0.1000,-0.1387,0.0000,0.0000,3258.4155,0.0000,9,0,0
72.6598,3.2803,-0.2206,0.1000,-0.1371,0.0000,0.0000,3257.0000,-174.8000,0.1000,-0.1387,0.0000,0.0000,3258.3999,0.0000,9,0,0
72.6603,3.2947,-0.2447,0.1000,-0.1365,0.0000,0.0000,3257.0000,-174.8000,0.1000,-0.1387,0.0000,0.0000,3258.3843,0.0000,9,0,0
72.6608,3.3140,-0.2667,0.1000,-0.1360,0.0000,0.0000,3309.3000,-265.6000,0.1000,-0.1387,0.0000,0.0000,3316.6165,0.0000,9,0,0
72.6613,3.3333,-0.2887,0.1000,-0.1354,0.0000,0.0000,3309.3000,-265.6000,0.1000,-0.1368,0.0000,0.0000,3316.5955,0.0000,9,0,0
72.6618,3.3573,-0.3075,0.1000,-0.1348,0.0000,0.0000,3309.3000,-265.6000,0.1000,-0.1368,0.0000,0.0000,3316.5701,0.0000,9,0,0
72.6623,3.3812,-0.3263,0.1000,-0.1342,0.0000,0.0000,3309.3000,-265.6000,0.1000,-0.1368,0.0000,0.0000,3316.5447,0.0000,9,0,0
72.6628,3.4093,-0.3410,0.1000,-0.1335,0.0000,0.0000,3410.5000,-341.0000,0.1000,-0.1368,0.0000,0.0000,3424.0788,0.0000,9,0,0
72.6634,3.4373,-0.3556,0.1000,-0.1329,0.0000,0.0000,3410.5000,-341.0000,0.1000,-0.1346,0.0000,0.0000,3424.0495,0.0000,9,0,0
72.6639,3.4686,-0.3653,0.1000,-0.1323,0.0000,0.0000,3410.5000,-341.0000,0.1000,-0.1346,0.0000,0.0000,3424.0173,0.0000,9,0,0
72.6645,3.5000,-0.3750,0.1000,-0.1316,0.0000,0.0000,3489.6000,-372.8000,0.1000,-0.1346,0.0000,0.0000,3505.9369,0.0000,9,0,0
72.6650,3.5338,-0.3790,0.1000,-0.1309,0.0000,0.0000,3489.6000,-372.8000,0.1000,-0.1325,0.0000,0.0000,3505.9029,0.0000,9,0,0
72.6656,3.5675,-0.3830,0.1000,-0.1303,0.0000,0.0000,3489.6000,-372.8000,0.1000,-0.1325,0.0000,0.0000,3505.8689,0.0000,9,0,0
72.6662,3.6026,-0.3807,0.1000,-0.1296,0.0000,0.0000,3614.2000,-381.0000,0.1000,-0.1325,0.0000,0.0000,3630.6038,0.0000,9,0,0
72.6668,3.6378,-0.3785,0.1000,-0.1289,0.0000,0.0000,3614.2000,-381.0000,0.1000,-0.1304,0.0000,0.0000,3630.5692,0.0000,9,0,0
72.6674,3.6730,-0.3697,0.1000,-0.1282,0.0000,0.0000,3614.2000,-381.0000,0.1000,-0.1304,0.0000,0.0000,3630.5350,0.0000,9,0,0
72.6680,3.7083,-0.3608,0.1000,-0.1274,0.0000,0.0000,3614.2000,-381.0000,0.1000,-0.1304,0.0000,0.0000,3630.5008,0.0000,9,0,0
72.6686,3.7425,-0.3453,0.1000,-0.1267,0.0000,0.0000,3711.5000,-361.0000,0.1000,-0.1304,0.0000,0.0000,3725.2567,0.0000,9,0,0
72.6693,3.7768,-0.3298,0.1000,-0.1259,0.0000,0.0000,3711.5000,-361.0000,0.1000,-0.1276,0.0000,0.0000,3725.2241,0.0000,9,0,0
72.6699,3.8086,-0.3078,0.1000,-0.1252,0.0000,0.0000,3711.5000,-361.0000,0.1000,-0.1276,0.0000,0.0000,3725.1945,0.0000,9,0,0
72.6706,3.8405,-0.2857,0.1000,-0.1244,0.0000,0.0000,3711.5000,-361.0000,0.1000,-0.1276,0.0000,0.0000,3725.1650,0.0000,9,0,0
72.6712,3.8687,-0.2574,0.1000,-0.1236,0.0000,0.0000,3873.8000,-277.3000,0.1000,-0.1254,0.0000,0.0000,3879.8352,0.0000,9,0,0
72.6719,3.8969,-0.2292,0.1000,-0.1228,0.0000,0.0000,3873.8000,-277.3000,0.1000,-0.1254,0.0000,0.0000,3879.8090,0.0000,9,0,0
72.6726,3.9203,-0.1953,0.1000,-0.1220,0.0000,0.0000,3920.7000,-195.6000,0.1000,-0.1254,0.0000,0.0000,3921.6509,0.0000,9,0,0
72.6733,3.9437,-0.1615,0.1000,-0.1212,0.0000,0.0000,3920.7000,-195.6000,0.1000,-0.1230,0.0000,0.0000,3921.6292,0.0000,9,0,0
72.6740,3.9612,-0.1230,0.1000,-0.1204,0.0000,0.0000,3920.7000,-195.6000,0.1000,-0.1230,0.0000,0.0000,3921.6137,0.0000,9,0,0
72.6747,3.9787,-0.0844,0.1000,-0.1195,0.0000,0.0000,3920.7000,-195.6000,0.1000,-0.1230,0.0000,0.0000,3921.5981,0.0000,9,0,0
72.6754,3.9894,-0.0422,0.1000,-0.1186,0.0000,0.0000,3979.0000,-84.5000,0.1000,-0.1230,0.0000,0.0000,3975.9078,0.0000,9,0,0
72.6762,4.0000,-0.0000,0.1000,-0.1178,0.0000,0.0000,3979.0000,-84.5000,0.1000,-0.1230,0.0000,0.0000,3975.8980,0.0000,9,0,0
72.6769,4.0030,0.0446,0.1000,-0.1169,0.0000,0.0000,3979.0000,-84.5000,0.1000,-0.1230,0.0000,0.0000,3975.8960,0.0000,9,0,0
72.6777,4.0061,0.0892,0.1000,-0.1160,0.0000,0.0000,4006.0000,58.7000,0.1000,-0.1230,0.0000,0.0000,4002.4231,0.0000,9,0,0
72.6784,4.0010,0.1349,0.1000,-0.1151,0.0000,0.0000,4006.0000,58.7000,0.1000,-0.1194,0.0000,0.0000,4002.4275,0.0000,9,0,0
72.6792,3.9959,0.1805,0.1000,-0.1142,0.0000,0.0000,4006.0000,58.7000,0.1000,-0.1194,0.0000,0.0000,4002.4319,0.0000,9,0,0
72.6800,3.9825,0.2257,0.1000,-0.1133,0.0000,0.0000,4006.0000,58.7000,0.1000,-0.1194,0.0000,0.0000,4002.4446,0.0000,9,0,0
72.6808,3.9691,0.2708,0.1000,-0.1123,0.0000,0.0000,3968.6000,278.3000,0.1000,-0.1194,0.0000,0.0000,3974.3677,0.0000,9,0,0
72.6816,3.9473,0.3140,0.1000,-0.1114,0.0000,0.0000,3968.6000,278.3000,0.1000,-0.1143,0.0000,0.0000,3974.3864,0.0000,9,0,0
72.6824,3.9256,0.3571,0.1000,-0.1104,0.0000,0.0000,3968.6000,278.3000,0.1000,-0.1143,0.0000,0.0000,3974.4051,0.0000,9,0,0
72.6832,3.8958,0.3967,0.1000,-0.1094,0.0000,0.0000,3893.5000,396.9000,0.1000,-0.1143,0.0000,0.0000,3909.7616,0.0000,9,0,0
72.6840,3.8660,0.4362,0.1000,-0.1084,0.0000,0.0000,3893.5000,396.9000,0.1000,-0.1107,0.0000,0.0000,3909.7872,0.0000,9,0,0
72.6849,3.8288,0.4707,0.1000,-0.1074,0.0000,0.0000,3893.5000,396.9000,0.1000,-0.1107,0.0000,0.0000,3909.8207,0.0000,9,0,0
72.6857,3.7917,0.5052,0.1000,-0.1064,0.0000,0.0000,3893.5000,396.9000,0.1000,-0.1107,0.0000,0.0000,3909.8542,0.0000,9,0,0
72.6866,3.7480,0.5332,0.1000,-0.1054,0.0000,0.0000,3741.9000,560.2000,0.1000,-0.1107,0.0000,0.0000,3779.8158,0.0000,9,0,0
72.6875,3.7043,0.5612,0.1000,-0.1044,0.0000,0.0000,3741.9000,560.2000,0.1000,-0.1068,0.0000,0.0000,3779.8549,0.0000,9,0,0
72.6884,3.6552,0.5815,0.1000,-0.1033,0.0000,0.0000,3741.9000,560.2000,0.1000,-0.1068,0.0000,0.0000,3779.9004,0.0000,9,0,0
72.6893,3.6061,0.6018,0.1000,-0.1023,0.0000,0.0000,3741.9000,560.2000,0.1000,-0.1068,0.0000,0.0000,3779.9459,0.0000,9,0,0
72.6902,3.5531,0.6134,0.1000,-0.1012,0.0000,0.0000,3606.0000,602.0000,0.1000,-0.1068,0.0000,0.0000,3652.2992,0.0000,9,0,0
72.6911,3.5000,0.6250,0.1000,-0.1001,0.0000,0.0000,3606.0000,602.0000,0.1000,-0.1027,0.0000,0.0000,3652.3497,0.0000,9,0,0
72.6920,3.4445,0.6271,0.1000,-0.0990,0.0000,0.0000,3606.0000,602.0000,0.1000,-0.1027,0.0000,0.0000,3652.4040,0.0000,9,0,0
72.6929,3.3891,0.6292,0.1000,-0.0979,0.0000,0.0000,3606.0000,602.0000,0.1000,-0.1027,0.0000,0.0000,3652.4584,0.0000,9,0,0
72.6939,3.3329,0.6213,0.1000,-0.0968,0.0000,0.0000,3330.1000,621.0000,0.1000,-0.1027,0.0000,0.0000,3384.1172,0.0000,9,0,0
72.6948,3.2767,0.6134,0.1000,-0.0957,0.0000,0.0000,3330.1000,621.0000,0.1000,-0.0980,0.0000,0.0000,3384.1738,0.0000,9,0,0
72.6958,3.2217,0.5954,0.1000,-0.0945,0.0000,0.0000,3330.1000,621.0000,0.1000,-0.0980,0.0000,0.0000,3384.2312,0.0000,9,0,0
72.6968,3.1667,0.5774,0.1000,-0.0934,0.0000,0.0000,3330.1000,621.0000,0.1000,-0.0980,0.0000,0.0000,3384.2887,0.0000,9,0,0
72.6978,3.1146,0.5493,0.1000,-0.0922,0.0000,0.0000,3147.5000,587.4000,0.1000,-0.0980,0.0000,0.0000,3198.6799,0.0000,9,0,0
72.6988,3.0625,0.5213,0.1000,-0.0910,0.0000,0.0000,3147.5000,587.4000,0.1000,-0.0939,0.0000,0.0000,3198.7362,0.0000,9,0,0
72.6998,3.0153,0.4839,0.1000,-0.0898,0.0000,0.0000,3147.5000,587.4000,0.1000,-0.0939,0.0000,0.0000,3198.7896,0.0000,9,0,0
72.7008,2.9680,0.4464,0.1000,-0.0886,0.0000,0.0000,2968.7000,447.3000,0.1000,-0.0939,0.0000,0.0000,2999.2073,0.0000,9,0,0
72.7018,2.9273,0.4003,0.1000,-0.0874,0.0000,0.0000,2968.7000,447.3000,0.1000,-0.0903,0.0000,0.0000,2999.2544,0.0000,9,0,0
72.7028,2.8866,0.3542,0.1000,-0.0862,0.0000,0.0000,2968.7000,447.3000,0.1000,-0.0903,0.0000,0.0000,2999.3016,0.0000,9,0,0
72.7039,2.8539,0.3006,0.1000,-0.0849,0.0000,0.0000,2851.8000,333.0000,0.1000,-0.0903,0.0000,0.0000,2868.3066,0.0000,9,0,0
72.7049,2.8213,0.2470,0.1000,-0.0837,0.0000,0.0000,2851.8000,333.0000,0.1000,-0.0867,0.0000,0.0000,2868.3452,0.0000,9,0,0
72.7060,2.7982,0.1874,0.1000,-0.0824,0.0000,0.0000,2851.8000,333.0000,0.1000,-0.0867,0.0000,0.0000,2868.3751,0.0000,9,0,0
72.7071,2.7751,0.1278,0.1000,-0.0812,0.0000,0.0000,2851.8000,333.0000,0.1000,-0.0867,0.0000,0.0000,2868.4049,0.0000,9,0,0
72.7082,2.7625,0.0639,0.1000,-0.0799,0.0000,0.0000,2851.8000,333.0000,0.1000,-0.0867,0.0000,0.0000,2868.4248,0.0000,9,0,0
72.7093,2.7500,0.0000,0.1000,-0.0786,0.0000,0.0000,2750.7000,18.2000,0.1000,-0.0867,0.0000,0.0000,2748.0103,0.0000,9,0,0
72.7104,2.7489,-0.0663,0.1000,-0.0773,0.0000,0.0000,2750.7000,18.2000,0.1000,-0.0803,0.0000,0.0000,2748.0119,0.0000,9,0,0
72.7115,2.7477,-0.1326,0.1000,-0.0760,0.0000,0.0000,2750.7000,18.2000,0.1000,-0.0803,0.0000,0.0000,2748.0134,0.0000,9,0,0
72.7126,2.7584,-0.1993,0.1000,-0.0746,0.0000,0.0000,2758.0000,-210.6000,0.1000,-0.0803,0.0000,0.0000,2763.2634,0.0000,9,0,0
72.7137,2.7691,-0.2660,0.1000,-0.0733,0.0000,0.0000,2758.0000,-210.6000,0.1000,-0.0763,0.0000,0.0000,2763.2476,0.0000,9,0,0
72.7149,2.7918,-0.3309,0.1000,-0.0719,0.0000,0.0000,2758.0000,-210.6000,0.1000,-0.0763,0.0000,0.0000,2763.2201,0.0000,9,0,0
72.7160,2.8144,-0.3958,0.1000,-0.0706,0.0000,0.0000,2819.5000,-456.0000,0.1000,-0.0763,0.0000,0.0000,2853.2951,0.0000,9,0,0
72.7172,2.8487,-0.4568,0.1000,-0.0692,0.0000,0.0000,2819.5000,-456.0000,0.1000,-0.0725,0.0000,0.0000,2853.2515,0.0000,9,0,0
72.7184,2.8829,-0.5178,0.1000,-0.0678,0.0000,0.0000,2819.5000,-456.0000,0.1000,-0.0725,0.0000,0.0000,2853.2080,0.0000,9,0,0
72.7196,2.9281,-0.5728,0.1000,-0.0664,0.0000,0.0000,2927.7000,-569.7000,0.1000,-0.0725,0.0000,0.0000,2979.6303,0.0000,9,0,0
72.7208,2.9733,-0.6277,0.1000,-0.0650,0.0000,0.0000,2927.7000,-569.7000,0.1000,-0.0683,0.0000,0.0000,2979.5754,0.0000,9,0,0
72.7220,3.0283,-0.6747,0.1000,-0.0635,0.0000,0.0000,2927.7000,-569.7000,0.1000,-0.0683,0.0000,0.0000,2979.5124,0.0000,9,0,0
72.7232,3.0833,-0.7217,0.1000,-0.0621,0.0000,0.0000,2927.7000,-569.7000,0.1000,-0.0683,0.0000,0.0000,2979.4494,0.0000,9,0,0
72.7244,3.1468,-0.7589,0.1000,-0.0606,0.0000,0.0000,3083.0000,-717.7000,0.1000,-0.0638,0.0000,0.0000,3162.1987,0.0000,9,0,0
72.7257,3.2102,-0.7961,0.1000,-0.0592,0.0000,0.0000,3083.0000,-717.7000,0.1000,-0.0638,0.0000,0.0000,3162.1284,0.0000,9,0,0
72.7269,3.2804,-0.8221,0.1000,-0.0577,0.0000,0.0000,3277.5000,-824.5000,0.1000,-0.0638,0.0000,0.0000,3376.2345,0.0000,9,0,0
72.7282,3.3505,-0.8480,0.1000,-0.0562,0.0000,0.0000,3277.5000,-824.5000,0.1000,-0.0590,0.0000,0.0000,3376.1602,0.0000,9,0,0
72.7294,3.4252,-0.8615,0.1000,-0.0547,0.0000,0.0000,3277.5000,-824.5000,0.1000,-0.0590,0.0000,0.0000,3376.0844,0.0000,9,0,0
72.7307,3.5000,-0.8750,0.1000,-0.0532,0.0000,0.0000,3277.5000,-824.5000,0.1000,-0.0590,0.0000,0.0000,3376.0086,0.0000,9,0,0
72.7320,3.5772,-0.8752,0.1000,-0.0517,0.0000,0.0000,3508.0000,-875.0000,0.1000,-0.0590,0.0000,0.0000,3611.7964,0.0000,9,0,0
72.7333,3.6544,-0.8754,0.1000,-0.0501,0.0000,0.0000,3508.0000,-875.0000,0.1000,-0.0539,0.0000,0.0000,3611.7215,0.0000,9,0,0
72.7346,3.7316,-0.8619,0.1000,-0.0486,0.0000,0.0000,3508.0000,-875.0000,0.1000,-0.0539,0.0000,0.0000,3611.6499,0.0000,9,0,0
72.7359,3.8088,-0.8483,0.1000,-0.0470,0.0000,0.0000,3508.0000,-875.0000,0.1000,-0.0539,0.0000,0.0000,3611.5782,0.0000,9,0,0
72.7372,3.8836,-0.8211,0.1000,-0.0454,0.0000,0.0000,3508.0000,-875.0000,0.1000,-0.0539,0.0000,0.0000,3611.5123,0.0000,9,0,0
72.7386,3.9583,-0.7939,0.1000,-0.0439,0.0000,0.0000,4038.1000,-788.3000,0.1000,-0.0539,0.0000,0.0000,4110.2877,0.0000,9,0,0
72.7399,4.0282,-0.7534,0.1000,-0.0423,0.0000,0.0000,4038.1000,-788.3000,0.1000,-0.0469,0.0000,0.0000,4110.2268,0.0000,9,0,0
72.7413,4.0981,-0.7128,0.1000,-0.0407,0.0000,0.0000,4038.1000,-788.3000,0.1000,-0.0469,0.0000,0.0000,4110.1660,0.0000,9,0,0
72.7427,4.1608,-0.6600,0.1000,-0.0390,0.0000,0.0000,4038.1000,-788.3000,0.1000,-0.0469,0.0000,0.0000,4110.1146,0.0000,9,0,0
72.7440,4.2235,-0.6071,0.1000,-0.0374,0.0000,0.0000,4161.8000,-658.0000,0.1000,-0.0469,0.0000,0.0000,4209.2289,0.0000,9,0,0
72.7454,4.2767,-0.5431,0.1000,-0.0358,0.0000,0.0000,4161.8000,-658.0000,0.1000,-0.0398,0.0000,0.0000,4209.1863,0.0000,9,0,0
72.7468,4.3299,-0.4792,0.1000,-0.0341,0.0000,0.0000,4161.8000,-658.0000,0.1000,-0.0398,0.0000,0.0000,4209.1437,0.0000,9,0,0
72.7482,4.3718,-0.4058,0.1000,-0.0324,0.0000,0.0000,4372.0000,-416.7000,0.1000,-0.0398,0.0000,0.0000,4387.4226,0.0000,9,0,0
72.7496,4.4136,-0.3325,0.1000,-0.0308,0.0000,0.0000,4372.0000,-416.7000,0.1000,-0.0348,0.0000,0.0000,4387.3879,0.0000,9,0,0
72.7511,4.4424,-0.2519,0.1000,-0.0291,0.0000,0.0000,4372.0000,-416.7000,0.1000,-0.0348,0.0000,0.0000,4387.3670,0.0000,9,0,0
72.7525,4.4711,-0.1712,0.1000,-0.0274,0.0000,0.0000,4471.1000,-147.3000,0.1000,-0.0348,0.0000,0.0000,4469.0514,0.0000,9,0,0
72.7540,4.4856,-0.0856,0.1000,-0.0256,0.0000,0.0000,4471.1000,-147.3000,0.1000,-0.0297,0.0000,0.0000,4469.0398,0.0000,9,0,0
72.7554,4.5000,-0.0000,0.1000,-0.0239,0.0000,0.0000,4471.1000,-147.3000,0.1000,-0.0297,0.0000,0.0000,4469.0282,0.0000,9,0,0
72.7569,4.4992,0.0880,0.1000,-0.0222,0.0000,0.0000,4499.0000,86.6000,0.1000,-0.0297,0.0000,0.0000,4495.3333,0.0000,9,0,0
72.7584,4.4985,0.1761,0.1000,-0.0204,0.0000,0.0000,4499.0000,86.6000,0.1000,-0.0246,0.0000,0.0000,4495.3324,0.0000,9,0,0
72.7599,4.4821,0.2638,0.1000,-0.0187,0.0000,0.0000,4499.0000,86.6000,0.1000,-0.0246,0.0000,0.0000,4495.3470,0.0000,9,0,0
72.7614,4.4658,0.3515,0.1000,-0.0169,0.0000,0.0000,4465.9000,378.9000,0.1000,-0.0246,0.0000,0.0000,4477.4651,0.0000,9,0,0
72.7629,4.4340,0.4362,0.1000,-0.0151,0.0000,0.0000,4465.9000,378.9000,0.1000,-0.0186,0.0000,0.0000,4477.4897,0.0000,9,0,0
72.7644,4.4021,0.5208,0.1000,-0.0133,0.0000,0.0000,4465.9000,378.9000,0.1000,-0.0186,0.0000,0.0000,4477.5143,0.0000,9,0,0
72.7659,4.3554,0.5997,0.1000,-0.0115,0.0000,0.0000,4465.9000,378.9000,0.1000,-0.0186,0.0000,0.0000,4477.5542,0.0000,9,0,0
72.7675,4.3086,0.6785,0.1000,-0.0097,0.0000,0.0000,4355.2000,612.9000,0.1000,-0.0186,0.0000,0.0000,4393.7536,0.0000,9,0,0
72.7690,4.2480,0.7489,0.1000,-0.0078,0.0000,0.0000,4355.2000,612.9000,0.1000,-0.0123,0.0000,0.0000,4393.8038,0.0000,9,0,0
72.7706,4.1874,0.8192,0.1000,-0.0060,0.0000,0.0000,4355.2000,612.9000,0.1000,-0.0123,0.0000,0.0000,4393.8540,0.0000,9,0,0
72.7721,4.1145,0.8787,0.1000,-0.0041,0.0000,0.0000,4113.5000,877.2000,0.1000,-0.0123,0.0000,0.0000,4201.7839,0.0000,9,0,0
72.7737,4.0417,0.9382,0.1000,-0.0023,0.0000,0.0000,4113.5000,877.2000,0.1000,-0.0068,0.0000,0.0000,4201.8428,0.0000,9,0,0
72.7753,3.9585,0.9846,0.1000,-0.0004,0.0000,0.0000,4113.5000,877.2000,0.1000,-0.0068,0.0000,0.0000,4201.9144,0.0000,9,0,0
72.7769,3.8753,1.0311,0.1000,0.0015,0.0000,0.0000,3871.5000,1031.3000,0.1000,-0.0068,0.0000,0.0000,4002.4961,0.0000,9,0,0
72.7785,3.7841,1.0626,0.1000,0.0034,0.0000,0.0000,3871.5000,1031.3000,0.1000,-0.0011,0.0000,0.0000,4002.5761,0.0000,9,0,0
72.7801,3.6929,1.0942,0.1000,0.0053,0.0000,0.0000,3871.5000,1031.3000,0.1000,-0.0011,0.0000,0.0000,4002.6560,0.0000,9,0,0
72.7818,3.5965,1.1096,0.1000,0.0073,0.0000,0.0000,3524.9000,1109.4000,0.1000,-0.0011,0.0000,0.0000,3691.5967,0.0000,9,0,0
72.7834,3.5000,1.1250,0.1000,0.0092,0.0000,0.0000,3524.9000,1109.4000,0.1000,0.0047,0.0000,0.0000,3691.6841,0.0000,9,0,0
72.7851,3.4011,1.1233,0.1000,0.0112,0.0000,0.0000,3524.9000,1109.4000,0.1000,0.0047,0.0000,0.0000,3691.7789,0.0000,9,0,0
72.7867,3.3022,1.1216,0.1000,0.0131,0.0000,0.0000,3524.9000,1109.4000,0.1000,0.0047,0.0000,0.0000,3691.8738,0.0000,9,0,0
72.7884,3.2040,1.1024,0.1000,0.0151,0.0000,0.0000,3308.0000,1122.0000,0.1000,0.0047,0.0000,0.0000,3489.7118,0.0000,9,0,0
72.7901,3.1057,1.0833,0.1000,0.0171,0.0000,0.0000,3308.0000,1122.0000,0.1000,0.0047,0.0000,0.0000,3489.8110,0.0000,9,0,0
72.7918,3.0112,1.0468,0.1000,0.0191,0.0000,0.0000,3308.0000,1122.0000,0.1000,0.0047,0.0000,0.0000,3489.9122,0.0000,9,0,0
72.7935,2.9167,1.0104,0.1000,0.0211,0.0000,0.0000,2923.8000,1011.0000,0.1000,0.0047,0.0000,0.0000,3090.5725,0.0000,9,0,0
72.7952,2.8289,0.9574,0.1000,0.0232,0.0000,0.0000,2923.8000,1011.0000,0.1000,0.0115,0.0000,0.0000,3090.6728,0.0000,9,0,0
72.7969,2.7412,0.9044,0.1000,0.0252,0.0000,0.0000,2923.8000,1011.0000,0.1000,0.0115,0.0000,0.0000,3090.7730,0.0000,9,0,0
72.7986,2.6631,0.8361,0.1000,0.0273,0.0000,0.0000,2923.8000,1011.0000,0.1000,0.0115,0.0000,0.0000,3090.8691,0.0000,9,0,0
72.8004,2.5850,0.7678,0.1000,0.0293,0.0000,0.0000,2659.2000,835.4000,0.1000,0.0246,0.0000,0.0000,2784.6390,0.0000,9,0,0
72.8021,2.5193,0.6860,0.1000,0.0314,0.0000,0.0000,2659.2000,835.4000,0.1000,0.0246,0.0000,0.0000,2784.7262,0.0000,9,0,0
72.8039,2.4536,0.6042,0.1000,0.0335,0.0000,0.0000,2465.4000,638.5000,0.1000,0.0246,0.0000,0.0000,2544.2123,0.0000,9,0,0
72.8057,2.4025,0.5111,0.1000,0.0356,0.0000,0.0000,2465.4000,638.5000,0.1000,0.0307,0.0000,0.0000,2544.2851,0.0000,9,0,0
72.8074,2.3515,0.4180,0.1000,0.0377,0.0000,0.0000,2465.4000,638.5000,0.1000,0.0307,0.0000,0.0000,2544.3578,0.0000,9,0,0
72.8092,2.3171,0.3163,0.1000,0.0398,0.0000,0.0000,2317.0000,323.0000,0.1000,0.0307,0.0000,0.0000,2337.0669,0.0000,9,0,0
72.8110,2.2827,0.2146,0.1000,0.0419,0.0000,0.0000,2317.0000,323.0000,0.1000,0.0371,0.0000,0.0000,2337.1150,0.0000,9,0,0
72.8129,2.2663,0.1073,0.1000,0.0441,0.0000,0.0000,2317.0000,323.0000,0.1000,0.0371,0.0000,0.0000,2337.1460,0.0000,9,0,0
72.8147,2.2500,0.0000,0.1000,0.0462,0.0000,0.0000,2249.1000,-3.4000,0.1000,0.0371,0.0000,0.0000,2246.8526,0.0000,9,0,0
72.8165,2.2527,-0.1097,0.1000,0.0484,0.0000,0.0000,2249.1000,-3.4000,0.1000,0.0432,0.0000,0.0000,2246.8498,0.0000,9,0,0
72.8184,2.2553,-0.2195,0.1000,0.0506,0.0000,0.0000,2249.1000,-3.4000,0.1000,0.0432,0.0000,0.0000,2246.8469,0.0000,9,0,0
72.8202,2.2773,-0.3282,0.1000,0.0528,0.0000,0.0000,2277.0000,-360.8000,0.1000,0.0432,0.0000,0.0000,2303.1073,0.0000,9,0,0
72.8221,2.2993,-0.4370,0.1000,0.0550,0.0000,0.0000,2277.0000,-360.8000,0.1000,0.0498,0.0000,0.0000,2303.0686,0.0000,9,0,0
72.8240,2.3403,-0.5414,0.1000,0.0572,0.0000,0.0000,2277.0000,-360.8000,0.1000,0.0498,0.0000,0.0000,2303.0117,0.0000,9,0,0
72.8258,2.3814,-0.6458,0.1000,0.0594,0.0000,0.0000,2277.0000,-360.8000,0.1000,0.0498,0.0000,0.0000,2302.9548,0.0000,9,0,0
72.8277,2.4406,-0.7425,0.1000,0.0617,0.0000,0.0000,2388.9000,-643.3000,0.1000,0.0498,0.0000,0.0000,2471.4507,0.0000,9,0,0
72.8296,2.4999,-0.8392,0.1000,0.0639,0.0000,0.0000,2388.9000,-643.3000,0.1000,0.0588,0.0000,0.0000,2471.3683,0.0000,9,0,0
72.8315,2.5759,-0.9250,0.1000,0.0662,0.0000,0.0000,2388.9000,-643.3000,0.1000,0.0588,0.0000,0.0000,2471.2726,0.0000,9,0,0
72.8335,2.6519,-1.0108,0.1000,0.0685,0.0000,0.0000,2388.9000,-643.3000,0.1000,0.0588,0.0000,0.0000,2471.1770,0.0000,9,0,0
72.8354,2.7426,-1.0827,0.1000,0.0708,0.0000,0.0000,2655.6000,-1001.1000,0.1000,0.0657,0.0000,0.0000,2835.0815,0.0000,9,0,0
72.8373,2.8333,-1.1547,0.1000,0.0731,0.0000,0.0000,2655.6000,-1001.1000,0.1000,0.0657,0.0000,0.0000,2834.9712,0.0000,9,0,0
72.8393,2.9363,-1.2103,0.1000,0.0754,0.0000,0.0000,2962.6000,-1210.0000,0.1000,0.0657,0.0000,0.0000,3196.9957,0.0000,9,0,0
72.8413,3.0392,-1.2660,0.1000,0.0777,0.0000,0.0000,2962.6000,-1210.0000,0.1000,0.0657,0.0000,0.0000,3196.8794,0.0000,9,0,0
72.8432,3.1514,-1.3032,0.1000,0.0801,0.0000,0.0000,2962.6000,-1210.0000,0.1000,0.0657,0.0000,0.0000,3196.7614,0.0000,9,0,0
72.8452,3.2636,-1.3404,0.1000,0.0824,0.0000,0.0000,2962.6000,-1210.0000,0.1000,0.0657,0.0000,0.0000,3196.6435,0.0000,9,0,0
72.8472,3.3818,-1.3577,0.1000,0.0848,0.0000,0.0000,3250.8000,-1349.7000,0.1000,0.0657,0.0000,0.0000,3516.2127,0.0000,9,0,0
72.8492,3.5000,-1.3750,0.1000,0.0871,0.0000,0.0000,3250.8000,-1349.7000,0.1000,0.0733,0.0000,0.0000,3516.0969,0.0000,9,0,0
72.8512,3.6206,-1.3714,0.1000,0.0895,0.0000,0.0000,3250.8000,-1349.7000,0.1000,0.0733,0.0000,0.0000,3515.9869,0.0000,9,0,0
72.8533,3.7412,-1.3678,0.1000,0.0919,0.0000,0.0000,3250.8000,-1349.7000,0.1000,0.0733,0.0000,0.0000,3515.8770,0.0000,9,0,0
72.8553,3.8605,-1.3430,0.1000,0.0943,0.0000,0.0000,3770.9000,-1368.0000,0.1000,0.0897,0.0000,0.0000,4007.2856,0.0000,9,0,0
72.8573,3.9798,-1.3182,0.1000,0.0968,0.0000,0.0000,3770.9000,-1368.0000,0.1000,0.0897,0.0000,0.0000,4007.1819,0.0000,9,0,0
72.8594,4.0941,-1.2725,0.1000,0.0992,0.0000,0.0000,3770.9000,-1368.0000,0.1000,0.0897,0.0000,0.0000,4007.0901,0.0000,9,0,0
72.8615,4.2083,-1.2269,0.1000,0.1016,0.0000,0.0000,4158.3000,-1225.9000,0.1000,0.0897,0.0000,0.0000,4330.8546,0.0000,9,0,0
72.8635,4.3139,-1.1614,0.1000,0.1041,0.0000,0.0000,4158.3000,-1225.9000,0.1000,0.0982,0.0000,0.0000,4330.7719,0.0000,9,0,0
72.8656,4.4195,-1.0959,0.1000,0.1066,0.0000,0.0000,4158.3000,-1225.9000,0.1000,0.0982,0.0000,0.0000,4330.6891,0.0000,9,0,0
72.8677,4.5130,-1.0122,0.1000,0.1091,0.0000,0.0000,4158.3000,-1225.9000,0.1000,0.0982,0.0000,0.0000,4330.6231,0.0000,9,0,0
72.8698,4.6065,-0.9285,0.1000,0.1116,0.0000,0.0000,4158.3000,-1225.9000,0.1000,0.0982,0.0000,0.0000,4330.5571,0.0000,9,0,0
72.8720,4.6847,-0.8288,0.1000,0.1141,0.0000,0.0000,4603.7000,-930.6000,0.1000,0.1077,0.0000,0.0000,4692.0588,0.0000,9,0,0
72.8741,4.7630,-0.7292,0.1000,0.1166,0.0000,0.0000,4603.7000,-930.6000,0.1000,0.1077,0.0000,0.0000,4692.0019,0.0000,9,0,0
72.8762,4.8232,-0.6163,0.1000,0.1191,0.0000,0.0000,4825.0000,-527.6000,0.1000,0.1077,0.0000,0.0000,4848.8985,0.0000,9,0,0
72.8784,4.8834,-0.5035,0.1000,0.1216,0.0000,0.0000,4825.0000,-527.6000,0.1000,0.1156,0.0000,0.0000,4848.8508,0.0000,9,0,0
72.8805,4.9235,-0.3808,0.1000,0.1242,0.0000,0.0000,4825.0000,-527.6000,0.1000,0.1156,0.0000,0.0000,4848.8244,0.0000,9,0,0
72.8827,4.9635,-0.2581,0.1000,0.1268,0.0000,0.0000,4825.0000,-527.6000,0.1000,0.1156,0.0000,0.0000,4848.7979,0.0000,9,0,0
72.8849,4.9818,-0.1290,0.1000,0.1294,0.0000,0.0000,4952.5000,-130.7000,0.1000,0.1156,0.0000,0.0000,4949.2409,0.0000,9,0,0
72.8870,5.0000,-0.0000,0.1000,0.1319,0.0000,0.0000,4952.5000,-130.7000,0.1000,0.1252,0.0000,0.0000,4949.2261,0.0000,9,0,0
72.9243,3.3750,1.5155,0.1000,0.1760,0.0000,0.0000,4952.5000,-130.7000,0.1000,0.1252,0.0000,0.0000,4950.8907,0.0000,9,0,0
72.9615,1.7500,3.0311,0.1000,0.2201,0.0000,0.0000,2378.8000,2439.8000,0.1000,0.1252,0.0000,0.0000,3404.1459,0.0000,9,0,0
72.9616,1.7568,3.0323,0.1000,0.2202,0.0000,0.0000,2378.8000,2439.8000,0.1000,0.1630,0.0000,0.0000,3404.1403,0.0000,9,0,0
72.9617,1.7637,3.0335,0.1000,0.2203,0.0000,0.0000,2378.8000,2439.8000,0.1000,0.1630,0.0000,0.0000,3404.1346,0.0000,9,0,0
72.9618,1.7699,3.0370,0.1000,0.2205,0.0000,0.0000,2378.8000,2439.8000,0.1000,0.1630,0.0000,0.0000,3404.1278,0.0000,9,0,0
72.9619,1.7761,3.0406,0.1000,0.2206,0.0000,0.0000,1771.5000,3039.1000,0.1000,0.2187,0.0000,0.0000,3514.1968,0.0000,9,0,0
72.9621,1.7811,3.0463,0.1000,0.2208,0.0000,0.0000,1771.5000,3039.1000,0.1000,0.2187,0.0000,0.0000,3514.1894,0.0000,9,0,0
72.9622,1.7861,3.0519,0.1000,0.2209,0.0000,0.0000,1776.1000,2985.1000,0.1000,0.2187,0.0000,0.0000,3469.9857,0.0000,9,0,0
72.9623,1.7893,3.0594,0.1000,0.2211,0.0000,0.0000,1776.1000,2985.1000,0.1000,0.2207,0.0000,0.0000,3469.9776,0.0000,9,0,0
72.9625,1.7926,3.0668,0.1000,0.2212,0.0000,0.0000,1776.1000,2985.1000,0.1000,0.2207,0.0000,0.0000,3469.9696,0.0000,9,0,0
72.9626,1.7936,3.0755,0.1000,0.2214,0.0000,0.0000,1776.1000,2985.1000,0.1000,0.2207,0.0000,0.0000,3469.9615,0.0000,9,0,0
72.9628,1.7946,3.0843,0.1000,0.2216,0.0000,0.0000,1793.9000,3083.7000,0.1000,0.2212,0.0000,0.0000,3563.9634,0.0000,9,0,0
72.9629,1.7932,3.0938,0.1000,0.2218,0.0000,0.0000,1793.9000,3083.7000,0.1000,0.2212,0.0000,0.0000,3563.9559,0.0000,9,0,0
72.9631,1.7917,3.1033,0.1000,0.2220,0.0000,0.0000,1793.9000,3083.7000,0.1000,0.2212,0.0000,0.0000,3563.9485,0.0000,9,0,0
72.9633,1.7875,3.1129,0.1000,0.2222,0.0000,0.0000,1786.8000,3113.6000,0.1000,0.2212,0.0000,0.0000,3586.2794,0.0000,9,0,0
72.9634,1.7833,3.1224,0.1000,0.2224,0.0000,0.0000,1786.8000,3113.6000,0.1000,0.2219,0.0000,0.0000,3586.2732,0.0000,9,0,0
72.9636,1.7763,3.1315,0.1000,0.2226,0.0000,0.0000,1786.8000,3113.6000,0.1000,0.2219,0.0000,0.0000,3586.2688,0.0000,9,0,0
72.9638,1.7693,3.1405,0.1000,0.2228,0.0000,0.0000,1769.1000,3125.2000,0.1000,0.2219,0.0000,0.0000,3587.5776,0.0000,9,0,0
72.9640,1.7596,3.1483,0.1000,0.2231,0.0000,0.0000,1769.1000,3125.2000,0.1000,0.2225,0.0000,0.0000,3587.5756,0.0000,9,0,0
72.9642,1.7500,3.1561,0.1000,0.2233,0.0000,0.0000,1769.1000,3125.2000,0.1000,0.2225,0.0000,0.0000,3587.5736,0.0000,9,0,0
72.9645,1.7379,3.1620,0.1000,0.2236,0.0000,0.0000,1769.1000,3125.2000,0.1000,0.2225,0.0000,0.0000,3587.5744,0.0000,9,0,0
72.9647,1.7259,3.1679,0.1000,0.2239,0.0000,0.0000,1769.1000,3125.2000,0.1000,0.2225,0.0000,0.0000,3587.5752,0.0000,9,0,0
72.9649,1.7118,3.1713,0.1000,0.2241,0.0000,0.0000,1769.1000,3125.2000,0.1000,0.2225,0.0000,0.0000,3587.5792,0.0000,9,0,0
72.9652,1.6977,3.1747,0.1000,0.2244,0.0000,0.0000,1712.0000,3171.0000,0.1000,0.2235,0.0000,0.0000,3600.0349,0.0000,9,0,0
72.9654,1.6822,3.1750,0.1000,0.2247,0.0000,0.0000,1712.0000,3171.0000,0.1000,0.2235,0.0000,0.0000,3600.0419,0.0000,9,0,0
72.9657,1.6667,3.1754,0.1000,0.2250,0.0000,0.0000,1712.0000,3171.0000,0.1000,0.2235,0.0000,0.0000,3600.0490,0.0000,9,0,0
72.9660,1.6503,3.1724,0.1000,0.2254,0.0000,0.0000,1653.6000,3172.0000,0.1000,0.2235,0.0000,0.0000,3573.5705,0.0000,9,0,0
72.9662,1.6339,3.1694,0.1000,0.2257,0.0000,0.0000,1653.6000,3172.0000,0.1000,0.2249,0.0000,0.0000,3573.5807,0.0000,9,0,0
72.9665,1.6175,3.1627,0.1000,0.2261,0.0000,0.0000,1653.6000,3172.0000,0.1000,0.2249,0.0000,0.0000,3573.5942,0.0000,9,0,0
72.9668,1.6010,3.1561,0.1000,0.2264,0.0000,0.0000,1591.4000,3156.2000,0.1000,0.2249,0.0000,0.0000,3531.1679,0.0000,9,0,0
72.9671,1.5853,3.1457,0.1000,0.2268,0.0000,0.0000,1591.4000,3156.2000,0.1000,0.2260,0.0000,0.0000,3531.1843,0.0000,9,0,0
72.9675,1.5696,3.1353,0.1000,0.2272,0.0000,0.0000,1591.4000,3156.2000,0.1000,0.2260,0.0000,0.0000,3531.2007,0.0000,9,0,0
72.9678,1.5554,3.1212,0.1000,0.2276,0.0000,0.0000,1591.4000,3156.2000,0.1000,0.2260,0.0000,0.0000,3531.2196,0.0000,9,0,0
72.9681,1.5412,3.1071,0.1000,0.2280,0.0000,0.0000,1591.4000,3156.2000,0.1000,0.2260,0.0000,0.0000,3531.2386,0.0000,9,0,0
72.9685,1.5293,3.0896,0.1000,0.2284,0.0000,0.0000,1528.7000,3092.7000,0.1000,0.2260,0.0000,0.0000,3446.4391,0.0000,9,0,0
72.9688,1.5175,3.0721,0.1000,0.2288,0.0000,0.0000,1528.7000,3092.7000,0.1000,0.2278,0.0000,0.0000,3446.4601,0.0000,9,0,0
72.9692,1.5087,3.0516,0.1000,0.2292,0.0000,0.0000,1528.7000,3092.7000,0.1000,0.2278,0.0000,0.0000,3446.4823,0.0000,9,0,0
72.9696,1.5000,3.0311,0.1000,0.2297,0.0000,0.0000,1528.7000,3092.7000,0.1000,0.2278,0.0000,0.0000,3446.5046,0.0000,9,0,0
72.9700,1.4951,3.0082,0.1000,0.2301,0.0000,0.0000,1495.0000,3002.5000,0.1000,0.2278,0.0000,0.0000,3350.7474,0.0000,9,0,0
72.9704,1.4901,2.9853,0.1000,0.2306,0.0000,0.0000,1495.0000,3002.5000,0.1000,0.2295,0.0000,0.0000,3350.7701,0.0000,9,0,0
72.9708,1.4895,2.9607,0.1000,0.2311,0.0000,0.0000,1495.0000,3002.5000,0.1000,0.2295,0.0000,0.0000,3350.7924,0.0000,9,0,0
72.9712,1.4890,2.9361,0.1000,0.2316,0.0000,0.0000,1495.0000,3002.5000,0.1000,0.2295,0.0000,0.0000,3350.8147,0.0000,9,0,0
72.9716,1.4932,2.9107,0.1000,0.2321,0.0000,0.0000,1489.4000,2943.6000,0.1000,0.2295,0.0000,0.0000,3295.6821,0.0000,9,0,0
72.9721,1.4974,2.8853,0.1000,0.2326,0.0000,0.0000,1489.4000,2943.6000,0.1000,0.2312,0.0000,0.0000,3295.7029,0.0000,9,0,0
72.9725,1.5067,2.8600,0.1000,0.2331,0.0000,0.0000,1489.4000,2943.6000,0.1000,0.2312,0.0000,0.0000,3295.7212,0.0000,9,0,0
72.9730,1.5159,2.8347,0.1000,0.2337,0.0000,0.0000,1489.4000,2943.6000,0.1000,0.2312,0.0000,0.0000,3295.7396,0.0000,9,0,0
72.9734,1.5303,2.8105,0.1000,0.2342,0.0000,0.0000,1516.0000,2835.0000,0.1000,0.2312,0.0000,0.0000,3211.6842,0.0000,9,0,0
72.9739,1.5447,2.7864,0.1000,0.2348,0.0000,0.0000,1516.0000,2835.0000,0.1000,0.2334,0.0000,0.0000,3211.6988,0.0000,9,0,0
72.9744,1.5640,2.7644,0.1000,0.2354,0.0000,0.0000,1516.0000,2835.0000,0.1000,0.2334,0.0000,0.0000,3211.7090,0.0000,9,0,0
72.9749,1.5833,2.7424,0.1000,0.2359,0.0000,0.0000,1595.1000,2723.6000,0.1000,0.2334,0.0000,0.0000,3153.1510,0.0000,9,0,0
72.9754,1.6073,2.7236,0.1000,0.2366,0.0000,0.0000,1595.1000,2723.6000,0.1000,0.2352,0.0000,0.0000,3153.1551,0.0000,9,0,0
72.9759,1.6312,2.7048,0.1000,0.2372,0.0000,0.0000,1595.1000,2723.6000,0.1000,0.2352,0.0000,0.0000,3153.1593,0.0000,9,0,0
72.9764,1.6593,2.6901,0.1000,0.2378,0.0000,0.0000,1595.1000,2723.6000,0.1000,0.2352,0.0000,0.0000,3153.1578,0.0000,9,0,0
72.9770,1.6873,2.6755,0.1000,0.2384,0.0000,0.0000,1679.4000,2675.1000,0.1000,0.2352,0.0000,0.0000,3155.4038,0.0000,9,0,0
72.9775,1.7186,2.6658,0.1000,0.2391,0.0000,0.0000,1679.4000,2675.1000,0.1000,0.2375,0.0000,0.0000,3155.3953,0.0000,9,0,0
72.9781,1.7500,2.6561,0.1000,0.2397,0.0000,0.0000,1679.4000,2675.1000,0.1000,0.2375,0.0000,0.0000,3155.3868,0.0000,9,0,0
72.9786,1.7838,2.6521,0.1000,0.2404,0.0000,0.0000,1679.4000,2675.1000,0.1000,0.2375,0.0000,0.0000,3155.3722,0.0000,9,0,0
72.9792,1.8175,2.6481,0.1000,0.2411,0.0000,0.0000,1679.4000,2675.1000,0.1000,0.2375,0.0000,0.0000,3155.3577,0.0000,9,0,0
72.9798,1.8526,2.6504,0.1000,0.2418,0.0000,0.0000,1824.6000,2648.0000,0.1000,0.2404,0.0000,0.0000,3212.5197,0.0000,9,0,0
72.9804,1.8878,2.6526,0.1000,0.2425,0.0000,0.0000,1824.6000,2648.0000,0.1000,0.2404,0.0000,0.0000,3212.4979,0.0000,9,0,0
72.9810,1.9230,2.6614,0.1000,0.2432,0.0000,0.0000,1824.6000,2648.0000,0.1000,0.2404,0.0000,0.0000,3212.4706,0.0000,9,0,0
72.9816,1.9583,2.6702,0.1000,0.2439,0.0000,0.0000,1998.3000,2666.4000,0.1000,0.2404,0.0000,0.0000,3328.7890,0.0000,9,0,0
72.9822,1.9925,2.6858,0.1000,0.2446,0.0000,0.0000,1998.3000,2666.4000,0.1000,0.2425,0.0000,0.0000,3328.7561,0.0000,9,0,0
72.9829,2.0268,2.7013,0.1000,0.2454,0.0000,0.0000,1998.3000,2666.4000,0.1000,0.2425,0.0000,0.0000,3328.7232,0.0000,9,0,0
72.9835,2.0586,2.7233,0.1000,0.2462,0.0000,0.0000,2057.2000,2721.7000,0.1000,0.2425,0.0000,0.0000,3408.2899,0.0000,9,0,0
72.9842,2.0905,2.7454,0.1000,0.2469,0.0000,0.0000,2057.2000,2721.7000,0.1000,0.2451,0.0000,0.0000,3408.2531,0.0000,9,0,0
72.9848,2.1187,2.7737,0.1000,0.2477,0.0000,0.0000,2057.2000,2721.7000,0.1000,0.2451,0.0000,0.0000,3408.2135,0.0000,9,0,0
72.9855,2.1469,2.8019,0.1000,0.2485,0.0000,0.0000,2057.2000,2721.7000,0.1000,0.2451,0.0000,0.0000,3408.1740,0.0000,9,0,0
72.9862,2.1703,2.8358,0.1000,0.2493,0.0000,0.0000,2189.2000,2808.4000,0.1000,0.2451,0.0000,0.0000,3557.2868,0.0000,9,0,0
72.9869,2.1937,2.8696,0.1000,0.2501,0.0000,0.0000,2189.2000,2808.4000,0.1000,0.2482,0.0000,0.0000,3557.2457,0.0000,9,0,0
72.9876,2.2112,2.9081,0.1000,0.2510,0.0000,0.0000,2189.2000,2808.4000,0.1000,0.2482,0.0000,0.0000,3557.2046,0.0000,9,0,0
72.9883,2.2287,2.9467,0.1000,0.2518,0.0000,0.0000,2189.2000,2808.4000,0.1000,0.2482,0.0000,0.0000,3557.1634,0.0000,9,0,0
72.9890,2.2394,2.9889,0.1000,0.2527,0.0000,0.0000,2189.2000,2808.4000,0.1000,0.2482,0.0000,0.0000,3557.1236,0.0000,9,0,0
72.9897,2.2500,3.0311,0.1000,0.2535,0.0000,0.0000,2250.0000,3038.0000,0.1000,0.2482,0.0000,0.0000,3776.6938,0.0000,9,0,0
72.9905,2.2530,3.0757,0.1000,0.2544,0.0000,0.0000,2250.0000,3038.0000,0.1000,0.2522,0.0000,0.0000,3776.6562,0.0000,9,0,0
72.9912,2.2561,3.1203,0.1000,0.2553,0.0000,0.0000,2250.0000,3038.0000,0.1000,0.2522,0.0000,0.0000,3776.6185,0.0000,9,0,0
72.9920,2.2510,3.1660,0.1000,0.2562,0.0000,0.0000,2250.0000,3038.0000,0.1000,0.2522,0.0000,0.0000,3776.5849,0.0000,9,0,0
72.9928,2.2459,3.2116,0.1000,0.2571,0.0000,0.0000,2246.1000,3291.1000,0.1000,0.2522,0.0000,0.0000,3980.5893,0.0000,9,0,0
72.9936,2.2325,3.2568,0.1000,0.2581,0.0000,0.0000,2246.1000,3291.1000,0.1000,0.2560,0.0000,0.0000,3980.5596,0.0000,9,0,0
72.9944,2.2191,3.3019,0.1000,0.2590,0.0000,0.0000,2246.1000,3291.1000,0.1000,0.2560,0.0000,0.0000,3980.5298,0.0000,9,0,0
72.9952,2.1973,3.3451,0.1000,0.2600,0.0000,0.0000,2246.1000,3291.1000,0.1000,0.2560,0.0000,0.0000,3980.5065,0.0000,9,0,0
72.9960,2.1756,3.3882,0.1000,0.2609,0.0000,0.0000,2197.0000,3354.6000,0.1000,0.2587,0.0000,0.0000,4005.9799,0.0000,9,0,0
72.9968,2.1458,3.4278,0.1000,0.2619,0.0000,0.0000,2197.0000,3354.6000,0.1000,0.2587,0.0000,0.0000,4005.9631,0.0000,9,0,0
72.9976,2.1160,3.4673,0.1000,0.2629,0.0000,0.0000,2197.0000,3354.6000,0.1000,0.2587,0.0000,0.0000,4005.9463,0.0000,9,0,0
72.9985,2.0788,3.5018,0.1000,0.2639,0.0000,0.0000,2117.2000,3467.1000,0.1000,0.2587,0.0000,0.0000,4058.3556,0.0000,9,0,0
72.9993,2.0417,3.5363,0.1000,0.2649,0.0000,0.0000,2117.2000,3467.1000,0.1000,0.2625,0.0000,0.0000,4058.3455,0.0000,9,0,0
73.0002,1.9980,3.5643,0.1000,0.2659,0.0000,0.0000,2117.2000,3467.1000,0.1000,0.2625,0.0000,0.0000,4058.3444,0.0000,9,0,0
73.0011,1.9543,3.5923,0.1000,0.2670,0.0000,0.0000,1976.4000,3592.8000,0.1000,0.2625,0.0000,0.0000,4096.4433,0.0000,9,0,0
73.0020,1.9052,3.6126,0.1000,0.2680,0.0000,0.0000,1976.4000,3592.8000,0.1000,0.2655,0.0000,0.0000,4096.4492,0.0000,9,0,0
73.0028,1.8561,3.6329,0.1000,0.2691,0.0000,0.0000,1976.4000,3592.8000,0.1000,0.2655,0.0000,0.0000,4096.4550,0.0000,9,0,0
73.0038,1.8031,3.6445,0.1000,0.2701,0.0000,0.0000,1795.3000,3645.0000,0.1000,0.2655,0.0000,0.0000,4059.0764,0.0000,9,0,0
73.0047,1.7500,3.6561,0.1000,0.2712,0.0000,0.0000,1795.3000,3645.0000,0.1000,0.2686,0.0000,0.0000,4059.0894,0.0000,9,0,0
73.0056,1.6945,3.6582,0.1000,0.2723,0.0000,0.0000,1795.3000,3645.0000,0.1000,0.2686,0.0000,0.0000,4059.1121,0.0000,9,0,0
73.0065,1.6391,3.6603,0.1000,0.2734,0.0000,0.0000,1637.1000,3660.0000,0.1000,0.2686,0.0000,0.0000,4005.4404,0.0000,9,0,0
73.0075,1.5829,3.6524,0.1000,0.2745,0.0000,0.0000,1637.1000,3660.0000,0.1000,0.2720,0.0000,0.0000,4005.4705,0.0000,9,0,0
73.0084,1.5267,3.6445,0.1000,0.2757,0.0000,0.0000,1637.1000,3660.0000,0.1000,0.2720,0.0000,0.0000,4005.5006,0.0000,9,0,0
73.0094,1.4717,3.6265,0.1000,0.2768,0.0000,0.0000,1637.1000,3660.0000,0.1000,0.2720,0.0000,0.0000,4005.5396,0.0000,9,0,0
73.0104,1.4167,3.6084,0.1000,0.2780,0.0000,0.0000,1459.2000,3608.8000,0.1000,0.2720,0.0000,0.0000,3888.7708,0.0000,9,0,0
73.0114,1.3646,3.5804,0.1000,0.2791,0.0000,0.0000,1459.2000,3608.8000,0.1000,0.2764,0.0000,0.0000,3888.8163,0.0000,9,0,0
73.0123,1.3125,3.5524,0.1000,0.2803,0.0000,0.0000,1459.2000,3608.8000,0.1000,0.2764,0.0000,0.0000,3888.8618,0.0000,9,0,0
73.0134,1.2653,3.5149,0.1000,0.2815,0.0000,0.0000,1459.2000,3608.8000,0.1000,0.2764,0.0000,0.0000,3888.9142,0.0000,9,0,0
73.0144,1.2180,3.4775,0.1000,0.2827,0.0000,0.0000,1273.5000,3515.0000,0.1000,0.2800,0.0000,0.0000,3734.9019,0.0000,9,0,0
73.0154,1.1773,3.4314,0.1000,0.2839,0.0000,0.0000,1273.5000,3515.0000,0.1000,0.2800,0.0000,0.0000,3734.9591,0.0000,9,0,0
73.0164,1.1366,3.3853,0.1000,0.2851,0.0000,0.0000,1138.7000,3383.0000,0.1000,0.2800,0.0000,0.0000,3565.9285,0.0000,9,0,0
73.0175,1.1039,3.3317,0.1000,0.2864,0.0000,0.0000,1138.7000,3383.0000,0.1000,0.2838,0.0000,0.0000,3565.9897,0.0000,9,0,0
73.0185,1.0713,3.2781,0.1000,0.2876,0.0000,0.0000,1138.7000,3383.0000,0.1000,0.2838,0.0000,0.0000,3566.0509,0.0000,9,0,0
73.0196,1.0482,3.2185,0.1000,0.2889,0.0000,0.0000,1047.8000,3239.6000,0.1000,0.2838,0.0000,0.0000,3401.4489,0.0000,9,0,0
73.0207,1.0251,3.1589,0.1000,0.2902,0.0000,0.0000,1047.8000,3239.6000,0.1000,0.2838,0.0000,0.0000,3401.5127,0.0000,9,0,0
73.0218,1.0125,3.0950,0.1000,0.2915,0.0000,0.0000,1047.8000,3239.6000,0.1000,0.2838,0.0000,0.0000,3401.5774,0.0000,9,0,0
73.0228,1.0000,3.0311,0.1000,0.2927,0.0000,0.0000,1047.8000,3239.6000,0.1000,0.2838,0.0000,0.0000,3401.6420,0.0000,9,0,0
73.0240,0.9989,2.9648,0.1000,0.2941,0.0000,0.0000,999.5000,3025.3000,0.1000,0.2838,0.0000,0.0000,3183.0041,0.0000,9,0,0
73.0251,0.9977,2.8984,0.1000,0.2954,0.0000,0.0000,999.5000,3025.3000,0.1000,0.2878,0.0000,0.0000,3183.0674,0.0000,9,0,0
73.0262,1.0084,2.8318,0.1000,0.2967,0.0000,0.0000,999.5000,3025.3000,0.1000,0.2878,0.0000,0.0000,3183.1273,0.0000,9,0,0
73.0273,1.0191,2.7651,0.1000,0.2981,0.0000,0.0000,999.5000,3025.3000,0.1000,0.2878,0.0000,0.0000,3183.1873,0.0000,9,0,0
73.0285,1.0418,2.7002,0.1000,0.2994,0.0000,0.0000,1019.0000,2765.6000,0.1000,0.2963,0.0000,0.0000,2944.4617,0.0000,9,0,0
73.0296,1.0644,2.6353,0.1000,0.3008,0.0000,0.0000,1019.0000,2765.6000,0.1000,0.2963,0.0000,0.0000,2944.5147,0.0000,9,0,0
73.0308,1.0987,2.5743,0.1000,0.3022,0.0000,0.0000,1019.0000,2765.6000,0.1000,0.2963,0.0000,0.0000,2944.5601,0.0000,9,0,0
73.0320,1.1329,2.5133,0.1000,0.3036,0.0000,0.0000,1126.0000,2496.9000,0.1000,0.2963,0.0000,0.0000,2736.2915,0.0000,9,0,0
73.0332,1.1781,2.4583,0.1000,0.3050,0.0000,0.0000,1126.0000,2496.9000,0.1000,0.3012,0.0000,0.0000,2736.3230,0.0000,9,0,0
73.0344,1.2233,2.4034,0.1000,0.3064,0.0000,0.0000,1126.0000,2496.9000,0.1000,0.3012,0.0000,0.0000,2736.3545,0.0000,9,0,0
73.0356,1.2783,2.3564,0.1000,0.3078,0.0000,0.0000,1126.0000,2496.9000,0.1000,0.3012,0.0000,0.0000,2736.3747,0.0000,9,0,0
73.0368,1.3333,2.3094,0.1000,0.3092,0.0000,0.0000,1268.1000,2358.1000,0.1000,0.3012,0.0000,0.0000,2674.7798,0.0000,9,0,0
73.0380,1.3968,2.2722,0.1000,0.3107,0.0000,0.0000,1268.1000,2358.1000,0.1000,0.3072,0.0000,0.0000,2674.7826,0.0000,9,0,0
73.0392,1.4602,2.2350,0.1000,0.3122,0.0000,0.0000,1268.1000,2358.1000,0.1000,0.3072,0.0000,0.0000,2674.7853,0.0000,9,0,0
73.0405,1.5304,2.2090,0.1000,0.3136,0.0000,0.0000,1564.5000,2209.0000,0.1000,0.3072,0.0000,0.0000,2704.2190,0.0000,9,0,0
73.0418,1.6005,2.1831,0.1000,0.3151,0.0000,0.0000,1564.5000,2209.0000,0.1000,0.3115,0.0000,0.0000,2704.1997,0.0000,9,0,0
73.0430,1.6752,2.1696,0.1000,0.3166,0.0000,0.0000,1564.5000,2209.0000,0.1000,0.3115,0.0000,0.0000,2704.1675,0.0000,9,0,0
73.0443,1.7500,2.1561,0.1000,0.3181,0.0000,0.0000,1564.5000,2209.0000,0.1000,0.3115,0.0000,0.0000,2704.1353,0.0000,9,0,0
73.0456,1.8272,2.1559,0.1000,0.3197,0.0000,0.0000,1876.9000,2156.0000,0.1000,0.3115,0.0000,0.0000,2855.6860,0.0000,9,0,0
73.0469,1.9044,2.1557,0.1000,0.3212,0.0000,0.0000,1876.9000,2156.0000,0.1000,0.3174,0.0000,0.0000,2855.6355,0.0000,9,0,0
73.0482,1.9816,2.1692,0.1000,0.3228,0.0000,0.0000,1876.9000,2156.0000,0.1000,0.3174,0.0000,0.0000,2855.5746,0.0000,9,0,0
73.0495,2.0588,2.1828,0.1000,0.3243,0.0000,0.0000,1876.9000,2156.0000,0.1000,0.3174,0.0000,0.0000,2855.5137,0.0000,9,0,0
73.0508,2.1336,2.2100,0.1000,0.3259,0.0000,0.0000,2054.4000,2183.0000,0.1000,0.3221,0.0000,0.0000,2994.6022,0.0000,9,0,0
73.0522,2.2083,2.2372,0.1000,0.3275,0.0000,0.0000,2054.4000,2183.0000,0.1000,0.3221,0.0000,0.0000,2994.5312,0.0000,9,0,0
73.0535,2.2782,2.2777,0.1000,0.3291,0.0000,0.0000,2054.4000,2183.0000,0.1000,0.3221,0.0000,0.0000,2994.4538,0.0000,9,0,0
73.0549,2.3481,2.3182,0.1000,0.3307,0.0000,0.0000,2374.3000,2318.0000,0.1000,0.3221,0.0000,0.0000,3314.8963,0.0000,9,0,0
73.0562,2.4108,2.3711,0.1000,0.3323,0.0000,0.0000,2374.3000,2318.0000,0.1000,0.3283,0.0000,0.0000,3314.8145,0.0000,9,0,0
73.0576,2.4735,2.4240,0.1000,0.3339,0.0000,0.0000,2374.3000,2318.0000,0.1000,0.3283,0.0000,0.0000,3314.7327,0.0000,9,0,0
73.0590,2.5267,2.4880,0.1000,0.3356,0.0000,0.0000,2374.3000,2318.0000,0.1000,0.3283,0.0000,0.0000,3314.6500,0.0000,9,0,0
73.0604,2.5799,2.5519,0.1000,0.3372,0.0000,0.0000,2534.9000,2488.0000,0.1000,0.3283,0.0000,0.0000,3548.2527,0.0000,9,0,0
73.0618,2.6218,2.6252,0.1000,0.3389,0.0000,0.0000,2534.9000,2488.0000,0.1000,0.3349,0.0000,0.0000,3548.1715,0.0000,9,0,0
73.0632,2.6636,2.6986,0.1000,0.3406,0.0000,0.0000,2534.9000,2488.0000,0.1000,0.3349,0.0000,0.0000,3548.0903,0.0000,9,0,0
73.0647,2.6924,2.7792,0.1000,0.3423,0.0000,0.0000,2534.9000,2488.0000,0.1000,0.3349,0.0000,0.0000,3548.0132,0.0000,9,0,0
73.0661,2.7211,2.8599,0.1000,0.3440,0.0000,0.0000,2692.1000,2765.4000,0.1000,0.3349,0.0000,0.0000,3855.4360,0.0000,9,0,0
73.0676,2.7356,2.9455,0.1000,0.3457,0.0000,0.0000,2692.1000,2765.4000,0.1000,0.3417,0.0000,0.0000,3855.3646,0.0000,9,0,0
73.0690,2.7500,3.0311,0.1000,0.3474,0.0000,0.0000,2692.1000,2765.4000,0.1000,0.3417,0.0000,0.0000,3855.2932,0.0000,9,0,0
73.0705,2.7492,3.1191,0.1000,0.3492,0.0000,0.0000,2749.0000,3119.7000,0.1000,0.3417,0.0000,0.0000,4153.9102,0.0000,9,0,0
73.0720,2.7485,3.2071,0.1000,0.3509,0.0000,0.0000,2749.0000,3119.7000,0.1000,0.3466,0.0000,0.0000,4153.8446,0.0000,9,0,0
73.0735,2.7321,3.2949,0.1000,0.3527,0.0000,0.0000,2749.0000,3119.7000,0.1000,0.3466,0.0000,0.0000,4153.7896,0.0000,9,0,0
73.0749,2.7158,3.3826,0.1000,0.3544,0.0000,0.0000,2715.8000,3317.7000,0.1000,0.3466,0.0000,0.0000,4283.1677,0.0000,9,0,0
73.0765,2.6840,3.4673,0.1000,0.3562,0.0000,0.0000,2715.8000,3317.7000,0.1000,0.3519,0.0000,0.0000,4283.1224,0.0000,9,0,0
73.0780,2.6521,3.5519,0.1000,0.3580,0.0000,0.0000,2715.8000,3317.7000,0.1000,0.3519,0.0000,0.0000,4283.0770,0.0000,9,0,0
73.0795,2.6054,3.6308,0.1000,0.3598,0.0000,0.0000,2715.8000,3317.7000,0.1000,0.3519,0.0000,0.0000,4283.0457,0.0000,9,0,0
73.0810,2.5586,3.7096,0.1000,0.3617,0.0000,0.0000,2601.7000,3626.1000,0.1000,0.3577,0.0000,0.0000,4458.3908,0.0000,9,0,0
73.0826,2.4980,3.7800,0.1000,0.3635,0.0000,0.0000,2601.7000,3626.1000,0.1000,0.3577,0.0000,0.0000,4458.3689,0.0000,9,0,0
73.0842,2.4374,3.8503,0.1000,0.3653,0.0000,0.0000,2601.7000,3626.1000,0.1000,0.3577,0.0000,0.0000,4458.3471,0.0000,9,0,0
73.0857,2.3645,3.9098,0.1000,0.3672,0.0000,0.0000,2437.3000,3856.9000,0.1000,0.3630,0.0000,0.0000,4557.8991,0.0000,9,0,0
73.0873,2.2917,3.9693,0.1000,0.3691,0.0000,0.0000,2437.3000,3856.9000,0.1000,0.3630,0.0000,0.0000,4557.8877,0.0000,9,0,0
73.0889,2.2085,4.0157,0.1000,0.3710,0.0000,0.0000,2437.3000,3856.9000,0.1000,0.3630,0.0000,0.0000,4557.8929,0.0000,9,0,0
73.0905,2.1253,4.0621,0.1000,0.3729,0.0000,0.0000,2196.1000,4017.5000,0.1000,0.3630,0.0000,0.0000,4573.9708,0.0000,9,0,0
73.0921,2.0341,4.0937,0.1000,0.3748,0.0000,0.0000,2196.1000,4017.5000,0.1000,0.3701,0.0000,0.0000,4573.9868,0.0000,9,0,0
73.0937,1.9429,4.1253,0.1000,0.3767,0.0000,0.0000,2196.1000,4017.5000,0.1000,0.3701,0.0000,0.0000,4574.0028,0.0000,9,0,0
73.0954,1.8465,4.1407,0.1000,0.3786,0.0000,0.0000,1841.7000,4141.0000,0.1000,0.3701,0.0000,0.0000,4527.5452,0.0000,9,0,0
73.0970,1.7500,4.1561,0.1000,0.3806,0.0000,0.0000,1841.7000,4141.0000,0.1000,0.3759,0.0000,0.0000,4527.5704,0.0000,9,0,0
73.0987,1.6511,4.1544,0.1000,0.3825,0.0000,0.0000,1841.7000,4141.0000,0.1000,0.3759,0.0000,0.0000,4527.6121,0.0000,9,0,0
73.1003,1.5522,4.1527,0.1000,0.3845,0.0000,0.0000,1841.7000,4141.0000,0.1000,0.3759,0.0000,0.0000,4527.6539,0.0000,9,0,0
73.1020,1.4540,4.1335,0.1000,0.3865,0.0000,0.0000,1841.7000,4141.0000,0.1000,0.3759,0.0000,0.0000,4527.7113,0.0000,9,0,0
73.1037,1.3557,4.1143,0.1000,0.3884,0.0000,0.0000,1341.0000,4115.9000,0.1000,0.3759,0.0000,0.0000,4324.5148,0.0000,9,0,0
73.1054,1.2612,4.0779,0.1000,0.3905,0.0000,0.0000,1341.0000,4115.9000,0.1000,0.3852,0.0000,0.0000,4324.5787,0.0000,9,0,0
73.1071,1.1667,4.0415,0.1000,0.3925,0.0000,0.0000,1341.0000,4115.9000,0.1000,0.3852,0.0000,0.0000,4324.6427,0.0000,9,0,0
73.1088,1.0789,3.9884,0.1000,0.3945,0.0000,0.0000,1341.0000,4115.9000,0.1000,0.3852,0.0000,0.0000,4324.7202,0.0000,9,0,0
73.1105,0.9912,3.9354,0.1000,0.3965,0.0000,0.0000,1079.0000,3988.0000,0.1000,0.3852,0.0000,0.0000,4127.3325,0.0000,9,0,0
73.1122,0.9131,3.8672,0.1000,0.3986,0.0000,0.0000,1079.0000,3988.0000,0.1000,0.3936,0.0000,0.0000,4127.4188,0.0000,9,0,0
73.1140,0.8350,3.7989,0.1000,0.4006,0.0000,0.0000,1079.0000,3988.0000,0.1000,0.3936,0.0000,0.0000,4127.5051,0.0000,9,0,0
73.1157,0.7693,3.7171,0.1000,0.4027,0.0000,0.0000,1079.0000,3988.0000,0.1000,0.3936,0.0000,0.0000,4127.6012,0.0000,9,0,0
73.1175,0.7036,3.6353,0.1000,0.4048,0.0000,0.0000,647.8000,3560.2000,0.1000,0.3936,0.0000,0.0000,3614.9532,0.0000,9,0,0
73.1193,0.6525,3.5422,0.1000,0.4069,0.0000,0.0000,647.8000,3560.2000,0.1000,0.4014,0.0000,0.0000,3615.0539,0.0000,9,0,0
73.1210,0.6015,3.4491,0.1000,0.4090,0.0000,0.0000,647.8000,3560.2000,0.1000,0.4014,0.0000,0.0000,3615.1546,0.0000,9,0,0
73.1228,0.5671,3.3474,0.1000,0.4111,0.0000,0.0000,567.0000,3333.5000,0.1000,0.4014,0.0000,0.0000,3377.9820,0.0000,9,0,0
73.1246,0.5327,3.2457,0.1000,0.4133,0.0000,0.0000,567.0000,3333.5000,0.1000,0.4081,0.0000,0.0000,3378.0880,0.0000,9,0,0
73.1265,0.5163,3.1384,0.1000,0.4154,0.0000,0.0000,567.0000,3333.5000,0.1000,0.4081,0.0000,0.0000,3378.1966,0.0000,9,0,0
73.1283,0.5000,3.0311,0.1000,0.4176,0.0000,0.0000,500.0000,3034.9000,0.1000,0.4081,0.0000,0.0000,3072.7397,0.0000,9,0,0
73.1301,0.5027,2.9214,0.1000,0.4198,0.0000,0.0000,500.0000,3034.9000,0.1000,0.4151,0.0000,0.0000,3072.8476,0.0000,9,0,0
73.1319,0.5053,2.8116,0.1000,0.4219,0.0000,0.0000,500.0000,3034.9000,0.1000,0.4151,0.0000,0.0000,3072.9554,0.0000,9,0,0
73.1338,0.5273,2.7028,0.1000,0.4241,0.0000,0.0000,500.0000,3034.9000,0.1000,0.4151,0.0000,0.0000,3073.0592,0.0000,9,0,0
73.1357,0.5493,2.5941,0.1000,0.4263,0.0000,0.0000,549.0000,2578.8000,0.1000,0.4151,0.0000,0.0000,2633.9391,0.0000,9,0,0
73.1375,0.5903,2.4897,0.1000,0.4286,0.0000,0.0000,549.0000,2578.8000,0.1000,0.4229,0.0000,0.0000,2634.0327,0.0000,9,0,0
73.1394,0.6314,2.3853,0.1000,0.4308,0.0000,0.0000,549.0000,2578.8000,0.1000,0.4229,0.0000,0.0000,2634.1262,0.0000,9,0,0
73.1413,0.6906,2.2886,0.1000,0.4330,0.0000,0.0000,549.0000,2578.8000,0.1000,0.4229,0.0000,0.0000,2634.2085,0.0000,9,0,0
73.1432,0.7499,2.1919,0.1000,0.4353,0.0000,0.0000,691.0000,2289.0000,0.1000,0.4229,0.0000,0.0000,2388.7102,0.0000,9,0,0
73.1451,0.8259,2.1061,0.1000,0.4375,0.0000,0.0000,691.0000,2289.0000,0.1000,0.4320,0.0000,0.0000,2388.7704,0.0000,9,0,0
73.1471,0.9019,2.0203,0.1000,0.4398,0.0000,0.0000,691.0000,2289.0000,0.1000,0.4320,0.0000,0.0000,2388.8306,0.0000,9,0,0
73.1490,0.9926,1.9484,0.1000,0.4421,0.0000,0.0000,691.0000,2289.0000,0.1000,0.4320,0.0000,0.0000,2388.8732,0.0000,9,0,0
73.1509,1.0833,1.8764,0.1000,0.4444,0.0000,0.0000,996.7000,1949.3000,0.1000,0.4389,0.0000,0.0000,2187.1697,0.0000,9,0,0
73.1529,1.1863,1.8208,0.1000,0.4467,0.0000,0.0000,996.7000,1949.3000,0.1000,0.4389,0.0000,0.0000,2187.1724,0.0000,9,0,0
73.1549,1.2892,1.7651,0.1000,0.4491,0.0000,0.0000,996.7000,1949.3000,0.1000,0.4389,0.0000,0.0000,2187.1751,0.0000,9,0,0
73.1568,1.4014,1.7279,0.1000,0.4514,0.0000,0.0000,1260.2000,1765.8000,0.1000,0.4389,0.0000,0.0000,2167.1466,0.0000,9,0,0
73.1588,1.5136,1.6907,0.1000,0.4537,0.0000,0.0000,1260.2000,1765.8000,0.1000,0.4480,0.0000,0.0000,2167.1117,0.0000,9,0,0
73.1608,1.6318,1.6734,0.1000,0.4561,0.0000,0.0000,1260.2000,1765.8000,0.1000,0.4480,0.0000,0.0000,2167.0571,0.0000,9,0,0
73.1628,1.7500,1.6561,0.1000,0.4585,0.0000,0.0000,1260.2000,1765.8000,0.1000,0.4480,0.0000,0.0000,2167.0026,0.0000,9,0,0
73.1648,1.8706,1.6597,0.1000,0.4609,0.0000,0.0000,1875.1000,1660.5000,0.1000,0.4480,0.0000,0.0000,2502.1470,0.0000,9,0,0
73.1669,1.9912,1.6633,0.1000,0.4633,0.0000,0.0000,1875.1000,1660.5000,0.1000,0.4573,0.0000,0.0000,2502.0543,0.0000,9,0,0
73.1689,2.1105,1.6881,0.1000,0.4657,0.0000,0.0000,1875.1000,1660.5000,0.1000,0.4573,0.0000,0.0000,2501.9486,0.0000,9,0,0
73.1709,2.2298,1.7129,0.1000,0.4681,0.0000,0.0000,2177.2000,1713.0000,0.1000,0.4573,0.0000,0.0000,2767.4897,0.0000,9,0,0
73.1730,2.3441,1.7586,0.1000,0.4705,0.0000,0.0000,2177.2000,1713.0000,0.1000,0.4648,0.0000,0.0000,2767.3716,0.0000,9,0,0
73.1751,2.4583,1.8042,0.1000,0.4730,0.0000,0.0000,2177.2000,1713.0000,0.1000,0.4648,0.0000,0.0000,2767.2536,0.0000,9,0,0
73.1771,2.5639,1.8697,0.1000,0.4754,0.0000,0.0000,2556.3000,1869.9000,0.1000,0.4648,0.0000,0.0000,3164.0330,0.0000,9,0,0
73.1792,2.6695,1.9352,0.1000,0.4779,0.0000,0.0000,2556.3000,1869.9000,0.1000,0.4718,0.0000,0.0000,3163.9091,0.0000,9,0,0
73.1813,2.7630,2.0189,0.1000,0.4804,0.0000,0.0000,2556.3000,1869.9000,0.1000,0.4718,0.0000,0.0000,3163.7843,0.0000,9,0,0
73.1834,2.8565,2.1026,0.1000,0.4829,0.0000,0.0000,2556.3000,1869.9000,0.1000,0.4718,0.0000,0.0000,3163.6594,0.0000,9,0,0
73.1855,2.9347,2.2023,0.1000,0.4854,0.0000,0.0000,2897.0000,2114.7000,0.1000,0.4718,0.0000,0.0000,3583.0518,0.0000,9,0,0
73.1877,3.0130,2.3019,0.1000,0.4879,0.0000,0.0000,2897.0000,2114.7000,0.1000,0.4820,0.0000,0.0000,3582.9299,0.0000,9,0,0
73.1898,3.0732,2.4147,0.1000,0.4904,0.0000,0.0000,2897.0000,2114.7000,0.1000,0.4820,0.0000,0.0000,3582.8147,0.0000,9,0,0
73.1919,3.1334,2.5276,0.1000,0.4930,0.0000,0.0000,2897.0000,2114.7000,0.1000,0.4820,0.0000,0.0000,3582.6996,0.0000,9,0,0
73.1941,3.1735,2.6503,0.1000,0.4955,0.0000,0.0000,3146.7000,2505.2000,0.1000,0.4820,0.0000,0.0000,4018.0236,0.0000,9,0,0
73.1963,3.2135,2.7730,0.1000,0.4981,0.0000,0.0000,3146.7000,2505.2000,0.1000,0.4820,0.0000,0.0000,4017.9159,0.0000,9,0,0
73.1985,3.2318,2.9021,0.1000,0.5007,0.0000,0.0000,3146.7000,2505.2000,0.1000,0.4920,0.0000,0.0000,4017.8212,0.0000,9,0,0
73.2006,3.2500,3.0311,0.1000,0.5033,0.0000,0.0000,3146.7000,2505.2000,0.1000,0.4920,0.0000,0.0000,4017.7266,0.0000,9,0,0
73.2425,0.7500,3.0311,0.1000,0.5528,0.0000,0.0000,2424.7000,3031.0000,0.1000,0.4920,0.0000,0.0000,3878.6762,0.0000,9,0,0
73.2844,-1.7500,3.0311,0.1000,0.6024,0.0000,0.0000,2424.7000,3031.0000,0.1000,0.5019,0.0000,0.0000,3880.2391,0.0000,9,0,0
73.2845,-1.7432,3.0323,0.1000,0.6025,0.0000,0.0000,2424.7000,3031.0000,0.1000,0.5019,0.0000,0.0000,3880.2339,0.0000,9,0,0
73.2846,-1.7363,3.0335,0.1000,0.6027,0.0000,0.0000,-1734.9000,3034.0000,0.1000,0.5019,0.0000,0.0000,3491.5060,0.0000,9,0,0
73.2847,-1.7301,3.0370,0.1000,0.6028,0.0000,0.0000,-1734.9000,3034.0000,0.1000,0.5989,0.0000,0.0000,3491.5060,0.0000,9,0,0
73.2848,-1.7239,3.0406,0.1000,0.6030,0.0000,0.0000,-1731.3000,3041.0000,0.1000,0.5989,0.0000,0.0000,3495.8019,0.0000,9,0,0
73.2850,-1.7189,3.0463,0.1000,0.6031,0.0000,0.0000,-1731.3000,3041.0000,0.1000,0.6028,0.0000,0.0000,3495.7994,0.0000,9,0,0
73.2851,-1.7139,3.0519,0.1000,0.6033,0.0000,0.0000,-1731.3000,3041.0000,0.1000,0.6028,0.0000,0.0000,3495.7970,0.0000,9,0,0
73.2852,-1.7107,3.0594,0.1000,0.6034,0.0000,0.0000,-1731.3000,3041.0000,0.1000,0.6028,0.0000,0.0000,3495.7921,0.0000,9,0,0
73.2854,-1.7074,3.0668,0.1000,0.6036,0.0000,0.0000,-1741.8000,3066.8000,0.1000,0.6028,0.0000,0.0000,3523.4051,0.0000,9,0,0
73.2855,-1.7064,3.0755,0.1000,0.6038,0.0000,0.0000,-1741.8000,3066.8000,0.1000,0.6033,0.0000,0.0000,3523.3980,0.0000,9,0,0
73.2857,-1.7054,3.0843,0.1000,0.6039,0.0000,0.0000,-1741.8000,3066.8000,0.1000,0.6033,0.0000,0.0000,3523.3909,0.0000,9,0,0
73.2858,-1.7068,3.0938,0.1000,0.6041,0.0000,0.0000,-1741.8000,3066.8000,0.1000,0.6033,0.0000,0.0000,3523.3819,0.0000,9,0,0
73.2860,-1.7083,3.1033,0.1000,0.6043,0.0000,0.0000,-1741.8000,3066.8000,0.1000,0.6033,0.0000,0.0000,3523.3729,0.0000,9,0,0
73.2861,-1.7125,3.1129,0.1000,0.6045,0.0000,0.0000,-1706.4000,3100.1000,0.1000,0.6040,0.0000,0.0000,3535.1505,0.0000,9,0,0
73.2863,-1.7167,3.1224,0.1000,0.6047,0.0000,0.0000,-1706.4000,3100.1000,0.1000,0.6040,0.0000,0.0000,3535.1400,0.0000,9,0,0
73.2865,-1.7237,3.1315,0.1000,0.6050,0.0000,0.0000,-1706.4000,3100.1000,0.1000,0.6040,0.0000,0.0000,3535.1287,0.0000,9,0,0
73.2867,-1.7307,3.1405,0.1000,0.6052,0.0000,0.0000,-1725.1000,3128.5000,0.1000,0.6047,0.0000,0.0000,3569.0158,0.0000,9,0,0
73.2869,-1.7404,3.1483,0.1000,0.6054,0.0000,0.0000,-1725.1000,3128.5000,0.1000,0.6047,0.0000,0.0000,3569.0043,0.0000,9,0,0
73.2871,-1.7500,3.1561,0.1000,0.6057,0.0000,0.0000,-1754.3000,3155.3000,0.1000,0.6047,0.0000,0.0000,3606.5832,0.0000,9,0,0
73.2873,-1.7621,3.1620,0.1000,0.6059,0.0000,0.0000,-1754.3000,3155.3000,0.1000,0.6054,0.0000,0.0000,3606.5722,0.0000,9,0,0
73.2876,-1.7741,3.1679,0.1000,0.6062,0.0000,0.0000,-1754.3000,3155.3000,0.1000,0.6054,0.0000,0.0000,3606.5612,0.0000,9,0,0
73.2878,-1.7882,3.1713,0.1000,0.6065,0.0000,0.0000,-1754.3000,3155.3000,0.1000,0.6054,0.0000,0.0000,3606.5514,0.0000,9,0,0
73.2881,-1.8023,3.1747,0.1000,0.6068,0.0000,0.0000,-1754.3000,3155.3000,0.1000,0.6054,0.0000,0.0000,3606.5416,0.0000,9,0,0
73.2883,-1.8178,3.1750,0.1000,0.6071,0.0000,0.0000,-1821.1000,3175.0000,0.1000,0.6054,0.0000,0.0000,3656.5368,0.0000,9,0,0
73.2886,-1.8333,3.1754,0.1000,0.6074,0.0000,0.0000,-1821.1000,3175.0000,0.1000,0.6064,0.0000,0.0000,3656.5287,0.0000,9,0,0
73.2889,-1.8497,3.1724,0.1000,0.6077,0.0000,0.0000,-1821.1000,3175.0000,0.1000,0.6064,0.0000,0.0000,3656.5232,0.0000,9,0,0
73.2891,-1.8661,3.1694,0.1000,0.6081,0.0000,0.0000,-1821.1000,3175.0000,0.1000,0.6064,0.0000,0.0000,3656.5177,0.0000,9,0,0
73.2894,-1.8825,3.1627,0.1000,0.6084,0.0000,0.0000,-1882.3000,3161.3000,0.1000,0.6064,0.0000,0.0000,3675.5681,0.0000,9,0,0
73.2897,-1.8990,3.1561,0.1000,0.6088,0.0000,0.0000,-1882.3000,3161.3000,0.1000,0.6080,0.0000,0.0000,3675.5654,0.0000,9,0,0
73.2900,-1.9147,3.1457,0.1000,0.6091,0.0000,0.0000,-1882.3000,3161.3000,0.1000,0.6080,0.0000,0.0000,3675.5663,0.0000,9,0,0
73.2904,-1.9304,3.1353,0.1000,0.6095,0.0000,0.0000,-1933.4000,3135.0000,0.1000,0.6080,0.0000,0.0000,3679.5586,0.0000,9,0,0
73.2907,-1.9446,3.1212,0.1000,0.6099,0.0000,0.0000,-1933.4000,3135.0000,0.1000,0.6090,0.0000,0.0000,3679.5631,0.0000,9,0,0
73.2910,-1.9588,3.1071,0.1000,0.6103,0.0000,0.0000,-1933.4000,3135.0000,0.1000,0.6090,0.0000,0.0000,3679.5677,0.0000,9,0,0
73.2914,-1.9707,3.0896,0.1000,0.6107,0.0000,0.0000,-1933.4000,3135.0000,0.1000,0.6090,0.0000,0.0000,3679.5763,0.0000,9,0,0
73.2917,-1.9825,3.0721,0.1000,0.6111,0.0000,0.0000,-1933.4000,3135.0000,0.1000,0.6090,0.0000,0.0000,3679.5850,0.0000,9,0,0
73.2921,-1.9913,3.0516,0.1000,0.6116,0.0000,0.0000,-1933.4000,3135.0000,0.1000,0.6090,0.0000,0.0000,3679.5979,0.0000,9,0,0
73.2925,-2.0000,3.0311,0.1000,0.6120,0.0000,0.0000,-1989.8000,3064.2000,0.1000,0.6110,0.0000,0.0000,3649.9457,0.0000,9,0,0
73.2929,-2.0049,3.0082,0.1000,0.6125,0.0000,0.0000,-1989.8000,3064.2000,0.1000,0.6110,0.0000,0.0000,3649.9623,0.0000,9,0,0
73.2933,-2.0099,2.9853,0.1000,0.6130,0.0000,0.0000,-2010.0000,3042.9000,0.1000,0.6110,0.0000,0.0000,3643.2274,0.0000,9,0,0
73.2937,-2.0105,2.9607,0.1000,0.6134,0.0000,0.0000,-2010.0000,3042.9000,0.1000,0.6124,0.0000,0.0000,3643.2476,0.0000,9,0,0
73.2941,-2.0110,2.9361,0.1000,0.6139,0.0000,0.0000,-2010.0000,3042.9000,0.1000,0.6124,0.0000,0.0000,3643.2678,0.0000,9,0,0
73.2945,-2.0068,2.9107,0.1000,0.6144,0.0000,0.0000,-2010.0000,3042.9000,0.1000,0.6124,0.0000,0.0000,3643.2913,0.0000,9,0,0
73.2950,-2.0026,2.8853,0.1000,0.6150,0.0000,0.0000,-2007.0000,2918.8000,0.1000,0.6138,0.0000,0.0000,3538.7248,0.0000,9,0,0
73.2954,-1.9933,2.8600,0.1000,0.6155,0.0000,0.0000,-2007.0000,2918.8000,0.1000,0.6138,0.0000,0.0000,3538.7509,0.0000,9,0,0
73.2959,-1.9841,2.8347,0.1000,0.6160,0.0000,0.0000,-1984.9000,2834.6000,0.1000,0.6138,0.0000,0.0000,3457.0002,0.0000,9,0,0
73.2963,-1.9697,2.8105,0.1000,0.6166,0.0000,0.0000,-1984.9000,2834.6000,0.1000,0.6153,0.0000,0.0000,3457.0282,0.0000,9,0,0
73.2968,-1.9553,2.7864,0.1000,0.6171,0.0000,0.0000,-1984.9000,2834.6000,0.1000,0.6153,0.0000,0.0000,3457.0563,0.0000,9,0,0
73.2973,-1.9360,2.7644,0.1000,0.6177,0.0000,0.0000,-1984.9000,2834.6000,0.1000,0.6153,0.0000,0.0000,3457.0853,0.0000,9,0,0
73.2978,-1.9167,2.7424,0.1000,0.6183,0.0000,0.0000,-1963.1000,2763.6000,0.1000,0.6153,0.0000,0.0000,3386.5284,0.0000,9,0,0
73.2983,-1.8927,2.7236,0.1000,0.6189,0.0000,0.0000,-1963.1000,2763.6000,0.1000,0.6175,0.0000,0.0000,3386.5576,0.0000,9,0,0
73.2988,-1.8688,2.7048,0.1000,0.6195,0.0000,0.0000,-1963.1000,2763.6000,0.1000,0.6175,0.0000,0.0000,3386.5868,0.0000,9,0,0
73.2993,-1.8407,2.6901,0.1000,0.6201,0.0000,0.0000,-1843.7000,2690.0000,0.1000,0.6175,0.0000,0.0000,3257.9257,0.0000,9,0,0
73.2999,-1.8127,2.6755,0.1000,0.6208,0.0000,0.0000,-1843.7000,2690.0000,0.1000,0.6192,0.0000,0.0000,3257.9536,0.0000,9,0,0
73.3004,-1.7814,2.6658,0.1000,0.6214,0.0000,0.0000,-1843.7000,2690.0000,0.1000,0.6192,0.0000,0.0000,3257.9794,0.0000,9,0,0
73.3010,-1.7500,2.6561,0.1000,0.6221,0.0000,0.0000,-1759.1000,2656.0000,0.1000,0.6192,0.0000,0.0000,3182.5325,0.0000,9,0,0
73.3015,-1.7162,2.6521,0.1000,0.6227,0.0000,0.0000,-1759.1000,2656.0000,0.1000,0.6211,0.0000,0.0000,3182.5544,0.0000,9,0,0
73.3021,-1.6825,2.6481,0.1000,0.6234,0.0000,0.0000,-1759.1000,2656.0000,0.1000,0.6211,0.0000,0.0000,3182.5764,0.0000,9,0,0
73.3027,-1.6474,2.6504,0.1000,0.6241,0.0000,0.0000,-1759.1000,2656.0000,0.1000,0.6211,0.0000,0.0000,3182.5939,0.0000,9,0,0
73.3033,-1.6122,2.6526,0.1000,0.6248,0.0000,0.0000,-1654.0000,2650.0000,0.1000,0.6231,0.0000,0.0000,3120.7104,0.0000,9,0,0
73.3039,-1.5770,2.6614,0.1000,0.6255,0.0000,0.0000,-1654.0000,2650.0000,0.1000,0.6231,0.0000,0.0000,3120.7216,0.0000,9,0,0
73.3045,-1.5417,2.6702,0.1000,0.6262,0.0000,0.0000,-1654.0000,2650.0000,0.1000,0.6231,0.0000,0.0000,3120.7328,0.0000,9,0,0
73.3051,-1.5075,2.6858,0.1000,0.6270,0.0000,0.0000,-1552.5000,2670.0000,0.1000,0.6231,0.0000,0.0000,3085.4729,0.0000,9,0,0
73.3058,-1.4732,2.7013,0.1000,0.6277,0.0000,0.0000,-1552.5000,2670.0000,0.1000,0.6261,0.0000,0.0000,3085.4767,0.0000,9,0,0
73.3064,-1.4414,2.7233,0.1000,0.6285,0.0000,0.0000,-1552.5000,2670.0000,0.1000,0.6261,0.0000,0.0000,3085.4736,0.0000,9,0,0
73.3070,-1.4095,2.7454,0.1000,0.6293,0.0000,0.0000,-1410.0000,2739.0000,0.1000,0.6261,0.0000,0.0000,3077.5341,0.0000,9,0,0
73.3077,-1.3813,2.7737,0.1000,0.6301,0.0000,0.0000,-1410.0000,2739.0000,0.1000,0.6282,0.0000,0.0000,3077.5219,0.0000,9,0,0
73.3084,-1.3531,2.8019,0.1000,0.6309,0.0000,0.0000,-1410.0000,2739.0000,0.1000,0.6282,0.0000,0.0000,3077.5097,0.0000,9,0,0
73.3091,-1.3297,2.8358,0.1000,0.6317,0.0000,0.0000,-1410.0000,2739.0000,0.1000,0.6282,0.0000,0.0000,3077.4904,0.0000,9,0,0
73.3098,-1.3063,2.8696,0.1000,0.6325,0.0000,0.0000,-1330.1000,2832.2000,0.1000,0.6307,0.0000,0.0000,3125.8284,0.0000,9,0,0
73.3105,-1.2888,2.9081,0.1000,0.6333,0.0000,0.0000,-1330.1000,2832.2000,0.1000,0.6307,0.0000,0.0000,3125.8010,0.0000,9,0,0
73.3112,-1.2713,2.9467,0.1000,0.6342,0.0000,0.0000,-1271.0000,2950.2000,0.1000,0.6307,0.0000,0.0000,3209.1297,0.0000,9,0,0
73.3119,-1.2606,2.9889,0.1000,0.6350,0.0000,0.0000,-1271.0000,2950.2000,0.1000,0.6332,0.0000,0.0000,3209.0951,0.0000,9,0,0
73.3126,-1.2500,3.0311,0.1000,0.6359,0.0000,0.0000,-1271.0000,2950.2000,0.1000,0.6332,0.0000,0.0000,3209.0606,0.0000,9,0,0
73.3134,-1.2470,3.0757,0.1000,0.6368,0.0000,0.0000,-1271.0000,2950.2000,0.1000,0.6332,0.0000,0.0000,3209.0208,0.0000,9,0,0
73.3141,-1.2439,3.1203,0.1000,0.6377,0.0000,0.0000,-1271.0000,2950.2000,0.1000,0.6332,0.0000,0.0000,3208.9810,0.0000,9,0,0
73.3149,-1.2490,3.1660,0.1000,0.6386,0.0000,0.0000,-1246.3000,3096.6000,0.1000,0.6332,0.0000,0.0000,3334.5894,0.0000,9,0,0
73.3157,-1.2541,3.2116,0.1000,0.6395,0.0000,0.0000,-1246.3000,3096.6000,0.1000,0.6372,0.0000,0.0000,3334.5451,0.0000,9,0,0
73.3165,-1.2675,3.2568,0.1000,0.6404,0.0000,0.0000,-1246.3000,3096.6000,0.1000,0.6372,0.0000,0.0000,3334.4982,0.0000,9,0,0
73.3173,-1.2809,3.3019,0.1000,0.6414,0.0000,0.0000,-1281.0000,3181.3000,0.1000,0.6372,0.0000,0.0000,3425.9820,0.0000,9,0,0
73.3181,-1.3027,3.3451,0.1000,0.6423,0.0000,0.0000,-1281.0000,3181.3000,0.1000,0.6400,0.0000,0.0000,3425.9339,0.0000,9,0,0
73.3189,-1.3244,3.3882,0.1000,0.6433,0.0000,0.0000,-1281.0000,3181.3000,0.1000,0.6400,0.0000,0.0000,3425.8857,0.0000,9,0,0
73.3197,-1.3542,3.4278,0.1000,0.6443,0.0000,0.0000,-1354.4000,3417.5000,0.1000,0.6400,0.0000,0.0000,3672.4137,0.0000,9,0,0
73.3205,-1.3840,3.4673,0.1000,0.6452,0.0000,0.0000,-1354.4000,3417.5000,0.1000,0.6430,0.0000,0.0000,3672.3659,0.0000,9,0,0
73.3214,-1.4212,3.5018,0.1000,0.6462,0.0000,0.0000,-1354.4000,3417.5000,0.1000,0.6430,0.0000,0.0000,3672.3202,0.0000,9,0,0
73.3222,-1.4583,3.5363,0.1000,0.6472,0.0000,0.0000,-1354.4000,3417.5000,0.1000,0.6430,0.0000,0.0000,3672.2744,0.0000,9,0,0
73.3231,-1.5020,3.5643,0.1000,0.6483,0.0000,0.0000,-1475.4000,3534.3000,0.1000,0.6458,0.0000,0.0000,3826.0253,0.0000,9,0,0
73.3240,-1.5457,3.5923,0.1000,0.6493,0.0000,0.0000,-1475.4000,3534.3000,0.1000,0.6458,0.0000,0.0000,3825.9827,0.0000,9,0,0
73.3249,-1.5948,3.6126,0.1000,0.6504,0.0000,0.0000,-1475.4000,3534.3000,0.1000,0.6458,0.0000,0.0000,3825.9450,0.0000,9,0,0
73.3257,-1.6439,3.6329,0.1000,0.6514,0.0000,0.0000,-1692.3000,3652.7000,0.1000,0.6458,0.0000,0.0000,4021.6923,0.0000,9,0,0
73.3267,-1.6969,3.6445,0.1000,0.6525,0.0000,0.0000,-1692.3000,3652.7000,0.1000,0.6494,0.0000,0.0000,4021.6594,0.0000,9,0,0
73.3276,-1.7500,3.6561,0.1000,0.6536,0.0000,0.0000,-1692.3000,3652.7000,0.1000,0.6494,0.0000,0.0000,4021.6266,0.0000,9,0,0
73.3285,-1.8055,3.6582,0.1000,0.6547,0.0000,0.0000,-1692.3000,3652.7000,0.1000,0.6494,0.0000,0.0000,4021.6014,0.0000,9,0,0
73.3294,-1.8609,3.6603,0.1000,0.6558,0.0000,0.0000,-1805.0000,3658.0000,0.1000,0.6533,0.0000,0.0000,4074.9858,0.0000,9,0,0
73.3304,-1.9171,3.6524,0.1000,0.6569,0.0000,0.0000,-1805.0000,3658.0000,0.1000,0.6533,0.0000,0.0000,4074.9680,0.0000,9,0,0
73.3313,-1.9733,3.6445,0.1000,0.6580,0.0000,0.0000,-1805.0000,3658.0000,0.1000,0.6533,0.0000,0.0000,4074.9502,0.0000,9,0,0
73.3323,-2.0283,3.6265,0.1000,0.6592,0.0000,0.0000,-2028.0000,3627.5000,0.1000,0.6533,0.0000,0.0000,4151.7491,0.0000,9,0,0
73.3333,-2.0833,3.6084,0.1000,0.6603,0.0000,0.0000,-2028.0000,3627.5000,0.1000,0.6572,0.0000,0.0000,4151.7380,0.0000,9,0,0
73.3343,-2.1354,3.5804,0.1000,0.6615,0.0000,0.0000,-2028.0000,3627.5000,0.1000,0.6572,0.0000,0.0000,4151.7370,0.0000,9,0,0
73.3352,-2.1875,3.5524,0.1000,0.6627,0.0000,0.0000,-2028.0000,3627.5000,0.1000,0.6572,0.0000,0.0000,4151.7361,0.0000,9,0,0
73.3363,-2.2347,3.5149,0.1000,0.6639,0.0000,0.0000,-2178.0000,3552.1000,0.1000,0.6610,0.0000,0.0000,4162.5005,0.0000,9,0,0
73.3373,-2.2820,3.4775,0.1000,0.6651,0.0000,0.0000,-2178.0000,3552.1000,0.1000,0.6610,0.0000,0.0000,4162.5078,0.0000,9,0,0
73.3383,-2.3227,3.4314,0.1000,0.6663,0.0000,0.0000,-2178.0000,3552.1000,0.1000,0.6610,0.0000,0.0000,4162.5258,0.0000,9,0,0
73.3393,-2.3634,3.3853,0.1000,0.6675,0.0000,0.0000,-2322.8000,3428.7000,0.1000,0.6648,0.0000,0.0000,4137.2946,0.0000,9,0,0
73.3404,-2.3961,3.3317,0.1000,0.6687,0.0000,0.0000,-2322.8000,3428.7000,0.1000,0.6648,0.0000,0.0000,4137.3207,0.0000,9,0,0
73.3414,-2.4287,3.2781,0.1000,0.6700,0.0000,0.0000,-2429.0000,3299.3000,0.1000,0.6648,0.0000,0.0000,4092.9218,0.0000,9,0,0
73.3425,-2.4518,3.2185,0.1000,0.6712,0.0000,0.0000,-2429.0000,3299.3000,0.1000,0.6682,0.0000,0.0000,4092.9561,0.0000,9,0,0
73.3436,-2.4749,3.1589,0.1000,0.6725,0.0000,0.0000,-2429.0000,3299.3000,0.1000,0.6682,0.0000,0.0000,4092.9903,0.0000,9,0,0
73.3447,-2.4875,3.0950,0.1000,0.6738,0.0000,0.0000,-2429.0000,3299.3000,0.1000,0.6682,0.0000,0.0000,4093.0344,0.0000,9,0,0
73.3457,-2.5000,3.0311,0.1000,0.6751,0.0000,0.0000,-2429.0000,3299.3000,0.1000,0.6682,0.0000,0.0000,4093.0784,0.0000,9,0,0
73.3469,-2.5011,2.9648,0.1000,0.6764,0.0000,0.0000,-2500.0000,3043.0000,0.1000,0.6731,0.0000,0.0000,3934.3760,0.0000,9,0,0
73.3480,-2.5023,2.8984,0.1000,0.6777,0.0000,0.0000,-2500.0000,3043.0000,0.1000,0.6731,0.0000,0.0000,3934.4266,0.0000,9,0,0
73.3491,-2.4916,2.8318,0.1000,0.6791,0.0000,0.0000,-2491.7000,2867.6000,0.1000,0.6731,0.0000,0.0000,3795.1358,0.0000,9,0,0
73.3502,-2.4809,2.7651,0.1000,0.6804,0.0000,0.0000,-2491.7000,2867.6000,0.1000,0.6775,0.0000,0.0000,3795.1931,0.0000,9,0,0
73.3514,-2.4582,2.7002,0.1000,0.6818,0.0000,0.0000,-2491.7000,2867.6000,0.1000,0.6775,0.0000,0.0000,3795.2570,0.0000,9,0,0
73.3525,-2.4356,2.6353,0.1000,0.6831,0.0000,0.0000,-2436.0000,2637.8000,0.1000,0.6775,0.0000,0.0000,3586.9665,0.0000,9,0,0
73.3537,-2.4013,2.5743,0.1000,0.6845,0.0000,0.0000,-2436.0000,2637.8000,0.1000,0.6812,0.0000,0.0000,3587.0346,0.0000,9,0,0
73.3549,-2.3671,2.5133,0.1000,0.6859,0.0000,0.0000,-2436.0000,2637.8000,0.1000,0.6812,0.0000,0.0000,3587.1026,0.0000,9,0,0
73.3561,-2.3219,2.4583,0.1000,0.6873,0.0000,0.0000,-2436.0000,2637.8000,0.1000,0.6812,0.0000,0.0000,3587.1737,0.0000,9,0,0
73.3573,-2.2767,2.4034,0.1000,0.6887,0.0000,0.0000,-2436.0000,2637.8000,0.1000,0.6812,0.0000,0.0000,3587.2447,0.0000,9,0,0
73.3585,-2.2217,2.3564,0.1000,0.6902,0.0000,0.0000,-2222.3000,2327.8000,0.1000,0.6812,0.0000,0.0000,3215.0328,0.0000,9,0,0
73.3597,-2.1667,2.3094,0.1000,0.6916,0.0000,0.0000,-2222.3000,2327.8000,0.1000,0.6881,0.0000,0.0000,3215.1047,0.0000,9,0,0
73.3609,-2.1032,2.2722,0.1000,0.6931,0.0000,0.0000,-2222.3000,2327.8000,0.1000,0.6881,0.0000,0.0000,3215.1755,0.0000,9,0,0
73.3621,-2.0398,2.2350,0.1000,0.6945,0.0000,0.0000,-2016.1000,2240.3000,0.1000,0.6881,0.0000,0.0000,3010.8759,0.0000,9,0,0
73.3634,-1.9696,2.2090,0.1000,0.6960,0.0000,0.0000,-2016.1000,2240.3000,0.1000,0.6928,0.0000,0.0000,3010.9421,0.0000,9,0,0
73.3646,-1.8995,2.1831,0.1000,0.6975,0.0000,0.0000,-2016.1000,2240.3000,0.1000,0.6928,0.0000,0.0000,3011.0083,0.0000,9,0,0
73.3659,-1.8248,2.1696,0.1000,0.6990,0.0000,0.0000,-1818.2000,2170.0000,0.1000,0.6928,0.0000,0.0000,2828.1987,0.0000,9,0,0
73.3672,-1.7500,2.1561,0.1000,0.7005,0.0000,0.0000,-1818.2000,2170.0000,0.1000,0.6969,0.0000,0.0000,2828.2570,0.0000,9,0,0
73.3685,-1.6728,2.1559,0.1000,0.7020,0.0000,0.0000,-1818.2000,2170.0000,0.1000,0.6969,0.0000,0.0000,2828.3067,0.0000,9,0,0
73.3698,-1.5956,2.1557,0.1000,0.7036,0.0000,0.0000,-1593.7000,2156.0000,0.1000,0.6969,0.0000,0.0000,2678.4028,0.0000,9,0,0
73.3711,-1.5184,2.1692,0.1000,0.7051,0.0000,0.0000,-1593.7000,2156.0000,0.1000,0.7016,0.0000,0.0000,2678.4378,0.0000,9,0,0
73.3724,-1.4412,2.1828,0.1000,0.7067,0.0000,0.0000,-1593.7000,2156.0000,0.1000,0.7016,0.0000,0.0000,2678.4728,0.0000,9,0,0
73.3737,-1.3664,2.2100,0.1000,0.7082,0.0000,0.0000,-1593.7000,2156.0000,0.1000,0.7016,0.0000,0.0000,2678.4954,0.0000,9,0,0
73.3751,-1.2917,2.2372,0.1000,0.7098,0.0000,0.0000,-1593.7000,2156.0000,0.1000,0.7016,0.0000,0.0000,2678.5179,0.0000,9,0,0
73.3764,-1.2218,2.2777,0.1000,0.7114,0.0000,0.0000,-1593.7000,2156.0000,0.1000,0.7016,0.0000,0.0000,2678.5269,0.0000,9,0,0
73.3778,-1.1519,2.3182,0.1000,0.7130,0.0000,0.0000,-1103.9000,2333.2000,0.1000,0.7083,0.0000,0.0000,2578.5778,0.0000,9,0,0
73.3791,-1.0892,2.3711,0.1000,0.7146,0.0000,0.0000,-1103.9000,2333.2000,0.1000,0.7083,0.0000,0.0000,2578.5568,0.0000,9,0,0
73.3805,-1.0265,2.4240,0.1000,0.7163,0.0000,0.0000,-1029.3000,2421.4000,0.1000,0.7083,0.0000,0.0000,2628.4579,0.0000,9,0,0
73.3819,-0.9733,2.4880,0.1000,0.7179,0.0000,0.0000,-1029.3000,2421.4000,0.1000,0.7142,0.0000,0.0000,2628.4199,0.0000,9,0,0
73.3833,-0.9201,2.5519,0.1000,0.7196,0.0000,0.0000,-1029.3000,2421.4000,0.1000,0.7142,0.0000,0.0000,2628.3819,0.0000,9,0,0
73.3847,-0.8782,2.6252,0.1000,0.7212,0.0000,0.0000,-1029.3000,2421.4000,0.1000,0.7142,0.0000,0.0000,2628.3308,0.0000,9,0,0
73.3861,-0.8364,2.6986,0.1000,0.7229,0.0000,0.0000,-841.3000,2570.8000,0.1000,0.7142,0.0000,0.0000,2702.1332,0.0000,9,0,0
73.3876,-0.8076,2.7792,0.1000,0.7246,0.0000,0.0000,-841.3000,2570.8000,0.1000,0.7205,0.0000,0.0000,2702.0655,0.0000,9,0,0
73.3890,-0.7789,2.8599,0.1000,0.7263,0.0000,0.0000,-841.3000,2570.8000,0.1000,0.7205,0.0000,0.0000,2701.9978,0.0000,9,0,0
73.3905,-0.7644,2.9455,0.1000,0.7280,0.0000,0.0000,-841.3000,2570.8000,0.1000,0.7205,0.0000,0.0000,2701.9210,0.0000,9,0,0
73.3919,-0.7500,3.0311,0.1000,0.7298,0.0000,0.0000,-764.0000,2930.6000,0.1000,0.7256,0.0000,0.0000,3025.4273,0.0000,9,0,0
73.3934,-0.7508,3.1191,0.1000,0.7315,0.0000,0.0000,-764.0000,2930.6000,0.1000,0.7256,0.0000,0.0000,3025.3419,0.0000,9,0,0
73.3949,-0.7515,3.2071,0.1000,0.7333,0.0000,0.0000,-764.0000,2930.6000,0.1000,0.7256,0.0000,0.0000,3025.2565,0.0000,9,0,0
73.3964,-0.7679,3.2949,0.1000,0.7350,0.0000,0.0000,-758.5000,3214.4000,0.1000,0.7256,0.0000,0.0000,3299.2960,0.0000,9,0,0
73.3978,-0.7842,3.3826,0.1000,0.7368,0.0000,0.0000,-758.5000,3214.4000,0.1000,0.7256,0.0000,0.0000,3299.2069,0.0000,9,0,0
73.3994,-0.8160,3.4673,0.1000,0.7386,0.0000,0.0000,-758.5000,3214.4000,0.1000,0.7256,0.0000,0.0000,3299.1172,0.0000,9,0,0
73.4009,-0.8479,3.5519,0.1000,0.7404,0.0000,0.0000,-848.0000,3523.7000,0.1000,0.7256,0.0000,0.0000,3620.6504,0.0000,9,0,0
73.4024,-0.8946,3.6308,0.1000,0.7422,0.0000,0.0000,-848.0000,3523.7000,0.1000,0.7330,0.0000,0.0000,3620.5628,0.0000,9,0,0
73.4039,-0.9414,3.7096,0.1000,0.7440,0.0000,0.0000,-848.0000,3523.7000,0.1000,0.7330,0.0000,0.0000,3620.4752,0.0000,9,0,0
73.4055,-1.0020,3.7800,0.1000,0.7459,0.0000,0.0000,-1003.6000,3779.8000,0.1000,0.7330,0.0000,0.0000,3906.8568,0.0000,9,0,0
73.4071,-1.0626,3.8503,0.1000,0.7477,0.0000,0.0000,-1003.6000,3779.8000,0.1000,0.7432,0.0000,0.0000,3906.7732,0.0000,9,0,0
73.4086,-1.1355,3.9098,0.1000,0.7496,0.0000,0.0000,-1003.6000,3779.8000,0.1000,0.7432,0.0000,0.0000,3906.6971,0.0000,9,0,0
73.4102,-1.2083,3.9693,0.1000,0.7514,0.0000,0.0000,-1003.6000,3779.8000,0.1000,0.7432,0.0000,0.0000,3906.6209,0.0000,9,0,0
73.4118,-1.2915,4.0157,0.1000,0.7533,0.0000,0.0000,-1210.3000,3969.0000,0.1000,0.7487,0.0000,0.0000,4145.2143,0.0000,9,0,0
73.4134,-1.3747,4.0621,0.1000,0.7552,0.0000,0.0000,-1210.3000,3969.0000,0.1000,0.7487,0.0000,0.0000,4145.1457,0.0000,9,0,0
73.4150,-1.4659,4.0937,0.1000,0.7571,0.0000,0.0000,-1404.9000,4093.6000,0.1000,0.7487,0.0000,0.0000,4323.6199,0.0000,9,0,0
73.4166,-1.5571,4.1253,0.1000,0.7590,0.0000,0.0000,-1404.9000,4093.6000,0.1000,0.7544,0.0000,0.0000,4323.5604,0.0000,9,0,0
73.4183,-1.6535,4.1407,0.1000,0.7610,0.0000,0.0000,-1404.9000,4093.6000,0.1000,0.7544,0.0000,0.0000,4323.5145,0.0000,9,0,0
73.4199,-1.7500,4.1561,0.1000,0.7629,0.0000,0.0000,-1749.3000,4156.0000,0.1000,0.7544,0.0000,0.0000,4504.6353,0.0000,9,0,0
73.4216,-1.8489,4.1544,0.1000,0.7649,0.0000,0.0000,-1749.3000,4156.0000,0.1000,0.7602,0.0000,0.0000,4504.5985,0.0000,9,0,0
73.4232,-1.9478,4.1527,0.1000,0.7668,0.0000,0.0000,-1749.3000,4156.0000,0.1000,0.7602,0.0000,0.0000,4504.5617,0.0000,9,0,0
73.4249,-2.0460,4.1335,0.1000,0.7688,0.0000,0.0000,-2034.9000,4134.0000,0.1000,0.7602,0.0000,0.0000,4603.0742,0.0000,9,0,0
73.4266,-2.1443,4.1143,0.1000,0.7708,0.0000,0.0000,-2034.9000,4134.0000,0.1000,0.7660,0.0000,0.0000,4603.0481,0.0000,9,0,0
73.4283,-2.2388,4.0779,0.1000,0.7728,0.0000,0.0000,-2034.9000,4134.0000,0.1000,0.7660,0.0000,0.0000,4603.0390,0.0000,9,0,0
73.4300,-2.3333,4.0415,0.1000,0.7748,0.0000,0.0000,-2034.9000,4134.0000,0.1000,0.7660,0.0000,0.0000,4603.0300,0.0000,9,0,0
73.4317,-2.4211,3.9884,0.1000,0.7768,0.0000,0.0000,-2230.6000,4041.0000,0.1000,0.7660,0.0000,0.0000,4611.1000,0.0000,9,0,0
73.4334,-2.5088,3.9354,0.1000,0.7789,0.0000,0.0000,-2230.6000,4041.0000,0.1000,0.7743,0.0000,0.0000,4611.1040,0.0000,9,0,0
73.4351,-2.5869,3.8672,0.1000,0.7809,0.0000,0.0000,-2230.6000,4041.0000,0.1000,0.7743,0.0000,0.0000,4611.1261,0.0000,9,0,0
73.4369,-2.6650,3.7989,0.1000,0.7830,0.0000,0.0000,-2230.6000,4041.0000,0.1000,0.7743,0.0000,0.0000,4611.1482,0.0000,9,0,0
73.4386,-2.7307,3.7171,0.1000,0.7851,0.0000,0.0000,-2665.0000,3799.0000,0.1000,0.7743,0.0000,0.0000,4635.9304,0.0000,9,0,0
73.4404,-2.7964,3.6353,0.1000,0.7872,0.0000,0.0000,-2665.0000,3799.0000,0.1000,0.7825,0.0000,0.0000,4635.9596,0.0000,9,0,0
73.4422,-2.8475,3.5422,0.1000,0.7893,0.0000,0.0000,-2665.0000,3799.0000,0.1000,0.7825,0.0000,0.0000,4636.0065,0.0000,9,0,0
73.4439,-2.8985,3.4491,0.1000,0.7914,0.0000,0.0000,-2899.1000,3427.8000,0.1000,0.7825,0.0000,0.0000,4484.8815,0.0000,9,0,0
73.4457,-2.9329,3.3474,0.1000,0.7935,0.0000,0.0000,-2899.1000,3427.8000,0.1000,0.7885,0.0000,0.0000,4484.9369,0.0000,9,0,0
73.4475,-2.9673,3.2457,0.1000,0.7956,0.0000,0.0000,-2899.1000,3427.8000,0.1000,0.7885,0.0000,0.0000,4484.9923,0.0000,9,0,0
73.4493,-2.9837,3.1384,0.1000,0.7978,0.0000,0.0000,-2984.0000,3161.0000,0.1000,0.7885,0.0000,0.0000,4342.6430,0.0000,9,0,0
73.4512,-3.0000,3.0311,0.1000,0.7999,0.0000,0.0000,-2984.0000,3161.0000,0.1000,0.7948,0.0000,0.0000,4342.7098,0.0000,9,0,0
73.4530,-2.9973,2.9214,0.1000,0.8021,0.0000,0.0000,-2984.0000,3161.0000,0.1000,0.7948,0.0000,0.0000,4342.7914,0.0000,9,0,0
73.4548,-2.9947,2.8116,0.1000,0.8043,0.0000,0.0000,-2994.9000,2712.1000,0.1000,0.7948,0.0000,0.0000,4036.3029,0.0000,9,0,0
73.4567,-2.9727,2.7028,0.1000,0.8065,0.0000,0.0000,-2994.9000,2712.1000,0.1000,0.8016,0.0000,0.0000,4036.3922,0.0000,9,0,0
73.4586,-2.9507,2.5941,0.1000,0.8087,0.0000,0.0000,-2994.9000,2712.1000,0.1000,0.8016,0.0000,0.0000,4036.4815,0.0000,9,0,0
73.4604,-2.9097,2.4897,0.1000,0.8109,0.0000,0.0000,-2910.0000,2455.0000,0.1000,0.8016,0.0000,0.0000,3803.4170,0.0000,9,0,0
73.4623,-2.8686,2.3853,0.1000,0.8131,0.0000,0.0000,-2910.0000,2455.0000,0.1000,0.8079,0.0000,0.0000,3803.5157,0.0000,9,0,0
73.4642,-2.8094,2.2886,0.1000,0.8154,0.0000,0.0000,-2910.0000,2455.0000,0.1000,0.8079,0.0000,0.0000,3803.6234,0.0000,9,0,0
73.4661,-2.7501,2.1919,0.1000,0.8176,0.0000,0.0000,-2910.0000,2455.0000,0.1000,0.8079,0.0000,0.0000,3803.7310,0.0000,9,0,0
73.4680,-2.6741,2.1061,0.1000,0.8199,0.0000,0.0000,-2712.0000,2048.6000,0.1000,0.8079,0.0000,0.0000,3395.3769,0.0000,9,0,0
73.4700,-2.5981,2.0203,0.1000,0.8222,0.0000,0.0000,-2712.0000,2048.6000,0.1000,0.8165,0.0000,0.0000,3395.4892,0.0000,9,0,0
73.4719,-2.5074,1.9484,0.1000,0.8245,0.0000,0.0000,-2712.0000,2048.6000,0.1000,0.8165,0.0000,0.0000,3395.6050,0.0000,9,0,0
73.4738,-2.4167,1.8764,0.1000,0.8268,0.0000,0.0000,-2424.1000,1876.1000,0.1000,0.8165,0.0000,0.0000,3062.2319,0.0000,9,0,0
73.4758,-2.3137,1.8208,0.1000,0.8291,0.0000,0.0000,-2424.1000,1876.1000,0.1000,0.8235,0.0000,0.0000,3062.3474,0.0000,9,0,0
73.4777,-2.2108,1.7651,0.1000,0.8314,0.0000,0.0000,-2424.1000,1876.1000,0.1000,0.8235,0.0000,0.0000,3062.4628,0.0000,9,0,0
73.4797,-2.0986,1.7279,0.1000,0.8338,0.0000,0.0000,-2130.2000,1728.0000,0.1000,0.8235,0.0000,0.0000,2740.2246,0.0000,9,0,0
73.4817,-1.9864,1.6907,0.1000,0.8361,0.0000,0.0000,-2130.2000,1728.0000,0.1000,0.8304,0.0000,0.0000,2740.3352,0.0000,9,0,0
73.4837,-1.8682,1.6734,0.1000,0.8385,0.0000,0.0000,-2130.2000,1728.0000,0.1000,0.8304,0.0000,0.0000,2740.4379,0.0000,9,0,0
73.4857,-1.7500,1.6561,0.1000,0.8408,0.0000,0.0000,-1765.8000,1656.0000,0.1000,0.8304,0.0000,0.0000,2418.4140,0.0000,9,0,0
73.4877,-1.6294,1.6597,0.1000,0.8432,0.0000,0.0000,-1765.8000,1656.0000,0.1000,0.8379,0.0000,0.0000,2418.4995,0.0000,9,0,0
73.4897,-1.5088,1.6633,0.1000,0.8456,0.0000,0.0000,-1765.8000,1656.0000,0.1000,0.8379,0.0000,0.0000,2418.5850,0.0000,9,0,0
73.4918,-1.3895,1.6881,0.1000,0.8480,0.0000,0.0000,-1765.8000,1656.0000,0.1000,0.8379,0.0000,0.0000,2418.6550,0.0000,9,0,0
73.4938,-1.2702,1.7129,0.1000,0.8504,0.0000,0.0000,-1380.8000,1688.0000,0.1000,0.8459,0.0000,0.0000,2178.6846,0.0000,9,0,0
73.4959,-1.1559,1.7586,0.1000,0.8529,0.0000,0.0000,-1380.8000,1688.0000,0.1000,0.8459,0.0000,0.0000,2178.7216,0.0000,9,0,0
73.4980,-1.0417,1.8042,0.1000,0.8553,0.0000,0.0000,-1024.7000,1804.0000,0.1000,0.8459,0.0000,0.0000,2072.6278,0.0000,9,0,0
73.5000,-0.9361,1.8697,0.1000,0.8578,0.0000,0.0000,-1024.7000,1804.0000,0.1000,0.8519,0.0000,0.0000,2072.6230,0.0000,9,0,0
73.5021,-0.8305,1.9352,0.1000,0.8603,0.0000,0.0000,-1024.7000,1804.0000,0.1000,0.8519,0.0000,0.0000,2072.6182,0.0000,9,0,0
73.5042,-0.7370,2.0189,0.1000,0.8627,0.0000,0.0000,-666.2000,2030.8000,0.1000,0.8519,0.0000,0.0000,2135.1332,0.0000,9,0,0
73.5063,-0.6435,2.1026,0.1000,0.8652,0.0000,0.0000,-666.2000,2030.8000,0.1000,0.8519,0.0000,0.0000,2135.0828,0.0000,9,0,0
73.5084,-0.5653,2.2023,0.1000,0.8677,0.0000,0.0000,-666.2000,2030.8000,0.1000,0.8519,0.0000,0.0000,2135.0125,0.0000,9,0,0
73.5106,-0.4870,2.3019,0.1000,0.8703,0.0000,0.0000,-489.0000,2301.4000,0.1000,0.8519,0.0000,0.0000,2350.4248,0.0000,9,0,0
73.5127,-0.4268,2.4147,0.1000,0.8728,0.0000,0.0000,-489.0000,2301.4000,0.1000,0.8593,0.0000,0.0000,2350.3270,0.0000,9,0,0
73.5148,-0.3666,2.5276,0.1000,0.8753,0.0000,0.0000,-489.0000,2301.4000,0.1000,0.8593,0.0000,0.0000,2350.2292,0.0000,9,0,0
73.5170,-0.3265,2.6503,0.1000,0.8779,0.0000,0.0000,-489.0000,2301.4000,0.1000,0.8593,0.0000,0.0000,2350.1174,0.0000,9,0,0
73.5192,-0.2865,2.7730,0.1000,0.8804,0.0000,0.0000,-325.0000,2766.0000,0.1000,0.8593,0.0000,0.0000,2782.2405,0.0000,9,0,0
73.5213,-0.2682,2.9021,0.1000,0.8830,0.0000,0.0000,-325.0000,2766.0000,0.1000,0.8593,0.0000,0.0000,2782.1145,0.0000,9,0,0
73.5235,-0.2500,3.0311,0.1000,0.8856,0.0000,0.0000,-325.0000,2766.0000,0.1000,0.8593,0.0000,0.0000,2781.9885,0.0000,9,0,0
73.5607,-1.8750,1.5155,0.1000,0.9297,0.0000,0.0000,-325.0000,2766.0000,0.1000,0.8593,0.0000,0.0000,2783.3045,0.0000,9,0,0
73.5979,-3.5000,0.0000,0.1000,0.9737,0.0000,0.0000,-2254.7000,1150.2000,0.1000,0.8593,0.0000,0.0000,2528.0153,0.0000,9,0,0
73.5981,-3.4932,0.0012,0.1000,0.9739,0.0000,0.0000,-2254.7000,1150.2000,0.1000,0.8754,0.0000,0.0000,2528.0209,0.0000,9,0,0
73.5982,-3.4863,0.0024,0.1000,0.9740,0.0000,0.0000,-2254.7000,1150.2000,0.1000,0.8754,0.0000,0.0000,2528.0264,0.0000,9,0,0
73.5983,-3.4801,0.0060,0.1000,0.9742,0.0000,0.0000,-2254.7000,1150.2000,0.1000,0.8754,0.0000,0.0000,2528.0303,0.0000,9,0,0
73.5984,-3.4739,0.0095,0.1000,0.9743,0.0000,0.0000,-3482.4000,1.1000,0.1000,0.9729,0.0000,0.0000,3478.9263,0.0000,9,0,0
73.5985,-3.4689,0.0152,0.1000,0.9744,0.0000,0.0000,-3482.4000,1.1000,0.1000,0.9729,0.0000,0.0000,3478.9313,0.0000,9,0,0
73.5987,-3.4639,0.0208,0.1000,0.9746,0.0000,0.0000,-3482.4000,1.1000,0.1000,0.9729,0.0000,0.0000,3478.9363,0.0000,9,0,0
73.5988,-3.4607,0.0283,0.1000,0.9748,0.0000,0.0000,-3461.2000,26.2000,0.1000,0.9729,0.0000,0.0000,3457.8384,0.0000,9,0,0
73.5989,-3.4574,0.0357,0.1000,0.9749,0.0000,0.0000,-3461.2000,26.2000,0.1000,0.9745,0.0000,0.0000,3457.8415,0.0000,9,0,0
73.5991,-3.4564,0.0445,0.1000,0.9751,0.0000,0.0000,-3461.2000,26.2000,0.1000,0.9745,0.0000,0.0000,3457.8425,0.0000,9,0,0
73.5992,-3.4554,0.0532,0.1000,0.9753,0.0000,0.0000,-3455.0000,45.2000,0.1000,0.9745,0.0000,0.0000,3451.8399,0.0000,9,0,0
73.5994,-3.4568,0.0627,0.1000,0.9755,0.0000,0.0000,-3455.0000,45.2000,0.1000,0.9745,0.0000,0.0000,3451.8383,0.0000,9,0,0
73.5996,-3.4583,0.0722,0.1000,0.9756,0.0000,0.0000,-3455.0000,45.2000,0.1000,0.9745,0.0000,0.0000,3451.8367,0.0000,9,0,0
73.5997,-3.4625,0.0818,0.1000,0.9759,0.0000,0.0000,-3455.0000,45.2000,0.1000,0.9745,0.0000,0.0000,3451.8323,0.0000,9,0,0
73.5999,-3.4667,0.0914,0.1000,0.9761,0.0000,0.0000,-3471.0000,85.5000,0.1000,0.9745,0.0000,0.0000,3468.5849,0.0000,9,0,0
73.6001,-3.4737,0.1004,0.1000,0.9763,0.0000,0.0000,-3471.0000,85.5000,0.1000,0.9751,0.0000,0.0000,3468.5777,0.0000,9,0,0
73.6003,-3.4807,0.1094,0.1000,0.9765,0.0000,0.0000,-3471.0000,85.5000,0.1000,0.9751,0.0000,0.0000,3468.5705,0.0000,9,0,0
73.6005,-3.4904,0.1172,0.1000,0.9768,0.0000,0.0000,-3471.0000,85.5000,0.1000,0.9751,0.0000,0.0000,3468.5607,0.0000,9,0,0
73.6007,-3.5000,0.1250,0.1000,0.9770,0.0000,0.0000,-3492.3000,125.0000,0.1000,0.9751,0.0000,0.0000,3491.0341,0.0000,9,0,0
73.6009,-3.5121,0.1309,0.1000,0.9773,0.0000,0.0000,-3492.3000,125.0000,0.1000,0.9766,0.0000,0.0000,3491.0219,0.0000,9,0,0
73.6012,-3.5241,0.1368,0.1000,0.9775,0.0000,0.0000,-3492.3000,125.0000,0.1000,0.9766,0.0000,0.0000,3491.0096,0.0000,9,0,0
73.6014,-3.5382,0.1402,0.1000,0.9778,0.0000,0.0000,-3668.7000,140.2000,0.1000,0.9766,0.0000,0.0000,3667.8369,0.0000,9,0,0
73.6016,-3.5523,0.1436,0.1000,0.9781,0.0000,0.0000,-3668.7000,140.2000,0.1000,0.9776,0.0000,0.0000,3667.8228,0.0000,9,0,0
73.6019,-3.5678,0.1440,0.1000,0.9784,0.0000,0.0000,-3668.7000,140.2000,0.1000,0.9776,0.0000,0.0000,3667.8072,0.0000,9,0,0
73.6022,-3.5833,0.1443,0.1000,0.9787,0.0000,0.0000,-3668.7000,140.2000,0.1000,0.9776,0.0000,0.0000,3667.7917,0.0000,9,0,0
73.6024,-3.5997,0.1413,0.1000,0.9791,0.0000,0.0000,-3668.7000,140.2000,0.1000,0.9776,0.0000,0.0000,3667.7754,0.0000,9,0,0
73.6027,-3.6161,0.1383,0.1000,0.9794,0.0000,0.0000,-3640.4000,141.0000,0.1000,0.9776,0.0000,0.0000,3639.5109,0.0000,9,0,0
73.6030,-3.6325,0.1317,0.1000,0.9797,0.0000,0.0000,-3640.4000,141.0000,0.1000,0.9789,0.0000,0.0000,3639.4947,0.0000,9,0,0
73.6033,-3.6490,0.1250,0.1000,0.9801,0.0000,0.0000,-3640.4000,141.0000,0.1000,0.9789,0.0000,0.0000,3639.4785,0.0000,9,0,0
73.6036,-3.6647,0.1146,0.1000,0.9805,0.0000,0.0000,-3640.4000,141.0000,0.1000,0.9789,0.0000,0.0000,3639.4632,0.0000,9,0,0
73.6039,-3.6804,0.1042,0.1000,0.9808,0.0000,0.0000,-3720.5000,86.6000,0.1000,0.9789,0.0000,0.0000,3717.8259,0.0000,9,0,0
73.6043,-3.6946,0.0901,0.1000,0.9812,0.0000,0.0000,-3720.5000,86.6000,0.1000,0.9803,0.0000,0.0000,3717.8120,0.0000,9,0,0
73.6046,-3.7088,0.0760,0.1000,0.9816,0.0000,0.0000,-3720.5000,86.6000,0.1000,0.9803,0.0000,0.0000,3717.7981,0.0000,9,0,0
73.6050,-3.7207,0.0585,0.1000,0.9821,0.0000,0.0000,-3720.5000,86.6000,0.1000,0.9803,0.0000,0.0000,3717.7867,0.0000,9,0,0
73.6053,-3.7325,0.0410,0.1000,0.9825,0.0000,0.0000,-3719.0000,57.3000,0.1000,0.9816,0.0000,0.0000,3715.7087,0.0000,9,0,0
73.6057,-3.7413,0.0205,0.1000,0.9829,0.0000,0.0000,-3719.0000,57.3000,0.1000,0.9816,0.0000,0.0000,3715.7003,0.0000,9,0,0
73.6061,-3.7500,0.0000,0.1000,0.9834,0.0000,0.0000,-3719.0000,57.3000,0.1000,0.9816,0.0000,0.0000,3715.6918,0.0000,9,0,0
73.6065,-3.7549,-0.0229,0.1000,0.9838,0.0000,0.0000,-3719.0000,57.3000,0.1000,0.9816,0.0000,0.0000,3715.6873,0.0000,9,0,0
73.6069,-3.7599,-0.0458,0.1000,0.9843,0.0000,0.0000,-3752.8000,-21.6000,0.1000,0.9832,0.0000,0.0000,3749.1021,0.0000,9,0,0
73.6073,-3.7605,-0.0704,0.1000,0.9848,0.0000,0.0000,-3752.8000,-21.6000,0.1000,0.9832,0.0000,0.0000,3749.1014,0.0000,9,0,0
73.6077,-3.7610,-0.0950,0.1000,0.9853,0.0000,0.0000,-3761.0000,-173.0000,0.1000,0.9832,0.0000,0.0000,3761.2153,0.0000,9,0,0
73.6081,-3.7568,-0.1204,0.1000,0.9858,0.0000,0.0000,-3761.0000,-173.0000,0.1000,0.9847,0.0000,0.0000,3761.2184,0.0000,9,0,0
73.6085,-3.7526,-0.1458,0.1000,0.9863,0.0000,0.0000,-3761.0000,-173.0000,0.1000,0.9847,0.0000,0.0000,3761.2214,0.0000,9,0,0
73.6090,-3.7433,-0.1711,0.1000,0.9868,0.0000,0.0000,-3732.4000,-152.4000,0.1000,0.9847,0.0000,0.0000,3731.7629,0.0000,9,0,0
73.6094,-3.7341,-0.1964,0.1000,0.9874,0.0000,0.0000,-3732.4000,-152.4000,0.1000,0.9861,0.0000,0.0000,3731.7711,0.0000,9,0,0
73.6099,-3.7197,-0.2206,0.1000,0.9879,0.0000,0.0000,-3732.4000,-152.4000,0.1000,0.9861,0.0000,0.0000,3731.7845,0.0000,9,0,0
73.6104,-3.7053,-0.2447,0.1000,0.9885,0.0000,0.0000,-3705.0000,-241.5000,0.1000,0.9861,0.0000,0.0000,3709.1490,0.0000,9,0,0
73.6109,-3.6860,-0.2667,0.1000,0.9890,0.0000,0.0000,-3705.0000,-241.5000,0.1000,0.9877,0.0000,0.0000,3709.1669,0.0000,9,0,0
73.6114,-3.6667,-0.2887,0.1000,0.9896,0.0000,0.0000,-3705.0000,-241.5000,0.1000,0.9877,0.0000,0.0000,3709.1847,0.0000,9,0,0
73.6119,-3.6427,-0.3075,0.1000,0.9902,0.0000,0.0000,-3705.0000,-241.5000,0.1000,0.9877,0.0000,0.0000,3709.2074,0.0000,9,0,0
73.6124,-3.6188,-0.3263,0.1000,0.9908,0.0000,0.0000,-3705.0000,-241.5000,0.1000,0.9877,0.0000,0.0000,3709.2301,0.0000,9,0,0
73.6129,-3.5907,-0.3410,0.1000,0.9915,0.0000,0.0000,-3617.9000,-348.5000,0.1000,0.9900,0.0000,0.0000,3631.0393,0.0000,9,0,0
73.6134,-3.5627,-0.3556,0.1000,0.9921,0.0000,0.0000,-3617.9000,-348.5000,0.1000,0.9900,0.0000,0.0000,3631.0658,0.0000,9,0,0
73.6140,-3.5314,-0.3653,0.1000,0.9927,0.0000,0.0000,-3491.0000,-367.0000,0.1000,0.9900,0.0000,0.0000,3506.6877,0.0000,9,0,0
73.6145,-3.5000,-0.3750,0.1000,0.9934,0.0000,0.0000,-3491.0000,-367.0000,0.1000,0.9919,0.0000,0.0000,3506.7179,0.0000,9,0,0
73.6151,-3.4662,-0.3790,0.1000,0.9941,0.0000,0.0000,-3491.0000,-367.0000,0.1000,0.9919,0.0000,0.0000,3506.7510,0.0000,9,0,0
73.6157,-3.4325,-0.3830,0.1000,0.9947,0.0000,0.0000,-3491.0000,-367.0000,0.1000,0.9919,0.0000,0.0000,3506.7842,0.0000,9,0,0
73.6163,-3.3974,-0.3807,0.1000,0.9954,0.0000,0.0000,-3441.2000,-383.0000,0.1000,0.9919,0.0000,0.0000,3459.0294,0.0000,9,0,0
73.6169,-3.3622,-0.3785,0.1000,0.9961,0.0000,0.0000,-3441.2000,-383.0000,0.1000,0.9944,0.0000,0.0000,3459.0646,0.0000,9,0,0
73.6175,-3.3270,-0.3697,0.1000,0.9969,0.0000,0.0000,-3441.2000,-383.0000,0.1000,0.9944,0.0000,0.0000,3459.1006,0.0000,9,0,0
73.6181,-3.2917,-0.3608,0.1000,0.9976,0.0000,0.0000,-3441.2000,-383.0000,0.1000,0.9944,0.0000,0.0000,3459.1367,0.0000,9,0,0
73.6187,-3.2575,-0.3453,0.1000,0.9983,0.0000,0.0000,-3137.8000,-344.9000,0.1000,0.9944,0.0000,0.0000,3153.4227,0.0000,9,0,0
73.6193,-3.2232,-0.3298,0.1000,0.9991,0.0000,0.0000,-3137.8000,-344.9000,0.1000,0.9977,0.0000,0.0000,3153.4584,0.0000,9,0,0
73.6200,-3.1914,-0.3078,0.1000,0.9998,0.0000,0.0000,-3137.8000,-344.9000,0.1000,0.9977,0.0000,0.0000,3153.4925,0.0000,9,0,0
73.6206,-3.1595,-0.2857,0.1000,1.0006,0.0000,0.0000,-3160.0000,-282.6000,0.1000,0.9977,0.0000,0.0000,3169.4389,0.0000,9,0,0
73.6213,-3.1313,-0.2574,0.1000,1.0014,0.0000,0.0000,-3160.0000,-282.6000,0.1000,0.9996,0.0000,0.0000,3169.4696,0.0000,9,0,0
73.6220,-3.1031,-0.2292,0.1000,1.0022,0.0000,0.0000,-3160.0000,-282.6000,0.1000,0.9996,0.0000,0.0000,3169.5002,0.0000,9,0,0
73.6227,-3.0797,-0.1953,0.1000,1.0030,0.0000,0.0000,-3160.0000,-282.6000,0.1000,0.9996,0.0000,0.0000,3169.5265,0.0000,9,0,0
73.6234,-3.0563,-0.1615,0.1000,1.0038,0.0000,0.0000,-3056.0000,-162.0000,0.1000,0.9996,0.0000,0.0000,3057.2303,0.0000,9,0,0
73.6241,-3.0388,-0.1230,0.1000,1.0047,0.0000,0.0000,-3056.0000,-162.0000,0.1000,1.0027,0.0000,0.0000,3057.2498,0.0000,9,0,0
73.6248,-3.0213,-0.0844,0.1000,1.0055,0.0000,0.0000,-3056.0000,-162.0000,0.1000,1.0027,0.0000,0.0000,3057.2693,0.0000,9,0,0
73.6255,-3.0106,-0.0422,0.1000,1.0064,0.0000,0.0000,-3011.0000,-42.0000,0.1000,1.0027,0.0000,0.0000,3008.2820,0.0000,9,0,0
73.6262,-3.0000,0.0000,0.1000,1.0072,0.0000,0.0000,-3011.0000,-42.0000,0.1000,1.0052,0.0000,0.0000,3008.2932,0.0000,9,0,0
73.6270,-2.9970,0.0446,0.1000,1.0081,0.0000,0.0000,-3011.0000,-42.0000,0.1000,1.0052,0.0000,0.0000,3008.2969,0.0000,9,0,0
73.6277,-2.9939,0.0892,0.1000,1.0090,0.0000,0.0000,-2994.0000,94.9000,0.1000,1.0052,0.0000,0.0000,2992.5084,0.0000,9,0,0
73.6285,-2.9990,0.1349,0.1000,1.0099,0.0000,0.0000,-2994.0000,94.9000,0.1000,1.0078,0.0000,0.0000,2992.5019,0.0000,9,0,0
73.6293,-3.0041,0.1805,0.1000,1.0108,0.0000,0.0000,-2994.0000,94.9000,0.1000,1.0078,0.0000,0.0000,2992.4954,0.0000,9,0,0
73.6301,-3.0175,0.2257,0.1000,1.0118,0.0000,0.0000,-3017.0000,214.6000,0.1000,1.0078,0.0000,0.0000,3021.5968,0.0000,9,0,0
73.6308,-3.0309,0.2708,0.1000,1.0127,0.0000,0.0000,-3017.0000,214.6000,0.1000,1.0105,0.0000,0.0000,3021.5802,0.0000,9,0,0
73.6317,-3.0527,0.3140,0.1000,1.0136,0.0000,0.0000,-3017.0000,214.6000,0.1000,1.0105,0.0000,0.0000,3021.5554,0.0000,9,0,0
73.6325,-3.0744,0.3571,0.1000,1.0146,0.0000,0.0000,-3062.1000,246.1000,0.1000,1.0105,0.0000,0.0000,3068.8804,0.0000,9,0,0
73.6333,-3.1042,0.3967,0.1000,1.0156,0.0000,0.0000,-3062.1000,246.1000,0.1000,1.0133,0.0000,0.0000,3068.8476,0.0000,9,0,0
73.6341,-3.1340,0.4362,0.1000,1.0166,0.0000,0.0000,-3062.1000,246.1000,0.1000,1.0133,0.0000,0.0000,3068.8147,0.0000,9,0,0
73.6350,-3.1712,0.4707,0.1000,1.0176,0.0000,0.0000,-3143.4000,471.2000,0.1000,1.0133,0.0000,0.0000,3175.3147,0.0000,9,0,0
73.6358,-3.2083,0.5052,0.1000,1.0186,0.0000,0.0000,-3143.4000,471.2000,0.1000,1.0163,0.0000,0.0000,3175.2728,0.0000,9,0,0
73.6367,-3.2520,0.5332,0.1000,1.0196,0.0000,0.0000,-3143.4000,471.2000,0.1000,1.0163,0.0000,0.0000,3175.2254,0.0000,9,0,0
73.6376,-3.2957,0.5612,0.1000,1.0206,0.0000,0.0000,-3143.4000,471.2000,0.1000,1.0163,0.0000,0.0000,3175.1781,0.0000,9,0,0
73.6384,-3.3448,0.5815,0.1000,1.0217,0.0000,0.0000,-3301.3000,561.0000,0.1000,1.0197,0.0000,0.0000,3345.2320,0.0000,9,0,0
73.6393,-3.3939,0.6018,0.1000,1.0227,0.0000,0.0000,-3301.3000,561.0000,0.1000,1.0197,0.0000,0.0000,3345.1802,0.0000,9,0,0
73.6402,-3.4469,0.6134,0.1000,1.0238,0.0000,0.0000,-3301.3000,561.0000,0.1000,1.0197,0.0000,0.0000,3345.1260,0.0000,9,0,0
73.6412,-3.5000,0.6250,0.1000,1.0249,0.0000,0.0000,-3538.5000,622.7000,0.1000,1.0197,0.0000,0.0000,3589.3178,0.0000,9,0,0
73.6421,-3.5555,0.6271,0.1000,1.0260,0.0000,0.0000,-3538.5000,622.7000,0.1000,1.0231,0.0000,0.0000,3589.2628,0.0000,9,0,0
73.6430,-3.6109,0.6292,0.1000,1.0271,0.0000,0.0000,-3538.5000,622.7000,0.1000,1.0231,0.0000,0.0000,3589.2078,0.0000,9,0,0
73.6440,-3.6671,0.6213,0.1000,1.0282,0.0000,0.0000,-3662.9000,621.0000,0.1000,1.0231,0.0000,0.0000,3711.4492,0.0000,9,0,0
73.6449,-3.7233,0.6134,0.1000,1.0293,0.0000,0.0000,-3662.9000,621.0000,0.1000,1.0268,0.0000,0.0000,3711.3951,0.0000,9,0,0
73.6459,-3.7783,0.5954,0.1000,1.0305,0.0000,0.0000,-3662.9000,621.0000,0.1000,1.0268,0.0000,0.0000,3711.3439,0.0000,9,0,0
73.6468,-3.8333,0.5774,0.1000,1.0316,0.0000,0.0000,-3862.6000,586.2000,0.1000,1.0268,0.0000,0.0000,3902.9520,0.0000,9,0,0
73.6478,-3.8854,0.5493,0.1000,1.0328,0.0000,0.0000,-3862.6000,586.2000,0.1000,1.0300,0.0000,0.0000,3902.9047,0.0000,9,0,0
73.6488,-3.9375,0.5213,0.1000,1.0340,0.0000,0.0000,-3862.6000,586.2000,0.1000,1.0300,0.0000,0.0000,3902.8574,0.0000,9,0,0
73.6498,-3.9847,0.4839,0.1000,1.0352,0.0000,0.0000,-3992.7000,483.7000,0.1000,1.0300,0.0000,0.0000,4017.8785,0.0000,9,0,0
73.6508,-4.0320,0.4464,0.1000,1.0364,0.0000,0.0000,-3992.7000,483.7000,0.1000,1.0335,0.0000,0.0000,4017.8361,0.0000,9,0,0
73.6519,-4.0727,0.4003,0.1000,1.0376,0.0000,0.0000,-3992.7000,483.7000,0.1000,1.0335,0.0000,0.0000,4017.8012,0.0000,9,0,0
73.6529,-4.1134,0.3542,0.1000,1.0388,0.0000,0.0000,-4104.9000,355.6000,0.1000,1.0335,0.0000,0.0000,4116.1450,0.0000,9,0,0
73.6540,-4.1461,0.3006,0.1000,1.0401,0.0000,0.0000,-4104.9000,355.6000,0.1000,1.0335,0.0000,0.0000,4116.1172,0.0000,9,0,0
73.6550,-4.1787,0.2470,0.1000,1.0413,0.0000,0.0000,-4104.9000,355.6000,0.1000,1.0335,0.0000,0.0000,4116.0893,0.0000,9,0,0
73.6561,-4.2018,0.1874,0.1000,1.0426,0.0000,0.0000,-4202.0000,202.8000,0.1000,1.0335,0.0000,0.0000,4202.6850,0.0000,9,0,0
73.6572,-4.2249,0.1278,0.1000,1.0438,0.0000,0.0000,-4202.0000,202.8000,0.1000,1.0373,0.0000,0.0000,4202.6648,0.0000,9,0,0
73.6582,-4.2375,0.0639,0.1000,1.0451,0.0000,0.0000,-4202.0000,202.8000,0.1000,1.0373,0.0000,0.0000,4202.6554,0.0000,9,0,0
73.6593,-4.2500,0.0000,0.1000,1.0464,0.0000,0.0000,-4202.0000,202.8000,0.1000,1.0373,0.0000,0.0000,4202.6459,0.0000,9,0,0
73.6604,-4.2511,-0.0663,0.1000,1.0477,0.0000,0.0000,-4250.3000,-33.6000,0.1000,1.0373,0.0000,0.0000,4246.1813,0.0000,9,0,0
73.6616,-4.2523,-0.1326,0.1000,1.0491,0.0000,0.0000,-4250.3000,-33.6000,0.1000,1.0458,0.0000,0.0000,4246.1796,0.0000,9,0,0
73.6627,-4.2416,-0.1993,0.1000,1.0504,0.0000,0.0000,-4250.3000,-33.6000,0.1000,1.0458,0.0000,0.0000,4246.1898,0.0000,9,0,0
73.6638,-4.2309,-0.2660,0.1000,1.0517,0.0000,0.0000,-4250.3000,-33.6000,0.1000,1.0458,0.0000,0.0000,4246.2000,0.0000,9,0,0
73.6650,-4.2082,-0.3309,0.1000,1.0531,0.0000,0.0000,-4231.8000,-227.4000,0.1000,1.0502,0.0000,0.0000,4233.6854,0.0000,9,0,0
73.6661,-4.1856,-0.3958,0.1000,1.0545,0.0000,0.0000,-4231.8000,-227.4000,0.1000,1.0502,0.0000,0.0000,4233.7046,0.0000,9,0,0
73.6673,-4.1513,-0.4568,0.1000,1.0558,0.0000,0.0000,-4231.8000,-227.4000,0.1000,1.0502,0.0000,0.0000,4233.7355,0.0000,9,0,0
73.6685,-4.1171,-0.5178,0.1000,1.0572,0.0000,0.0000,-4151.0000,-457.0000,0.1000,1.0540,0.0000,0.0000,4171.9317,0.0000,9,0,0
73.6697,-4.0719,-0.5728,0.1000,1.0586,0.0000,0.0000,-4151.0000,-457.0000,0.1000,1.0540,0.0000,0.0000,4171.9706,0.0000,9,0,0
73.6708,-4.0267,-0.6277,0.1000,1.0601,0.0000,0.0000,-4020.5000,-648.1000,0.1000,1.0540,0.0000,0.0000,4068.3262,0.0000,9,0,0
73.6721,-3.9717,-0.6747,0.1000,1.0615,0.0000,0.0000,-4020.5000,-648.1000,0.1000,1.0581,0.0000,0.0000,4068.3730,0.0000,9,0,0
73.6733,-3.9167,-0.7217,0.1000,1.0629,0.0000,0.0000,-4020.5000,-648.1000,0.1000,1.0581,0.0000,0.0000,4068.4199,0.0000,9,0,0
73.6745,-3.8532,-0.7589,0.1000,1.0644,0.0000,0.0000,-4020.5000,-648.1000,0.1000,1.0581,0.0000,0.0000,4068.4766,0.0000,9,0,0
73.6757,-3.7898,-0.7961,0.1000,1.0658,0.0000,0.0000,-3890.3000,-766.4000,0.1000,1.0623,0.0000,0.0000,3961.2007,0.0000,9,0,0
73.6770,-3.7196,-0.8221,0.1000,1.0673,0.0000,0.0000,-3890.3000,-766.4000,0.1000,1.0623,0.0000,0.0000,3961.2645,0.0000,9,0,0
73.6782,-3.6495,-0.8480,0.1000,1.0688,0.0000,0.0000,-3890.3000,-766.4000,0.1000,1.0623,0.0000,0.0000,3961.3283,0.0000,9,0,0
73.6795,-3.5748,-0.8615,0.1000,1.0703,0.0000,0.0000,-3890.3000,-766.4000,0.1000,1.0623,0.0000,0.0000,3961.3990,0.0000,9,0,0
73.6808,-3.5000,-0.8750,0.1000,1.0718,0.0000,0.0000,-3587.5000,-859.8000,0.1000,1.0623,0.0000,0.0000,3685.4861,0.0000,9,0,0
73.6821,-3.4228,-0.8752,0.1000,1.0734,0.0000,0.0000,-3587.5000,-859.8000,0.1000,1.0693,0.0000,0.0000,3685.5612,0.0000,9,0,0
73.6834,-3.3456,-0.8754,0.1000,1.0749,0.0000,0.0000,-3587.5000,-859.8000,0.1000,1.0693,0.0000,0.0000,3685.6362,0.0000,9,0,0
73.6847,-3.2684,-0.8619,0.1000,1.0764,0.0000,0.0000,-3587.5000,-859.8000,0.1000,1.0693,0.0000,0.0000,3685.7144,0.0000,9,0,0
73.6860,-3.1912,-0.8483,0.1000,1.0780,0.0000,0.0000,-3178.7000,-847.8000,0.1000,1.0693,0.0000,0.0000,3286.5153,0.0000,9,0,0
73.6873,-3.1164,-0.8211,0.1000,1.0796,0.0000,0.0000,-3178.7000,-847.8000,0.1000,1.0754,0.0000,0.0000,3286.5946,0.0000,9,0,0
73.6887,-3.0417,-0.7939,0.1000,1.0811,0.0000,0.0000,-3178.7000,-847.8000,0.1000,1.0754,0.0000,0.0000,3286.6739,0.0000,9,0,0
73.6900,-2.9718,-0.7534,0.1000,1.0827,0.0000,0.0000,-2960.5000,-752.9000,0.1000,1.0754,0.0000,0.0000,3051.6713,0.0000,9,0,0
73.6914,-2.9019,-0.7128,0.1000,1.0844,0.0000,0.0000,-2960.5000,-752.9000,0.1000,1.0807,0.0000,0.0000,3051.7491,0.0000,9,0,0
73.6927,-2.8392,-0.6600,0.1000,1.0860,0.0000,0.0000,-2960.5000,-752.9000,0.1000,1.0807,0.0000,0.0000,3051.8228,0.0000,9,0,0
73.6941,-2.7765,-0.6071,0.1000,1.0876,0.0000,0.0000,-2781.3000,-608.2000,0.1000,1.0807,0.0000,0.0000,2844.1804,0.0000,9,0,0
73.6955,-2.7233,-0.5431,0.1000,1.0893,0.0000,0.0000,-2781.3000,-608.2000,0.1000,1.0853,0.0000,0.0000,2844.2460,0.0000,9,0,0
73.6969,-2.6701,-0.4792,0.1000,1.0909,0.0000,0.0000,-2781.3000,-608.2000,0.1000,1.0853,0.0000,0.0000,2844.3117,0.0000,9,0,0
73.6983,-2.6282,-0.4058,0.1000,1.0926,0.0000,0.0000,-2628.2000,-442.3000,0.1000,1.0853,0.0000,0.0000,2662.4984,0.0000,9,0,0
73.6997,-2.5864,-0.3325,0.1000,1.0943,0.0000,0.0000,-2628.2000,-442.3000,0.1000,1.0903,0.0000,0.0000,2662.5518,0.0000,9,0,0
73.7012,-2.5576,-0.2519,0.1000,1.0959,0.0000,0.0000,-2628.2000,-442.3000,0.1000,1.0903,0.0000,0.0000,2662.5935,0.0000,9,0,0
73.7026,-2.5289,-0.1712,0.1000,1.0976,0.0000,0.0000,-2628.2000,-442.3000,0.1000,1.0903,0.0000,0.0000,2662.6353,0.0000,9,0,0
73.7040,-2.5144,-0.0856,0.1000,1.0994,0.0000,0.0000,-2529.0000,-182.2000,0.1000,1.0903,0.0000,0.0000,2533.0407,0.0000,9,0,0
73.7055,-2.5000,-0.0000,0.1000,1.1011,0.0000,0.0000,-2529.0000,-182.2000,0.1000,1.0969,0.0000,0.0000,2533.0612,0.0000,9,0,0
73.7070,-2.5008,0.0880,0.1000,1.1028,0.0000,0.0000,-2529.0000,-182.2000,0.1000,1.0969,0.0000,0.0000,2533.0668,0.0000,9,0,0
73.7084,-2.5015,0.1761,0.1000,1.1046,0.0000,0.0000,-2502.0000,257.0000,0.1000,1.0969,0.0000,0.0000,2512.6582,0.0000,9,0,0
73.7099,-2.5179,0.2638,0.1000,1.1064,0.0000,0.0000,-2502.0000,257.0000,0.1000,1.1021,0.0000,0.0000,2512.6330,0.0000,9,0,0
73.7114,-2.5342,0.3515,0.1000,1.1081,0.0000,0.0000,-2502.0000,257.0000,0.1000,1.1021,0.0000,0.0000,2512.6077,0.0000,9,0,0
73.7129,-2.5660,0.4362,0.1000,1.1099,0.0000,0.0000,-2566.0000,406.0000,0.1000,1.1021,0.0000,0.0000,2595.3180,0.0000,9,0,0
73.7145,-2.5979,0.5208,0.1000,1.1117,0.0000,0.0000,-2566.0000,406.0000,0.1000,1.1073,0.0000,0.0000,2595.2733,0.0000,9,0,0
73.7160,-2.6446,0.5997,0.1000,1.1135,0.0000,0.0000,-2566.0000,406.0000,0.1000,1.1073,0.0000,0.0000,2595.2148,0.0000,9,0,0
73.7175,-2.6914,0.6785,0.1000,1.1153,0.0000,0.0000,-2690.7000,675.6000,0.1000,1.1073,0.0000,0.0000,2771.4453,0.0000,9,0,0
73.7191,-2.7520,0.7489,0.1000,1.1172,0.0000,0.0000,-2690.7000,675.6000,0.1000,1.1130,0.0000,0.0000,2771.3694,0.0000,9,0,0
73.7206,-2.8126,0.8192,0.1000,1.1190,0.0000,0.0000,-2690.7000,675.6000,0.1000,1.1130,0.0000,0.0000,2771.2935,0.0000,9,0,0
73.7222,-2.8855,0.8787,0.1000,1.1209,0.0000,0.0000,-2889.7000,881.2000,0.1000,1.1130,0.0000,0.0000,3018.0563,0.0000,9,0,0
73.7238,-2.9583,0.9382,0.1000,1.1228,0.0000,0.0000,-2889.7000,881.2000,0.1000,1.1185,0.0000,0.0000,3017.9692,0.0000,9,0,0
73.7254,-3.0415,0.9846,0.1000,1.1246,0.0000,0.0000,-2889.7000,881.2000,0.1000,1.1185,0.0000,0.0000,3017.8761,0.0000,9,0,0
73.7270,-3.1247,1.0311,0.1000,1.1265,0.0000,0.0000,-2889.7000,881.2000,0.1000,1.1185,0.0000,0.0000,3017.7830,0.0000,9,0,0
73.7286,-3.2159,1.0626,0.1000,1.1284,0.0000,0.0000,-2889.7000,881.2000,0.1000,1.1185,0.0000,0.0000,3017.6866,0.0000,9,0,0
73.7302,-3.3071,1.0942,0.1000,1.1304,0.0000,0.0000,-3212.6000,1063.5000,0.1000,1.1185,0.0000,0.0000,3380.5720,0.0000,9,0,0
73.7319,-3.4035,1.1096,0.1000,1.1323,0.0000,0.0000,-3212.6000,1063.5000,0.1000,1.1276,0.0000,0.0000,3380.4756,0.0000,9,0,0
73.7335,-3.5000,1.1250,0.1000,1.1342,0.0000,0.0000,-3212.6000,1063.5000,0.1000,1.1276,0.0000,0.0000,3380.3792,0.0000,9,0,0
73.7351,-3.5989,1.1233,0.1000,1.1362,0.0000,0.0000,-3212.6000,1063.5000,0.1000,1.1276,0.0000,0.0000,3380.2859,0.0000,9,0,0
73.7368,-3.6978,1.1216,0.1000,1.1382,0.0000,0.0000,-3212.6000,1063.5000,0.1000,1.1276,0.0000,0.0000,3380.1925,0.0000,9,0,0
73.7385,-3.7960,1.1024,0.1000,1.1401,0.0000,0.0000,-3212.6000,1063.5000,0.1000,1.1276,0.0000,0.0000,3380.1053,0.0000,9,0,0
73.7402,-3.8943,1.0833,0.1000,1.1421,0.0000,0.0000,-3698.0000,1122.0000,0.1000,1.1276,0.0000,0.0000,3860.4237,0.0000,9,0,0
73.7418,-3.9888,1.0468,0.1000,1.1441,0.0000,0.0000,-3698.0000,1122.0000,0.1000,1.1391,0.0000,0.0000,3860.3439,0.0000,9,0,0
73.7435,-4.0833,1.0104,0.1000,1.1461,0.0000,0.0000,-3698.0000,1122.0000,0.1000,1.1391,0.0000,0.0000,3860.2640,0.0000,9,0,0
73.7453,-4.1711,0.9574,0.1000,1.1482,0.0000,0.0000,-4173.8000,958.8000,0.1000,1.1391,0.0000,0.0000,4278.2319,0.0000,9,0,0
73.7470,-4.2588,0.9044,0.1000,1.1502,0.0000,0.0000,-4173.8000,958.8000,0.1000,1.1455,0.0000,0.0000,4278.1582,0.0000,9,0,0
73.7487,-4.3369,0.8361,0.1000,1.1523,0.0000,0.0000,-4173.8000,958.8000,0.1000,1.1455,0.0000,0.0000,4278.0974,0.0000,9,0,0
73.7505,-4.4150,0.7678,0.1000,1.1543,0.0000,0.0000,-4173.8000,958.8000,0.1000,1.1455,0.0000,0.0000,4278.0366,0.0000,9,0,0
73.7522,-4.4807,0.6860,0.1000,1.1564,0.0000,0.0000,-4442.4000,748.0000,0.1000,1.1455,0.0000,0.0000,4500.4006,0.0000,9,0,0
73.7540,-4.5464,0.6042,0.1000,1.1585,0.0000,0.0000,-4442.4000,748.0000,0.1000,1.1534,0.0000,0.0000,4500.3494,0.0000,9,0,0
73.7557,-4.5975,0.5111,0.1000,1.1606,0.0000,0.0000,-4442.4000,748.0000,0.1000,1.1534,0.0000,0.0000,4500.3145,0.0000,9,0,0
73.7575,-4.6485,0.4180,0.1000,1.1627,0.0000,0.0000,-4656.8000,339.0000,0.1000,1.1534,0.0000,0.0000,4664.4562,0.0000,9,0,0
73.7593,-4.6829,0.3163,0.1000,1.1648,0.0000,0.0000,-4656.8000,339.0000,0.1000,1.1600,0.0000,0.0000,4664.4292,0.0000,9,0,0
73.7611,-4.7173,0.2146,0.1000,1.1670,0.0000,0.0000,-4656.8000,339.0000,0.1000,1.1600,0.0000,0.0000,4664.4023,0.0000,9,0,0
73.7629,-4.7337,0.1073,0.1000,1.1691,0.0000,0.0000,-4656.8000,339.0000,0.1000,1.1600,0.0000,0.0000,4664.3938,0.0000,9,0,0
73.7648,-4.7500,0.0000,0.1000,1.1713,0.0000,0.0000,-4656.8000,339.0000,0.1000,1.1600,0.0000,0.0000,4664.3853,0.0000,9,0,0
73.7666,-4.7473,-0.1097,0.1000,1.1734,0.0000,0.0000,-4766.0000,-141.6000,0.1000,1.1681,0.0000,0.0000,4763.3545,0.0000,9,0,0
73.7684,-4.7447,-0.2195,0.1000,1.1756,0.0000,0.0000,-4766.0000,-141.6000,0.1000,1.1681,0.0000,0.0000,4763.3539,0.0000,9,0,0
73.7703,-4.7227,-0.3282,0.1000,1.1778,0.0000,0.0000,-4766.0000,-141.6000,0.1000,1.1681,0.0000,0.0000,4763.3727,0.0000,9,0,0
73.7721,-4.7007,-0.4370,0.1000,1.1800,0.0000,0.0000,-4722.5000,-403.5000,0.1000,1.1681,0.0000,0.0000,4734.9857,0.0000,9,0,0
73.7740,-4.6597,-0.5414,0.1000,1.1822,0.0000,0.0000,-4722.5000,-403.5000,0.1000,1.1767,0.0000,0.0000,4735.0177,0.0000,9,0,0
73.7759,-4.6186,-0.6458,0.1000,1.1845,0.0000,0.0000,-4722.5000,-403.5000,0.1000,1.1767,0.0000,0.0000,4735.0498,0.0000,9,0,0
73.7778,-4.5594,-0.7425,0.1000,1.1867,0.0000,0.0000,-4555.4000,-827.4000,0.1000,1.1767,0.0000,0.0000,4625.3122,0.0000,9,0,0
73.7797,-4.5001,-0.8392,0.1000,1.1890,0.0000,0.0000,-4555.4000,-827.4000,0.1000,1.1838,0.0000,0.0000,4625.3532,0.0000,9,0,0
73.7816,-4.4241,-0.9250,0.1000,1.1912,0.0000,0.0000,-4555.4000,-827.4000,0.1000,1.1838,0.0000,0.0000,4625.4127,0.0000,9,0,0
73.7835,-4.3481,-1.0108,0.1000,1.1935,0.0000,0.0000,-4555.4000,-827.4000,0.1000,1.1838,0.0000,0.0000,4625.4721,0.0000,9,0,0
73.7855,-4.2574,-1.0827,0.1000,1.1958,0.0000,0.0000,-4341.6000,-1049.8000,0.1000,1.1906,0.0000,0.0000,4462.3255,0.0000,9,0,0
73.7874,-4.1667,-1.1547,0.1000,1.1981,0.0000,0.0000,-4341.6000,-1049.8000,0.1000,1.1906,0.0000,0.0000,4462.3968,0.0000,9,0,0
73.7894,-4.0637,-1.2103,0.1000,1.2004,0.0000,0.0000,-4102.0000,-1208.4000,0.1000,1.1906,0.0000,0.0000,4272.0474,0.0000,9,0,0
73.7913,-3.9608,-1.2660,0.1000,1.2027,0.0000,0.0000,-4102.0000,-1208.4000,0.1000,1.1975,0.0000,0.0000,4272.1304,0.0000,9,0,0
73.7933,-3.8486,-1.3032,0.1000,1.2051,0.0000,0.0000,-4102.0000,-1208.4000,0.1000,1.1975,0.0000,0.0000,4272.2275,0.0000,9,0,0
73.7953,-3.7364,-1.3404,0.1000,1.2074,0.0000,0.0000,-4102.0000,-1208.4000,0.1000,1.1975,0.0000,0.0000,4272.3246,0.0000,9,0,0
73.7973,-3.6182,-1.3577,0.1000,1.2098,0.0000,0.0000,-4102.0000,-1208.4000,0.1000,1.1975,0.0000,0.0000,4272.4331,0.0000,9,0,0
73.7993,-3.5000,-1.3750,0.1000,1.2122,0.0000,0.0000,-3586.7000,-1358.2000,0.1000,1.2060,0.0000,0.0000,3831.4875,0.0000,9,0,0
73.8013,-3.3794,-1.3714,0.1000,1.2146,0.0000,0.0000,-3586.7000,-1358.2000,0.1000,1.2060,0.0000,0.0000,3831.6015,0.0000,9,0,0
73.8033,-3.2588,-1.3678,0.1000,1.2169,0.0000,0.0000,-3166.6000,-1367.2000,0.1000,1.2060,0.0000,0.0000,3445.6095,0.0000,9,0,0
73.8054,-3.1395,-1.3430,0.1000,1.2194,0.0000,0.0000,-3166.6000,-1367.2000,0.1000,1.2136,0.0000,0.0000,3445.7289,0.0000,9,0,0
73.8074,-3.0202,-1.3182,0.1000,1.2218,0.0000,0.0000,-3166.6000,-1367.2000,0.1000,1.2136,0.0000,0.0000,3445.8482,0.0000,9,0,0
73.8095,-2.9059,-1.2725,0.1000,1.2242,0.0000,0.0000,-3166.6000,-1367.2000,0.1000,1.2136,0.0000,0.0000,3445.9713,0.0000,9,0,0
73.8115,-2.7917,-1.2269,0.1000,1.2267,0.0000,0.0000,-2906.0000,-1273.0000,0.1000,1.2211,0.0000,0.0000,3169.5466,0.0000,9,0,0
73.8136,-2.6861,-1.1614,0.1000,1.2291,0.0000,0.0000,-2906.0000,-1273.0000,0.1000,1.2211,0.0000,0.0000,3169.6696,0.0000,9,0,0
73.8157,-2.5805,-1.0959,0.1000,1.2316,0.0000,0.0000,-2586.0000,-1098.0000,0.1000,1.2211,0.0000,0.0000,2806.6448,0.0000,9,0,0
73.8178,-2.4870,-1.0122,0.1000,1.2341,0.0000,0.0000,-2586.0000,-1098.0000,0.1000,1.2286,0.0000,0.0000,2806.7636,0.0000,9,0,0
73.8199,-2.3935,-0.9285,0.1000,1.2366,0.0000,0.0000,-2586.0000,-1098.0000,0.1000,1.2286,0.0000,0.0000,2806.8824,0.0000,9,0,0
73.8220,-2.3153,-0.8288,0.1000,1.2391,0.0000,0.0000,-2586.0000,-1098.0000,0.1000,1.2286,0.0000,0.0000,2806.9933,0.0000,9,0,0
73.8241,-2.2370,-0.7292,0.1000,1.2416,0.0000,0.0000,-2288.0000,-735.6000,0.1000,1.2286,0.0000,0.0000,2400.9888,0.0000,9,0,0
73.8263,-2.1768,-0.6163,0.1000,1.2441,0.0000,0.0000,-2288.0000,-735.6000,0.1000,1.2381,0.0000,0.0000,2401.0807,0.0000,9,0,0
73.8284,-2.1166,-0.5035,0.1000,1.2467,0.0000,0.0000,-2288.0000,-735.6000,0.1000,1.2381,0.0000,0.0000,2401.1726,0.0000,9,0,0
73.8306,-2.0765,-0.3808,0.1000,1.2492,0.0000,0.0000,-2077.3000,-380.0000,0.1000,1.2381,0.0000,0.0000,2109.6595,0.0000,9,0,0
73.8328,-2.0365,-0.2581,0.1000,1.2518,0.0000,0.0000,-2077.3000,-380.0000,0.1000,1.2459,0.0000,0.0000,2109.7210,0.0000,9,0,0
73.8349,-2.0182,-0.1290,0.1000,1.2544,0.0000,0.0000,-2077.3000,-380.0000,0.1000,1.2459,0.0000,0.0000,2109.7622,0.0000,9,0,0
73.8371,-2.0000,-0.0000,0.1000,1.2569,0.0000,0.0000,-2077.3000,-380.0000,0.1000,1.2459,0.0000,0.0000,2109.8033,0.0000,9,0,0
73.8626,-1.8750,-1.5155,0.1000,1.2871,0.0000,0.0000,-1999.7000,14.5000,0.1000,1.2540,0.0000,0.0000,1997.8892,0.0000,9,0,0
73.8880,-1.7500,-3.0311,0.1000,1.3173,0.0000,0.0000,-1999.7000,14.5000,0.1000,1.2540,0.0000,0.0000,1998.0269,0.0000,9,0,0
73.8882,-1.7432,-3.0299,0.1000,1.3174,0.0000,0.0000,-1999.7000,14.5000,0.1000,1.2540,0.0000,0.0000,1998.0337,0.0000,9,0,0
73.8883,-1.7363,-3.0287,0.1000,1.3175,0.0000,0.0000,-1742.5000,-2797.7000,0.1000,1.3102,0.0000,0.0000,3292.4833,0.0000,9,0,0
73.8884,-1.7301,-3.0251,0.1000,1.3177,0.0000,0.0000,-1742.5000,-2797.7000,0.1000,1.3102,0.0000,0.0000,3292.4895,0.0000,9,0,0
73.8885,-1.7239,-3.0216,0.1000,1.3178,0.0000,0.0000,-1742.5000,-2797.7000,0.1000,1.3102,0.0000,0.0000,3292.4958,0.0000,9,0,0
73.8886,-1.7189,-3.0159,0.1000,1.3180,0.0000,0.0000,-1718.8000,-3017.2000,0.1000,1.3102,0.0000,0.0000,3468.9585,0.0000,9,0,0
73.8888,-1.7139,-3.0103,0.1000,1.3181,0.0000,0.0000,-1718.8000,-3017.2000,0.1000,1.3177,0.0000,0.0000,3468.9659,0.0000,9,0,0
73.8889,-1.7107,-3.0028,0.1000,1.3183,0.0000,0.0000,-1718.8000,-3017.2000,0.1000,1.3177,0.0000,0.0000,3468.9740,0.0000,9,0,0
73.8890,-1.7074,-2.9954,0.1000,1.3184,0.0000,0.0000,-1718.8000,-3017.2000,0.1000,1.3177,0.0000,0.0000,3468.9820,0.0000,9,0,0
73.8892,-1.7064,-2.9866,0.1000,1.3186,0.0000,0.0000,-1707.0000,-2995.0000,0.1000,1.3177,0.0000,0.0000,3443.8598,0.0000,9,0,0
73.8893,-1.7054,-2.9779,0.1000,1.3188,0.0000,0.0000,-1707.0000,-2995.0000,0.1000,1.3183,0.0000,0.0000,3443.8679,0.0000,9,0,0
73.8895,-1.7068,-2.9684,0.1000,1.3190,0.0000,0.0000,-1707.0000,-2995.0000,0.1000,1.3183,0.0000,0.0000,3443.8754,0.0000,9,0,0
73.8897,-1.7083,-2.9589,0.1000,1.3192,0.0000,0.0000,-1707.0000,-2995.0000,0.1000,1.3183,0.0000,0.0000,3443.8829,0.0000,9,0,0
73.8898,-1.7125,-2.9493,0.1000,1.3194,0.0000,0.0000,-1702.8000,-2959.0000,0.1000,1.3183,0.0000,0.0000,3410.5621,0.0000,9,0,0
73.8900,-1.7167,-2.9397,0.1000,1.3196,0.0000,0.0000,-1702.8000,-2959.0000,0.1000,1.3191,0.0000,0.0000,3410.5684,0.0000,9,0,0
73.8902,-1.7237,-2.9307,0.1000,1.3198,0.0000,0.0000,-1702.8000,-2959.0000,0.1000,1.3191,0.0000,0.0000,3410.5727,0.0000,9,0,0
73.8904,-1.7307,-2.9217,0.1000,1.3200,0.0000,0.0000,-1733.1000,-2924.4000,0.1000,1.3191,0.0000,0.0000,3395.9793,0.0000,9,0,0
73.8906,-1.7404,-2.9139,0.1000,1.3203,0.0000,0.0000,-1733.1000,-2924.4000,0.1000,1.3198,0.0000,0.0000,3395.9811,0.0000,9,0,0
73.8908,-1.7500,-2.9061,0.1000,1.3205,0.0000,0.0000,-1733.1000,-2924.4000,0.1000,1.3198,0.0000,0.0000,3395.9828,0.0000,9,0,0
73.8910,-1.7621,-2.9002,0.1000,1.3208,0.0000,0.0000,-1733.1000,-2924.4000,0.1000,1.3198,0.0000,0.0000,3395.9818,0.0000,9,0,0
73.8913,-1.7741,-2.8943,0.1000,1.3211,0.0000,0.0000,-1733.1000,-2924.4000,0.1000,1.3198,0.0000,0.0000,3395.9807,0.0000,9,0,0
73.8915,-1.7882,-2.8909,0.1000,1.3213,0.0000,0.0000,-1744.0000,-2893.6000,0.1000,1.3198,0.0000,0.0000,3375.1298,0.0000,9,0,0
73.8917,-1.8023,-2.8875,0.1000,1.3216,0.0000,0.0000,-1744.0000,-2893.6000,0.1000,1.3209,0.0000,0.0000,3375.1254,0.0000,9,0,0
73.8920,-1.8178,-2.8871,0.1000,1.3219,0.0000,0.0000,-1744.0000,-2893.6000,0.1000,1.3209,0.0000,0.0000,3375.1177,0.0000,9,0,0
73.8923,-1.8333,-2.8868,0.1000,1.3222,0.0000,0.0000,-1744.0000,-2893.6000,0.1000,1.3209,0.0000,0.0000,3375.1100,0.0000,9,0,0
73.8925,-1.8497,-2.8898,0.1000,1.3226,0.0000,0.0000,-1811.9000,-2887.0000,0.1000,1.3209,0.0000,0.0000,3405.0512,0.0000,9,0,0
73.8928,-1.8661,-2.8928,0.1000,1.3229,0.0000,0.0000,-1811.9000,-2887.0000,0.1000,1.3221,0.0000,0.0000,3405.0400,0.0000,9,0,0
73.8931,-1.8825,-2.8994,0.1000,1.3233,0.0000,0.0000,-1811.9000,-2887.0000,0.1000,1.3221,0.0000,0.0000,3405.0256,0.0000,9,0,0
73.8934,-1.8990,-2.9061,0.1000,1.3236,0.0000,0.0000,-1811.9000,-2887.0000,0.1000,1.3221,0.0000,0.0000,3405.0112,0.0000,9,0,0
73.8937,-1.9147,-2.9165,0.1000,1.3240,0.0000,0.0000,-1811.9000,-2887.0000,0.1000,1.3221,0.0000,0.0000,3404.9940,0.0000,9,0,0
73.8940,-1.9304,-2.9269,0.1000,1.3244,0.0000,0.0000,-1874.1000,-2917.2000,0.1000,1.3234,0.0000,0.0000,3463.8139,0.0000,9,0,0
73.8944,-1.9446,-2.9410,0.1000,1.3248,0.0000,0.0000,-1874.1000,-2917.2000,0.1000,1.3234,0.0000,0.0000,3463.7943,0.0000,9,0,0
73.8947,-1.9588,-2.9551,0.1000,1.3252,0.0000,0.0000,-1957.7000,-2941.4000,0.1000,1.3234,0.0000,0.0000,3529.7850,0.0000,9,0,0
73.8951,-1.9707,-2.9726,0.1000,1.3256,0.0000,0.0000,-1957.7000,-2941.4000,0.1000,1.3247,0.0000,0.0000,3529.7639,0.0000,9,0,0
73.8954,-1.9825,-2.9901,0.1000,1.3260,0.0000,0.0000,-1957.7000,-2941.4000,0.1000,1.3247,0.0000,0.0000,3529.7427,0.0000,9,0,0
73.8958,-1.9913,-3.0106,0.1000,1.3264,0.0000,0.0000,-1989.7000,-3008.5000,0.1000,1.3247,0.0000,0.0000,3603.3252,0.0000,9,0,0
73.8962,-2.0000,-3.0311,0.1000,1.3269,0.0000,0.0000,-1989.7000,-3008.5000,0.1000,1.3258,0.0000,0.0000,3603.3033,0.0000,9,0,0
73.8966,-2.0049,-3.0540,0.1000,1.3273,0.0000,0.0000,-1989.7000,-3008.5000,0.1000,1.3258,0.0000,0.0000,3603.2815,0.0000,9,0,0
73.8970,-2.0099,-3.0769,0.1000,1.3278,0.0000,0.0000,-2018.0000,-3103.4000,0.1000,1.3258,0.0000,0.0000,3698.1373,0.0000,9,0,0
73.8974,-2.0105,-3.1015,0.1000,1.3283,0.0000,0.0000,-2018.0000,-3103.4000,0.1000,1.3271,0.0000,0.0000,3698.1164,0.0000,9,0,0
73.8978,-2.0110,-3.1261,0.1000,1.3288,0.0000,0.0000,-2018.0000,-3103.4000,0.1000,1.3271,0.0000,0.0000,3698.0954,0.0000,9,0,0
73.8982,-2.0068,-3.1515,0.1000,1.3293,0.0000,0.0000,-2018.0000,-3103.4000,0.1000,1.3271,0.0000,0.0000,3698.0764,0.0000,9,0,0
73.8986,-2.0026,-3.1769,0.1000,1.3298,0.0000,0.0000,-2008.2000,-3161.7000,0.1000,1.3271,0.0000,0.0000,3741.8039,0.0000,9,0,0
73.8991,-1.9933,-3.2022,0.1000,1.3303,0.0000,0.0000,-2008.2000,-3161.7000,0.1000,1.3291,0.0000,0.0000,3741.7875,0.0000,9,0,0
73.8995,-1.9841,-3.2275,0.1000,1.3309,0.0000,0.0000,-2008.2000,-3161.7000,0.1000,1.3291,0.0000,0.0000,3741.7711,0.0000,9,0,0
73.9000,-1.9697,-3.2516,0.1000,1.3314,0.0000,0.0000,-2008.2000,-3161.7000,0.1000,1.3291,0.0000,0.0000,3741.7584,0.0000,9,0,0
73.9005,-1.9553,-3.2758,0.1000,1.3320,0.0000,0.0000,-2008.2000,-3161.7000,0.1000,1.3291,0.0000,0.0000,3741.7457,0.0000,9,0,0
73.9010,-1.9360,-3.2978,0.1000,1.3326,0.0000,0.0000,-1952.3000,-3278.6000,0.1000,1.3312,0.0000,0.0000,3812.0237,0.0000,9,0,0
73.9015,-1.9167,-3.3198,0.1000,1.3331,0.0000,0.0000,-1952.3000,-3278.6000,0.1000,1.3312,0.0000,0.0000,3812.0147,0.0000,9,0,0
73.9020,-1.8927,-3.3386,0.1000,1.3337,0.0000,0.0000,-1952.3000,-3278.6000,0.1000,1.3312,0.0000,0.0000,3812.0108,0.0000,9,0,0
73.9025,-1.8688,-3.3574,0.1000,1.3344,0.0000,0.0000,-1879.4000,-3365.6000,0.1000,1.3312,0.0000,0.0000,3850.9478,0.0000,9,0,0
73.9030,-1.8407,-3.3720,0.1000,1.3350,0.0000,0.0000,-1879.4000,-3365.6000,0.1000,1.3335,0.0000,0.0000,3850.9487,0.0000,9,0,0
73.9035,-1.8127,-3.3867,0.1000,1.3356,0.0000,0.0000,-1879.4000,-3365.6000,0.1000,1.3335,0.0000,0.0000,3850.9495,0.0000,9,0,0
73.9041,-1.7814,-3.3964,0.1000,1.3363,0.0000,0.0000,-1879.4000,-3365.6000,0.1000,1.3335,0.0000,0.0000,3850.9564,0.0000,9,0,0
73.9046,-1.7500,-3.4061,0.1000,1.3369,0.0000,0.0000,-1832.2000,-3396.1000,0.1000,1.3335,0.0000,0.0000,3854.9863,0.0000,9,0,0
73.9052,-1.7162,-3.4101,0.1000,1.3376,0.0000,0.0000,-1832.2000,-3396.1000,0.1000,1.3360,0.0000,0.0000,3854.9988,0.0000,9,0,0
73.9058,-1.6825,-3.4141,0.1000,1.3383,0.0000,0.0000,-1832.2000,-3396.1000,0.1000,1.3360,0.0000,0.0000,3855.0113,0.0000,9,0,0
73.9064,-1.6474,-3.4118,0.1000,1.3390,0.0000,0.0000,-1832.2000,-3396.1000,0.1000,1.3360,0.0000,0.0000,3855.0300,0.0000,9,0,0
73.9070,-1.6122,-3.4096,0.1000,1.3397,0.0000,0.0000,-1608.8000,-3410.0000,0.1000,1.3360,0.0000,0.0000,3766.6843,0.0000,9,0,0
73.9076,-1.5770,-3.4008,0.1000,1.3404,0.0000,0.0000,-1608.8000,-3410.0000,0.1000,1.3386,0.0000,0.0000,3766.7074,0.0000,9,0,0
73.9082,-1.5417,-3.3919,0.1000,1.3411,0.0000,0.0000,-1608.8000,-3410.0000,0.1000,1.3386,0.0000,0.0000,3766.7304,0.0000,9,0,0
73.9088,-1.5075,-3.3764,0.1000,1.3418,0.0000,0.0000,-1491.6000,-3370.4000,0.1000,1.3386,0.0000,0.0000,3682.0135,0.0000,9,0,0
73.9094,-1.4732,-3.3609,0.1000,1.3426,0.0000,0.0000,-1491.6000,-3370.4000,0.1000,1.3409,0.0000,0.0000,3682.0415,0.0000,9,0,0
73.9101,-1.4414,-3.3388,0.1000,1.3434,0.0000,0.0000,-1491.6000,-3370.4000,0.1000,1.3409,0.0000,0.0000,3682.0746,0.0000,9,0,0
73.9107,-1.4095,-3.3168,0.1000,1.3441,0.0000,0.0000,-1491.6000,-3370.4000,0.1000,1.3409,0.0000,0.0000,3682.1077,0.0000,9,0,0
73.9114,-1.3813,-3.2885,0.1000,1.3449,0.0000,0.0000,-1393.2000,-3295.6000,0.1000,1.3409,0.0000,0.0000,3574.4194,0.0000,9,0,0
73.9121,-1.3531,-3.2603,0.1000,1.3457,0.0000,0.0000,-1393.2000,-3295.6000,0.1000,1.3439,0.0000,0.0000,3574.4564,0.0000,9,0,0
73.9128,-1.3297,-3.2264,0.1000,1.3465,0.0000,0.0000,-1393.2000,-3295.6000,0.1000,1.3439,0.0000,0.0000,3574.4967,0.0000,9,0,0
73.9135,-1.3063,-3.1926,0.1000,1.3473,0.0000,0.0000,-1304.5000,-3200.5000,0.1000,1.3439,0.0000,0.0000,3452.6929,0.0000,9,0,0
73.9142,-1.2888,-3.1540,0.1000,1.3482,0.0000,0.0000,-1304.5000,-3200.5000,0.1000,1.3463,0.0000,0.0000,3452.7352,0.0000,9,0,0
73.9149,-1.2713,-3.1155,0.1000,1.3490,0.0000,0.0000,-1304.5000,-3200.5000,0.1000,1.3463,0.0000,0.0000,3452.7775,0.0000,9,0,0
73.9156,-1.2606,-3.0733,0.1000,1.3499,0.0000,0.0000,-1261.0000,-3088.1000,0.1000,1.3463,0.0000,0.0000,3332.3165,0.0000,9,0,0
73.9163,-1.2500,-3.0311,0.1000,1.3507,0.0000,0.0000,-1261.0000,-3088.1000,0.1000,1.3486,0.0000,0.0000,3332.3596,0.0000,9,0,0
73.9171,-1.2470,-2.9865,0.1000,1.3516,0.0000,0.0000,-1261.0000,-3088.1000,0.1000,1.3486,0.0000,0.0000,3332.4020,0.0000,9,0,0
73.9178,-1.2439,-2.9419,0.1000,1.3525,0.0000,0.0000,-1261.0000,-3088.1000,0.1000,1.3486,0.0000,0.0000,3332.4445,0.0000,9,0,0
73.9186,-1.2490,-2.8962,0.1000,1.3534,0.0000,0.0000,-1249.0000,-2888.7000,0.1000,1.3486,0.0000,0.0000,3144.0016,0.0000,9,0,0
73.9194,-1.2541,-2.8506,0.1000,1.3543,0.0000,0.0000,-1249.0000,-2888.7000,0.1000,1.3521,0.0000,0.0000,3144.0415,0.0000,9,0,0
73.9202,-1.2675,-2.8054,0.1000,1.3553,0.0000,0.0000,-1249.0000,-2888.7000,0.1000,1.3521,0.0000,0.0000,3144.0776,0.0000,9,0,0
73.9209,-1.2809,-2.7603,0.1000,1.3562,0.0000,0.0000,-1249.0000,-2888.7000,0.1000,1.3521,0.0000,0.0000,3144.1137,0.0000,9,0,0
73.9217,-1.3027,-2.7171,0.1000,1.3572,0.0000,0.0000,-1249.0000,-2888.7000,0.1000,1.3521,0.0000,0.0000,3144.1447,0.0000,9,0,0
73.9226,-1.3244,-2.6740,0.1000,1.3581,0.0000,0.0000,-1320.8000,-2687.4000,0.1000,1.3521,0.0000,0.0000,2991.4494,0.0000,9,0,0
73.9234,-1.3542,-2.6344,0.1000,1.3591,0.0000,0.0000,-1320.8000,-2687.4000,0.1000,1.3567,0.0000,0.0000,2991.4718,0.0000,9,0,0
73.9242,-1.3840,-2.5949,0.1000,1.3601,0.0000,0.0000,-1320.8000,-2687.4000,0.1000,1.3567,0.0000,0.0000,2991.4942,0.0000,9,0,0
73.9251,-1.4212,-2.5604,0.1000,1.3611,0.0000,0.0000,-1420.8000,-2581.4000,0.1000,1.3567,0.0000,0.0000,2943.6457,0.0000,9,0,0
73.9259,-1.4583,-2.5259,0.1000,1.3621,0.0000,0.0000,-1420.8000,-2581.4000,0.1000,1.3597,0.0000,0.0000,2943.6580,0.0000,9,0,0
73.9268,-1.5020,-2.4979,0.1000,1.3631,0.0000,0.0000,-1420.8000,-2581.4000,0.1000,1.3597,0.0000,0.0000,2943.6615,0.0000,9,0,0
73.9277,-1.5457,-2.4699,0.1000,1.3642,0.0000,0.0000,-1537.6000,-2469.2000,0.1000,1.3597,0.0000,0.0000,2905.8940,0.0000,9,0,0
73.9285,-1.5948,-2.4496,0.1000,1.3652,0.0000,0.0000,-1537.6000,-2469.2000,0.1000,1.3633,0.0000,0.0000,2905.8853,0.0000,9,0,0
73.9294,-1.6439,-2.4293,0.1000,1.3663,0.0000,0.0000,-1537.6000,-2469.2000,0.1000,1.3633,0.0000,0.0000,2905.8766,0.0000,9,0,0
73.9303,-1.6969,-2.4177,0.1000,1.3673,0.0000,0.0000,-1537.6000,-2469.2000,0.1000,1.3633,0.0000,0.0000,2905.8584,0.0000,9,0,0
73.9313,-1.7500,-2.4061,0.1000,1.3684,0.0000,0.0000,-1684.8000,-2405.9000,0.1000,1.3633,0.0000,0.0000,2934.1848,0.0000,9,0,0
73.9322,-1.8055,-2.4040,0.1000,1.3695,0.0000,0.0000,-1684.8000,-2405.9000,0.1000,1.3670,0.0000,0.0000,2934.1547,0.0000,9,0,0
73.9331,-1.8609,-2.4019,0.1000,1.3706,0.0000,0.0000,-1684.8000,-2405.9000,0.1000,1.3670,0.0000,0.0000,2934.1246,0.0000,9,0,0
73.9341,-1.9171,-2.4098,0.1000,1.3717,0.0000,0.0000,-1684.8000,-2405.9000,0.1000,1.3670,0.0000,0.0000,2934.0859,0.0000,9,0,0
73.9350,-1.9733,-2.4177,0.1000,1.3729,0.0000,0.0000,-1905.9000,-2410.0000,0.1000,1.3670,0.0000,0.0000,3069.4282,0.0000,9,0,0
73.9360,-2.0283,-2.4357,0.1000,1.3740,0.0000,0.0000,-1905.9000,-2410.0000,0.1000,1.3713,0.0000,0.0000,3069.3799,0.0000,9,0,0
73.9369,-2.0833,-2.4537,0.1000,1.3752,0.0000,0.0000,-1905.9000,-2410.0000,0.1000,1.3713,0.0000,0.0000,3069.3317,0.0000,9,0,0
73.9379,-2.1354,-2.4817,0.1000,1.3763,0.0000,0.0000,-2130.8000,-2482.4000,0.1000,1.3713,0.0000,0.0000,3268.2117,0.0000,9,0,0
73.9389,-2.1875,-2.5098,0.1000,1.3775,0.0000,0.0000,-2130.8000,-2482.4000,0.1000,1.3747,0.0000,0.0000,3268.1565,0.0000,9,0,0
73.9399,-2.2347,-2.5472,0.1000,1.3787,0.0000,0.0000,-2130.8000,-2482.4000,0.1000,1.3747,0.0000,0.0000,3268.0973,0.0000,9,0,0
73.9409,-2.2820,-2.5847,0.1000,1.3799,0.0000,0.0000,-2130.8000,-2482.4000,0.1000,1.3747,0.0000,0.0000,3268.0381,0.0000,9,0,0
73.9420,-2.3227,-2.6308,0.1000,1.3811,0.0000,0.0000,-2130.8000,-2482.4000,0.1000,1.3747,0.0000,0.0000,3267.9766,0.0000,9,0,0
73.9430,-2.3634,-2.6769,0.1000,1.3823,0.0000,0.0000,-2320.9000,-2633.4000,0.1000,1.3795,0.0000,0.0000,3506.6103,0.0000,9,0,0
73.9441,-2.3961,-2.7305,0.1000,1.3836,0.0000,0.0000,-2320.9000,-2633.4000,0.1000,1.3795,0.0000,0.0000,3506.5485,0.0000,9,0,0
73.9451,-2.4287,-2.7841,0.1000,1.3848,0.0000,0.0000,-2320.9000,-2633.4000,0.1000,1.3795,0.0000,0.0000,3506.4868,0.0000,9,0,0
73.9462,-2.4518,-2.8437,0.1000,1.3861,0.0000,0.0000,-2320.9000,-2633.4000,0.1000,1.3795,0.0000,0.0000,3506.4268,0.0000,9,0,0
73.9473,-2.4749,-2.9033,0.1000,1.3874,0.0000,0.0000,-2475.9000,-2913.8000,0.1000,1.3795,0.0000,0.0000,3819.8366,0.0000,9,0,0
73.9483,-2.4875,-2.9672,0.1000,1.3887,0.0000,0.0000,-2475.9000,-2913.8000,0.1000,1.3852,0.0000,0.0000,3819.7797,0.0000,9,0,0
73.9494,-2.5000,-3.0311,0.1000,1.3899,0.0000,0.0000,-2475.9000,-2913.8000,0.1000,1.3852,0.0000,0.0000,3819.7229,0.0000,9,0,0
73.9505,-2.5011,-3.0974,0.1000,1.3913,0.0000,0.0000,-2501.0000,-3066.0000,0.1000,1.3852,0.0000,0.0000,3952.7040,0.0000,9,0,0
73.9517,-2.5023,-3.1637,0.1000,1.3926,0.0000,0.0000,-2501.0000,-3066.0000,0.1000,1.3894,0.0000,0.0000,3952.6519,0.0000,9,0,0
73.9528,-2.4916,-3.2304,0.1000,1.3939,0.0000,0.0000,-2501.0000,-3066.0000,0.1000,1.3894,0.0000,0.0000,3952.6070,0.0000,9,0,0
73.9539,-2.4809,-3.2971,0.1000,1.3953,0.0000,0.0000,-2481.8000,-3312.1000,0.1000,1.3894,0.0000,0.0000,4134.6342,0.0000,9,0,0
73.9551,-2.4582,-3.3620,0.1000,1.3966,0.0000,0.0000,-2481.8000,-3312.1000,0.1000,1.3936,0.0000,0.0000,4134.5958,0.0000,9,0,0
73.9562,-2.4356,-3.4269,0.1000,1.3980,0.0000,0.0000,-2481.8000,-3312.1000,0.1000,1.3936,0.0000,0.0000,4134.5575,0.0000,9,0,0
73.9574,-2.4013,-3.4879,0.1000,1.3994,0.0000,0.0000,-2481.8000,-3312.1000,0.1000,1.3936,0.0000,0.0000,4134.5292,0.0000,9,0,0
73.9586,-2.3671,-3.5489,0.1000,1.4008,0.0000,0.0000,-2400.9000,-3482.3000,0.1000,1.3977,0.0000,0.0000,4225.4786,0.0000,9,0,0
73.9598,-2.3219,-3.6039,0.1000,1.4022,0.0000,0.0000,-2400.9000,-3482.3000,0.1000,1.3977,0.0000,0.0000,4225.4590,0.0000,9,0,0
73.9609,-2.2767,-3.6588,0.1000,1.4036,0.0000,0.0000,-2400.9000,-3482.3000,0.1000,1.3977,0.0000,0.0000,4225.4394,0.0000,9,0,0
73.9622,-2.2217,-3.7058,0.1000,1.4050,0.0000,0.0000,-2217.4000,-3682.3000,0.1000,1.3977,0.0000,0.0000,4294.0738,0.0000,9,0,0
73.9634,-2.1667,-3.7528,0.1000,1.4064,0.0000,0.0000,-2217.4000,-3682.3000,0.1000,1.4028,0.0000,0.0000,4294.0620,0.0000,9,0,0
73.9646,-2.1032,-3.7900,0.1000,1.4079,0.0000,0.0000,-2217.4000,-3682.3000,0.1000,1.4028,0.0000,0.0000,4294.0628,0.0000,9,0,0
73.9658,-2.0398,-3.8272,0.1000,1.4094,0.0000,0.0000,-2217.4000,-3682.3000,0.1000,1.4028,0.0000,0.0000,4294.0637,0.0000,9,0,0
73.9671,-1.9696,-3.8532,0.1000,1.4108,0.0000,0.0000,-2231.7000,-3751.8000,0.1000,1.4028,0.0000,0.0000,4361.0553,0.0000,9,0,0
73.9683,-1.8995,-3.8791,0.1000,1.4123,0.0000,0.0000,-2231.7000,-3751.8000,0.1000,1.4087,0.0000,0.0000,4361.0688,0.0000,9,0,0
73.9696,-1.8248,-3.8926,0.1000,1.4138,0.0000,0.0000,-2231.7000,-3751.8000,0.1000,1.4087,0.0000,0.0000,4361.0954,0.0000,9,0,0
73.9709,-1.7500,-3.9061,0.1000,1.4153,0.0000,0.0000,-1748.1000,-3906.0000,0.1000,1.4087,0.0000,0.0000,4275.0527,0.0000,9,0,0
73.9722,-1.6728,-3.9063,0.1000,1.4169,0.0000,0.0000,-1748.1000,-3906.0000,0.1000,1.4134,0.0000,0.0000,4275.0840,0.0000,9,0,0
73.9735,-1.5956,-3.9065,0.1000,1.4184,0.0000,0.0000,-1748.1000,-3906.0000,0.1000,1.4134,0.0000,0.0000,4275.1154,0.0000,9,0,0
73.9748,-1.5184,-3.8929,0.1000,1.4200,0.0000,0.0000,-1748.1000,-3906.0000,0.1000,1.4134,0.0000,0.0000,4275.1592,0.0000,9,0,0
73.9761,-1.4412,-3.8794,0.1000,1.4215,0.0000,0.0000,-1515.8000,-3892.9000,0.1000,1.4134,0.0000,0.0000,4173.4594,0.0000,9,0,0
73.9774,-1.3664,-3.8522,0.1000,1.4231,0.0000,0.0000,-1515.8000,-3892.9000,0.1000,1.4193,0.0000,0.0000,4173.5119,0.0000,9,0,0
73.9788,-1.2917,-3.8249,0.1000,1.4247,0.0000,0.0000,-1515.8000,-3892.9000,0.1000,1.4193,0.0000,0.0000,4173.5645,0.0000,9,0,0
73.9801,-1.2218,-3.7844,0.1000,1.4263,0.0000,0.0000,-1023.2000,-3781.8000,0.1000,1.4193,0.0000,0.0000,3913.8014,0.0000,9,0,0
73.9815,-1.1519,-3.7439,0.1000,1.4279,0.0000,0.0000,-1023.2000,-3781.8000,0.1000,1.4241,0.0000,0.0000,3913.8587,0.0000,9,0,0
73.9828,-1.0892,-3.6911,0.1000,1.4295,0.0000,0.0000,-1023.2000,-3781.8000,0.1000,1.4241,0.0000,0.0000,3913.9261,0.0000,9,0,0
73.9842,-1.0265,-3.6382,0.1000,1.4311,0.0000,0.0000,-1023.2000,-3781.8000,0.1000,1.4241,0.0000,0.0000,3913.9935,0.0000,9,0,0
73.9856,-0.9733,-3.5742,0.1000,1.4328,0.0000,0.0000,-1028.3000,-3637.6000,0.1000,1.4241,0.0000,0.0000,3776.4459,0.0000,9,0,0
73.9870,-0.9201,-3.5103,0.1000,1.4344,0.0000,0.0000,-1028.3000,-3637.6000,0.1000,1.4299,0.0000,0.0000,3776.5219,0.0000,9,0,0
73.9884,-0.8782,-3.4369,0.1000,1.4361,0.0000,0.0000,-1028.3000,-3637.6000,0.1000,1.4299,0.0000,0.0000,3776.6039,0.0000,9,0,0
73.9898,-0.8364,-3.3636,0.1000,1.4378,0.0000,0.0000,-1028.3000,-3637.6000,0.1000,1.4299,0.0000,0.0000,3776.6858,0.0000,9,0,0
73.9913,-0.8076,-3.2830,0.1000,1.4395,0.0000,0.0000,-1028.3000,-3637.6000,0.1000,1.4299,0.0000,0.0000,3776.7712,0.0000,9,0,0
73.9927,-0.7789,-3.2023,0.1000,1.4412,0.0000,0.0000,-772.4000,-3225.2000,0.1000,1.4299,0.0000,0.0000,3313.1055,0.0000,9,0,0
73.9941,-0.7644,-3.1167,0.1000,1.4429,0.0000,0.0000,-772.4000,-3225.2000,0.1000,1.4388,0.0000,0.0000,3313.1921,0.0000,9,0,0
73.9956,-0.7500,-3.0311,0.1000,1.4446,0.0000,0.0000,-772.4000,-3225.2000,0.1000,1.4388,0.0000,0.0000,3313.2788,0.0000,9,0,0
73.9971,-0.7508,-2.9431,0.1000,1.4464,0.0000,0.0000,-772.4000,-3225.2000,0.1000,1.4388,0.0000,0.0000,3313.3642,0.0000,9,0,0
73.9985,-0.7515,-2.8550,0.1000,1.4481,0.0000,0.0000,-751.0000,-2947.4000,0.1000,1.4441,0.0000,0.0000,3038.6210,0.0000,9,0,0
74.0000,-0.7679,-2.7673,0.1000,1.4499,0.0000,0.0000,-751.0000,-2947.4000,0.1000,1.4441,0.0000,0.0000,3038.7020,0.0000,9,0,0
74.0015,-0.7842,-2.6796,0.1000,1.4516,0.0000,0.0000,-751.0000,-2947.4000,0.1000,1.4441,0.0000,0.0000,3038.7830,0.0000,9,0,0
74.0030,-0.8160,-2.5949,0.1000,1.4534,0.0000,0.0000,-784.0000,-2685.4000,0.1000,1.4496,0.0000,0.0000,2794.7845,0.0000,9,0,0
74.0046,-0.8479,-2.5103,0.1000,1.4552,0.0000,0.0000,-784.0000,-2685.4000,0.1000,1.4496,0.0000,0.0000,2794.8568,0.0000,9,0,0
74.0061,-0.8946,-2.4314,0.1000,1.4570,0.0000,0.0000,-894.0000,-2429.0000,0.1000,1.4496,0.0000,0.0000,2585.7054,0.0000,9,0,0
74.0076,-0.9414,-2.3526,0.1000,1.4589,0.0000,0.0000,-894.0000,-2429.0000,0.1000,1.4551,0.0000,0.0000,2585.7632,0.0000,9,0,0
74.0092,-1.0020,-2.2822,0.1000,1.4607,0.0000,0.0000,-894.0000,-2429.0000,0.1000,1.4551,0.0000,0.0000,2585.8083,0.0000,9,0,0
74.0107,-1.0626,-2.2118,0.1000,1.4625,0.0000,0.0000,-894.0000,-2429.0000,0.1000,1.4551,0.0000,0.0000,2585.8534,0.0000,9,0,0
74.0123,-1.1355,-2.1524,0.1000,1.4644,0.0000,0.0000,-1181.6000,-2127.5000,0.1000,1.4551,0.0000,0.0000,2431.1724,0.0000,9,0,0
74.0139,-1.2083,-2.0929,0.1000,1.4663,0.0000,0.0000,-1181.6000,-2127.5000,0.1000,1.4617,0.0000,0.0000,2431.1890,0.0000,9,0,0
74.0155,-1.2915,-2.0465,0.1000,1.4682,0.0000,0.0000,-1181.6000,-2127.5000,0.1000,1.4617,0.0000,0.0000,2431.1892,0.0000,9,0,0
74.0171,-1.3747,-2.0000,0.1000,1.4700,0.0000,0.0000,-1425.1000,-1999.8000,0.1000,1.4617,0.0000,0.0000,2453.2017,0.0000,9,0,0
74.0187,-1.4659,-1.9684,0.1000,1.4720,0.0000,0.0000,-1425.1000,-1999.8000,0.1000,1.4674,0.0000,0.0000,2453.1745,0.0000,9,0,0
74.0203,-1.5571,-1.9369,0.1000,1.4739,0.0000,0.0000,-1425.1000,-1999.8000,0.1000,1.4674,0.0000,0.0000,2453.1473,0.0000,9,0,0
74.0219,-1.6535,-1.9215,0.1000,1.4758,0.0000,0.0000,-1683.2000,-1920.9000,0.1000,1.4674,0.0000,0.0000,2551.4853,0.0000,9,0,0
74.0236,-1.7500,-1.9061,0.1000,1.4777,0.0000,0.0000,-1683.2000,-1920.9000,0.1000,1.4737,0.0000,0.0000,2551.4333,0.0000,9,0,0
74.0252,-1.8489,-1.9078,0.1000,1.4797,0.0000,0.0000,-1683.2000,-1920.9000,0.1000,1.4737,0.0000,0.0000,2551.3668,0.0000,9,0,0
74.0269,-1.9478,-1.9095,0.1000,1.4817,0.0000,0.0000,-1683.2000,-1920.9000,0.1000,1.4737,0.0000,0.0000,2551.3004,0.0000,9,0,0
74.0286,-2.0460,-1.9287,0.1000,1.4837,0.0000,0.0000,-1736.1000,-1910.1000,0.1000,1.4737,0.0000,0.0000,2578.3834,0.0000,9,0,0
74.0303,-2.1443,-1.9478,0.1000,1.4856,0.0000,0.0000,-1736.1000,-1910.1000,0.1000,1.4807,0.0000,0.0000,2578.3032,0.0000,9,0,0
74.0319,-2.2388,-1.9843,0.1000,1.4877,0.0000,0.0000,-1736.1000,-1910.1000,0.1000,1.4807,0.0000,0.0000,2578.2126,0.0000,9,0,0
74.0336,-2.3333,-2.0207,0.1000,1.4897,0.0000,0.0000,-1736.1000,-1910.1000,0.1000,1.4807,0.0000,0.0000,2578.1221,0.0000,9,0,0
74.0354,-2.4211,-2.0737,0.1000,1.4917,0.0000,0.0000,-2384.6000,-2073.4000,0.1000,1.4807,0.0000,0.0000,3156.7656,0.0000,9,0,0
74.0371,-2.5088,-2.1267,0.1000,1.4937,0.0000,0.0000,-2384.6000,-2073.4000,0.1000,1.4887,0.0000,0.0000,3156.6646,0.0000,9,0,0
74.0388,-2.5869,-2.1950,0.1000,1.4958,0.0000,0.0000,-2384.6000,-2073.4000,0.1000,1.4887,0.0000,0.0000,3156.5608,0.0000,9,0,0
74.0406,-2.6650,-2.2633,0.1000,1.4978,0.0000,0.0000,-2656.2000,-2262.3000,0.1000,1.4887,0.0000,0.0000,3485.5435,0.0000,9,0,0
74.0423,-2.7307,-2.3451,0.1000,1.4999,0.0000,0.0000,-2656.2000,-2262.3000,0.1000,1.4949,0.0000,0.0000,3485.4405,0.0000,9,0,0
74.0441,-2.7964,-2.4269,0.1000,1.5020,0.0000,0.0000,-2656.2000,-2262.3000,0.1000,1.4949,0.0000,0.0000,3485.3374,0.0000,9,0,0
74.0458,-2.8475,-2.5200,0.1000,1.5041,0.0000,0.0000,-2656.2000,-2262.3000,0.1000,1.4949,0.0000,0.0000,3485.2382,0.0000,9,0,0
74.0476,-2.8985,-2.6131,0.1000,1.5062,0.0000,0.0000,-2907.2000,-2717.9000,0.1000,1.4949,0.0000,0.0000,3975.8962,0.0000,9,0,0
74.0494,-2.9329,-2.7148,0.1000,1.5083,0.0000,0.0000,-2907.2000,-2717.9000,0.1000,1.5034,0.0000,0.0000,3975.8016,0.0000,9,0,0
74.0512,-2.9673,-2.8164,0.1000,1.5105,0.0000,0.0000,-2907.2000,-2717.9000,0.1000,1.5034,0.0000,0.0000,3975.7070,0.0000,9,0,0
74.0530,-2.9837,-2.9238,0.1000,1.5126,0.0000,0.0000,-2907.2000,-2717.9000,0.1000,1.5034,0.0000,0.0000,3975.6218,0.0000,9,0,0
74.0549,-3.0000,-3.0311,0.1000,1.5148,0.0000,0.0000,-2907.2000,-2717.9000,0.1000,1.5034,0.0000,0.0000,3975.5365,0.0000,9,0,0
74.0567,-2.9973,-3.1408,0.1000,1.5169,0.0000,0.0000,-3002.6000,-3063.6000,0.1000,1.5034,0.0000,0.0000,4285.3269,0.0000,9,0,0
74.0585,-2.9947,-3.2506,0.1000,1.5191,0.0000,0.0000,-3002.6000,-3063.6000,0.1000,1.5135,0.0000,0.0000,4285.2504,0.0000,9,0,0
74.0604,-2.9727,-3.3593,0.1000,1.5213,0.0000,0.0000,-3002.6000,-3063.6000,0.1000,1.5135,0.0000,0.0000,4285.1881,0.0000,9,0,0
74.0622,-2.9507,-3.4681,0.1000,1.5235,0.0000,0.0000,-3002.6000,-3063.6000,0.1000,1.5135,0.0000,0.0000,4285.1258,0.0000,9,0,0
74.0641,-2.9097,-3.5725,0.1000,1.5258,0.0000,0.0000,-2870.1000,-3660.7000,0.1000,1.5135,0.0000,0.0000,4647.0810,0.0000,9,0,0
74.0660,-2.8686,-3.6769,0.1000,1.5280,0.0000,0.0000,-2870.1000,-3660.7000,0.1000,1.5227,0.0000,0.0000,4647.0242,0.0000,9,0,0
74.0679,-2.8094,-3.7736,0.1000,1.5302,0.0000,0.0000,-2870.1000,-3660.7000,0.1000,1.5227,0.0000,0.0000,4646.9846,0.0000,9,0,0
74.0698,-2.7501,-3.8703,0.1000,1.5325,0.0000,0.0000,-2749.6000,-3909.4000,0.1000,1.5227,0.0000,0.0000,4774.7614,0.0000,9,0,0
74.0717,-2.6741,-3.9561,0.1000,1.5347,0.0000,0.0000,-2749.6000,-3909.4000,0.1000,1.5297,0.0000,0.0000,4774.7350,0.0000,9,0,0
74.0736,-2.5981,-4.0418,0.1000,1.5370,0.0000,0.0000,-2749.6000,-3909.4000,0.1000,1.5297,0.0000,0.0000,4774.7085,0.0000,9,0,0
74.0756,-2.5074,-4.1138,0.1000,1.5393,0.0000,0.0000,-2511.2000,-4113.6000,0.1000,1.5297,0.0000,0.0000,4814.7082,0.0000,9,0,0
74.0775,-2.4167,-4.1858,0.1000,1.5416,0.0000,0.0000,-2511.2000,-4113.6000,0.1000,1.5364,0.0000,0.0000,4814.6941,0.0000,9,0,0
74.0795,-2.3137,-4.2414,0.1000,1.5439,0.0000,0.0000,-2511.2000,-4113.6000,0.1000,1.5364,0.0000,0.0000,4814.7002,0.0000,9,0,0
74.0814,-2.2108,-4.2971,0.1000,1.5463,0.0000,0.0000,-2511.2000,-4113.6000,0.1000,1.5364,0.0000,0.0000,4814.7064,0.0000,9,0,0
74.0834,-2.0986,-4.3343,0.1000,1.5486,0.0000,0.0000,-2207.0000,-4301.6000,0.1000,1.5364,0.0000,0.0000,4829.9154,0.0000,9,0,0
74.0854,-1.9864,-4.3715,0.1000,1.5509,0.0000,0.0000,-2207.0000,-4301.6000,0.1000,1.5456,0.0000,0.0000,4829.9335,0.0000,9,0,0
74.0874,-1.8682,-4.3888,0.1000,1.5533,0.0000,0.0000,-2207.0000,-4301.6000,0.1000,1.5456,0.0000,0.0000,4829.9721,0.0000,9,0,0
74.0894,-1.7500,-4.4061,0.1000,1.5557,0.0000,0.0000,-2207.0000,-4301.6000,0.1000,1.5456,0.0000,0.0000,4830.0107,0.0000,9,0,0
74.0914,-1.6294,-4.4025,0.1000,1.5581,0.0000,0.0000,-2207.0000,-4301.6000,0.1000,1.5456,0.0000,0.0000,4830.0689,0.0000,9,0,0
74.0934,-1.5088,-4.3989,0.1000,1.5605,0.0000,0.0000,-1676.5000,-4402.1000,0.1000,1.5456,0.0000,0.0000,4705.8868,0.0000,9,0,0
74.0955,-1.3895,-4.3741,0.1000,1.5629,0.0000,0.0000,-1676.5000,-4402.1000,0.1000,1.5569,0.0000,0.0000,4705.9524,0.0000,9,0,0
74.0975,-1.2702,-4.3493,0.1000,1.5653,0.0000,0.0000,-1676.5000,-4402.1000,0.1000,1.5569,0.0000,0.0000,4706.0181,0.0000,9,0,0
74.0996,-1.1559,-4.3036,0.1000,1.5677,0.0000,0.0000,-1065.2000,-4303.9000,0.1000,1.5569,0.0000,0.0000,4429.3023,0.0000,9,0,0
74.1016,-1.0417,-4.2580,0.1000,1.5702,0.0000,0.0000,-1065.2000,-4303.9000,0.1000,1.5642,0.0000,0.0000,4429.3741,0.0000,9,0,0
74.1037,-0.9361,-4.1925,0.1000,1.5726,0.0000,0.0000,-1065.2000,-4303.9000,0.1000,1.5642,0.0000,0.0000,4429.4630,0.0000,9,0,0
74.1058,-0.8305,-4.1270,0.1000,1.5751,0.0000,0.0000,-839.9000,-4127.3000,0.1000,1.5642,0.0000,0.0000,4207.6827,0.0000,9,0,0
74.1079,-0.7370,-4.0433,0.1000,1.5776,0.0000,0.0000,-839.9000,-4127.3000,0.1000,1.5721,0.0000,0.0000,4207.7834,0.0000,9,0,0
74.1100,-0.6435,-3.9596,0.1000,1.5801,0.0000,0.0000,-839.9000,-4127.3000,0.1000,1.5721,0.0000,0.0000,4207.8840,0.0000,9,0,0
74.1121,-0.5653,-3.8599,0.1000,1.5826,0.0000,0.0000,-568.4000,-3864.4000,0.1000,1.5721,0.0000,0.0000,3902.0772,0.0000,9,0,0
74.1142,-0.4870,-3.7603,0.1000,1.5851,0.0000,0.0000,-568.4000,-3864.4000,0.1000,1.5795,0.0000,0.0000,3902.1871,0.0000,9,0,0
74.1164,-0.4268,-3.6474,0.1000,1.5876,0.0000,0.0000,-568.4000,-3864.4000,0.1000,1.5795,0.0000,0.0000,3902.3075,0.0000,9,0,0
74.1185,-0.3666,-3.5346,0.1000,1.5902,0.0000,0.0000,-568.4000,-3864.4000,0.1000,1.5795,0.0000,0.0000,3902.4279,0.0000,9,0,0
74.1207,-0.3265,-3.4119,0.1000,1.5927,0.0000,0.0000,-413.6000,-3563.8000,0.1000,1.5795,0.0000,0.0000,3584.2933,0.0000,9,0,0
74.1229,-0.2865,-3.2891,0.1000,1.5953,0.0000,0.0000,-413.6000,-3563.8000,0.1000,1.5896,0.0000,0.0000,3584.4198,0.0000,9,0,0
74.1250,-0.2682,-3.1601,0.1000,1.5979,0.0000,0.0000,-413.6000,-3563.8000,0.1000,1.5896,0.0000,0.0000,3584.5501,0.0000,9,0,0
74.1272,-0.2500,-3.0311,0.1000,1.6005,0.0000,0.0000,-413.6000,-3563.8000,0.1000,1.5896,0.0000,0.0000,3584.6804,0.0000,9,0,0
74.1440,0.7500,-3.0311,0.1000,1.6203,0.0000,0.0000,-250.0000,-3024.3000,0.1000,1.5896,0.0000,0.0000,3031.6565,0.0000,9,0,0
74.1607,1.7500,-3.0311,0.1000,1.6401,0.0000,0.0000,-250.0000,-3024.3000,0.1000,1.5991,0.0000,0.0000,3031.7394,0.0000,9,0,0
74.1608,1.7568,-3.0299,0.1000,1.6403,0.0000,0.0000,-250.0000,-3024.3000,0.1000,1.5991,0.0000,0.0000,3031.7412,0.0000,9,0,0
74.1609,1.7637,-3.0287,0.1000,1.6404,0.0000,0.0000,1764.1000,-3029.0000,0.1000,1.5991,0.0000,0.0000,3501.7612,0.0000,9,0,0
74.1611,1.7699,-3.0251,0.1000,1.6405,0.0000,0.0000,1764.1000,-3029.0000,0.1000,1.6379,0.0000,0.0000,3501.7612,0.0000,9,0,0
74.1612,1.7761,-3.0216,0.1000,1.6407,0.0000,0.0000,1764.1000,-3029.0000,0.1000,1.6379,0.0000,0.0000,3501.7611,0.0000,9,0,0
74.1613,1.7811,-3.0159,0.1000,1.6408,0.0000,0.0000,1772.6000,-3016.0000,0.1000,1.6379,0.0000,0.0000,3494.8351,0.0000,9,0,0
74.1614,1.7861,-3.0103,0.1000,1.6410,0.0000,0.0000,1772.6000,-3016.0000,0.1000,1.6406,0.0000,0.0000,3494.8375,0.0000,9,0,0
74.1616,1.7893,-3.0028,0.1000,1.6411,0.0000,0.0000,1772.6000,-3016.0000,0.1000,1.6406,0.0000,0.0000,3494.8423,0.0000,9,0,0
74.1617,1.7926,-2.9954,0.1000,1.6413,0.0000,0.0000,1772.6000,-3016.0000,0.1000,1.6406,0.0000,0.0000,3494.8470,0.0000,9,0,0
74.1619,1.7936,-2.9866,0.1000,1.6415,0.0000,0.0000,1772.6000,-3016.0000,0.1000,1.6406,0.0000,0.0000,3494.8541,0.0000,9,0,0
74.1620,1.7946,-2.9779,0.1000,1.6416,0.0000,0.0000,1795.2000,-2982.8000,0.1000,1.6406,0.0000,0.0000,3477.8790,0.0000,9,0,0
74.1622,1.7932,-2.9684,0.1000,1.6418,0.0000,0.0000,1795.2000,-2982.8000,0.1000,1.6413,0.0000,0.0000,3477.8879,0.0000,9,0,0
74.1623,1.7917,-2.9589,0.1000,1.6420,0.0000,0.0000,1795.2000,-2982.8000,0.1000,1.6413,0.0000,0.0000,3477.8968,0.0000,9,0,0
74.1625,1.7875,-2.9493,0.1000,1.6422,0.0000,0.0000,1795.2000,-2982.8000,0.1000,1.6413,0.0000,0.0000,3477.9072,0.0000,9,0,0
74.1627,1.7833,-2.9397,0.1000,1.6424,0.0000,0.0000,1787.0000,-2952.1000,0.1000,1.6420,0.0000,0.0000,3447.3969,0.0000,9,0,0
74.1629,1.7763,-2.9307,0.1000,1.6427,0.0000,0.0000,1787.0000,-2952.1000,0.1000,1.6420,0.0000,0.0000,3447.4082,0.0000,9,0,0
74.1631,1.7693,-2.9217,0.1000,1.6429,0.0000,0.0000,1776.3000,-2937.1000,0.1000,1.6420,0.0000,0.0000,3429.0468,0.0000,9,0,0
74.1633,1.7596,-2.9139,0.1000,1.6431,0.0000,0.0000,1776.3000,-2937.1000,0.1000,1.6426,0.0000,0.0000,3429.0584,0.0000,9,0,0
74.1635,1.7500,-2.9061,0.1000,1.6434,0.0000,0.0000,1776.3000,-2937.1000,0.1000,1.6426,0.0000,0.0000,3429.0701,0.0000,9,0,0
74.1637,1.7379,-2.9002,0.1000,1.6437,0.0000,0.0000,1776.3000,-2937.1000,0.1000,1.6426,0.0000,0.0000,3429.0814,0.0000,9,0,0
74.1639,1.7259,-2.8943,0.1000,1.6439,0.0000,0.0000,1726.0000,-2890.1000,0.1000,1.6426,0.0000,0.0000,3362.8973,0.0000,9,0,0
74.1642,1.7118,-2.8909,0.1000,1.6442,0.0000,0.0000,1726.0000,-2890.1000,0.1000,1.6435,0.0000,0.0000,3362.9074,0.0000,9,0,0
74.1644,1.6977,-2.8875,0.1000,1.6445,0.0000,0.0000,1726.0000,-2890.1000,0.1000,1.6435,0.0000,0.0000,3362.9175,0.0000,9,0,0
74.1647,1.6822,-2.8871,0.1000,1.6448,0.0000,0.0000,1726.0000,-2890.1000,0.1000,1.6435,0.0000,0.0000,3362.9258,0.0000,9,0,0
74.1649,1.6667,-2.8868,0.1000,1.6451,0.0000,0.0000,1568.2000,-2887.1000,0.1000,1.6435,0.0000,0.0000,3282.1811,0.0000,9,0,0
74.1652,1.6503,-2.8898,0.1000,1.6454,0.0000,0.0000,1568.2000,-2887.1000,0.1000,1.6447,0.0000,0.0000,3282.1863,0.0000,9,0,0
74.1655,1.6339,-2.8928,0.1000,1.6458,0.0000,0.0000,1568.2000,-2887.1000,0.1000,1.6447,0.0000,0.0000,3282.1914,0.0000,9,0,0
74.1658,1.6175,-2.8994,0.1000,1.6461,0.0000,0.0000,1568.2000,-2887.1000,0.1000,1.6447,0.0000,0.0000,3282.1934,0.0000,9,0,0
74.1661,1.6010,-2.9061,0.1000,1.6465,0.0000,0.0000,1599.5000,-2904.4000,0.1000,1.6447,0.0000,0.0000,3312.3931,0.0000,9,0,0
74.1664,1.5853,-2.9165,0.1000,1.6469,0.0000,0.0000,1599.5000,-2904.4000,0.1000,1.6460,0.0000,0.0000,3312.3915,0.0000,9,0,0
74.1667,1.5696,-2.9269,0.1000,1.6472,0.0000,0.0000,1599.5000,-2904.4000,0.1000,1.6460,0.0000,0.0000,3312.3900,0.0000,9,0,0
74.1670,1.5554,-2.9410,0.1000,1.6476,0.0000,0.0000,1560.7000,-2940.3000,0.1000,1.6460,0.0000,0.0000,3325.5090,0.0000,9,0,0
74.1674,1.5412,-2.9551,0.1000,1.6480,0.0000,0.0000,1560.7000,-2940.3000,0.1000,1.6471,0.0000,0.0000,3325.5032,0.0000,9,0,0
74.1677,1.5293,-2.9726,0.1000,1.6484,0.0000,0.0000,1560.7000,-2940.3000,0.1000,1.6471,0.0000,0.0000,3325.4933,0.0000,9,0,0
74.1681,1.5175,-2.9901,0.1000,1.6489,0.0000,0.0000,1560.7000,-2940.3000,0.1000,1.6471,0.0000,0.0000,3325.4834,0.0000,9,0,0
74.1685,1.5087,-3.0106,0.1000,1.6493,0.0000,0.0000,1509.0000,-3003.9000,0.1000,1.6471,0.0000,0.0000,3358.2536,0.0000,9,0,0
74.1688,1.5000,-3.0311,0.1000,1.6497,0.0000,0.0000,1509.0000,-3003.9000,0.1000,1.6486,0.0000,0.0000,3358.2392,0.0000,9,0,0
74.1692,1.4951,-3.0540,0.1000,1.6502,0.0000,0.0000,1509.0000,-3003.9000,0.1000,1.6486,0.0000,0.0000,3358.2209,0.0000,9,0,0
74.1696,1.4901,-3.0769,0.1000,1.6507,0.0000,0.0000,1509.0000,-3003.9000,0.1000,1.6486,0.0000,0.0000,3358.2027,0.0000,9,0,0
74.1700,1.4895,-3.1015,0.1000,1.6512,0.0000,0.0000,1490.0000,-3107.2000,0.1000,1.6486,0.0000,0.0000,3442.5413,0.0000,9,0,0
74.1704,1.4890,-3.1261,0.1000,1.6516,0.0000,0.0000,1490.0000,-3107.2000,0.1000,1.6504,0.0000,0.0000,3442.5194,0.0000,9,0,0
74.1709,1.4932,-3.1515,0.1000,1.6522,0.0000,0.0000,1490.0000,-3107.2000,0.1000,1.6504,0.0000,0.0000,3442.4947,0.0000,9,0,0
74.1713,1.4974,-3.1769,0.1000,1.6527,0.0000,0.0000,1497.0000,-3183.1000,0.1000,1.6504,0.0000,0.0000,3514.0345,0.0000,9,0,0
74.1718,1.5067,-3.2022,0.1000,1.6532,0.0000,0.0000,1497.0000,-3183.1000,0.1000,1.6520,0.0000,0.0000,3514.0077,0.0000,9,0,0
74.1722,1.5159,-3.2275,0.1000,1.6537,0.0000,0.0000,1497.0000,-3183.1000,0.1000,1.6520,0.0000,0.0000,3513.9809,0.0000,9,0,0
74.1727,1.5303,-3.2516,0.1000,1.6543,0.0000,0.0000,1538.4000,-3242.3000,0.1000,1.6520,0.0000,0.0000,3585.1643,0.0000,9,0,0
74.1731,1.5447,-3.2758,0.1000,1.6548,0.0000,0.0000,1538.4000,-3242.3000,0.1000,1.6536,0.0000,0.0000,3585.1363,0.0000,9,0,0
74.1736,1.5640,-3.2978,0.1000,1.6554,0.0000,0.0000,1538.4000,-3242.3000,0.1000,1.6536,0.0000,0.0000,3585.1081,0.0000,9,0,0
74.1741,1.5833,-3.3198,0.1000,1.6560,0.0000,0.0000,1538.4000,-3242.3000,0.1000,1.6536,0.0000,0.0000,3585.0800,0.0000,9,0,0
74.1746,1.6073,-3.3386,0.1000,1.6566,0.0000,0.0000,1538.4000,-3242.3000,0.1000,1.6536,0.0000,0.0000,3585.0527,0.0000,9,0,0
74.1751,1.6312,-3.3574,0.1000,1.6572,0.0000,0.0000,1602.7000,-3339.7000,0.1000,1.6558,0.0000,0.0000,3700.6220,0.0000,9,0,0
74.1757,1.6593,-3.3720,0.1000,1.6578,0.0000,0.0000,1602.7000,-3339.7000,0.1000,1.6558,0.0000,0.0000,3700.5967,0.0000,9,0,0
74.1762,1.6873,-3.3867,0.1000,1.6585,0.0000,0.0000,1602.7000,-3339.7000,0.1000,1.6558,0.0000,0.0000,3700.5713,0.0000,9,0,0
74.1768,1.7186,-3.3964,0.1000,1.6591,0.0000,0.0000,1689.2000,-3384.8000,0.1000,1.6558,0.0000,0.0000,3779.0850,0.0000,9,0,0
74.1773,1.7500,-3.4061,0.1000,1.6598,0.0000,0.0000,1689.2000,-3384.8000,0.1000,1.6558,0.0000,0.0000,3779.0624,0.0000,9,0,0
74.1779,1.7838,-3.4101,0.1000,1.6604,0.0000,0.0000,1689.2000,-3384.8000,0.1000,1.6558,0.0000,0.0000,3779.0437,0.0000,9,0,0
74.1784,1.8175,-3.4141,0.1000,1.6611,0.0000,0.0000,1689.2000,-3384.8000,0.1000,1.6558,0.0000,0.0000,3779.0251,0.0000,9,0,0
74.1790,1.8526,-3.4118,0.1000,1.6618,0.0000,0.0000,1856.7000,-3412.0000,0.1000,1.6558,0.0000,0.0000,3880.5840,0.0000,9,0,0
74.1796,1.8878,-3.4096,0.1000,1.6625,0.0000,0.0000,1856.7000,-3412.0000,0.1000,1.6586,0.0000,0.0000,3880.5692,0.0000,9,0,0
74.1802,1.9230,-3.4008,0.1000,1.6632,0.0000,0.0000,1856.7000,-3412.0000,0.1000,1.6586,0.0000,0.0000,3880.5601,0.0000,9,0,0
74.1808,1.9583,-3.3919,0.1000,1.6640,0.0000,0.0000,1955.0000,-3391.9000,0.1000,1.6586,0.0000,0.0000,3911.0560,0.0000,9,0,0
74.1815,1.9925,-3.3764,0.1000,1.6647,0.0000,0.0000,1955.0000,-3391.9000,0.1000,1.6629,0.0000,0.0000,3911.0523,0.0000,9,0,0
74.1821,2.0268,-3.3609,0.1000,1.6654,0.0000,0.0000,1955.0000,-3391.9000,0.1000,1.6629,0.0000,0.0000,3911.0487,0.0000,9,0,0
74.1827,2.0586,-3.3388,0.1000,1.6662,0.0000,0.0000,1955.0000,-3391.9000,0.1000,1.6629,0.0000,0.0000,3911.0519,0.0000,9,0,0
74.1834,2.0905,-3.3168,0.1000,1.6670,0.0000,0.0000,2139.9000,-3296.0000,0.1000,1.6629,0.0000,0.0000,3925.8111,0.0000,9,0,0
74.1841,2.1187,-3.2885,0.1000,1.6678,0.0000,0.0000,2139.9000,-3296.0000,0.1000,1.6659,0.0000,0.0000,3925.8194,0.0000,9,0,0
74.1847,2.1469,-3.2603,0.1000,1.6686,0.0000,0.0000,2139.9000,-3296.0000,0.1000,1.6659,0.0000,0.0000,3925.8277,0.0000,9,0,0
74.1854,2.1703,-3.2264,0.1000,1.6694,0.0000,0.0000,2139.9000,-3296.0000,0.1000,1.6659,0.0000,0.0000,3925.8433,0.0000,9,0,0
74.1861,2.1937,-3.1926,0.1000,1.6702,0.0000,0.0000,2194.1000,-3185.6000,0.1000,1.6659,0.0000,0.0000,3864.2166,0.0000,9,0,0
74.1868,2.2112,-3.1540,0.1000,1.6710,0.0000,0.0000,2194.1000,-3185.6000,0.1000,1.6690,0.0000,0.0000,3864.2384,0.0000,9,0,0
74.1875,2.2287,-3.1155,0.1000,1.6719,0.0000,0.0000,2194.1000,-3185.6000,0.1000,1.6690,0.0000,0.0000,3864.2602,0.0000,9,0,0
74.1883,2.2394,-3.0733,0.1000,1.6727,0.0000,0.0000,2194.1000,-3185.6000,0.1000,1.6690,0.0000,0.0000,3864.2890,0.0000,9,0,0
74.1890,2.2500,-3.0311,0.1000,1.6736,0.0000,0.0000,2239.6000,-3080.9000,0.1000,1.6719,0.0000,0.0000,3805.1297,0.0000,9,0,0
74.1897,2.2530,-2.9865,0.1000,1.6745,0.0000,0.0000,2239.6000,-3080.9000,0.1000,1.6719,0.0000,0.0000,3805.1640,0.0000,9,0,0
74.1905,2.2561,-2.9419,0.1000,1.6754,0.0000,0.0000,2255.8000,-2986.1000,0.1000,1.6719,0.0000,0.0000,3738.6753,0.0000,9,0,0
74.1913,2.2510,-2.8962,0.1000,1.6763,0.0000,0.0000,2255.8000,-2986.1000,0.1000,1.6743,0.0000,0.0000,3738.7147,0.0000,9,0,0
74.1920,2.2459,-2.8506,0.1000,1.6772,0.0000,0.0000,2255.8000,-2986.1000,0.1000,1.6743,0.0000,0.0000,3738.7542,0.0000,9,0,0
74.1928,2.2325,-2.8054,0.1000,1.6781,0.0000,0.0000,2255.8000,-2986.1000,0.1000,1.6743,0.0000,0.0000,3738.7983,0.0000,9,0,0
74.1936,2.2191,-2.7603,0.1000,1.6791,0.0000,0.0000,2235.7000,-2802.9000,0.1000,1.6768,0.0000,0.0000,3581.7900,0.0000,9,0,0
74.1944,2.1973,-2.7171,0.1000,1.6800,0.0000,0.0000,2235.7000,-2802.9000,0.1000,1.6768,0.0000,0.0000,3581.8373,0.0000,9,0,0
74.1952,2.1756,-2.6740,0.1000,1.6810,0.0000,0.0000,2235.7000,-2802.9000,0.1000,1.6768,0.0000,0.0000,3581.8846,0.0000,9,0,0
74.1960,2.1458,-2.6344,0.1000,1.6820,0.0000,0.0000,2176.2000,-2669.8000,0.1000,1.6768,0.0000,0.0000,3440.9714,0.0000,9,0,0
74.1969,2.1160,-2.5949,0.1000,1.6829,0.0000,0.0000,2176.2000,-2669.8000,0.1000,1.6806,0.0000,0.0000,3441.0208,0.0000,9,0,0
74.1977,2.0788,-2.5604,0.1000,1.6840,0.0000,0.0000,2176.2000,-2669.8000,0.1000,1.6806,0.0000,0.0000,3441.0710,0.0000,9,0,0
74.1986,2.0417,-2.5259,0.1000,1.6850,0.0000,0.0000,2176.2000,-2669.8000,0.1000,1.6806,0.0000,0.0000,3441.1213,0.0000,9,0,0
74.1994,1.9980,-2.4979,0.1000,1.6860,0.0000,0.0000,2203.2000,-2533.8000,0.1000,1.6837,0.0000,0.0000,3354.5165,0.0000,9,0,0
74.2003,1.9543,-2.4699,0.1000,1.6870,0.0000,0.0000,2203.2000,-2533.8000,0.1000,1.6837,0.0000,0.0000,3354.5663,0.0000,9,0,0
74.2012,1.9052,-2.4496,0.1000,1.6881,0.0000,0.0000,2203.2000,-2533.8000,0.1000,1.6837,0.0000,0.0000,3354.6138,0.0000,9,0,0
74.2021,1.8561,-2.4293,0.1000,1.6891,0.0000,0.0000,1908.3000,-2450.0000,0.1000,1.6837,0.0000,0.0000,3102.4395,0.0000,9,0,0
74.2030,1.8031,-2.4177,0.1000,1.6902,0.0000,0.0000,1908.3000,-2450.0000,0.1000,1.6876,0.0000,0.0000,3102.4812,0.0000,9,0,0
74.2039,1.7500,-2.4061,0.1000,1.6913,0.0000,0.0000,1908.3000,-2450.0000,0.1000,1.6876,0.0000,0.0000,3102.5230,0.0000,9,0,0
74.2048,1.6945,-2.4040,0.1000,1.6924,0.0000,0.0000,1908.3000,-2450.0000,0.1000,1.6876,0.0000,0.0000,3102.5587,0.0000,9,0,0
74.2058,1.6391,-2.4019,0.1000,1.6935,0.0000,0.0000,1908.3000,-2450.0000,0.1000,1.6876,0.0000,0.0000,3102.5945,0.0000,9,0,0
74.2067,1.5829,-2.4098,0.1000,1.6946,0.0000,0.0000,1639.0000,-2402.0000,0.1000,1.6876,0.0000,0.0000,2905.0246,0.0000,9,0,0
74.2077,1.5267,-2.4177,0.1000,1.6957,0.0000,0.0000,1639.0000,-2402.0000,0.1000,1.6924,0.0000,0.0000,2905.0497,0.0000,9,0,0
74.2086,1.4717,-2.4357,0.1000,1.6969,0.0000,0.0000,1639.0000,-2402.0000,0.1000,1.6924,0.0000,0.0000,2905.0659,0.0000,9,0,0
74.2096,1.4167,-2.4537,0.1000,1.6980,0.0000,0.0000,1639.0000,-2402.0000,0.1000,1.6924,0.0000,0.0000,2905.0820,0.0000,9,0,0
74.2106,1.3646,-2.4817,0.1000,1.6992,0.0000,0.0000,1613.7000,-2454.6000,0.1000,1.6964,0.0000,0.0000,2934.7077,0.0000,9,0,0
74.2116,1.3125,-2.5098,0.1000,1.7004,0.0000,0.0000,1613.7000,-2454.6000,0.1000,1.6964,0.0000,0.0000,2934.7129,0.0000,9,0,0
74.2126,1.2653,-2.5472,0.1000,1.7016,0.0000,0.0000,1613.7000,-2454.6000,0.1000,1.6964,0.0000,0.0000,2934.7076,0.0000,9,0,0
74.2136,1.2180,-2.5847,0.1000,1.7028,0.0000,0.0000,1269.1000,-2546.9000,0.1000,1.6964,0.0000,0.0000,2842.7214,0.0000,9,0,0
74.2146,1.1773,-2.6308,0.1000,1.7040,0.0000,0.0000,1269.1000,-2546.9000,0.1000,1.7011,0.0000,0.0000,2842.6983,0.0000,9,0,0
74.2157,1.1366,-2.6769,0.1000,1.7052,0.0000,0.0000,1269.1000,-2546.9000,0.1000,1.7011,0.0000,0.0000,2842.6752,0.0000,9,0,0
74.2167,1.1039,-2.7305,0.1000,1.7064,0.0000,0.0000,1099.5000,-2788.6000,0.1000,1.7011,0.0000,0.0000,2994.5856,0.0000,9,0,0
74.2178,1.0713,-2.7841,0.1000,1.7077,0.0000,0.0000,1099.5000,-2788.6000,0.1000,1.7047,0.0000,0.0000,2994.5477,0.0000,9,0,0
74.2188,1.0482,-2.8437,0.1000,1.7090,0.0000,0.0000,1099.5000,-2788.6000,0.1000,1.7047,0.0000,0.0000,2994.5007,0.0000,9,0,0
74.2199,1.0251,-2.9033,0.1000,1.7102,0.0000,0.0000,1025.0000,-2892.6000,0.1000,1.7047,0.0000,0.0000,3065.7580,0.0000,9,0,0
74.2210,1.0125,-2.9672,0.1000,1.7115,0.0000,0.0000,1025.0000,-2892.6000,0.1000,1.7087,0.0000,0.0000,3065.7019,0.0000,9,0,0
74.2221,1.0000,-3.0311,0.1000,1.7128,0.0000,0.0000,1025.0000,-2892.6000,0.1000,1.7087,0.0000,0.0000,3065.6459,0.0000,9,0,0
74.2232,0.9989,-3.0974,0.1000,1.7141,0.0000,0.0000,999.1000,-3116.8000,0.1000,1.7087,0.0000,0.0000,3269.7629,0.0000,9,0,0
74.2243,0.9977,-3.1637,0.1000,1.7154,0.0000,0.0000,999.1000,-3116.8000,0.1000,1.7123,0.0000,0.0000,3269.7001,0.0000,9,0,0
74.2254,1.0084,-3.2304,0.1000,1.7168,0.0000,0.0000,999.1000,-3116.8000,0.1000,1.7123,0.0000,0.0000,3269.6334,0.0000,9,0,0
74.2266,1.0191,-3.2971,0.1000,1.7181,0.0000,0.0000,999.1000,-3116.8000,0.1000,1.7123,0.0000,0.0000,3269.5666,0.0000,9,0,0
74.2277,1.0418,-3.3620,0.1000,1.7195,0.0000,0.0000,1041.8000,-3369.3000,0.1000,1.7123,0.0000,0.0000,3523.1685,0.0000,9,0,0
74.2289,1.0644,-3.4269,0.1000,1.7208,0.0000,0.0000,1041.8000,-3369.3000,0.1000,1.7171,0.0000,0.0000,3523.0998,0.0000,9,0,0
74.2300,1.0987,-3.4879,0.1000,1.7222,0.0000,0.0000,1041.8000,-3369.3000,0.1000,1.7171,0.0000,0.0000,3523.0314,0.0000,9,0,0
74.2312,1.1329,-3.5489,0.1000,1.7236,0.0000,0.0000,1041.8000,-3369.3000,0.1000,1.7171,0.0000,0.0000,3522.9630,0.0000,9,0,0
74.2324,1.1781,-3.6039,0.1000,1.7250,0.0000,0.0000,1121.3000,-3549.0000,0.1000,1.7220,0.0000,0.0000,3718.1322,0.0000,9,0,0
74.2336,1.2233,-3.6588,0.1000,1.7264,0.0000,0.0000,1121.3000,-3549.0000,0.1000,1.7220,0.0000,0.0000,3718.0662,0.0000,9,0,0
74.2348,1.2783,-3.7058,0.1000,1.7279,0.0000,0.0000,1121.3000,-3549.0000,0.1000,1.7220,0.0000,0.0000,3718.0048,0.0000,9,0,0
74.2360,1.3333,-3.7528,0.1000,1.7293,0.0000,0.0000,1227.4000,-3705.9000,0.1000,1.7220,0.0000,0.0000,3899.8889,0.0000,9,0,0
74.2373,1.3968,-3.7900,0.1000,1.7308,0.0000,0.0000,1227.4000,-3705.9000,0.1000,1.7272,0.0000,0.0000,3899.8336,0.0000,9,0,0
74.2385,1.4602,-3.8272,0.1000,1.7322,0.0000,0.0000,1227.4000,-3705.9000,0.1000,1.7272,0.0000,0.0000,3899.7784,0.0000,9,0,0
74.2397,1.5304,-3.8532,0.1000,1.7337,0.0000,0.0000,1628.8000,-3854.2000,0.1000,1.7272,0.0000,0.0000,4180.0930,0.0000,9,0,0
74.2410,1.6005,-3.8791,0.1000,1.7352,0.0000,0.0000,1628.8000,-3854.2000,0.1000,1.7316,0.0000,0.0000,4180.0418,0.0000,9,0,0
74.2423,1.6752,-3.8926,0.1000,1.7367,0.0000,0.0000,1628.8000,-3854.2000,0.1000,1.7316,0.0000,0.0000,4180.0002,0.0000,9,0,0
74.2435,1.7500,-3.9061,0.1000,1.7382,0.0000,0.0000,1750.0000,-3906.0000,0.1000,1.7316,0.0000,0.0000,4275.8292,0.0000,9,0,0
74.2448,1.8272,-3.9063,0.1000,1.7397,0.0000,0.0000,1750.0000,-3906.0000,0.1000,1.7361,0.0000,0.0000,4275.7974,0.0000,9,0,0
74.2461,1.9044,-3.9065,0.1000,1.7413,0.0000,0.0000,1750.0000,-3906.0000,0.1000,1.7361,0.0000,0.0000,4275.7657,0.0000,9,0,0
74.2474,1.9816,-3.8929,0.1000,1.7428,0.0000,0.0000,1961.6000,-3893.1000,0.1000,1.7361,0.0000,0.0000,4355.0013,0.0000,9,0,0
74.2487,2.0588,-3.8794,0.1000,1.7444,0.0000,0.0000,1961.6000,-3893.1000,0.1000,1.7406,0.0000,0.0000,4354.9786,0.0000,9,0,0
74.2501,2.1336,-3.8522,0.1000,1.7460,0.0000,0.0000,1961.6000,-3893.1000,0.1000,1.7406,0.0000,0.0000,4354.9693,0.0000,9,0,0
74.2514,2.2083,-3.8249,0.1000,1.7475,0.0000,0.0000,1961.6000,-3893.1000,0.1000,1.7406,0.0000,0.0000,4354.9599,0.0000,9,0,0
74.2528,2.2782,-3.7844,0.1000,1.7491,0.0000,0.0000,2206.7000,-3827.0000,0.1000,1.7461,0.0000,0.0000,4413.2134,0.0000,9,0,0
74.2541,2.3481,-3.7439,0.1000,1.7507,0.0000,0.0000,2206.7000,-3827.0000,0.1000,1.7461,0.0000,0.0000,4413.2136,0.0000,9,0,0
74.2555,2.4108,-3.6911,0.1000,1.7524,0.0000,0.0000,2206.7000,-3827.0000,0.1000,1.7461,0.0000,0.0000,4413.2281,0.0000,9,0,0
74.2569,2.4735,-3.6382,0.1000,1.7540,0.0000,0.0000,2475.7000,-3687.5000,0.1000,1.7461,0.0000,0.0000,4437.0810,0.0000,9,0,0
74.2583,2.5267,-3.5742,0.1000,1.7556,0.0000,0.0000,2475.7000,-3687.5000,0.1000,1.7517,0.0000,0.0000,4437.1044,0.0000,9,0,0
74.2597,2.5799,-3.5103,0.1000,1.7573,0.0000,0.0000,2475.7000,-3687.5000,0.1000,1.7517,0.0000,0.0000,4437.1278,0.0000,9,0,0
74.2611,2.6218,-3.4369,0.1000,1.7590,0.0000,0.0000,2475.7000,-3687.5000,0.1000,1.7517,0.0000,0.0000,4437.1654,0.0000,9,0,0
74.2625,2.6636,-3.3636,0.1000,1.7606,0.0000,0.0000,2663.3000,-3363.2000,0.1000,1.7517,0.0000,0.0000,4285.7306,0.0000,9,0,0
74.2639,2.6924,-3.2830,0.1000,1.7623,0.0000,0.0000,2663.3000,-3363.2000,0.1000,1.7582,0.0000,0.0000,4285.7759,0.0000,9,0,0
74.2653,2.7211,-3.2023,0.1000,1.7640,0.0000,0.0000,2663.3000,-3363.2000,0.1000,1.7582,0.0000,0.0000,4285.8213,0.0000,9,0,0
74.2668,2.7356,-3.1167,0.1000,1.7657,0.0000,0.0000,2736.1000,-3117.7000,0.1000,1.7582,0.0000,0.0000,4143.9004,0.0000,9,0,0
74.2683,2.7500,-3.0311,0.1000,1.7675,0.0000,0.0000,2736.1000,-3117.7000,0.1000,1.7635,0.0000,0.0000,4143.9552,0.0000,9,0,0
74.2697,2.7492,-2.9431,0.1000,1.7692,0.0000,0.0000,2736.1000,-3117.7000,0.1000,1.7635,0.0000,0.0000,4144.0219,0.0000,9,0,0
74.2712,2.7485,-2.8550,0.1000,1.7710,0.0000,0.0000,2736.1000,-3117.7000,0.1000,1.7635,0.0000,0.0000,4144.0885,0.0000,9,0,0
74.2727,2.7321,-2.7673,0.1000,1.7727,0.0000,0.0000,2732.0000,-2753.9000,0.1000,1.7635,0.0000,0.0000,3875.2592,0.0000,9,0,0
74.2742,2.7158,-2.6796,0.1000,1.7745,0.0000,0.0000,2732.0000,-2753.9000,0.1000,1.7692,0.0000,0.0000,3875.3330,0.0000,9,0,0
74.2757,2.6840,-2.5949,0.1000,1.7763,0.0000,0.0000,2732.0000,-2753.9000,0.1000,1.7692,0.0000,0.0000,3875.4156,0.0000,9,0,0
74.2772,2.6521,-2.5103,0.1000,1.7781,0.0000,0.0000,2732.0000,-2753.9000,0.1000,1.7692,0.0000,0.0000,3875.4981,0.0000,9,0,0
74.2788,2.6054,-2.4314,0.1000,1.7799,0.0000,0.0000,2648.4000,-2510.0000,0.1000,1.7765,0.0000,0.0000,3645.2887,0.0000,9,0,0
74.2803,2.5586,-2.3526,0.1000,1.7817,0.0000,0.0000,2648.4000,-2510.0000,0.1000,1.7765,0.0000,0.0000,3645.3768,0.0000,9,0,0
74.2818,2.4980,-2.2822,0.1000,1.7836,0.0000,0.0000,2648.4000,-2510.0000,0.1000,1.7765,0.0000,0.0000,3645.4692,0.0000,9,0,0
74.2834,2.4374,-2.2118,0.1000,1.7854,0.0000,0.0000,2498.0000,-2272.8000,0.1000,1.7810,0.0000,0.0000,3373.9299,0.0000,9,0,0
74.2850,2.3645,-2.1524,0.1000,1.7873,0.0000,0.0000,2498.0000,-2272.8000,0.1000,1.7810,0.0000,0.0000,3374.0239,0.0000,9,0,0
74.2866,2.2917,-2.0929,0.1000,1.7891,0.0000,0.0000,2498.0000,-2272.8000,0.1000,1.7810,0.0000,0.0000,3374.1178,0.0000,9,0,0
74.2881,2.2085,-2.0465,0.1000,1.7910,0.0000,0.0000,2281.4000,-2059.9000,0.1000,1.7810,0.0000,0.0000,3070.7451,0.0000,9,0,0
74.2897,2.1253,-2.0000,0.1000,1.7929,0.0000,0.0000,2281.4000,-2059.9000,0.1000,1.7883,0.0000,0.0000,3070.8379,0.0000,9,0,0
74.2914,2.0341,-1.9684,0.1000,1.7948,0.0000,0.0000,2281.4000,-2059.9000,0.1000,1.7883,0.0000,0.0000,3070.9268,0.0000,9,0,0
74.2930,1.9429,-1.9369,0.1000,1.7967,0.0000,0.0000,2281.4000,-2059.9000,0.1000,1.7883,0.0000,0.0000,3071.0156,0.0000,9,0,0
74.2946,1.8465,-1.9215,0.1000,1.7987,0.0000,0.0000,1941.4000,-1935.5000,0.1000,1.7883,0.0000,0.0000,2738.7212,0.0000,9,0,0
74.2962,1.7500,-1.9061,0.1000,1.8006,0.0000,0.0000,1941.4000,-1935.5000,0.1000,1.7960,0.0000,0.0000,2738.8004,0.0000,9,0,0
74.2979,1.6511,-1.9078,0.1000,1.8026,0.0000,0.0000,1941.4000,-1935.5000,0.1000,1.7960,0.0000,0.0000,2738.8692,0.0000,9,0,0
74.2996,1.5522,-1.9095,0.1000,1.8045,0.0000,0.0000,1941.4000,-1935.5000,0.1000,1.7960,0.0000,0.0000,2738.9380,0.0000,9,0,0
74.3012,1.4540,-1.9287,0.1000,1.8065,0.0000,0.0000,1457.5000,-1928.2000,0.1000,1.7960,0.0000,0.0000,2414.6617,0.0000,9,0,0
74.3029,1.3557,-1.9478,0.1000,1.8085,0.0000,0.0000,1457.5000,-1928.2000,0.1000,1.8039,0.0000,0.0000,2414.7057,0.0000,9,0,0
74.3046,1.2612,-1.9843,0.1000,1.8105,0.0000,0.0000,1457.5000,-1928.2000,0.1000,1.8039,0.0000,0.0000,2414.7336,0.0000,9,0,0
74.3063,1.1667,-2.0207,0.1000,1.8125,0.0000,0.0000,1457.5000,-1928.2000,0.1000,1.8039,0.0000,0.0000,2414.7616,0.0000,9,0,0
74.3080,1.0789,-2.0737,0.1000,1.8146,0.0000,0.0000,1114.7000,-2021.9000,0.1000,1.8099,0.0000,0.0000,2306.4800,0.0000,9,0,0
74.3097,0.9912,-2.1267,0.1000,1.8166,0.0000,0.0000,1114.7000,-2021.9000,0.1000,1.8099,0.0000,0.0000,2306.4760,0.0000,9,0,0
74.3115,0.9131,-2.1950,0.1000,1.8186,0.0000,0.0000,946.2000,-2178.7000,0.1000,1.8099,0.0000,0.0000,2372.9183,0.0000,9,0,0
74.3132,0.8350,-2.2633,0.1000,1.8207,0.0000,0.0000,946.2000,-2178.7000,0.1000,1.8159,0.0000,0.0000,2372.8868,0.0000,9,0,0
74.3150,0.7693,-2.3451,0.1000,1.8228,0.0000,0.0000,946.2000,-2178.7000,0.1000,1.8159,0.0000,0.0000,2372.8379,0.0000,9,0,0
74.3167,0.7036,-2.4269,0.1000,1.8249,0.0000,0.0000,767.7000,-2417.9000,0.1000,1.8159,0.0000,0.0000,2534.3231,0.0000,9,0,0
74.3185,0.6525,-2.5200,0.1000,1.8270,0.0000,0.0000,767.7000,-2417.9000,0.1000,1.8223,0.0000,0.0000,2534.2499,0.0000,9,0,0
74.3203,0.6015,-2.6131,0.1000,1.8291,0.0000,0.0000,767.7000,-2417.9000,0.1000,1.8223,0.0000,0.0000,2534.1766,0.0000,9,0,0
74.3221,0.5671,-2.7148,0.1000,1.8312,0.0000,0.0000,767.7000,-2417.9000,0.1000,1.8223,0.0000,0.0000,2534.0901,0.0000,9,0,0
74.3239,0.5327,-2.8164,0.1000,1.8333,0.0000,0.0000,567.0000,-2704.8000,0.1000,1.8223,0.0000,0.0000,2760.7246,0.0000,9,0,0
74.3257,0.5163,-2.9238,0.1000,1.8355,0.0000,0.0000,567.0000,-2704.8000,0.1000,1.8223,0.0000,0.0000,2760.6229,0.0000,9,0,0
74.3275,0.5000,-3.0311,0.1000,1.8376,0.0000,0.0000,567.0000,-2704.8000,0.1000,1.8223,0.0000,0.0000,2760.5212,0.0000,9,0,0
74.3293,0.5027,-3.1408,0.1000,1.8398,0.0000,0.0000,503.0000,-3174.4000,0.1000,1.8223,0.0000,0.0000,3210.8236,0.0000,9,0,0
74.3312,0.5053,-3.2506,0.1000,1.8420,0.0000,0.0000,503.0000,-3174.4000,0.1000,1.8314,0.0000,0.0000,3210.7148,0.0000,9,0,0
74.3330,0.5273,-3.3593,0.1000,1.8442,0.0000,0.0000,503.0000,-3174.4000,0.1000,1.8314,0.0000,0.0000,3210.6039,0.0000,9,0,0
74.3349,0.5493,-3.4681,0.1000,1.8464,0.0000,0.0000,549.0000,-3461.2000,0.1000,1.8314,0.0000,0.0000,3500.9582,0.0000,9,0,0
74.3368,0.5903,-3.5725,0.1000,1.8486,0.0000,0.0000,549.0000,-3461.2000,0.1000,1.8437,0.0000,0.0000,3500.8486,0.0000,9,0,0
74.3387,0.6314,-3.6769,0.1000,1.8508,0.0000,0.0000,549.0000,-3461.2000,0.1000,1.8437,0.0000,0.0000,3500.7391,0.0000,9,0,0
74.3406,0.6906,-3.7736,0.1000,1.8531,0.0000,0.0000,549.0000,-3461.2000,0.1000,1.8437,0.0000,0.0000,3500.6343,0.0000,9,0,0
74.3425,0.7499,-3.8703,0.1000,1.8553,0.0000,0.0000,688.7000,-3773.6000,0.1000,1.8507,0.0000,0.0000,3831.9887,0.0000,9,0,0
74.3444,0.8259,-3.9561,0.1000,1.8576,0.0000,0.0000,688.7000,-3773.6000,0.1000,1.8507,0.0000,0.0000,3831.8907,0.0000,9,0,0
74.3463,0.9019,-4.0418,0.1000,1.8599,0.0000,0.0000,688.7000,-3773.6000,0.1000,1.8507,0.0000,0.0000,3831.7927,0.0000,9,0,0
74.3482,0.9926,-4.1138,0.1000,1.8622,0.0000,0.0000,905.2000,-4049.9000,0.1000,1.8507,0.0000,0.0000,4145.5973,0.0000,9,0,0
74.3502,1.0833,-4.1858,0.1000,1.8645,0.0000,0.0000,905.2000,-4049.9000,0.1000,1.8589,0.0000,0.0000,4145.5073,0.0000,9,0,0
74.3521,1.1863,-4.2414,0.1000,1.8668,0.0000,0.0000,905.2000,-4049.9000,0.1000,1.8589,0.0000,0.0000,4145.4305,0.0000,9,0,0
74.3541,1.2892,-4.2971,0.1000,1.8691,0.0000,0.0000,1289.1000,-4196.3000,0.1000,1.8589,0.0000,0.0000,4385.3558,0.0000,9,0,0
74.3561,1.4014,-4.3343,0.1000,1.8715,0.0000,0.0000,1289.1000,-4196.3000,0.1000,1.8663,0.0000,0.0000,4385.2872,0.0000,9,0,0
74.3581,1.5136,-4.3715,0.1000,1.8738,0.0000,0.0000,1289.1000,-4196.3000,0.1000,1.8663,0.0000,0.0000,4385.2187,0.0000,9,0,0
74.3601,1.6318,-4.3888,0.1000,1.8762,0.0000,0.0000,1289.1000,-4196.3000,0.1000,1.8663,0.0000,0.0000,4385.1675,0.0000,9,0,0
74.3621,1.7500,-4.4061,0.1000,1.8785,0.0000,0.0000,1644.4000,-4389.0000,0.1000,1.8732,0.0000,0.0000,4682.1964,0.0000,9,0,0
74.3641,1.8706,-4.4025,0.1000,1.8809,0.0000,0.0000,1644.4000,-4389.0000,0.1000,1.8732,0.0000,0.0000,4682.1574,0.0000,9,0,0
74.3661,1.9912,-4.3989,0.1000,1.8833,0.0000,0.0000,1644.4000,-4389.0000,0.1000,1.8732,0.0000,0.0000,4682.1185,0.0000,9,0,0
74.3681,2.1105,-4.3741,0.1000,1.8857,0.0000,0.0000,1982.7000,-4399.0000,0.1000,1.8732,0.0000,0.0000,4820.3187,0.0000,9,0,0
74.3702,2.2298,-4.3493,0.1000,1.8882,0.0000,0.0000,1982.7000,-4399.0000,0.1000,1.8823,0.0000,0.0000,4820.2922,0.0000,9,0,0
74.3722,2.3441,-4.3036,0.1000,1.8906,0.0000,0.0000,1982.7000,-4399.0000,0.1000,1.8823,0.0000,0.0000,4820.2869,0.0000,9,0,0
74.3743,2.4583,-4.2580,0.1000,1.8930,0.0000,0.0000,2557.5000,-4280.4000,0.1000,1.8823,0.0000,0.0000,4981.3280,0.0000,9,0,0
74.3764,2.5639,-4.1925,0.1000,1.8955,0.0000,0.0000,2557.5000,-4280.4000,0.1000,1.8900,0.0000,0.0000,4981.3301,0.0000,9,0,0
74.3785,2.6695,-4.1270,0.1000,1.8980,0.0000,0.0000,2557.5000,-4280.4000,0.1000,1.8900,0.0000,0.0000,4981.3321,0.0000,9,0,0
74.3806,2.7630,-4.0433,0.1000,1.9005,0.0000,0.0000,2557.5000,-4280.4000,0.1000,1.8900,0.0000,0.0000,4981.3560,0.0000,9,0,0
74.3827,2.8565,-3.9596,0.1000,1.9029,0.0000,0.0000,2857.9000,-3956.1000,0.1000,1.8900,0.0000,0.0000,4875.5192,0.0000,9,0,0
74.3848,2.9347,-3.8599,0.1000,1.9055,0.0000,0.0000,2857.9000,-3956.1000,0.1000,1.8991,0.0000,0.0000,4875.5542,0.0000,9,0,0
74.3869,3.0130,-3.7603,0.1000,1.9080,0.0000,0.0000,2857.9000,-3956.1000,0.1000,1.8991,0.0000,0.0000,4875.5891,0.0000,9,0,0
74.3890,3.0732,-3.6474,0.1000,1.9105,0.0000,0.0000,3079.8000,-3559.1000,0.1000,1.8991,0.0000,0.0000,4701.8604,0.0000,9,0,0
74.3912,3.1334,-3.5346,0.1000,1.9130,0.0000,0.0000,3079.8000,-3559.1000,0.1000,1.9069,0.0000,0.0000,4701.9062,0.0000,9,0,0
74.3933,3.1735,-3.4119,0.1000,1.9156,0.0000,0.0000,3079.8000,-3559.1000,0.1000,1.9069,0.0000,0.0000,4701.9729,0.0000,9,0,0
74.3955,3.2135,-3.2891,0.1000,1.9182,0.0000,0.0000,3079.8000,-3559.1000,0.1000,1.9069,0.0000,0.0000,4702.0395,0.0000,9,0,0
74.3977,3.2318,-3.1601,0.1000,1.9207,0.0000,0.0000,3202.1000,-3158.8000,0.1000,1.9069,0.0000,0.0000,4493.4197,0.0000,9,0,0
74.3999,3.2500,-3.0311,0.1000,1.9233,0.0000,0.0000,3202.1000,-3158.8000,0.1000,1.9170,0.0000,0.0000,4493.4974,0.0000,9,0,0
74.4520,3.2500,-3.0311,0.1000,1.9067,0.0000,0.0000,3202.1000,-3158.8000,0.1000,1.9170,0.0000,0.0000,4493.4974,0.0000,9,0,1
74.5040,3.2500,-3.0311,0.1000,1.8555,0.0000,0.0000,3202.1000,-3158.8000,0.1000,1.9170,0.0000,0.0000,4493.4974,0.0000,9,0,1
74.5561,3.2500,-3.0311,0.1000,1.7948,0.0000,0.0000,3250.0000,-3038.3000,0.1000,1.9114,0.0000,0.0000,4444.5745,0.0000,9,0,1
74.6082,3.2500,-3.0311,0.1000,1.7340,0.0000,0.0000,3250.0000,-3038.3000,0.1000,1.9114,0.0000,0.0000,4444.5745,0.0000,9,0,1
74.6603,3.2500,-3.0311,0.1000,1.6733,0.0000,0.0000,3250.0000,-3038.3000,0.1000,1.9114,0.0000,0.0000,4444.5745,0.0000,9,0,1
74.7124,3.2500,-3.0311,0.1000,1.6126,0.0000,0.0000,3250.0000,-3038.3000,0.1000,1.9114,0.0000,0.0000,4444.5745,0.0000,9,0,1
74.7645,3.2500,-3.0311,0.1000,1.5519,0.0000,0.0000,3250.0000,-3038.3000,0.1000,1.9114,0.0000,0.0000,4444.5745,0.0000,9,0,1
74.8165,3.2500,-3.0311,0.1000,1.4912,0.0000,0.0000,3250.0000,-3038.3000,0.1000,1.9114,0.0000,0.0000,4444.5745,0.0000,9,0,1
74.8686,3.2500,-3.0311,0.1000,1.4400,0.0000,0.0000,3250.0000,-3038.3000,0.1000,1.9114,0.0000,0.0000,4444.5745,0.0000,9,0,1
74.9207,3.2500,-3.0311,0.1000,1.4233,0.0000,0.0000,3250.0000,-3038.3000,0.1000,1.9114,0.0000,0.0000,4444.5745,0.0000,9,0,1
75.1795,3.2500,-3.0311,0.1381,1.4233,0.0000,0.0000,3250.0000,-3031.0000,0.1000,1.9114,0.0000,0.0000,4439.5925,0.0381,9,1,0
75.4383,3.2500,-3.0311,0.2522,1.4233,0.0000,0.0000,3250.0000,-3031.0000,0.1000,1.5076,0.0000,0.0000,4439.5925,0.1522,9,1,0
75.6972,3.2500,-3.0311,0.4426,1.4233,0.0000,0.0000,3250.0000,-3031.0000,0.1000,1.5076,0.0000,0.0000,4439.5925,0.3426,9,1,0
75.9560,3.2500,-3.0311,0.7470,1.4233,0.0000,0.0000,3250.0000,-3031.0000,0.1000,1.5076,0.0000,0.0000,4439.5925,0.6470,9,1,0
76.2148,3.2500,-3.0311,1.0921,1.4233,0.0000,0.0000,3250.0000,-3031.0000,0.1000,1.5076,0.0000,0.0000,4439.5925,0.9921,9,1,0
76.4736,3.2500,-3.0311,1.4372,1.4233,0.0000,0.0000,3250.0000,-3031.0000,0.1000,1.5076,0.0000,0.0000,4439.5925,1.3372,9,1,0
76.7324,3.2500,-3.0311,1.7823,1.4233,0.0000,0.0000,3250.0000,-3031.0000,0.1000,1.5076,0.0000,0.0000,4439.5925,1.6823,9,1,0
76.9913,3.2500,-3.0311,2.1274,1.4233,0.0000,0.0000,3250.0000,-3031.0000,0.1000,1.5076,0.0000,0.0000,4439.5925,2.0274,9,1,0
77.2501,3.2500,-3.0311,2.4725,1.4233,0.0000,0.0000,3250.0000,-3031.0000,0.1000,1.5076,0.0000,0.0000,4439.5925,2.3725,9,1,0
77.5089,3.2500,-3.0311,2.8176,1.4233,0.0000,0.0000,3250.0000,-3031.0000,1.7994,1.4251,0.0000,0.0000,4439.5925,1.0182,9,1,0
77.7677,3.2500,-3.0311,3.1627,1.4233,0.0000,0.0000,3250.0000,-3031.0000,1.7994,1.4251,0.0000,0.0000,4439.5925,1.3633,9,1,0
78.0265,3.2500,-3.0311,3.5078,1.4233,0.0000,0.0000,3250.0000,-3031.0000,1.7994,1.4251,0.0000,0.0000,4439.5925,1.7084,9,1,0
78.2853,3.2500,-3.0311,3.8529,1.4233,0.0000,0.0000,3250.0000,-3031.0000,1.7994,1.4251,0.0000,0.0000,4439.5925,2.0535,9,1,0
78.5442,3.2500,-3.0311,4.1573,1.4233,0.0000,0.0000,3250.0000,-3031.0000,1.7994,1.4251,0.0000,0.0000,4439.5925,2.3579,9,1,0
78.8030,3.2500,-3.0311,4.3477,1.4233,0.0000,0.0000,3250.0000,-3031.0000,1.7994,1.4251,0.0000,0.0000,4439.5925,2.5483,9,1,0
79.0618,3.2500,-3.0311,4.4618,1.4233,0.0000,0.0000,3250.0000,-3031.0000,1.7994,1.4251,0.0000,0.0000,4439.5925,2.6624,9,1,0
79.3206,3.2500,-3.0311,4.4999,1.4233,0.0000,0.0000,3250.0000,-3031.0000,1.7994,1.4251,0.0000,0.0000,4439.5925,2.7005,9,1,0
79.4456,3.2500,-3.0311,4.7500,1.4233,0.0000,0.0000,3250.0000,-3031.0000,1.7994,1.4251,0.0000,0.0000,4439.5925,2.9505,9,1,0
79.5707,3.2500,-3.0311,5.0000,1.4233,0.0000,0.0000,3250.0000,-3031.0000,1.7994,1.4251,0.0000,0.0000,4439.5925,3.2006,9,1,0
79.8494,13.0694,3.1720,5.0000,1.4233,0.0000,0.0000,3250.0000,-3031.0000,4.4690,1.4234,0.0000,0.0000,4436.6563,0.5310,11,1,0
80.1282,28.7806,13.0969,5.0000,1.4233,0.0000,0.0000,3250.0000,-3031.0000,4.4690,1.4234,0.0000,0.0000,4432.0177,0.5310,11,1,0
80.4069,38.6000,19.3000,5.0000,1.4233,0.0000,0.0000,3250.0000,-3031.0000,4.4690,1.4234,0.0000,0.0000,4429.1557,0.5310,11,1,0
80.5319,38.6000,19.3000,4.7500,1.4233,0.0000,0.0000,7511.7000,-172.5000,4.4690,1.4234,0.0000,0.0000,7475.5609,0.2809,11,1,0
80.6570,38.6000,19.3000,4.4999,1.4233,0.0000,0.0000,7511.7000,-172.5000,4.9945,1.4233,0.0000,0.0000,7475.5609,0.4946,11,1,0
80.9158,38.6000,19.3000,4.4618,1.4233,0.0000,0.0000,7511.7000,-172.5000,4.9945,1.4233,0.0000,0.0000,7475.5609,0.5327,11,1,0
81.1746,38.6000,19.3000,4.3477,1.4233,0.0000,0.0000,14066.7000,3814.4000,4.9945,1.4233,0.0000,0.0000,14532.3905,0.6468,11,1,0
81.4334,38.6000,19.3000,4.1573,1.4233,0.0000,0.0000,14066.7000,3814.4000,4.4810,1.4233,0.0000,0.0000,14532.3905,0.3237,11,1,0
81.6922,38.6000,19.3000,3.8529,1.4233,0.0000,0.0000,14066.7000,3814.4000,4.4810,1.4233,0.0000,0.0000,14532.3905,0.6281,11,1,0
81.9511,38.6000,19.3000,3.5078,1.4233,0.0000,0.0000,17789.0000,5764.7000,4.4810,1.4233,0.0000,0.0000,18657.0716,0.9732,11,1,0
82.2099,38.6000,19.3000,3.1627,1.4233,0.0000,0.0000,17789.0000,5764.7000,3.9130,1.4233,0.0000,0.0000,18657.0716,0.7503,11,1,0
82.4687,38.6000,19.3000,2.8176,1.4233,0.0000,0.0000,17789.0000,5764.7000,3.9130,1.4233,0.0000,0.0000,18657.0716,1.0954,11,1,0
82.7275,38.6000,19.3000,2.4725,1.4233,0.0000,0.0000,17789.0000,5764.7000,3.9130,1.4233,0.0000,0.0000,18657.0716,1.4405,11,1,0
82.9863,38.6000,19.3000,2.1274,1.4233,0.0000,0.0000,22674.1000,8862.3000,2.9110,1.4233,0.0000,0.0000,24301.5331,0.7836,11,1,0
83.2451,38.6000,19.3000,1.7823,1.4233,0.0000,0.0000,22674.1000,8862.3000,2.9110,1.4233,0.0000,0.0000,24301.5331,1.1287,11,1,0
83.5040,38.6000,19.3000,1.4372,1.4233,0.0000,0.0000,22674.1000,8862.3000,2.9110,1.4233,0.0000,0.0000,24301.5331,1.4738,11,1,0
83.7628,38.6000,19.3000,1.0921,1.4233,0.0000,0.0000,27741.3000,12105.6000,2.9110,1.4233,0.0000,0.0000,30224.4642,1.8189,11,1,0
84.0216,38.6000,19.3000,0.7470,1.4233,0.0000,0.0000,27741.3000,12105.6000,1.5966,1.4233,0.0000,0.0000,30224.4642,0.8496,11,1,0
84.2804,38.6000,19.3000,0.4426,1.4233,0.0000,0.0000,27741.3000,12105.6000,1.5966,1.4233,0.0000,0.0000,30224.4642,1.1540,11,1,0
84.5392,38.6000,19.3000,0.2522,1.4233,0.0000,0.0000,34358.5000,16384.8000,1.5966,1.4233,0.0000,0.0000,38022.1662,1.3444,11,1,0
84.7980,38.6000,19.3000,0.1381,1.4233,0.0000,0.0000,34358.5000,16384.8000,0.5755,1.4233,0.0000,0.0000,38022.1662,0.4374,11,1,0
85.0569,38.6000,19.3000,0.1000,1.4233,0.0000,0.0000,34358.5000,16384.8000,0.5755,1.4233,0.0000,0.0000,38022.1662,0.4755,11,1,0
85.1078,38.6000,19.3000,0.1000,1.4274,0.0000,0.0000,34358.5000,16384.8000,0.5755,1.4233,0.0000,0.0000,38022.1662,0.4755,11,0,0
85.1587,38.6000,19.3000,0.1000,1.4396,0.0000,0.0000,38612.2000,19303.8000,0.1323,1.4233,0.0000,0.0000,43125.5673,0.0323,11,0,0
85.2096,38.6000,19.3000,0.1000,1.4600,0.0000,0.0000,38612.2000,19303.8000,0.1323,1.4233,0.0000,0.0000,43125.5673,0.0323,11,0,0
85.2606,38.6000,19.3000,0.1000,1.4885,0.0000,0.0000,38612.2000,19303.8000,0.1323,1.4233,0.0000,0.0000,43125.5673,0.0323,11,0,0
85.3115,38.6000,19.3000,0.1000,1.5252,0.0000,0.0000,38612.2000,19303.8000,0.1323,1.4233,0.0000,0.0000,43125.5673,0.0323,11,0,0
85.3624,38.6000,19.3000,0.1000,1.5700,0.0000,0.0000,38612.2000,19303.8000,0.1323,1.4233,0.0000,0.0000,43125.5673,0.0323,11,0,0
85.4133,38.6000,19.3000,0.1000,1.6293,0.0000,0.0000,38612.2000,19303.8000,0.1323,1.4233,0.0000,0.0000,43125.5673,0.0323,11,0,0
85.4643,38.6000,19.3000,0.1000,1.6887,0.0000,0.0000,38612.2000,19303.8000,0.1323,1.4233,0.0000,0.0000,43125.5673,0.0323,11,0,0
85.5152,38.6000,19.3000,0.1000,1.7481,0.0000,0.0000,38612.2000,19303.8000,0.1323,1.4233,0.0000,0.0000,43125.5673,0.0323,11,0,0
85.5661,38.6000,19.3000,0.1000,1.8074,0.0000,0.0000,38612.2000,19303.8000,0.1323,1.4233,0.0000,0.0000,43125.5673,0.0323,11,0,0
85.6170,38.6000,19.3000,0.1000,1.8668,0.0000,0.0000,38612.2000,19303.8000,0.1323,1.4233,0.0000,0.0000,43125.5673,0.0323,11,0,0
85.6679,38.6000,19.3000,0.1000,1.9262,0.0000,0.0000,38612.2000,19303.8000,0.1323,1.4233,0.0000,0.0000,43125.5673,0.0323,11,0,0
85.7189,38.6000,19.3000,0.1000,1.9855,0.0000,0.0000,38612.2000,19303.8000,0.1323,1.4233,0.0000,0.0000,43125.5673,0.0323,11,0,0
85.7698,38.6000,19.3000,0.1000,2.0449,0.0000,0.0000,38612.2000,19303.8000,0.1323,1.4233,0.0000,0.0000,43125.5673,0.0323,11,0,0
85.8207,38.6000,19.3000,0.1000,2.1042,0.0000,0.0000,38612.2000,19303.8000,0.1323,1.4233,0.0000,0.0000,43125.5673,0.0323,11,0,0
85.8716,38.6000,19.3000,0.1000,2.1636,0.0000,0.0000,38612.2000,19303.8000,0.1323,1.4233,0.0000,0.0000,43125.5673,0.0323,11,0,0
85.9226,38.6000,19.3000,0.1000,2.2230,0.0000,0.0000,38612.2000,19303.8000,0.1323,1.4233,0.0000,0.0000,43125.5673,0.0323,11,0,0
85.9735,38.6000,19.3000,0.1000,2.2823,0.0000,0.0000,38600.0000,19300.0000,0.1323,1.4233,0.0000,0.0000,43112.9559,0.0323,11,0,0
86.0244,38.6000,19.3000,0.1000,2.3417,0.0000,0.0000,38600.0000,19300.0000,0.1008,1.9556,0.0000,0.0000,43112.9559,0.0008,11,0,0
86.0753,38.6000,19.3000,0.1000,2.4011,0.0000,0.0000,38600.0000,19300.0000,0.1008,1.9556,0.0000,0.0000,43112.9559,0.0008,11,0,0
86.1263,38.6000,19.3000,0.1000,2.4604,0.0000,0.0000,38600.0000,19300.0000,0.1008,1.9556,0.0000,0.0000,43112.9559,0.0008,11,0,0
86.1772,38.6000,19.3000,0.1000,2.5198,0.0000,0.0000,38600.0000,19300.0000,0.1008,1.9556,0.0000,0.0000,43112.9559,0.0008,11,0,0
86.2281,38.6000,19.3000,0.1000,2.5791,0.0000,0.0000,38600.0000,19300.0000,0.1008,1.9556,0.0000,0.0000,43112.9559,0.0008,11,0,0
86.2790,38.6000,19.3000,0.1000,2.6385,0.0000,0.0000,38600.0000,19300.0000,0.1008,1.9556,0.0000,0.0000,43112.9559,0.0008,11,0,0
86.3300,38.6000,19.3000,0.1000,2.6979,0.0000,0.0000,38600.0000,19300.0000,0.1008,1.9556,0.0000,0.0000,43112.9559,0.0008,11,0,0
86.3809,38.6000,19.3000,0.1000,2.7572,0.0000,0.0000,38600.0000,19300.0000,0.1008,1.9556,0.0000,0.0000,43112.9559,0.0008,11,0,0
86.4318,38.6000,19.3000,0.1000,2.8166,0.0000,0.0000,38600.0000,19300.0000,0.1008,1.9556,0.0000,0.0000,43112.9559,0.0008,11,0,0
86.4827,38.6000,19.3000,0.1000,2.8760,0.0000,0.0000,38600.0000,19300.0000,0.1008,1.9556,0.0000,0.0000,43112.9559,0.0008,11,0,0
86.5336,38.6000,19.3000,0.1000,2.9353,0.0000,0.0000,38600.0000,19300.0000,0.1008,1.9556,0.0000,0.0000,43112.9559,0.0008,11,0,0
86.5846,38.6000,19.3000,0.1000,2.9947,0.0000,0.0000,38600.0000,19300.0000,0.1008,1.9556,0.0000,0.0000,43112.9559,0.0008,11,0,0
86.6355,38.6000,19.3000,0.1000,3.0540,0.0000,0.0000,38600.0000,19300.0000,0.1008,1.9556,0.0000,0.0000,43112.9559,0.0008,11,0,0
86.6864,38.6000,19.3000,0.1000,3.1134,0.0000,0.0000,38600.0000,19300.0000,0.1008,1.9556,0.0000,0.0000,43112.9559,0.0008,11,0,0
86.7373,38.6000,19.3000,0.1000,3.1728,0.0000,0.0000,38600.0000,19300.0000,0.1008,1.9556,0.0000,0.0000,43112.9559,0.0008,11,0,0
86.7883,38.6000,19.3000,0.1000,3.2321,0.0000,0.0000,38600.0000,19300.0000,0.1008,1.9556,0.0000,0.0000,43112.9559,0.0008,11,0,0
86.8392,38.6000,19.3000,0.1000,3.2769,0.0000,0.0000,38600.0000,19300.0000,0.1008,1.9556,0.0000,0.0000,43112.9559,0.0008,11,0,0
86.8901,38.6000,19.3000,0.1000,3.3136,0.0000,0.0000,38600.0000,19300.0000,0.1000,2.9531,0.0000,0.0000,43112.9559,0.0000,11,0,0
86.9410,38.6000,19.3000,0.1000,3.3421,0.0000,0.0000,38600.0000,19300.0000,0.1000,2.9531,0.0000,0.0000,43112.9559,0.0000,11,0,0
86.9920,38.6000,19.3000,0.1000,3.3625,0.0000,0.0000,38600.0000,19300.0000,0.1000,2.9531,0.0000,0.0000,43112.9559,0.0000,11,0,0
87.0429,38.6000,19.3000,0.1000,3.3747,0.0000,0.0000,38600.0000,19300.0000,0.1000,2.9531,0.0000,0.0000,43112.9559,0.0000,11,0,0
87.0938,38.6000,19.3000,0.1000,3.3788,0.0000,0.0000,38600.0000,19300.0000,0.1000,2.9531,0.0000,0.0000,43112.9559,0.0000,11,0,0
87.5938,38.6000,19.3000,0.1000,3.3788,0.0000,0.0000,38600.0000,19300.0000,0.1000,2.9531,0.0000,0.0000,43112.9559,0.0000,11,0,0
87.8526,38.6000,19.3000,0.1381,3.3788,0.0000,0.0000,38600.0000,19300.0000,0.1000,2.9531,0.0000,0.0000,43112.9559,0.0381,11,1,0
88.1114,38.6000,19.3000,0.2522,3.3788,0.0000,0.0000,38600.0000,19300.0000,0.1000,2.9531,0.0000,0.0000,43112.9559,0.1522,11,1,0
88.3703,38.6000,19.3000,0.4426,3.3788,0.0000,0.0000,38600.0000,19300.0000,0.1000,2.9531,0.0000,0.0000,43112.9559,0.3426,11,1,0
88.6291,38.6000,19.3000,0.7470,3.3788,0.0000,0.0000,38600.0000,19300.0000,0.1000,2.9531,0.0000,0.0000,43112.9559,0.6470,11,1,0
88.8879,38.6000,19.3000,1.0921,3.3788,0.0000,0.0000,38600.0000,19300.0000,0.1000,2.9531,0.0000,0.0000,43112.9559,0.9921,11,1,0
89.1467,38.6000,19.3000,1.4372,3.3788,0.0000,0.0000,38600.0000,19300.0000,0.1000,2.9531,0.0000,0.0000,43112.9559,1.3372,11,1,0
89.4055,38.6000,19.3000,1.7823,3.3788,0.0000,0.0000,38600.0000,19300.0000,0.1000,2.9531,0.0000,0.0000,43112.9559,1.6823,11,1,0
89.6643,38.6000,19.3000,2.1274,3.3788,0.0000,0.0000,38600.0000,19300.0000,0.1000,2.9531,0.0000,0.0000,43112.9559,2.0274,11,1,0
89.9232,38.6000,19.3000,2.4725,3.3788,0.0000,0.0000,38600.0000,19300.0000,0.9523,3.3625,0.0000,0.0000,43112.9559,1.5202,11,1,0
90.1820,38.6000,19.3000,2.8176,3.3788,0.0000,0.0000,38600.0000,19300.0000,0.9523,3.3625,0.0000,0.0000,43112.9559,1.8653,11,1,0
90.4408,38.6000,19.3000,3.1627,3.3788,0.0000,0.0000,38600.0000,19300.0000,0.9523,3.3625,0.0000,0.0000,43112.9559,2.2104,11,1,0
90.6996,38.6000,19.3000,3.5078,3.3788,0.0000,0.0000,38600.0000,19300.0000,0.9523,3.3625,0.0000,0.0000,43112.9559,2.5555,11,1,0
90.9584,38.6000,19.3000,3.8529,3.3788,0.0000,0.0000,38600.0000,19300.0000,0.9523,3.3625,0.0000,0.0000,43112.9559,2.9006,11,1,0
91.2173,38.6000,19.3000,4.1573,3.3788,0.0000,0.0000,38600.0000,19300.0000,0.9523,3.3625,0.0000,0.0000,43112.9559,3.2050,11,1,0
91.4761,38.6000,19.3000,4.3477,3.3788,0.0000,0.0000,38600.0000,19300.0000,0.9523,3.3625,0.0000,0.0000,43112.9559,3.3954,11,1,0
91.7349,38.6000,19.3000,4.4618,3.3788,0.0000,0.0000,38600.0000,19300.0000,0.9523,3.3625,0.0000,0.0000,43112.9559,3.5095,11,1,0
91.9937,38.6000,19.3000,4.4999,3.3788,0.0000,0.0000,38600.0000,19300.0000,0.9523,3.3625,0.0000,0.0000,43112.9559,3.5476,11,1,0
92.1187,38.6000,19.3000,4.7500,3.3788,0.0000,0.0000,38600.0000,19300.0000,0.9523,3.3625,0.0000,0.0000,43112.9559,3.7976,11,1,0
92.2438,38.6000,19.3000,5.0000,3.3788,0.0000,0.0000,38600.0000,19300.0000,0.9523,3.3625,0.0000,0.0000,43112.9559,4.0477,11,1,0
92.4368,38.6000,9.6500,5.0000,3.3788,0.0000,0.0000,38600.0000,19300.0000,0.9523,3.3625,0.0000,0.0000,43117.2723,4.0477,12,1,0
92.6298,38.6000,0.0000,5.0000,3.3788,0.0000,0.0000,38600.0000,19300.0000,4.7057,3.3786,0.0000,0.0000,43121.5905,0.2943,12,1,0
92.7548,38.6000,0.0000,4.7500,3.3788,0.0000,0.0000,38600.0000,19300.0000,4.7057,3.3786,0.0000,0.0000,43121.5905,0.0442,12,1,0
92.8798,38.6000,0.0000,4.4999,3.3788,0.0000,0.0000,38600.0000,12692.5000,4.7057,3.3786,0.0000,0.0000,40596.5654,0.2058,12,1,0
93.1386,38.6000,0.0000,4.4618,3.3788,0.0000,0.0000,38600.0000,12692.5000,4.8160,3.3788,0.0000,0.0000,40596.5654,0.3542,12,1,0
93.3974,38.6000,0.0000,4.3477,3.3788,0.0000,0.0000,38600.0000,12692.5000,4.8160,3.3788,0.0000,0.0000,40596.5654,0.4683,12,1,0
93.6563,38.6000,0.0000,4.1573,3.3788,0.0000,0.0000,38600.0000,6456.0000,4.8160,3.3788,0.0000,0.0000,39098.1011,0.6587,12,1,0
93.9151,38.6000,0.0000,3.8529,3.3788,0.0000,0.0000,38600.0000,6456.0000,4.3695,3.3788,0.0000,0.0000,39098.1011,0.5166,12,1,0
94.1739,38.6000,0.0000,3.5078,3.3788,0.0000,0.0000,38600.0000,6456.0000,4.3695,3.3788,0.0000,0.0000,39098.1011,0.8617,12,1,0
94.4327,38.6000,0.0000,3.1627,3.3788,0.0000,0.0000,38600.0000,316.6000,4.3695,3.3788,0.0000,0.0000,38562.6997,1.2068,12,1,0
94.6915,38.6000,0.0000,2.8176,3.3788,0.0000,0.0000,38600.0000,316.6000,3.5928,3.3788,0.0000,0.0000,38562.6997,0.7752,12,1,0
94.9503,38.6000,0.0000,2.4725,3.3788,0.0000,0.0000,38600.0000,316.6000,3.5928,3.3788,0.0000,0.0000,38562.6997,1.1203,12,1,0
95.2092,38.6000,0.0000,2.1274,3.3788,0.0000,0.0000,38600.0000,316.6000,3.5928,3.3788,0.0000,0.0000,38562.6997,1.4654,12,1,0
95.4680,38.6000,0.0000,1.7823,3.3788,0.0000,0.0000,38600.0000,316.6000,3.5928,3.3788,0.0000,0.0000,38562.6997,1.8105,12,1,0
95.7268,38.6000,0.0000,1.4372,3.3788,0.0000,0.0000,38600.0000,316.6000,3.5928,3.3788,0.0000,0.0000,38562.6997,2.1556,12,1,0
95.9856,38.6000,0.0000,1.0921,3.3788,0.0000,0.0000,38600.0000,316.6000,3.5928,3.3788,0.0000,0.0000,38562.6997,2.5007,12,1,0
96.2444,38.6000,0.0000,0.7470,3.3788,0.0000,0.0000,38600.0000,0.0000,3.5928,3.3788,0.0000,0.0000,38561.4000,2.8458,12,1,0
96.5033,38.6000,0.0000,0.4426,3.3788,0.0000,0.0000,38600.0000,0.0000,1.9945,3.3788,0.0000,0.0000,38561.4000,1.5519,12,1,0
96.7621,38.6000,0.0000,0.2522,3.3788,0.0000,0.0000,38600.0000,0.0000,1.9945,3.3788,0.0000,0.0000,38561.4000,1.7423,12,1,0
97.0209,38.6000,0.0000,0.1381,3.3788,0.0000,0.0000,38600.0000,0.0000,1.9945,3.3788,0.0000,0.0000,38561.4000,1.8564,12,1,0
97.2797,38.6000,0.0000,0.1000,3.3788,0.0000,0.0000,38600.0000,0.0000,1.9945,3.3788,0.0000,0.0000,38561.4000,1.8945,12,1,0
102.2797,38.6000,0.0000,0.1000,3.3788,0.0000,0.0000,38600.0000,0.0000,1.9945,3.3788,0.0000,0.0000,38561.4000,1.8945,12,0,0
102.5385,38.6000,0.0000,0.1381,3.3788,0.0000,0.0000,38600.0000,0.0000,1.9945,3.3788,0.0000,0.0000,38561.4000,1.8564,12,1,0
102.7973,38.6000,0.0000,0.2522,3.3788,0.0000,0.0000,38600.0000,0.0000,1.9945,3.3788,0.0000,0.0000,38561.4000,1.7423,12,1,0
103.0562,38.6000,0.0000,0.4426,3.3788,0.0000,0.0000,38600.0000,0.0000,1.9945,3.3788,0.0000,0.0000,38561.4000,1.5519,12,1,0
103.3150,38.6000,0.0000,0.7470,3.3788,0.0000,0.0000,38600.0000,0.0000,1.9945,3.3788,0.0000,0.0000,38561.4000,1.2475,12,1,0
103.5738,38.6000,0.0000,1.0921,3.3788,0.0000,0.0000,38600.0000,0.0000,1.9945,3.3788,0.0000,0.0000,38561.4000,0.9024,12,1,0
103.8326,38.6000,0.0000,1.4372,3.3788,0.0000,0.0000,38600.0000,0.0000,1.9945,3.3788,0.0000,0.0000,38561.4000,0.5573,12,1,0
104.0914,38.6000,0.0000,1.7823,3.3788,0.0000,0.0000,38600.0000,0.0000,1.9945,3.3788,0.0000,0.0000,38561.4000,0.2122,12,1,0
104.3502,38.6000,0.0000,2.1274,3.3788,0.0000,0.0000,38600.0000,0.0000,1.9945,3.3788,0.0000,0.0000,38561.4000,0.1329,12,1,0
104.6091,38.6000,0.0000,2.4725,3.3788,0.0000,0.0000,38600.0000,0.0000,1.9945,3.3788,0.0000,0.0000,38561.4000,0.4780,12,1,0
104.8679,38.6000,0.0000,2.8176,3.3788,0.0000,0.0000,38600.0000,0.0000,1.4102,3.3788,0.0000,0.0000,38561.4000,1.4074,12,1,0
105.1267,38.6000,0.0000,3.1627,3.3788,0.0000,0.0000,38600.0000,0.0000,1.4102,3.3788,0.0000,0.0000,38561.4000,1.7525,12,1,0
105.3855,38.6000,0.0000,3.5078,3.3788,0.0000,0.0000,38600.0000,0.0000,1.4102,3.3788,0.0000,0.0000,38561.4000,2.0976,12,1,0
105.6443,38.6000,0.0000,3.8529,3.3788,0.0000,0.0000,38600.0000,0.0000,1.4102,3.3788,0.0000,0.0000,38561.4000,2.4427,12,1,0
105.9032,38.6000,0.0000,4.1573,3.3788,0.0000,0.0000,38600.0000,0.0000,1.4102,3.3788,0.0000,0.0000,38561.4000,2.7471,12,1,0
106.1620,38.6000,0.0000,4.3477,3.3788,0.0000,0.0000,38600.0000,0.0000,1.4102,3.3788,0.0000,0.0000,38561.4000,2.9375,12,1,0
106.4208,38.6000,0.0000,4.4618,3.3788,0.0000,0.0000,38600.0000,0.0000,1.4102,3.3788,0.0000,0.0000,38561.4000,3.0516,12,1,0
106.6796,38.6000,0.0000,4.4999,3.3788,0.0000,0.0000,38600.0000,0.0000,1.4102,3.3788,0.0000,0.0000,38561.4000,3.0897,12,1,0
106.8046,38.6000,0.0000,4.7500,3.3788,0.0000,0.0000,38600.0000,0.0000,1.4102,3.3788,0.0000,0.0000,38561.4000,3.3398,12,1,0
106.9297,38.6000,0.0000,5.0000,3.3788,0.0000,0.0000,38600.0000,0.0000,1.4102,3.3788,0.0000,0.0000,38561.4000,3.5898,12,1,0
107.0913,19.3000,0.0000,5.0000,3.3788,0.0000,0.0000,38600.0000,0.0000,1.4102,3.3788,0.0000,0.0000,38580.7000,3.5898,13,1,0
107.2528,0.0000,0.0000,5.0000,3.3788,0.0000,0.0000,38189.2000,0.0000,1.4102,3.3788,0.0000,0.0000,38189.2000,3.5898,13,1,0
107.2528,0.0000,0.0000,5.0000,3.3788,0.0000,0.0000,38189.2000,0.0000,4.8380,3.3788,0.0000,0.0000,38189.2000,0.1620,13,0,0
