t,planned_x,planned_y,planned_z,planned_p1,planned_p2,planned_p3,actual_x,actual_y,actual_z,actual_p1,actual_p2,actual_p3,tracking_error_xy,tracking_error_z,segment_id,is_travel,is_retract
0.0000,3.5000,0.0000,0.1000,0.0000,0.0000,0.0000,3500.0000,0.0000,0.4650,5.1360,0.0000,0.0000,3496.5000,0.3650,0,0,0
0.0521,3.5000,0.0000,0.1000,0.0167,0.0000,0.0000,3500.0000,0.0000,0.1092,5.1360,0.0000,0.0000,3496.5000,0.0092,0,0,0
0.1042,3.5000,0.0000,0.1000,0.0679,0.0000,0.0000,3500.0000,0.0000,0.1092,5.1360,0.0000,0.0000,3496.5000,0.0092,0,0,0
0.1562,3.5000,0.0000,0.1000,0.1286,0.0000,0.0000,3500.0000,0.0000,0.1092,5.1360,0.0000,0.0000,3496.5000,0.0092,0,0,0
0.2083,3.5000,0.0000,0.1000,0.1893,0.0000,0.0000,3500.0000,0.0000,0.1092,5.1360,0.0000,0.0000,3496.5000,0.0092,0,0,0
0.2604,3.5000,0.0000,0.1000,0.2500,0.0000,0.0000,3500.0000,0.0000,0.1092,5.1360,0.0000,0.0000,3496.5000,0.0092,0,0,0
0.3125,3.5000,0.0000,0.1000,0.3107,0.0000,0.0000,3500.0000,0.0000,0.1092,5.1360,0.0000,0.0000,3496.5000,0.0092,0,0,0
0.3646,3.5000,0.0000,0.1000,0.3714,0.0000,0.0000,3500.0000,0.0000,0.1003,0.6016,0.0000,0.0000,3496.5000,0.0003,0,0,0
0.4167,3.5000,0.0000,0.1000,0.4321,0.0000,0.0000,3500.0000,0.0000,0.1003,0.6016,0.0000,0.0000,3496.5000,0.0003,0,0,0
0.4687,3.5000,0.0000,0.1000,0.4833,0.0000,0.0000,3500.0000,0.0000,0.1003,0.6016,0.0000,0.0000,3496.5000,0.0003,0,0,0
0.5208,3.5000,0.0000,0.1000,0.5000,0.0000,0.0000,3500.0000,0.0000,0.1003,0.6016,0.0000,0.0000,3496.5000,0.0003,0,0,0
0.5209,3.5068,0.0012,0.1000,0.5001,0.0000,0.0000,3500.0000,0.0000,0.1003,0.6016,0.0000,0.0000,3496.4932,0.0003,0,0,0
0.5211,3.5137,0.0024,0.1000,0.5003,0.0000,0.0000,3494.1187,12.5084,0.1000,0.4900,0.0000,0.0000,3490.6274,0.0000,0,0,0
0.5212,3.5199,0.0060,0.1000,0.5004,0.0000,0.0000,3516.0363,6.0014,0.1000,0.5003,0.0000,0.0000,3512.5215,0.0000,0,0,0
0.5213,3.5261,0.0095,0.1000,0.5006,0.0000,0.0000,3516.0363,6.0014,0.1000,0.5003,0.0000,0.0000,3512.5153,0.0000,0,0,0
0.5214,3.5311,0.0152,0.1000,0.5007,0.0000,0.0000,3516.0363,6.0014,0.1000,0.5003,0.0000,0.0000,3512.5103,0.0000,0,0,0
0.5216,3.5361,0.0208,0.1000,0.5009,0.0000,0.0000,3533.1969,18.4026,0.1000,0.5006,0.0000,0.0000,3529.7087,0.0000,0,0,0
0.5217,3.5393,0.0283,0.1000,0.5010,0.0000,0.0000,3538.9327,28.4944,0.1000,0.5009,0.0000,0.0000,3535.5080,0.0000,0,0,0
0.5218,3.5426,0.0357,0.1000,0.5012,0.0000,0.0000,3538.9327,28.4944,0.1000,0.5009,0.0000,0.0000,3535.5047,0.0000,0,0,0
0.5220,3.5436,0.0445,0.1000,0.5014,0.0000,0.0000,3538.9327,28.4944,0.1000,0.5009,0.0000,0.0000,3535.5036,0.0000,0,0,0
0.5221,3.5446,0.0532,0.1000,0.5015,0.0000,0.0000,3544.7556,50.5468,0.1000,0.5011,0.0000,0.0000,3541.5709,0.0000,0,0,0
0.5223,3.5432,0.0627,0.1000,0.5017,0.0000,0.0000,3544.7556,50.5468,0.1000,0.5011,0.0000,0.0000,3541.5722,0.0000,0,0,0
0.5224,3.5417,0.0722,0.1000,0.5019,0.0000,0.0000,3521.9547,55.0136,0.1000,0.5013,0.0000,0.0000,3518.8420,0.0000,0,0,0
0.5226,3.5375,0.0818,0.1000,0.5021,0.0000,0.0000,3537.0000,77.3132,0.1000,0.5019,0.0000,0.0000,3534.3065,0.0000,0,0,0
0.5228,3.5333,0.0914,0.1000,0.5023,0.0000,0.0000,3537.0000,77.3132,0.1000,0.5019,0.0000,0.0000,3534.3105,0.0000,0,0,0
0.5230,3.5263,0.1004,0.1000,0.5026,0.0000,0.0000,3523.6920,102.5002,0.1000,0.5022,0.0000,0.0000,3521.6548,0.0000,0,0,0
0.5232,3.5193,0.1094,0.1000,0.5028,0.0000,0.0000,3518.9070,109.3047,0.1000,0.5022,0.0000,0.0000,3517.0832,0.0000,0,0,0
0.5234,3.5096,0.1172,0.1000,0.5030,0.0000,0.0000,3507.6063,114.3974,0.1000,0.5028,0.0000,0.0000,3505.9597,0.0000,0,0,0
0.5236,3.5000,0.1250,0.1000,0.5033,0.0000,0.0000,3479.3439,121.7935,0.1000,0.5029,0.0000,0.0000,3477.9727,0.0000,0,0,0
0.5238,3.4879,0.1309,0.1000,0.5035,0.0000,0.0000,3507.3501,131.2880,0.1000,0.5033,0.0000,0.0000,3506.3160,0.0000,0,0,0
0.5240,3.4759,0.1368,0.1000,0.5038,0.0000,0.0000,3476.0000,137.0000,0.1000,0.5033,0.0000,0.0000,3475.2202,0.0000,0,0,0
0.5243,3.4618,0.1402,0.1000,0.5041,0.0000,0.0000,3476.0000,137.0000,0.1000,0.5035,0.0000,0.0000,3475.2341,0.0000,0,0,0
0.5245,3.4477,0.1436,0.1000,0.5044,0.0000,0.0000,3448.0000,144.0000,0.1000,0.5040,0.0000,0.0000,3447.5549,0.0000,0,0,0
0.5248,3.4322,0.1440,0.1000,0.5047,0.0000,0.0000,3448.0000,144.0000,0.1000,0.5041,0.0000,0.0000,3447.5704,0.0000,0,0,0
0.5250,3.4167,0.1443,0.1000,0.5050,0.0000,0.0000,3448.0000,144.0000,0.1000,0.5041,0.0000,0.0000,3447.5859,0.0000,0,0,0
0.5253,3.4003,0.1413,0.1000,0.5053,0.0000,0.0000,3417.0000,144.0000,0.1000,0.5047,0.0000,0.0000,3416.6297,0.0000,0,0,0
0.5256,3.3839,0.1383,0.1000,0.5057,0.0000,0.0000,3381.5306,137.7900,0.1000,0.5053,0.0000,0.0000,3380.9500,0.0000,0,0,0
0.5259,3.3675,0.1317,0.1000,0.5060,0.0000,0.0000,3366.8639,132.0029,0.1000,0.5053,0.0000,0.0000,3366.0805,0.0000,0,0,0
0.5262,3.3510,0.1250,0.1000,0.5064,0.0000,0.0000,3366.8639,132.0029,0.1000,0.5053,0.0000,0.0000,3366.0972,0.0000,0,0,0
0.5265,3.3353,0.1146,0.1000,0.5067,0.0000,0.0000,3351.5208,130.8449,0.1000,0.5056,0.0000,0.0000,3350.7367,0.0000,0,0,0
0.5268,3.3196,0.1042,0.1000,0.5071,0.0000,0.0000,3322.0896,104.0009,0.1000,0.5067,0.0000,0.0000,3320.3959,0.0000,0,0,0
0.5272,3.3054,0.0901,0.1000,0.5075,0.0000,0.0000,3322.0896,104.0009,0.1000,0.5067,0.0000,0.0000,3320.4105,0.0000,0,0,0
0.5275,3.2912,0.0760,0.1000,0.5079,0.0000,0.0000,3322.0896,104.0009,0.1000,0.5067,0.0000,0.0000,3320.4252,0.0000,0,0,0
0.5279,3.2793,0.0585,0.1000,0.5083,0.0000,0.0000,3251.9521,59.0017,0.1000,0.5079,0.0000,0.0000,3249.2074,0.0000,0,0,0
0.5282,3.2675,0.0410,0.1000,0.5087,0.0000,0.0000,3267.0000,41.0000,0.1000,0.5079,0.0000,0.0000,3263.9895,0.0000,0,0,0
0.5286,3.2587,0.0205,0.1000,0.5092,0.0000,0.0000,3267.0000,41.0000,0.1000,0.5083,0.0000,0.0000,3263.9985,0.0000,0,0,0
0.5290,3.2500,0.0000,0.1000,0.5096,0.0000,0.0000,3249.9988,-9.4805,0.1000,0.5090,0.0000,0.0000,3246.7626,0.0000,0,0,0
0.5293,3.2451,-0.0229,0.1000,0.5101,0.0000,0.0000,3249.9988,-9.4805,0.1000,0.5090,0.0000,0.0000,3246.7675,0.0000,0,0,0
0.5297,3.2401,-0.0458,0.1000,0.5105,0.0000,0.0000,3249.9988,-9.4805,0.1000,0.5090,0.0000,0.0000,3246.7724,0.0000,0,0,0
0.5302,3.2395,-0.0704,0.1000,0.5110,0.0000,0.0000,3249.9988,-9.4805,0.1000,0.5090,0.0000,0.0000,3246.7729,0.0000,0,0,0
0.5306,3.2390,-0.0950,0.1000,0.5115,0.0000,0.0000,3238.9973,-96.3401,0.1000,0.5108,0.0000,0.0000,3237.1894,0.0000,0,0,0
0.5310,3.2432,-0.1204,0.1000,0.5120,0.0000,0.0000,3238.9973,-96.3401,0.1000,0.5108,0.0000,0.0000,3237.1844,0.0000,0,0,0
0.5314,3.2474,-0.1458,0.1000,0.5125,0.0000,0.0000,3247.9186,-132.6716,0.1000,0.5118,0.0000,0.0000,3247.3765,0.0000,0,0,0
0.5319,3.2567,-0.1711,0.1000,0.5131,0.0000,0.0000,3247.9186,-132.6716,0.1000,0.5118,0.0000,0.0000,3247.3663,0.0000,0,0,0
0.5323,3.2659,-0.1964,0.1000,0.5136,0.0000,0.0000,3264.0918,-194.6089,0.1000,0.5127,0.0000,0.0000,3266.6163,0.0000,0,0,0
0.5328,3.2803,-0.2206,0.1000,0.5142,0.0000,0.0000,3280.0008,-218.2087,0.1000,0.5135,0.0000,0.0000,3283.9634,0.0000,0,0,0
0.5333,3.2947,-0.2447,0.1000,0.5147,0.0000,0.0000,3280.0008,-218.2087,0.1000,0.5135,0.0000,0.0000,3283.9475,0.0000,0,0,0
0.5338,3.3140,-0.2667,0.1000,0.5153,0.0000,0.0000,3313.4382,-269.2585,0.1000,0.5143,0.0000,0.0000,3321.0358,0.0000,0,0,0
0.5343,3.3333,-0.2887,0.1000,0.5159,0.0000,0.0000,3307.4026,-291.2968,0.1000,0.5151,0.0000,0.0000,3316.8599,0.0000,0,0,0
0.5348,3.3573,-0.3075,0.1000,0.5165,0.0000,0.0000,3362.7211,-307.0854,0.1000,0.5159,0.0000,0.0000,3373.3422,0.0000,0,0,0
0.5353,3.3812,-0.3263,0.1000,0.5171,0.0000,0.0000,3380.8282,-325.8172,0.1000,0.5165,0.0000,0.0000,3393.0948,0.0000,0,0,0
0.5358,3.4093,-0.3410,0.1000,0.5177,0.0000,0.0000,3411.5625,-341.7106,0.1000,0.5171,0.0000,0.0000,3425.2068,0.0000,0,0,0
0.5363,3.4373,-0.3556,0.1000,0.5184,0.0000,0.0000,3436.3965,-352.7678,0.1000,0.5177,0.0000,0.0000,3451.0003,0.0000,0,0,0
0.5369,3.4686,-0.3653,0.1000,0.5190,0.0000,0.0000,3447.0792,-364.4209,0.1000,0.5183,0.0000,0.0000,3462.8009,0.0000,0,0,0
0.5374,3.5000,-0.3750,0.1000,0.5197,0.0000,0.0000,3500.0000,-375.0000,0.1000,0.5183,0.0000,0.0000,3516.5119,0.0000,0,0,0
0.5380,3.5338,-0.3790,0.1000,0.5203,0.0000,0.0000,3500.0000,-375.0000,0.1000,0.5190,0.0000,0.0000,3516.4779,0.0000,0,0,0
0.5386,3.5675,-0.3830,0.1000,0.5210,0.0000,0.0000,3563.5975,-383.0426,0.1000,0.5199,0.0000,0.0000,3580.5365,0.0000,0,0,0
0.5392,3.6026,-0.3807,0.1000,0.5217,0.0000,0.0000,3599.8933,-381.1079,0.1000,0.5208,0.0000,0.0000,3616.3876,0.0000,0,0,0
0.5397,3.6378,-0.3785,0.1000,0.5224,0.0000,0.0000,3619.6939,-377.9986,0.1000,0.5217,0.0000,0.0000,3635.7199,0.0000,0,0,0
0.5404,3.6730,-0.3697,0.1000,0.5231,0.0000,0.0000,3619.6939,-377.9986,0.1000,0.5217,0.0000,0.0000,3635.6857,0.0000,0,0,0
0.5410,3.7083,-0.3608,0.1000,0.5238,0.0000,0.0000,3704.1884,-360.9956,0.1000,0.5229,0.0000,0.0000,3718.0116,0.0000,0,0,0
0.5416,3.7425,-0.3453,0.1000,0.5246,0.0000,0.0000,3704.1884,-360.9956,0.1000,0.5229,0.0000,0.0000,3717.9791,0.0000,0,0,0
0.5422,3.7768,-0.3298,0.1000,0.5253,0.0000,0.0000,3782.5104,-330.4243,0.1000,0.5240,0.0000,0.0000,3793.1241,0.0000,0,0,0
0.5429,3.8086,-0.3078,0.1000,0.5261,0.0000,0.0000,3809.0169,-315.1887,0.1000,0.5253,0.0000,0.0000,3818.2143,0.0000,0,0,0
0.5435,3.8405,-0.2857,0.1000,0.5269,0.0000,0.0000,3840.0145,-283.8060,0.1000,0.5253,0.0000,0.0000,3846.6369,0.0000,0,0,0
0.5442,3.8687,-0.2574,0.1000,0.5277,0.0000,0.0000,3840.0145,-283.8060,0.1000,0.5260,0.0000,0.0000,3846.6108,0.0000,0,0,0
0.5449,3.8969,-0.2292,0.1000,0.5285,0.0000,0.0000,3840.0145,-283.8060,0.1000,0.5260,0.0000,0.0000,3846.5847,0.0000,0,0,0
0.5455,3.9203,-0.1953,0.1000,0.5293,0.0000,0.0000,3919.9987,-188.8653,0.1000,0.5284,0.0000,0.0000,3920.6206,0.0000,0,0,0
0.5462,3.9437,-0.1615,0.1000,0.5301,0.0000,0.0000,3943.5405,-158.6739,0.1000,0.5292,0.0000,0.0000,3942.7844,0.0000,0,0,0
0.5469,3.9612,-0.1230,0.1000,0.5309,0.0000,0.0000,3943.5405,-158.6739,0.1000,0.5292,0.0000,0.0000,3942.7685,0.0000,0,0,0
0.5477,3.9787,-0.0844,0.1000,0.5318,0.0000,0.0000,3943.5405,-158.6739,0.1000,0.5292,0.0000,0.0000,3942.7525,0.0000,0,0,0
0.5484,3.9894,-0.0422,0.1000,0.5326,0.0000,0.0000,3988.9011,-43.4203,0.1000,0.5306,0.0000,0.0000,3985.1479,0.0000,0,0,0
0.5491,4.0000,-0.0000,0.1000,0.5335,0.0000,0.0000,3988.9011,-43.4203,0.1000,0.5306,0.0000,0.0000,3985.1377,0.0000,0,0,0
0.5499,4.0030,0.0446,0.1000,0.5344,0.0000,0.0000,3988.9011,-43.4203,0.1000,0.5306,0.0000,0.0000,3985.1351,0.0000,0,0,0
0.5506,4.0061,0.0892,0.1000,0.5353,0.0000,0.0000,4005.6204,51.5238,0.1000,0.5337,0.0000,0.0000,4001.9448,0.0000,0,0,0
0.5514,4.0010,0.1349,0.1000,0.5362,0.0000,0.0000,4000.9993,131.3538,0.1000,0.5351,0.0000,0.0000,3999.1516,0.0000,0,0,0
0.5521,3.9959,0.1805,0.1000,0.5371,0.0000,0.0000,3996.0038,173.2163,0.1000,0.5358,0.0000,0.0000,3995.7562,0.0000,0,0,0
0.5529,3.9825,0.2257,0.1000,0.5380,0.0000,0.0000,3983.0001,228.8684,0.1000,0.5370,0.0000,0.0000,3985.5813,0.0000,0,0,0
0.5537,3.9691,0.2708,0.1000,0.5389,0.0000,0.0000,3983.0001,228.8684,0.1000,0.5370,0.0000,0.0000,3985.5921,0.0000,0,0,0
0.5545,3.9473,0.3140,0.1000,0.5399,0.0000,0.0000,3946.8622,302.0639,0.1000,0.5385,0.0000,0.0000,3954.4444,0.0000,0,0,0
0.5553,3.9256,0.3571,0.1000,0.5409,0.0000,0.0000,3926.1825,348.0744,0.1000,0.5396,0.0000,0.0000,3937.6398,0.0000,0,0,0
0.5562,3.8958,0.3967,0.1000,0.5418,0.0000,0.0000,3896.0000,397.0000,0.1000,0.5396,0.0000,0.0000,3912.2588,0.0000,0,0,0
0.5570,3.8660,0.4362,0.1000,0.5428,0.0000,0.0000,3896.0000,397.0000,0.1000,0.5407,0.0000,0.0000,3912.2845,0.0000,0,0,0
0.5579,3.8288,0.4707,0.1000,0.5438,0.0000,0.0000,3896.0000,397.0000,0.1000,0.5407,0.0000,0.0000,3912.3180,0.0000,0,0,0
0.5587,3.7917,0.5052,0.1000,0.5448,0.0000,0.0000,3792.0000,505.0000,0.1000,0.5407,0.0000,0.0000,3821.6538,0.0000,0,0,0
0.5596,3.7480,0.5332,0.1000,0.5459,0.0000,0.0000,3792.0000,505.0000,0.1000,0.5436,0.0000,0.0000,3821.6934,0.0000,0,0,0
0.5604,3.7043,0.5612,0.1000,0.5469,0.0000,0.0000,3704.0000,561.0000,0.1000,0.5436,0.0000,0.0000,3742.4965,0.0000,0,0,0
0.5613,3.6552,0.5815,0.1000,0.5480,0.0000,0.0000,3704.0000,561.0000,0.1000,0.5453,0.0000,0.0000,3742.5420,0.0000,0,0,0
0.5622,3.6061,0.6018,0.1000,0.5490,0.0000,0.0000,3605.9815,594.8111,0.1000,0.5479,0.0000,0.0000,3651.0537,0.0000,0,0,0
0.5631,3.5531,0.6134,0.1000,0.5501,0.0000,0.0000,3605.9815,594.8111,0.1000,0.5479,0.0000,0.0000,3651.1042,0.0000,0,0,0
0.5640,3.5000,0.6250,0.1000,0.5512,0.0000,0.0000,3496.6531,625.0047,0.1000,0.5497,0.0000,0.0000,3548.5164,0.0000,0,0,0
0.5650,3.4445,0.6271,0.1000,0.5523,0.0000,0.0000,3449.6434,627.0000,0.1000,0.5511,0.0000,0.0000,3502.6603,0.0000,0,0,0
0.5659,3.3891,0.6292,0.1000,0.5534,0.0000,0.0000,3449.6434,627.0000,0.1000,0.5511,0.0000,0.0000,3502.7145,0.0000,0,0,0
0.5668,3.3329,0.6213,0.1000,0.5545,0.0000,0.0000,3332.9999,624.9286,0.1000,0.5534,0.0000,0.0000,3387.6898,0.0000,0,0,0
0.5678,3.2767,0.6134,0.1000,0.5556,0.0000,0.0000,3279.5205,613.0673,0.1000,0.5541,0.0000,0.0000,3332.9976,0.0000,0,0,0
0.5688,3.2217,0.5954,0.1000,0.5568,0.0000,0.0000,3279.5205,613.0673,0.1000,0.5541,0.0000,0.0000,3333.0550,0.0000,0,0,0
0.5697,3.1667,0.5774,0.1000,0.5579,0.0000,0.0000,3169.8005,577.0000,0.1000,0.5567,0.0000,0.0000,3218.6694,0.0000,0,0,0
0.5707,3.1146,0.5493,0.1000,0.5591,0.0000,0.0000,3115.0000,549.0000,0.1000,0.5567,0.0000,0.0000,3159.8463,0.0000,0,0,0
0.5717,3.0625,0.5213,0.1000,0.5603,0.0000,0.0000,3115.0000,549.0000,0.1000,0.5577,0.0000,0.0000,3159.9025,0.0000,0,0,0
0.5727,3.0153,0.4839,0.1000,0.5614,0.0000,0.0000,3018.8030,483.9954,0.1000,0.5602,0.0000,0.0000,3054.3018,0.0000,0,0,0
0.5737,2.9680,0.4464,0.1000,0.5626,0.0000,0.0000,3018.8030,483.9954,0.1000,0.5602,0.0000,0.0000,3054.3544,0.0000,0,0,0
0.5748,2.9273,0.4003,0.1000,0.5639,0.0000,0.0000,3018.8030,483.9954,0.1000,0.5602,0.0000,0.0000,3054.4019,0.0000,0,0,0
0.5758,2.8866,0.3542,0.1000,0.5651,0.0000,0.0000,2889.3055,352.6201,0.1000,0.5631,0.0000,0.0000,2907.8352,0.0000,0,0,0
0.5768,2.8539,0.3006,0.1000,0.5663,0.0000,0.0000,2853.9940,304.7977,0.1000,0.5648,0.0000,0.0000,2867.3539,0.0000,0,0,0
0.5779,2.8213,0.2470,0.1000,0.5676,0.0000,0.0000,2823.3216,247.0005,0.1000,0.5663,0.0000,0.0000,2831.2734,0.0000,0,0,0
0.5790,2.7982,0.1874,0.1000,0.5688,0.0000,0.0000,2798.0000,179.0105,0.1000,0.5675,0.0000,0.0000,2800.9161,0.0000,0,0,0
0.5800,2.7751,0.1278,0.1000,0.5701,0.0000,0.0000,2798.0000,179.0105,0.1000,0.5675,0.0000,0.0000,2800.9430,0.0000,0,0,0
0.5811,2.7625,0.0639,0.1000,0.5714,0.0000,0.0000,2763.0721,55.5467,0.1000,0.5693,0.0000,0.0000,2760.8671,0.0000,0,0,0
0.5822,2.7500,0.0000,0.1000,0.5727,0.0000,0.0000,2763.0721,55.5467,0.1000,0.5693,0.0000,0.0000,2760.8809,0.0000,0,0,0
0.5833,2.7489,-0.0663,0.1000,0.5740,0.0000,0.0000,2749.0002,-62.2844,0.1000,0.5725,0.0000,0.0000,2746.9561,0.0000,0,0,0
0.5844,2.7477,-0.1326,0.1000,0.5753,0.0000,0.0000,2748.2494,-89.6142,0.1000,0.5730,0.0000,0.0000,2746.9595,0.0000,0,0,0
0.5856,2.7584,-0.1993,0.1000,0.5767,0.0000,0.0000,2757.9181,-199.3526,0.1000,0.5730,0.0000,0.0000,2762.3481,0.0000,0,0,0
0.5867,2.7691,-0.2660,0.1000,0.5780,0.0000,0.0000,2769.0000,-262.9057,0.1000,0.5766,0.0000,0.0000,2778.6711,0.0000,0,0,0
0.5879,2.7918,-0.3309,0.1000,0.5794,0.0000,0.0000,2792.0638,-327.9836,0.1000,0.5779,0.0000,0.0000,2808.4506,0.0000,0,0,0
0.5890,2.8144,-0.3958,0.1000,0.5807,0.0000,0.0000,2825.0296,-532.5924,0.1000,0.5787,0.0000,0.0000,2871.9561,0.0000,0,0,0
0.5902,2.8487,-0.4568,0.1000,0.5821,0.0000,0.0000,2849.0000,-455.9502,0.1000,0.5805,0.0000,0.0000,2882.3691,0.0000,0,0,0
0.5913,2.8829,-0.5178,0.1000,0.5835,0.0000,0.0000,2882.9748,-519.5808,0.1000,0.5814,0.0000,0.0000,2926.4920,0.0000,0,0,0
0.5925,2.9281,-0.5728,0.1000,0.5849,0.0000,0.0000,2948.8810,-577.5906,0.1000,0.5834,0.0000,0.0000,3001.9307,0.0000,0,0,0
0.5937,2.9733,-0.6277,0.1000,0.5863,0.0000,0.0000,2972.9877,-625.9774,0.1000,0.5848,0.0000,0.0000,3035.1356,0.0000,0,0,0
0.5949,3.0283,-0.6747,0.1000,0.5878,0.0000,0.0000,3030.6148,-675.0051,0.1000,0.5861,0.0000,0.0000,3101.7739,0.0000,0,0,0
0.5962,3.0833,-0.7217,0.1000,0.5892,0.0000,0.0000,3083.0005,-718.2408,0.1000,0.5877,0.0000,0.0000,3162.3920,0.0000,0,0,0
0.5974,3.1468,-0.7589,0.1000,0.5906,0.0000,0.0000,3140.7739,-759.1800,0.1000,0.5892,0.0000,0.0000,3227.9880,0.0000,0,0,0
0.5986,3.2102,-0.7961,0.1000,0.5921,0.0000,0.0000,3170.4860,-781.4390,0.1000,0.5892,0.0000,0.0000,3262.0605,0.0000,0,0,0
0.5999,3.2804,-0.8221,0.1000,0.5936,0.0000,0.0000,3170.4860,-781.4390,0.1000,0.5895,0.0000,0.0000,3261.9863,0.0000,0,0,0
0.6011,3.3505,-0.8480,0.1000,0.5951,0.0000,0.0000,3170.4860,-781.4390,0.1000,0.5895,0.0000,0.0000,3261.9120,0.0000,0,0,0
0.6024,3.4252,-0.8615,0.1000,0.5966,0.0000,0.0000,3419.8309,-862.0064,0.1000,0.5950,0.0000,0.0000,3523.2653,0.0000,0,0,0
0.6037,3.5000,-0.8750,0.1000,0.5981,0.0000,0.0000,3419.8309,-862.0064,0.1000,0.5950,0.0000,0.0000,3523.1895,0.0000,0,0,0
0.6050,3.5772,-0.8752,0.1000,0.5996,0.0000,0.0000,3575.5383,-875.0000,0.1000,0.5978,0.0000,0.0000,3677.3632,0.0000,0,0,0
0.6062,3.6544,-0.8754,0.1000,0.6011,0.0000,0.0000,3575.5383,-875.0000,0.1000,0.5978,0.0000,0.0000,3677.2882,0.0000,0,0,0
0.6076,3.7316,-0.8619,0.1000,0.6027,0.0000,0.0000,3724.6765,-862.0008,0.1000,0.6005,0.0000,0.0000,3819.2920,0.0000,0,0,0
0.6089,3.8088,-0.8483,0.1000,0.6043,0.0000,0.0000,3724.6765,-862.0008,0.1000,0.6005,0.0000,0.0000,3819.2198,0.0000,0,0,0
0.6102,3.8836,-0.8211,0.1000,0.6058,0.0000,0.0000,3985.6219,-784.4161,0.1000,0.6032,0.0000,0.0000,4058.1105,0.0000,0,0,0
0.6115,3.9583,-0.7939,0.1000,0.6074,0.0000,0.0000,3985.6219,-784.4161,0.1000,0.6032,0.0000,0.0000,4058.0424,0.0000,0,0,0
0.6129,4.0282,-0.7534,0.1000,0.6090,0.0000,0.0000,4009.0902,-753.9159,0.1000,0.6065,0.0000,0.0000,4075.2639,0.0000,0,0,0
0.6142,4.0981,-0.7128,0.1000,0.6106,0.0000,0.0000,4138.7427,-712.5253,0.1000,0.6083,0.0000,0.0000,4195.4693,0.0000,0,0,0
0.6156,4.1608,-0.6600,0.1000,0.6122,0.0000,0.0000,4138.7427,-712.5253,0.1000,0.6083,0.0000,0.0000,4195.4165,0.0000,0,0,0
0.6170,4.2235,-0.6071,0.1000,0.6139,0.0000,0.0000,4199.1224,-607.3937,0.1000,0.6122,0.0000,0.0000,4238.5572,0.0000,0,0,0
0.6184,4.2767,-0.5431,0.1000,0.6155,0.0000,0.0000,4297.8046,-526.8213,0.1000,0.6136,0.0000,0.0000,4325.6619,0.0000,0,0,0
0.6198,4.3299,-0.4792,0.1000,0.6172,0.0000,0.0000,4338.8035,-478.9906,0.1000,0.6153,0.0000,0.0000,4360.8067,0.0000,0,0,0
0.6212,4.3718,-0.4058,0.1000,0.6188,0.0000,0.0000,4374.2100,-405.9309,0.1000,0.6170,0.0000,0.0000,4388.6145,0.0000,0,0,0
0.6226,4.4136,-0.3325,0.1000,0.6205,0.0000,0.0000,4374.2100,-405.9309,0.1000,0.6170,0.0000,0.0000,4388.5796,0.0000,0,0,0
0.6240,4.4424,-0.2519,0.1000,0.6222,0.0000,0.0000,4442.0003,-246.6998,0.1000,0.6199,0.0000,0.0000,4444.3962,0.0000,0,0,0
0.6255,4.4711,-0.1712,0.1000,0.6239,0.0000,0.0000,4442.0003,-246.6998,0.1000,0.6199,0.0000,0.0000,4444.3719,0.0000,0,0,0
0.6269,4.4856,-0.0856,0.1000,0.6256,0.0000,0.0000,4485.9591,-84.2302,0.1000,0.6239,0.0000,0.0000,4482.2634,0.0000,0,0,0
0.6284,4.5000,-0.0000,0.1000,0.6274,0.0000,0.0000,4500.0000,0.0000,0.1000,0.6239,0.0000,0.0000,4495.5000,0.0000,0,0,0
0.6299,4.4992,0.0880,0.1000,0.6291,0.0000,0.0000,4500.0000,0.0000,0.1000,0.6258,0.0000,0.0000,4495.5008,0.0000,0,0,0
0.6313,4.4985,0.1761,0.1000,0.6308,0.0000,0.0000,4500.0000,0.0000,0.1000,0.6258,0.0000,0.0000,4495.5015,0.0000,0,0,0
0.6328,4.4821,0.2638,0.1000,0.6326,0.0000,0.0000,4481.9991,277.2465,0.1000,0.6292,0.0000,0.0000,4486.0760,0.0000,0,0,0
0.6343,4.4658,0.3515,0.1000,0.6344,0.0000,0.0000,4466.7693,339.7142,0.1000,0.6316,0.0000,0.0000,4475.1893,0.0000,0,0,0
0.6358,4.4340,0.4362,0.1000,0.6362,0.0000,0.0000,4434.0008,398.4712,0.1000,0.6342,0.0000,0.0000,4447.4143,0.0000,0,0,0
0.6373,4.4021,0.5208,0.1000,0.6380,0.0000,0.0000,4434.0008,398.4712,0.1000,0.6342,0.0000,0.0000,4447.4385,0.0000,0,0,0
0.6389,4.3554,0.5997,0.1000,0.6398,0.0000,0.0000,4345.3740,639.2897,0.1000,0.6369,0.0000,0.0000,4387.7520,0.0000,0,0,0
0.6404,4.3086,0.6785,0.1000,0.6416,0.0000,0.0000,4308.9019,681.2007,0.1000,0.6369,0.0000,0.0000,4358.0540,0.0000,0,0,0
0.6420,4.2480,0.7489,0.1000,0.6434,0.0000,0.0000,4247.7481,751.8895,0.1000,0.6416,0.0000,0.0000,4309.4670,0.0000,0,0,0
0.6435,4.1874,0.8192,0.1000,0.6453,0.0000,0.0000,4185.2805,819.0001,0.1000,0.6434,0.0000,0.0000,4260.3943,0.0000,0,0,0
0.6451,4.1145,0.8787,0.1000,0.6472,0.0000,0.0000,4114.6906,882.6460,0.1000,0.6453,0.0000,0.0000,4204.0872,0.0000,0,0,0
0.6467,4.0417,0.9382,0.1000,0.6490,0.0000,0.0000,4041.0215,936.1496,0.1000,0.6468,0.0000,0.0000,4143.8902,0.0000,0,0,0
0.6483,3.9585,0.9846,0.1000,0.6509,0.0000,0.0000,3956.4716,985.0062,0.1000,0.6488,0.0000,0.0000,4073.1632,0.0000,0,0,0
0.6499,3.8753,1.0311,0.1000,0.6528,0.0000,0.0000,3898.2929,1031.0000,0.1000,0.6509,0.0000,0.0000,4028.3153,0.0000,0,0,0
0.6515,3.7841,1.0626,0.1000,0.6547,0.0000,0.0000,3851.9763,1048.9021,0.1000,0.6511,0.0000,0.0000,3988.3017,0.0000,0,0,0
0.6531,3.6929,1.0942,0.1000,0.6566,0.0000,0.0000,3851.9763,1048.9021,0.1000,0.6511,0.0000,0.0000,3988.3814,0.0000,0,0,0
0.6547,3.5965,1.1096,0.1000,0.6586,0.0000,0.0000,3686.7973,1099.6836,0.1000,0.6548,0.0000,0.0000,3843.5443,0.0000,0,0,0
0.6564,3.5000,1.1250,0.1000,0.6605,0.0000,0.0000,3686.7973,1099.6836,0.1000,0.6548,0.0000,0.0000,3843.6324,0.0000,0,0,0
0.6580,3.4011,1.1233,0.1000,0.6625,0.0000,0.0000,3389.8114,1122.9988,0.1000,0.6548,0.0000,0.0000,3567.4051,0.0000,0,0,0
0.6597,3.3022,1.1216,0.1000,0.6644,0.0000,0.0000,3329.6998,1122.0035,0.1000,0.6596,0.0000,0.0000,3510.1706,0.0000,0,0,0
0.6614,3.2040,1.1024,0.1000,0.6664,0.0000,0.0000,3200.5159,1102.0000,0.1000,0.6596,0.0000,0.0000,3381.5350,0.0000,0,0,0
0.6630,3.1057,1.0833,0.1000,0.6684,0.0000,0.0000,3108.4258,1083.0000,0.1000,0.6663,0.0000,0.0000,3288.3972,0.0000,0,0,0
0.6647,3.0112,1.0468,0.1000,0.6704,0.0000,0.0000,3106.0000,1083.0000,0.1000,0.6671,0.0000,0.0000,3286.2079,0.0000,0,0,0
0.6664,2.9167,1.0104,0.1000,0.6724,0.0000,0.0000,2909.2974,1009.9997,0.1000,0.6701,0.0000,0.0000,3076.5417,0.0000,0,0,0
0.6681,2.8289,0.9574,0.1000,0.6744,0.0000,0.0000,2909.2974,1009.9997,0.1000,0.6701,0.0000,0.0000,3076.6420,0.0000,0,0,0
0.6699,2.7412,0.9044,0.1000,0.6765,0.0000,0.0000,2757.5202,910.3009,0.1000,0.6727,0.0000,0.0000,2901.0015,0.0000,0,0,0
0.6716,2.6631,0.8361,0.1000,0.6785,0.0000,0.0000,2660.7652,837.4446,0.1000,0.6760,0.0000,0.0000,2786.6505,0.0000,0,0,0
0.6733,2.5850,0.7678,0.1000,0.6806,0.0000,0.0000,2584.2718,767.7716,0.1000,0.6782,0.0000,0.0000,2693.2140,0.0000,0,0,0
0.6751,2.5193,0.6860,0.1000,0.6827,0.0000,0.0000,2584.2718,767.7716,0.1000,0.6782,0.0000,0.0000,2693.3003,0.0000,0,0,0
0.6769,2.4536,0.6042,0.1000,0.6847,0.0000,0.0000,2440.3654,568.4940,0.1000,0.6813,0.0000,0.0000,2503.1806,0.0000,0,0,0
0.6786,2.4025,0.5111,0.1000,0.6869,0.0000,0.0000,2403.0000,511.0000,0.1000,0.6813,0.0000,0.0000,2454.2753,0.0000,0,0,0
0.6804,2.3515,0.4180,0.1000,0.6890,0.0000,0.0000,2403.0000,511.0000,0.1000,0.6848,0.0000,0.0000,2454.3446,0.0000,0,0,0
0.6822,2.3171,0.3163,0.1000,0.6911,0.0000,0.0000,2317.0000,312.8720,0.1000,0.6885,0.0000,0.0000,2335.6901,0.0000,0,0,0
0.6840,2.2827,0.2146,0.1000,0.6932,0.0000,0.0000,2282.9776,240.2632,0.1000,0.6903,0.0000,0.0000,2293.2930,0.0000,0,0,0
0.6858,2.2663,0.1073,0.1000,0.6954,0.0000,0.0000,2266.0000,104.0786,0.1000,0.6932,0.0000,0.0000,2266.1201,0.0000,0,0,0
0.6876,2.2500,0.0000,0.1000,0.6975,0.0000,0.0000,2250.0000,2.7477,0.1000,0.6950,0.0000,0.0000,2247.7517,0.0000,0,0,0
0.6895,2.2527,-0.1097,0.1000,0.6997,0.0000,0.0000,2253.0000,-82.4379,0.1000,0.6972,0.0000,0.0000,2252.2526,0.0000,0,0,0
0.6913,2.2553,-0.2195,0.1000,0.7019,0.0000,0.0000,2253.0000,-82.4379,0.1000,0.6972,0.0000,0.0000,2252.2459,0.0000,0,0,0
0.6932,2.2773,-0.3282,0.1000,0.7041,0.0000,0.0000,2278.6276,-433.7949,0.1000,0.7010,0.0000,0.0000,2317.2536,0.0000,0,0,0
0.6950,2.2993,-0.4370,0.1000,0.7063,0.0000,0.0000,2299.4908,-562.8206,0.1000,0.7032,0.0000,0.0000,2365.0294,0.0000,0,0,0
0.6969,2.3403,-0.5414,0.1000,0.7085,0.0000,0.0000,2340.0000,-532.1991,0.1000,0.7063,0.0000,0.0000,2397.3554,0.0000,0,0,0
0.6988,2.3814,-0.6458,0.1000,0.7107,0.0000,0.0000,2381.0000,-653.7015,0.1000,0.7084,0.0000,0.0000,2466.6391,0.0000,0,0,0
0.7007,2.4406,-0.7425,0.1000,0.7130,0.0000,0.0000,2440.9029,-742.9481,0.1000,0.7084,0.0000,0.0000,2548.9150,0.0000,0,0,0
0.7026,2.4999,-0.8392,0.1000,0.7152,0.0000,0.0000,2500.0000,-842.8925,0.1000,0.7129,0.0000,0.0000,2635.6329,0.0000,0,0,0
0.7045,2.5759,-0.9250,0.1000,0.7175,0.0000,0.0000,2578.0441,-927.3734,0.1000,0.7150,0.0000,0.0000,2737.0318,0.0000,0,0,0
0.7064,2.6519,-1.0108,0.1000,0.7198,0.0000,0.0000,2652.0000,-1011.0000,0.1000,0.7150,0.0000,0.0000,2835.3349,0.0000,0,0,0
0.7084,2.7426,-1.0827,0.1000,0.7221,0.0000,0.0000,2745.5099,-1083.2136,0.1000,0.7197,0.0000,0.0000,2948.5216,0.0000,0,0,0
0.7103,2.8333,-1.1547,0.1000,0.7244,0.0000,0.0000,2883.2149,-1186.9269,0.1000,0.7198,0.0000,0.0000,3114.9083,0.0000,0,0,0
0.7123,2.9363,-1.2103,0.1000,0.7267,0.0000,0.0000,2940.6953,-1209.9995,0.1000,0.7242,0.0000,0.0000,3176.7278,0.0000,0,0,0
0.7142,3.0392,-1.2660,0.1000,0.7290,0.0000,0.0000,2940.6953,-1209.9995,0.1000,0.7242,0.0000,0.0000,3176.6114,0.0000,0,0,0
0.7162,3.1514,-1.3032,0.1000,0.7313,0.0000,0.0000,3039.0000,-1266.0000,0.1000,0.7266,0.0000,0.0000,3288.7436,0.0000,0,0,0
0.7182,3.2636,-1.3404,0.1000,0.7337,0.0000,0.0000,3303.1665,-1340.0000,0.1000,0.7313,0.0000,0.0000,3561.0909,0.0000,0,0,0
0.7202,3.3818,-1.3577,0.1000,0.7361,0.0000,0.0000,3389.4248,-1358.0000,0.1000,0.7335,0.0000,0.0000,3647.7068,0.0000,0,0,0
0.7222,3.5000,-1.3750,0.1000,0.7384,0.0000,0.0000,3494.7519,-1375.0000,0.1000,0.7358,0.0000,0.0000,3751.7576,0.0000,0,0,0
0.7242,3.6206,-1.3714,0.1000,0.7408,0.0000,0.0000,3617.8002,-1371.0001,0.1000,0.7358,0.0000,0.0000,3864.9938,0.0000,0,0,0
0.7262,3.7412,-1.3678,0.1000,0.7432,0.0000,0.0000,3617.8002,-1371.0001,0.1000,0.7358,0.0000,0.0000,3864.8823,0.0000,0,0,0
0.7283,3.8605,-1.3430,0.1000,0.7456,0.0000,0.0000,3844.9008,-1343.0000,0.1000,0.7376,0.0000,0.0000,4068.6158,0.0000,0,0,0
0.7303,3.9798,-1.3182,0.1000,0.7480,0.0000,0.0000,3844.9008,-1343.0000,0.1000,0.7431,0.0000,0.0000,4068.5113,0.0000,0,0,0
0.7324,4.0941,-1.2725,0.1000,0.7505,0.0000,0.0000,4090.3319,-1273.0006,0.1000,0.7475,0.0000,0.0000,4279.5598,0.0000,0,0,0
0.7344,4.2083,-1.2269,0.1000,0.7529,0.0000,0.0000,4209.5082,-1227.0000,0.1000,0.7502,0.0000,0.0000,4380.3044,0.0000,0,0,0
0.7365,4.3139,-1.1614,0.1000,0.7554,0.0000,0.0000,4337.6187,-1161.3580,0.1000,0.7527,0.0000,0.0000,4485.9320,0.0000,0,0,0
0.7386,4.4195,-1.0959,0.1000,0.7578,0.0000,0.0000,4427.7246,-1095.9986,0.1000,0.7550,0.0000,0.0000,4556.8015,0.0000,0,0,0
0.7407,4.5130,-1.0122,0.1000,0.7603,0.0000,0.0000,4508.0147,-1012.0249,0.1000,0.7575,0.0000,0.0000,4615.5904,0.0000,0,0,0
0.7428,4.6065,-0.9285,0.1000,0.7628,0.0000,0.0000,4607.0000,-928.0000,0.1000,0.7575,0.0000,0.0000,4694.8363,0.0000,0,0,0
0.7449,4.6847,-0.8288,0.1000,0.7653,0.0000,0.0000,4685.0000,-825.1611,0.1000,0.7628,0.0000,0.0000,4752.3547,0.0000,0,0,0
0.7470,4.7630,-0.7292,0.1000,0.7678,0.0000,0.0000,4685.0000,-825.1611,0.1000,0.7628,0.0000,0.0000,4752.2949,0.0000,0,0,0
0.7492,4.8232,-0.6163,0.1000,0.7704,0.0000,0.0000,4822.9998,-639.9170,0.1000,0.7678,0.0000,0.0000,4860.4044,0.0000,0,0,0
0.7513,4.8834,-0.5035,0.1000,0.7729,0.0000,0.0000,4883.8858,-505.5357,0.1000,0.7704,0.0000,0.0000,4905.0710,0.0000,0,0,0
0.7535,4.9235,-0.3808,0.1000,0.7755,0.0000,0.0000,4922.9989,-362.3769,0.1000,0.7724,0.0000,0.0000,4931.3798,0.0000,0,0,0
0.7556,4.9635,-0.2581,0.1000,0.7780,0.0000,0.0000,4964.0000,-261.8819,0.1000,0.7755,0.0000,0.0000,4965.9329,0.0000,0,0,0
0.7578,4.9818,-0.1290,0.1000,0.7806,0.0000,0.0000,4981.9993,-131.3284,0.1000,0.7776,0.0000,0.0000,4978.7465,0.0000,0,0,0
0.7600,5.0000,-0.0000,0.1000,0.7832,0.0000,0.0000,4981.9993,-131.3284,0.1000,0.7776,0.0000,0.0000,4978.7317,0.0000,0,0,0
0.7972,3.3750,1.5155,0.1000,0.8273,0.0000,0.0000,3372.0035,1515.9791,0.1000,0.7832,0.0000,0.0000,3693.4073,0.0000,0,0,0
0.8344,1.7500,3.0311,0.1000,0.8713,0.0000,0.0000,1718.9468,3043.0700,0.1000,0.8223,0.0000,0.0000,3491.5042,0.0000,0,0,0
0.8345,1.7568,3.0323,0.1000,0.8715,0.0000,0.0000,1756.9837,3033.2436,0.1000,0.8713,0.0000,0.0000,3501.8570,0.0000,0,0,0
0.8347,1.7637,3.0335,0.1000,0.8716,0.0000,0.0000,1756.9837,3033.2436,0.1000,0.8713,0.0000,0.0000,3501.8525,0.0000,0,0,0
0.8348,1.7699,3.0370,0.1000,0.8717,0.0000,0.0000,1771.2183,3059.0636,0.1000,0.8715,0.0000,0.0000,3531.3235,0.0000,0,0,0
0.8349,1.7761,3.0406,0.1000,0.8719,0.0000,0.0000,1777.8427,3040.9525,0.1000,0.8716,0.0000,0.0000,3518.9944,0.0000,0,0,0
0.8350,1.7811,3.0463,0.1000,0.8720,0.0000,0.0000,1777.8427,3040.9525,0.1000,0.8716,0.0000,0.0000,3518.9870,0.0000,0,0,0
0.8351,1.7861,3.0519,0.1000,0.8722,0.0000,0.0000,1783.6696,3052.0367,0.1000,0.8720,0.0000,0.0000,3531.4893,0.0000,0,0,0
0.8353,1.7893,3.0594,0.1000,0.8723,0.0000,0.0000,1770.9410,3056.1680,0.1000,0.8722,0.0000,0.0000,3528.6499,0.0000,0,0,0
0.8354,1.7926,3.0668,0.1000,0.8725,0.0000,0.0000,1800.3283,3057.4257,0.1000,0.8723,0.0000,0.0000,3544.5506,0.0000,0,0,0
0.8356,1.7936,3.0755,0.1000,0.8727,0.0000,0.0000,1793.1364,3077.4860,0.1000,0.8725,0.0000,0.0000,3558.2171,0.0000,0,0,0
0.8357,1.7946,3.0843,0.1000,0.8729,0.0000,0.0000,1793.1364,3077.4860,0.1000,0.8725,0.0000,0.0000,3558.2090,0.0000,0,0,0
0.8359,1.7932,3.0938,0.1000,0.8730,0.0000,0.0000,1795.2367,3094.0271,0.1000,0.8728,0.0000,0.0000,3573.5569,0.0000,0,0,0
0.8360,1.7917,3.1033,0.1000,0.8732,0.0000,0.0000,1791.4854,3103.8492,0.1000,0.8730,0.0000,0.0000,3580.1716,0.0000,0,0,0
0.8362,1.7875,3.1129,0.1000,0.8734,0.0000,0.0000,1786.7057,3112.7535,0.1000,0.8732,0.0000,0.0000,3585.4983,0.0000,0,0,0
0.8364,1.7833,3.1224,0.1000,0.8737,0.0000,0.0000,1782.9990,3118.6768,0.1000,0.8734,0.0000,0.0000,3588.7893,0.0000,0,0,0
0.8366,1.7763,3.1315,0.1000,0.8739,0.0000,0.0000,1772.0331,3131.0098,0.1000,0.8737,0.0000,0.0000,3594.0829,0.0000,0,0,0
0.8368,1.7693,3.1405,0.1000,0.8741,0.0000,0.0000,1772.0331,3131.0098,0.1000,0.8737,0.0000,0.0000,3594.0785,0.0000,0,0,0
0.8370,1.7596,3.1483,0.1000,0.8744,0.0000,0.0000,1760.0000,3148.0000,0.1000,0.8737,0.0000,0.0000,3602.9851,0.0000,0,0,0
0.8372,1.7500,3.1561,0.1000,0.8746,0.0000,0.0000,1760.0000,3148.0000,0.1000,0.8740,0.0000,0.0000,3602.9830,0.0000,0,0,0
0.8374,1.7379,3.1620,0.1000,0.8749,0.0000,0.0000,1760.0000,3148.0000,0.1000,0.8740,0.0000,0.0000,3602.9837,0.0000,0,0,0
0.8376,1.7259,3.1679,0.1000,0.8751,0.0000,0.0000,1760.0000,3148.0000,0.1000,0.8740,0.0000,0.0000,3602.9845,0.0000,0,0,0
0.8379,1.7118,3.1713,0.1000,0.8754,0.0000,0.0000,1712.9101,3174.2032,0.1000,0.8751,0.0000,0.0000,3603.2822,0.0000,0,0,0
0.8381,1.6977,3.1747,0.1000,0.8757,0.0000,0.0000,1712.9101,3174.2032,0.1000,0.8751,0.0000,0.0000,3603.2859,0.0000,0,0,0
0.8384,1.6822,3.1750,0.1000,0.8760,0.0000,0.0000,1712.9101,3174.2032,0.1000,0.8751,0.0000,0.0000,3603.2930,0.0000,0,0,0
0.8386,1.6667,3.1754,0.1000,0.8763,0.0000,0.0000,1712.9101,3174.2032,0.1000,0.8751,0.0000,0.0000,3603.3000,0.0000,0,0,0
0.8389,1.6503,3.1724,0.1000,0.8767,0.0000,0.0000,1667.0000,3175.0000,0.1000,0.8758,0.0000,0.0000,3582.4405,0.0000,0,0,0
0.8392,1.6339,3.1694,0.1000,0.8770,0.0000,0.0000,1630.5784,3169.0000,0.1000,0.8766,0.0000,0.0000,3560.3291,0.0000,0,0,0
0.8395,1.6175,3.1627,0.1000,0.8773,0.0000,0.0000,1647.1649,3162.9986,0.1000,0.8769,0.0000,0.0000,3562.6379,0.0000,0,0,0
0.8398,1.6010,3.1561,0.1000,0.8777,0.0000,0.0000,1647.1649,3162.9986,0.1000,0.8769,0.0000,0.0000,3562.6514,0.0000,0,0,0
0.8401,1.5853,3.1457,0.1000,0.8781,0.0000,0.0000,1587.3206,3145.9999,0.1000,0.8777,0.0000,0.0000,3520.2400,0.0000,0,0,0
0.8404,1.5696,3.1353,0.1000,0.8784,0.0000,0.0000,1587.3206,3145.9999,0.1000,0.8777,0.0000,0.0000,3520.2564,0.0000,0,0,0
0.8408,1.5554,3.1212,0.1000,0.8788,0.0000,0.0000,1532.3333,3121.0327,0.1000,0.8784,0.0000,0.0000,3473.4209,0.0000,0,0,0
0.8411,1.5412,3.1071,0.1000,0.8792,0.0000,0.0000,1546.3609,3106.9770,0.1000,0.8788,0.0000,0.0000,3467.0559,0.0000,0,0,0
0.8414,1.5293,3.0896,0.1000,0.8796,0.0000,0.0000,1530.4197,3092.1455,0.1000,0.8792,0.0000,0.0000,3446.7045,0.0000,0,0,0
0.8418,1.5175,3.0721,0.1000,0.8801,0.0000,0.0000,1505.2036,3100.2359,0.1000,0.8796,0.0000,0.0000,3442.8906,0.0000,0,0,0
0.8422,1.5087,3.0516,0.1000,0.8805,0.0000,0.0000,1505.2036,3100.2359,0.1000,0.8796,0.0000,0.0000,3442.9129,0.0000,0,0,0
0.8425,1.5000,3.0311,0.1000,0.8809,0.0000,0.0000,1499.9854,3025.5017,0.1000,0.8803,0.0000,0.0000,3373.5422,0.0000,0,0,0
0.8429,1.4951,3.0082,0.1000,0.8814,0.0000,0.0000,1494.9343,2992.8859,0.1000,0.8808,0.0000,0.0000,3342.1146,0.0000,0,0,0
0.8433,1.4901,2.9853,0.1000,0.8819,0.0000,0.0000,1494.9343,2992.8859,0.1000,0.8808,0.0000,0.0000,3342.1373,0.0000,0,0,0
0.8437,1.4895,2.9607,0.1000,0.8824,0.0000,0.0000,1490.0000,2962.8602,0.1000,0.8818,0.0000,0.0000,3313.1055,0.0000,0,0,0
0.8442,1.4890,2.9361,0.1000,0.8829,0.0000,0.0000,1486.3793,2938.6328,0.1000,0.8818,0.0000,0.0000,3289.8655,0.0000,0,0,0
0.8446,1.4932,2.9107,0.1000,0.8834,0.0000,0.0000,1486.3793,2938.6328,0.1000,0.8818,0.0000,0.0000,3289.8862,0.0000,0,0,0
0.8450,1.4974,2.8853,0.1000,0.8839,0.0000,0.0000,1493.0000,2911.0000,0.1000,0.8823,0.0000,0.0000,3268.2887,0.0000,0,0,0
0.8455,1.5067,2.8600,0.1000,0.8844,0.0000,0.0000,1508.1865,2863.7322,0.1000,0.8835,0.0000,0.0000,3233.3688,0.0000,0,0,0
0.8459,1.5159,2.8347,0.1000,0.8849,0.0000,0.0000,1517.2484,2835.0037,0.1000,0.8844,0.0000,0.0000,3212.2618,0.0000,0,0,0
0.8464,1.5303,2.8105,0.1000,0.8855,0.0000,0.0000,1517.2484,2835.0037,0.1000,0.8844,0.0000,0.0000,3212.2763,0.0000,0,0,0
0.8469,1.5447,2.7864,0.1000,0.8861,0.0000,0.0000,1530.0000,2811.0000,0.1000,0.8849,0.0000,0.0000,3197.2237,0.0000,0,0,0
0.8473,1.5640,2.7644,0.1000,0.8866,0.0000,0.0000,1563.1922,2761.6898,0.1000,0.8860,0.0000,0.0000,3170.2290,0.0000,0,0,0
0.8478,1.5833,2.7424,0.1000,0.8872,0.0000,0.0000,1552.4690,2740.8223,0.1000,0.8865,0.0000,0.0000,3146.7964,0.0000,0,0,0
0.8483,1.6073,2.7236,0.1000,0.8878,0.0000,0.0000,1603.8407,2720.9529,0.1000,0.8866,0.0000,0.0000,3155.3007,0.0000,0,0,0
0.8489,1.6312,2.7048,0.1000,0.8884,0.0000,0.0000,1630.0480,2704.7839,0.1000,0.8878,0.0000,0.0000,3154.8333,0.0000,0,0,0
0.8494,1.6593,2.6901,0.1000,0.8891,0.0000,0.0000,1630.0480,2704.7839,0.1000,0.8878,0.0000,0.0000,3154.8314,0.0000,0,0,0
0.8499,1.6873,2.6755,0.1000,0.8897,0.0000,0.0000,1683.0812,2674.8661,0.1000,0.8888,0.0000,0.0000,3157.1646,0.0000,0,0,0
0.8505,1.7186,2.6658,0.1000,0.8903,0.0000,0.0000,1722.6025,2665.9999,0.1000,0.8896,0.0000,0.0000,3170.9289,0.0000,0,0,0
0.8510,1.7500,2.6561,0.1000,0.8910,0.0000,0.0000,1722.6025,2665.9999,0.1000,0.8896,0.0000,0.0000,3170.9200,0.0000,0,0,0
0.8516,1.7838,2.6521,0.1000,0.8917,0.0000,0.0000,1782.1583,2653.6652,0.1000,0.8910,0.0000,0.0000,3193.3688,0.0000,0,0,0
0.8522,1.8175,2.6481,0.1000,0.8923,0.0000,0.0000,1814.5433,2648.0000,0.1000,0.8916,0.0000,0.0000,3206.8460,0.0000,0,0,0
0.8527,1.8526,2.6504,0.1000,0.8930,0.0000,0.0000,1848.4861,2650.0000,0.1000,0.8923,0.0000,0.0000,3227.7725,0.0000,0,0,0
0.8533,1.8878,2.6526,0.1000,0.8937,0.0000,0.0000,1848.4861,2650.0000,0.1000,0.8923,0.0000,0.0000,3227.7505,0.0000,0,0,0
0.8539,1.9230,2.6614,0.1000,0.8944,0.0000,0.0000,1918.4966,2661.0000,0.1000,0.8937,0.0000,0.0000,3277.1967,0.0000,0,0,0
0.8546,1.9583,2.6702,0.1000,0.8952,0.0000,0.0000,1918.4966,2661.0000,0.1000,0.8937,0.0000,0.0000,3277.1689,0.0000,0,0,0
0.8552,1.9925,2.6858,0.1000,0.8959,0.0000,0.0000,1958.0000,2670.0000,0.1000,0.8944,0.0000,0.0000,3307.6473,0.0000,0,0,0
0.8558,2.0268,2.7013,0.1000,0.8967,0.0000,0.0000,2015.6844,2699.0878,0.1000,0.8953,0.0000,0.0000,3365.3109,0.0000,0,0,0
0.8565,2.0586,2.7233,0.1000,0.8974,0.0000,0.0000,2015.6844,2699.0878,0.1000,0.8953,0.0000,0.0000,3365.2742,0.0000,0,0,0
0.8571,2.0905,2.7454,0.1000,0.8982,0.0000,0.0000,2015.6844,2699.0878,0.1000,0.8953,0.0000,0.0000,3365.2374,0.0000,0,0,0
0.8578,2.1187,2.7737,0.1000,0.8990,0.0000,0.0000,2119.2062,2774.2062,0.1000,0.8953,0.0000,0.0000,3487.5346,0.0000,0,0,0
0.8584,2.1469,2.8019,0.1000,0.8998,0.0000,0.0000,2119.2062,2774.2062,0.1000,0.8975,0.0000,0.0000,3487.4950,0.0000,0,0,0
0.8591,2.1703,2.8358,0.1000,0.9006,0.0000,0.0000,2169.9844,2870.4180,0.1000,0.8997,0.0000,0.0000,3594.7804,0.0000,0,0,0
0.8598,2.1937,2.8696,0.1000,0.9014,0.0000,0.0000,2254.1428,2964.5284,0.1000,0.9001,0.0000,0.0000,3720.5776,0.0000,0,0,0
0.8605,2.2112,2.9081,0.1000,0.9023,0.0000,0.0000,2254.1428,2964.5284,0.1000,0.9001,0.0000,0.0000,3720.5363,0.0000,0,0,0
0.8612,2.2287,2.9467,0.1000,0.9031,0.0000,0.0000,2254.1428,2964.5284,0.1000,0.9001,0.0000,0.0000,3720.4950,0.0000,0,0,0
0.8620,2.2394,2.9889,0.1000,0.9040,0.0000,0.0000,2238.9105,2998.1567,0.1000,0.9021,0.0000,0.0000,3738.1450,0.0000,0,0,0
0.8627,2.2500,3.0311,0.1000,0.9048,0.0000,0.0000,2238.9105,2998.1567,0.1000,0.9021,0.0000,0.0000,3738.1048,0.0000,0,0,0
0.8634,2.2530,3.0757,0.1000,0.9057,0.0000,0.0000,2238.9105,2998.1567,0.1000,0.9021,0.0000,0.0000,3738.0672,0.0000,0,0,0
0.8642,2.2561,3.1203,0.1000,0.9066,0.0000,0.0000,2256.0059,3125.0320,0.1000,0.9048,0.0000,0.0000,3850.4183,0.0000,0,0,0
0.8650,2.2510,3.1660,0.1000,0.9075,0.0000,0.0000,2250.9857,3171.4966,0.1000,0.9062,0.0000,0.0000,3885.2448,0.0000,0,0,0
0.8657,2.2459,3.2116,0.1000,0.9084,0.0000,0.0000,2248.0926,3173.8224,0.1000,0.9067,0.0000,0.0000,3885.4344,0.0000,0,0,0
0.8665,2.2325,3.2568,0.1000,0.9093,0.0000,0.0000,2232.3674,3257.0142,0.1000,0.9083,0.0000,0.0000,3944.6722,0.0000,0,0,0
0.8673,2.2191,3.3019,0.1000,0.9103,0.0000,0.0000,2232.3674,3257.0142,0.1000,0.9083,0.0000,0.0000,3944.6426,0.0000,0,0,0
0.8681,2.1973,3.3451,0.1000,0.9112,0.0000,0.0000,2196.8230,3341.8092,0.1000,0.9098,0.0000,0.0000,3995.2127,0.0000,0,0,0
0.8689,2.1756,3.3882,0.1000,0.9122,0.0000,0.0000,2175.9935,3381.3958,0.1000,0.9112,0.0000,0.0000,4017.0162,0.0000,0,0,0
0.8698,2.1458,3.4278,0.1000,0.9132,0.0000,0.0000,2175.9935,3381.3958,0.1000,0.9112,0.0000,0.0000,4016.9991,0.0000,0,0,0
0.8706,2.1160,3.4673,0.1000,0.9142,0.0000,0.0000,2116.0082,3474.1820,0.1000,0.9130,0.0000,0.0000,4063.7915,0.0000,0,0,0
0.8714,2.0788,3.5018,0.1000,0.9152,0.0000,0.0000,2077.4730,3499.6628,0.1000,0.9141,0.0000,0.0000,4065.7598,0.0000,0,0,0
0.8723,2.0417,3.5363,0.1000,0.9162,0.0000,0.0000,2010.4240,3519.8312,0.1000,0.9147,0.0000,0.0000,4049.4357,0.0000,0,0,0
0.8732,1.9980,3.5643,0.1000,0.9172,0.0000,0.0000,1990.7983,3574.1259,0.1000,0.9159,0.0000,0.0000,4087.0817,0.0000,0,0,0
0.8740,1.9543,3.5923,0.1000,0.9182,0.0000,0.0000,1931.0650,3593.0728,0.1000,0.9168,0.0000,0.0000,4075.0261,0.0000,0,0,0
0.8749,1.9052,3.6126,0.1000,0.9193,0.0000,0.0000,1931.0650,3593.0728,0.1000,0.9168,0.0000,0.0000,4075.0315,0.0000,0,0,0
0.8758,1.8561,3.6329,0.1000,0.9203,0.0000,0.0000,1829.7731,3634.4824,0.1000,0.9187,0.0000,0.0000,4065.0152,0.0000,0,0,0
0.8767,1.8031,3.6445,0.1000,0.9214,0.0000,0.0000,1829.7731,3634.4824,0.1000,0.9187,0.0000,0.0000,4065.0287,0.0000,0,0,0
0.8776,1.7500,3.6561,0.1000,0.9225,0.0000,0.0000,1753.6745,3655.9956,0.1000,0.9214,0.0000,0.0000,4050.7805,0.0000,0,0,0
0.8786,1.6945,3.6582,0.1000,0.9236,0.0000,0.0000,1695.0000,3658.0000,0.1000,0.9214,0.0000,0.0000,4027.5920,0.0000,0,0,0
0.8795,1.6391,3.6603,0.1000,0.9247,0.0000,0.0000,1695.0000,3658.0000,0.1000,0.9222,0.0000,0.0000,4027.6135,0.0000,0,0,0
0.8804,1.5829,3.6524,0.1000,0.9258,0.0000,0.0000,1583.0000,3652.0000,0.1000,0.9247,0.0000,0.0000,3976.3451,0.0000,0,0,0
0.8814,1.5267,3.6445,0.1000,0.9269,0.0000,0.0000,1583.0000,3652.0000,0.1000,0.9247,0.0000,0.0000,3976.3747,0.0000,0,0,0
0.8824,1.4717,3.6265,0.1000,0.9281,0.0000,0.0000,1583.0000,3652.0000,0.1000,0.9247,0.0000,0.0000,3976.4131,0.0000,0,0,0
0.8833,1.4167,3.6084,0.1000,0.9292,0.0000,0.0000,1417.0000,3608.0000,0.1000,0.9247,0.0000,0.0000,3872.4043,0.0000,0,0,0
0.8843,1.3646,3.5804,0.1000,0.9304,0.0000,0.0000,1417.0000,3608.0000,0.1000,0.9277,0.0000,0.0000,3872.4494,0.0000,0,0,0
0.8853,1.3125,3.5524,0.1000,0.9316,0.0000,0.0000,1324.6802,3552.0233,0.1000,0.9299,0.0000,0.0000,3787.2084,0.0000,0,0,0
0.8863,1.2653,3.5149,0.1000,0.9328,0.0000,0.0000,1272.1524,3514.9760,0.1000,0.9315,0.0000,0.0000,3734.3691,0.0000,0,0,0
0.8873,1.2180,3.4775,0.1000,0.9340,0.0000,0.0000,1272.1524,3514.9760,0.1000,0.9315,0.0000,0.0000,3734.4205,0.0000,0,0,0
0.8884,1.1773,3.4314,0.1000,0.9352,0.0000,0.0000,1272.1524,3514.9760,0.1000,0.9315,0.0000,0.0000,3734.4777,0.0000,0,0,0
0.8894,1.1366,3.3853,0.1000,0.9364,0.0000,0.0000,1139.5242,3354.9444,0.1000,0.9352,0.0000,0.0000,3539.6151,0.0000,0,0,0
0.8904,1.1039,3.3317,0.1000,0.9377,0.0000,0.0000,1055.0313,3224.7772,0.1000,0.9358,0.0000,0.0000,3389.4652,0.0000,0,0,0
0.8915,1.0713,3.2781,0.1000,0.9389,0.0000,0.0000,1068.5971,3279.0777,0.1000,0.9375,0.0000,0.0000,3445.3555,0.0000,0,0,0
0.8926,1.0482,3.2185,0.1000,0.9402,0.0000,0.0000,1068.5971,3279.0777,0.1000,0.9375,0.0000,0.0000,3445.4193,0.0000,0,0,0
0.8936,1.0251,3.1589,0.1000,0.9414,0.0000,0.0000,1025.0003,3163.4341,0.1000,0.9401,0.0000,0.0000,3322.0272,0.0000,0,0,0
0.8947,1.0125,3.0950,0.1000,0.9427,0.0000,0.0000,1013.0000,3063.3254,0.1000,0.9414,0.0000,0.0000,3223.2172,0.0000,0,0,0
0.8958,1.0000,3.0311,0.1000,0.9440,0.0000,0.0000,1000.0015,3021.8706,0.1000,0.9426,0.0000,0.0000,3179.8421,0.0000,0,0,0
0.8969,0.9989,2.9648,0.1000,0.9453,0.0000,0.0000,1000.0000,3031.0000,0.1000,0.9429,0.0000,0.0000,3188.5735,0.0000,0,0,0
0.8980,0.9977,2.8984,0.1000,0.9466,0.0000,0.0000,997.9999,2893.7181,0.1000,0.9451,0.0000,0.0000,3057.9162,0.0000,0,0,0
0.8992,1.0084,2.8318,0.1000,0.9480,0.0000,0.0000,997.9999,2893.7181,0.1000,0.9451,0.0000,0.0000,3057.9757,0.0000,0,0,0
0.9003,1.0191,2.7651,0.1000,0.9493,0.0000,0.0000,1019.0175,2760.3097,0.1000,0.9480,0.0000,0.0000,2939.4512,0.0000,0,0,0
0.9014,1.0418,2.7002,0.1000,0.9507,0.0000,0.0000,1039.1826,2700.0100,0.1000,0.9493,0.0000,0.0000,2890.1932,0.0000,0,0,0
0.9026,1.0644,2.6353,0.1000,0.9521,0.0000,0.0000,1039.1826,2700.0100,0.1000,0.9493,0.0000,0.0000,2890.2456,0.0000,0,0,0
0.9038,1.0987,2.5743,0.1000,0.9534,0.0000,0.0000,1116.3254,2522.3690,0.1000,0.9511,0.0000,0.0000,2755.5573,0.0000,0,0,0
0.9049,1.1329,2.5133,0.1000,0.9548,0.0000,0.0000,1135.2579,2510.8837,0.1000,0.9534,0.0000,0.0000,2752.8460,0.0000,0,0,0
0.9061,1.1781,2.4583,0.1000,0.9562,0.0000,0.0000,1177.9991,2464.0563,0.1000,0.9548,0.0000,0.0000,2728.4377,0.0000,0,0,0
0.9073,1.2233,2.4034,0.1000,0.9576,0.0000,0.0000,1226.5806,2386.7685,0.1000,0.9557,0.0000,0.0000,2680.8017,0.0000,0,0,0
0.9085,1.2783,2.3564,0.1000,0.9591,0.0000,0.0000,1282.9557,2381.6478,0.1000,0.9576,0.0000,0.0000,2702.5404,0.0000,0,0,0
0.9097,1.3333,2.3094,0.1000,0.9605,0.0000,0.0000,1282.9557,2381.6478,0.1000,0.9576,0.0000,0.0000,2702.5557,0.0000,0,0,0
0.9110,1.3968,2.2722,0.1000,0.9620,0.0000,0.0000,1333.0000,2309.0000,0.1000,0.9586,0.0000,0.0000,2663.4865,0.0000,0,0,0
0.9122,1.4602,2.2350,0.1000,0.9634,0.0000,0.0000,1333.0000,2309.0000,0.1000,0.9586,0.0000,0.0000,2663.4870,0.0000,0,0,0
0.9135,1.5304,2.2090,0.1000,0.9649,0.0000,0.0000,1333.0000,2309.0000,0.1000,0.9586,0.0000,0.0000,2663.4744,0.0000,0,0,0
0.9147,1.6005,2.1831,0.1000,0.9664,0.0000,0.0000,1333.0000,2309.0000,0.1000,0.9586,0.0000,0.0000,2663.4619,0.0000,0,0,0
0.9160,1.6752,2.1696,0.1000,0.9679,0.0000,0.0000,1675.1971,2169.9997,0.1000,0.9647,0.0000,0.0000,2738.6425,0.0000,0,0,0
0.9173,1.7500,2.1561,0.1000,0.9694,0.0000,0.0000,1675.1971,2169.9997,0.1000,0.9664,0.0000,0.0000,2738.6075,0.0000,0,0,0
0.9185,1.8272,2.1559,0.1000,0.9709,0.0000,0.0000,1829.1222,2156.0000,0.1000,0.9694,0.0000,0.0000,2824.5445,0.0000,0,0,0
0.9198,1.9044,2.1557,0.1000,0.9725,0.0000,0.0000,1943.4683,2156.0000,0.1000,0.9705,0.0000,0.0000,2899.7786,0.0000,0,0,0
0.9211,1.9816,2.1692,0.1000,0.9740,0.0000,0.0000,1926.8872,2165.0967,0.1000,0.9716,0.0000,0.0000,2895.4304,0.0000,0,0,0
0.9225,2.0588,2.1828,0.1000,0.9756,0.0000,0.0000,2037.8277,2183.0000,0.1000,0.9739,0.0000,0.0000,2983.3403,0.0000,0,0,0
0.9238,2.1336,2.2100,0.1000,0.9772,0.0000,0.0000,2037.8277,2183.0000,0.1000,0.9739,0.0000,0.0000,2983.2693,0.0000,0,0,0
0.9251,2.2083,2.2372,0.1000,0.9787,0.0000,0.0000,2209.8307,2236.9975,0.1000,0.9765,0.0000,0.0000,3141.2975,0.0000,0,0,0
0.9265,2.2782,2.2777,0.1000,0.9803,0.0000,0.0000,2209.8307,2236.9975,0.1000,0.9765,0.0000,0.0000,3141.2195,0.0000,0,0,0
0.9278,2.3481,2.3182,0.1000,0.9819,0.0000,0.0000,2403.6226,2323.7634,0.1000,0.9796,0.0000,0.0000,3339.9441,0.0000,0,0,0
0.9292,2.4108,2.3711,0.1000,0.9836,0.0000,0.0000,2409.7196,2368.5470,0.1000,0.9819,0.0000,0.0000,3375.4887,0.0000,0,0,0
0.9306,2.4735,2.4240,0.1000,0.9852,0.0000,0.0000,2475.1757,2425.7658,0.1000,0.9836,0.0000,0.0000,3462.2019,0.0000,0,0,0
0.9320,2.5267,2.4880,0.1000,0.9868,0.0000,0.0000,2523.0546,2483.4739,0.1000,0.9841,0.0000,0.0000,3536.7149,0.0000,0,0,0
0.9334,2.5799,2.5519,0.1000,0.9885,0.0000,0.0000,2523.0546,2483.4739,0.1000,0.9841,0.0000,0.0000,3536.6321,0.0000,0,0,0
0.9348,2.6218,2.6252,0.1000,0.9902,0.0000,0.0000,2622.0000,2637.4832,0.1000,0.9885,0.0000,0.0000,3715.3222,0.0000,0,0,0
0.9362,2.6636,2.6986,0.1000,0.9918,0.0000,0.0000,2664.0000,2699.0000,0.1000,0.9885,0.0000,0.0000,3788.5027,0.0000,0,0,0
0.9376,2.6924,2.7792,0.1000,0.9935,0.0000,0.0000,2692.0000,2779.0000,0.1000,0.9902,0.0000,0.0000,3865.2008,0.0000,0,0,0
0.9391,2.7211,2.8599,0.1000,0.9952,0.0000,0.0000,2692.0000,2779.0000,0.1000,0.9918,0.0000,0.0000,3865.1229,0.0000,0,0,0
0.9405,2.7356,2.9455,0.1000,0.9970,0.0000,0.0000,2741.7011,3064.3765,0.1000,0.9943,0.0000,0.0000,4107.8330,0.0000,0,0,0
0.9420,2.7500,3.0311,0.1000,0.9987,0.0000,0.0000,2741.7011,3064.3765,0.1000,0.9943,0.0000,0.0000,4107.7596,0.0000,0,0,0
0.9434,2.7492,3.1191,0.1000,1.0004,0.0000,0.0000,2748.9966,3122.3159,0.1000,0.9974,0.0000,0.0000,4155.8709,0.0000,0,0,0
0.9449,2.7485,3.2071,0.1000,1.0022,0.0000,0.0000,2748.0000,3207.0000,0.1000,0.9974,0.0000,0.0000,4219.0869,0.0000,0,0,0
0.9464,2.7321,3.2949,0.1000,1.0039,0.0000,0.0000,2748.0000,3207.0000,0.1000,1.0003,0.0000,0.0000,4219.0309,0.0000,0,0,0
0.9479,2.7158,3.3826,0.1000,1.0057,0.0000,0.0000,2718.6228,3342.2558,0.1000,1.0003,0.0000,0.0000,4303.9779,0.0000,0,0,0
0.9494,2.6840,3.4673,0.1000,1.0075,0.0000,0.0000,2684.0000,3485.2388,0.1000,1.0027,0.0000,0.0000,4394.5635,0.0000,0,0,0
0.9509,2.6521,3.5519,0.1000,1.0093,0.0000,0.0000,2658.7578,3514.1111,0.1000,1.0061,0.0000,0.0000,4402.1498,0.0000,0,0,0
0.9525,2.6054,3.6308,0.1000,1.0111,0.0000,0.0000,2605.0010,3633.0172,0.1000,1.0091,0.0000,0.0000,4465.9723,0.0000,0,0,0
0.9540,2.5586,3.7096,0.1000,1.0129,0.0000,0.0000,2559.0000,3710.0000,0.1000,1.0111,0.0000,0.0000,4502.4417,0.0000,0,0,0
0.9556,2.4980,3.7800,0.1000,1.0148,0.0000,0.0000,2559.0000,3710.0000,0.1000,1.0113,0.0000,0.0000,4502.4182,0.0000,0,0,0
0.9571,2.4374,3.8503,0.1000,1.0166,0.0000,0.0000,2438.8563,3849.6561,0.1000,1.0142,0.0000,0.0000,4552.6211,0.0000,0,0,0
0.9587,2.3645,3.9098,0.1000,1.0185,0.0000,0.0000,2367.8615,3909.9210,0.1000,1.0142,0.0000,0.0000,4566.4537,0.0000,0,0,0
0.9603,2.2917,3.9693,0.1000,1.0203,0.0000,0.0000,2288.1478,3977.6807,0.1000,1.0164,0.0000,0.0000,4584.2688,0.0000,0,0,0
0.9619,2.2085,4.0157,0.1000,1.0222,0.0000,0.0000,2215.8526,4015.9970,0.1000,1.0199,0.0000,0.0000,4582.1627,0.0000,0,0,0
0.9635,2.1253,4.0621,0.1000,1.0241,0.0000,0.0000,2125.0006,4061.9775,0.1000,1.0220,0.0000,0.0000,4579.6590,0.0000,0,0,0
0.9651,2.0341,4.0937,0.1000,1.0260,0.0000,0.0000,2125.0006,4061.9775,0.1000,1.0222,0.0000,0.0000,4579.6733,0.0000,0,0,0
0.9667,1.9429,4.1253,0.1000,1.0280,0.0000,0.0000,2125.0006,4061.9775,0.1000,1.0222,0.0000,0.0000,4579.6876,0.0000,0,0,0
0.9683,1.8465,4.1407,0.1000,1.0299,0.0000,0.0000,1943.0000,4125.0000,0.1000,1.0258,0.0000,0.0000,4555.1683,0.0000,0,0,0
0.9700,1.7500,4.1561,0.1000,1.0318,0.0000,0.0000,1749.8942,4150.8319,0.1000,1.0297,0.0000,0.0000,4500.1031,0.0000,0,0,0
0.9716,1.6511,4.1544,0.1000,1.0338,0.0000,0.0000,1749.8942,4150.8319,0.1000,1.0297,0.0000,0.0000,4500.1431,0.0000,0,0,0
0.9733,1.5522,4.1527,0.1000,1.0357,0.0000,0.0000,1536.5951,4153.0056,0.1000,1.0322,0.0000,0.0000,4423.7243,0.0000,0,0,0
0.9749,1.4540,4.1335,0.1000,1.0377,0.0000,0.0000,1455.4747,4134.0011,0.1000,1.0354,0.0000,0.0000,4378.3539,0.0000,0,0,0
0.9766,1.3557,4.1143,0.1000,1.0397,0.0000,0.0000,1315.1160,4112.0743,0.1000,1.0376,0.0000,0.0000,4312.9225,0.0000,0,0,0
0.9783,1.2612,4.0779,0.1000,1.0417,0.0000,0.0000,1256.4438,4078.0000,0.1000,1.0397,0.0000,0.0000,4262.9010,0.0000,0,0,0
0.9800,1.1667,4.0415,0.1000,1.0437,0.0000,0.0000,1256.4438,4078.0000,0.1000,1.0397,0.0000,0.0000,4262.9636,0.0000,0,0,0
0.9817,1.0789,3.9884,0.1000,1.0458,0.0000,0.0000,1084.4815,3987.9017,0.1000,1.0426,0.0000,0.0000,4128.5986,0.0000,0,0,0
0.9835,0.9912,3.9354,0.1000,1.0478,0.0000,0.0000,1084.4815,3987.9017,0.1000,1.0426,0.0000,0.0000,4128.6727,0.0000,0,0,0
0.9852,0.9131,3.8672,0.1000,1.0499,0.0000,0.0000,882.7925,3880.8478,0.1000,1.0475,0.0000,0.0000,3976.0144,0.0000,0,0,0
0.9869,0.8350,3.7989,0.1000,1.0519,0.0000,0.0000,882.7925,3880.8478,0.1000,1.0475,0.0000,0.0000,3976.0983,0.0000,0,0,0
0.9887,0.7693,3.7171,0.1000,1.0540,0.0000,0.0000,720.1492,3629.0723,0.1000,1.0508,0.0000,0.0000,3696.0395,0.0000,0,0,0
0.9904,0.7036,3.6353,0.1000,1.0561,0.0000,0.0000,704.0000,3635.0000,0.1000,1.0508,0.0000,0.0000,3698.8425,0.0000,0,0,0
0.9922,0.6525,3.5422,0.1000,1.0582,0.0000,0.0000,704.0000,3635.0000,0.1000,1.0526,0.0000,0.0000,3698.9436,0.0000,0,0,0
0.9940,0.6015,3.4491,0.1000,1.0603,0.0000,0.0000,601.2776,3454.4502,0.1000,1.0582,0.0000,0.0000,3502.8874,0.0000,0,0,0
0.9958,0.5671,3.3474,0.1000,1.0624,0.0000,0.0000,601.2776,3454.4502,0.1000,1.0582,0.0000,0.0000,3502.9935,0.0000,0,0,0
0.9976,0.5327,3.2457,0.1000,1.0645,0.0000,0.0000,533.0002,3252.0394,0.1000,1.0615,0.0000,0.0000,3292.1394,0.0000,0,0,0
0.9994,0.5163,3.1384,0.1000,1.0667,0.0000,0.0000,533.0002,3252.0394,0.1000,1.0615,0.0000,0.0000,3292.2480,0.0000,0,0,0
1.0012,0.5000,3.0311,0.1000,1.0688,0.0000,0.0000,499.9985,3032.7416,0.1000,1.0615,0.0000,0.0000,3070.6098,0.0000,0,0,0
1.0031,0.5027,2.9214,0.1000,1.0710,0.0000,0.0000,503.0000,2900.1903,0.1000,1.0662,0.0000,0.0000,2940.5222,0.0000,0,0,0
1.0049,0.5053,2.8116,0.1000,1.0732,0.0000,0.0000,505.0000,2818.6886,0.1000,1.0662,0.0000,0.0000,2860.7128,0.0000,0,0,0
1.0068,0.5273,2.7028,0.1000,1.0754,0.0000,0.0000,527.0000,2707.1285,0.1000,1.0731,0.0000,0.0000,2755.1936,0.0000,0,0,0
1.0086,0.5493,2.5941,0.1000,1.0776,0.0000,0.0000,549.0015,2598.5242,0.1000,1.0750,0.0000,0.0000,2653.2345,0.0000,0,0,0
1.0105,0.5903,2.4897,0.1000,1.0798,0.0000,0.0000,549.0015,2598.5242,0.1000,1.0750,0.0000,0.0000,2653.3282,0.0000,0,0,0
1.0124,0.6314,2.3853,0.1000,1.0821,0.0000,0.0000,630.9995,2389.1790,0.1000,1.0794,0.0000,0.0000,2468.6329,0.0000,0,0,0
1.0143,0.6906,2.2886,0.1000,1.0843,0.0000,0.0000,630.9995,2389.1790,0.1000,1.0794,0.0000,0.0000,2468.7112,0.0000,0,0,0
1.0162,0.7499,2.1919,0.1000,1.0865,0.0000,0.0000,750.1430,2158.5036,0.1000,1.0830,0.0000,0.0000,2282.8206,0.0000,0,0,0
1.0181,0.8259,2.1061,0.1000,1.0888,0.0000,0.0000,825.9784,2106.2268,0.1000,1.0830,0.0000,0.0000,2260.1329,0.0000,0,0,0
1.0200,0.9019,2.0203,0.1000,1.0911,0.0000,0.0000,825.9784,2106.2268,0.1000,1.0864,0.0000,0.0000,2260.1850,0.0000,0,0,0
1.0220,0.9926,1.9484,0.1000,1.0934,0.0000,0.0000,1022.3744,1938.6701,0.1000,1.0903,0.0000,0.0000,2189.5460,0.0000,0,0,0
1.0239,1.0833,1.8764,0.1000,1.0957,0.0000,0.0000,1083.8734,1886.9949,0.1000,1.0931,0.0000,0.0000,2173.9610,0.0000,0,0,0
1.0258,1.1863,1.8208,0.1000,1.0980,0.0000,0.0000,1083.8734,1886.9949,0.1000,1.0931,0.0000,0.0000,2173.9579,0.0000,0,0,0
1.0278,1.2892,1.7651,0.1000,1.1003,0.0000,0.0000,1233.0048,1783.6175,0.1000,1.0961,0.0000,0.0000,2166.1304,0.0000,0,0,0
1.0298,1.4014,1.7279,0.1000,1.1027,0.0000,0.0000,1233.0048,1783.6175,0.1000,1.0961,0.0000,0.0000,2166.0972,0.0000,0,0,0
1.0318,1.5136,1.6907,0.1000,1.1050,0.0000,0.0000,1512.7525,1689.5900,0.1000,1.1027,0.0000,0.0000,2265.5788,0.0000,0,0,0
1.0338,1.6318,1.6734,0.1000,1.1074,0.0000,0.0000,1620.5918,1672.9623,0.1000,1.1039,0.0000,0.0000,2326.8516,0.0000,0,0,0
1.0358,1.7500,1.6561,0.1000,1.1098,0.0000,0.0000,1620.5918,1672.9623,0.1000,1.1039,0.0000,0.0000,2326.7818,0.0000,0,0,0
1.0378,1.8706,1.6597,0.1000,1.1121,0.0000,0.0000,1866.3522,1660.0000,0.1000,1.1087,0.0000,0.0000,2495.2724,0.0000,0,0,0
1.0398,1.9912,1.6633,0.1000,1.1145,0.0000,0.0000,2002.2146,1663.0000,0.1000,1.1119,0.0000,0.0000,2600.1795,0.0000,0,0,0
1.0418,2.1105,1.6881,0.1000,1.1170,0.0000,0.0000,2113.0653,1686.2935,0.1000,1.1145,0.0000,0.0000,2700.7453,0.0000,0,0,0
1.0439,2.2298,1.7129,0.1000,1.1194,0.0000,0.0000,2229.9525,1716.7459,0.1000,1.1169,0.0000,0.0000,2811.4208,0.0000,0,0,0
1.0460,2.3441,1.7586,0.1000,1.1218,0.0000,0.0000,2229.9525,1716.7459,0.1000,1.1169,0.0000,0.0000,2811.3024,0.0000,0,0,0
1.0480,2.4583,1.8042,0.1000,1.1242,0.0000,0.0000,2229.9525,1716.7459,0.1000,1.1169,0.0000,0.0000,2811.1840,0.0000,0,0,0
1.0501,2.5639,1.8697,0.1000,1.1267,0.0000,0.0000,2458.0000,1804.0000,0.1000,1.1210,0.0000,0.0000,3045.7905,0.0000,0,0,0
1.0522,2.6695,1.9352,0.1000,1.1292,0.0000,0.0000,2661.6834,1931.2978,0.1000,1.1252,0.0000,0.0000,3285.2389,0.0000,0,0,0
1.0543,2.7630,2.0189,0.1000,1.1317,0.0000,0.0000,2794.9797,2003.8493,0.1000,1.1283,0.0000,0.0000,3435.6657,0.0000,0,0,0
1.0564,2.8565,2.1026,0.1000,1.1342,0.0000,0.0000,2936.4786,2155.4714,0.1000,1.1308,0.0000,0.0000,3639.1120,0.0000,0,0,0
1.0585,2.9347,2.2023,0.1000,1.1367,0.0000,0.0000,2935.0159,2212.4625,0.1000,1.1334,0.0000,0.0000,3671.8320,0.0000,0,0,0
1.0606,3.0130,2.3019,0.1000,1.1392,0.0000,0.0000,3012.9877,2299.5437,0.1000,1.1365,0.0000,0.0000,3786.4585,0.0000,0,0,0
1.0628,3.0732,2.4147,0.1000,1.1417,0.0000,0.0000,3072.1656,2440.8904,0.1000,1.1389,0.0000,0.0000,3919.8842,0.0000,0,0,0
1.0649,3.1334,2.5276,0.1000,1.1442,0.0000,0.0000,3133.0452,2533.1648,0.1000,1.1413,0.0000,0.0000,4024.9811,0.0000,0,0,0
1.0671,3.1735,2.6503,0.1000,1.1468,0.0000,0.0000,3173.0000,2653.6179,0.1000,1.1441,0.0000,0.0000,4132.2427,0.0000,0,0,0
1.0692,3.2135,2.7730,0.1000,1.1494,0.0000,0.0000,3173.0000,2653.6179,0.1000,1.1441,0.0000,0.0000,4132.1332,0.0000,0,0,0
1.0714,3.2318,2.9021,0.1000,1.1520,0.0000,0.0000,3232.0000,2902.0000,0.1000,1.1441,0.0000,0.0000,4339.3217,0.0000,0,0,0
1.0736,3.2500,3.0311,0.1000,1.1545,0.0000,0.0000,3232.0000,2902.0000,0.1000,1.1486,0.0000,0.0000,4339.2220,0.0000,0,0,0
1.1155,0.7500,3.0311,0.1000,1.2041,0.0000,0.0000,3171.4491,3031.0000,0.1000,1.1533,0.0000,0.0000,4384.2820,0.0000,0,0,0
1.1573,-1.7500,3.0311,0.1000,1.2537,0.0000,0.0000,-1746.2170,3031.0000,0.1000,1.2041,0.0000,0.0000,3494.5330,0.0000,0,0,0
1.1574,-1.7432,3.0323,0.1000,1.2538,0.0000,0.0000,-1743.0000,3032.0000,0.1000,1.2537,0.0000,0.0000,3493.7975,0.0000,0,0,0
1.1576,-1.7363,3.0335,0.1000,1.2540,0.0000,0.0000,-1739.8964,3035.3353,0.1000,1.2538,0.0000,0.0000,3495.1473,0.0000,0,0,0
1.1577,-1.7301,3.0370,0.1000,1.2541,0.0000,0.0000,-1730.1157,3024.4863,0.1000,1.2539,0.0000,0.0000,3480.8724,0.0000,0,0,0
1.1578,-1.7239,3.0406,0.1000,1.2542,0.0000,0.0000,-1730.1157,3024.4863,0.1000,1.2539,0.0000,0.0000,3480.8724,0.0000,0,0,0
1.1579,-1.7189,3.0463,0.1000,1.2544,0.0000,0.0000,-1717.3438,3047.6562,0.1000,1.2542,0.0000,0.0000,3494.7129,0.0000,0,0,0
1.1580,-1.7139,3.0519,0.1000,1.2545,0.0000,0.0000,-1717.8209,3046.9060,0.1000,1.2544,0.0000,0.0000,3494.2912,0.0000,0,0,0
1.1582,-1.7107,3.0594,0.1000,1.2547,0.0000,0.0000,-1692.9142,3047.7209,0.1000,1.2545,0.0000,0.0000,3482.8341,0.0000,0,0,0
1.1583,-1.7074,3.0668,0.1000,1.2549,0.0000,0.0000,-1700.5244,3066.9802,0.1000,1.2547,0.0000,0.0000,3503.3619,0.0000,0,0,0
1.1585,-1.7064,3.0755,0.1000,1.2550,0.0000,0.0000,-1704.2078,3075.2535,0.1000,1.2548,0.0000,0.0000,3512.3765,0.0000,0,0,0
1.1586,-1.7054,3.0843,0.1000,1.2552,0.0000,0.0000,-1706.0000,3076.0000,0.1000,1.2549,0.0000,0.0000,3513.8912,0.0000,0,0,0
1.1588,-1.7068,3.0938,0.1000,1.2554,0.0000,0.0000,-1707.0000,3094.0000,0.1000,1.2549,0.0000,0.0000,3530.1170,0.0000,0,0,0
1.1589,-1.7083,3.1033,0.1000,1.2556,0.0000,0.0000,-1707.0000,3094.0000,0.1000,1.2552,0.0000,0.0000,3530.1080,0.0000,0,0,0
1.1591,-1.7125,3.1129,0.1000,1.2558,0.0000,0.0000,-1713.1339,3110.5398,0.1000,1.2554,0.0000,0.0000,3547.5436,0.0000,0,0,0
1.1593,-1.7167,3.1224,0.1000,1.2560,0.0000,0.0000,-1715.3251,3122.1803,0.1000,1.2558,0.0000,0.0000,3558.7884,0.0000,0,0,0
1.1595,-1.7237,3.1315,0.1000,1.2562,0.0000,0.0000,-1715.3251,3122.1803,0.1000,1.2558,0.0000,0.0000,3558.7772,0.0000,0,0,0
1.1597,-1.7307,3.1405,0.1000,1.2565,0.0000,0.0000,-1730.7076,3133.3599,0.1000,1.2562,0.0000,0.0000,3575.9802,0.0000,0,0,0
1.1599,-1.7404,3.1483,0.1000,1.2567,0.0000,0.0000,-1738.8373,3148.8373,0.1000,1.2562,0.0000,0.0000,3593.4475,0.0000,0,0,0
1.1601,-1.7500,3.1561,0.1000,1.2570,0.0000,0.0000,-1750.0008,3155.6585,0.1000,1.2567,0.0000,0.0000,3604.8096,0.0000,0,0,0
1.1603,-1.7621,3.1620,0.1000,1.2572,0.0000,0.0000,-1762.7590,3163.6183,0.1000,1.2569,0.0000,0.0000,3617.9544,0.0000,0,0,0
1.1605,-1.7741,3.1679,0.1000,1.2575,0.0000,0.0000,-1762.7590,3163.6183,0.1000,1.2569,0.0000,0.0000,3617.9434,0.0000,0,0,0
1.1608,-1.7882,3.1713,0.1000,1.2578,0.0000,0.0000,-1791.6556,3170.9195,0.1000,1.2573,0.0000,0.0000,3638.4412,0.0000,0,0,0
1.1610,-1.8023,3.1747,0.1000,1.2581,0.0000,0.0000,-1804.0146,3174.9962,0.1000,1.2578,0.0000,0.0000,3648.0709,0.0000,0,0,0
1.1613,-1.8178,3.1750,0.1000,1.2584,0.0000,0.0000,-1804.0146,3174.9962,0.1000,1.2578,0.0000,0.0000,3648.0629,0.0000,0,0,0
1.1615,-1.8333,3.1754,0.1000,1.2587,0.0000,0.0000,-1829.0428,3175.0000,0.1000,1.2584,0.0000,0.0000,3660.4871,0.0000,0,0,0
1.1618,-1.8497,3.1724,0.1000,1.2590,0.0000,0.0000,-1829.0428,3175.0000,0.1000,1.2584,0.0000,0.0000,3660.4815,0.0000,0,0,0
1.1621,-1.8661,3.1694,0.1000,1.2593,0.0000,0.0000,-1866.0000,3169.0000,0.1000,1.2584,0.0000,0.0000,3673.8915,0.0000,0,0,0
1.1624,-1.8825,3.1627,0.1000,1.2597,0.0000,0.0000,-1882.9502,3162.8889,0.1000,1.2593,0.0000,0.0000,3677.2660,0.0000,0,0,0
1.1627,-1.8990,3.1561,0.1000,1.2600,0.0000,0.0000,-1902.7145,3156.0001,0.1000,1.2597,0.0000,0.0000,3681.5112,0.0000,0,0,0
1.1630,-1.9147,3.1457,0.1000,1.2604,0.0000,0.0000,-1902.7145,3156.0001,0.1000,1.2597,0.0000,0.0000,3681.5120,0.0000,0,0,0
1.1633,-1.9304,3.1353,0.1000,1.2608,0.0000,0.0000,-1930.2326,3138.5893,0.1000,1.2604,0.0000,0.0000,3680.9538,0.0000,0,0,0
1.1637,-1.9446,3.1212,0.1000,1.2612,0.0000,0.0000,-1940.6487,3119.0967,0.1000,1.2608,0.0000,0.0000,3669.8606,0.0000,0,0,0
1.1640,-1.9588,3.1071,0.1000,1.2616,0.0000,0.0000,-1988.7680,3077.2321,0.1000,1.2612,0.0000,0.0000,3660.2808,0.0000,0,0,0
1.1643,-1.9707,3.0896,0.1000,1.2620,0.0000,0.0000,-1988.7680,3077.2321,0.1000,1.2612,0.0000,0.0000,3660.2890,0.0000,0,0,0
1.1647,-1.9825,3.0721,0.1000,1.2624,0.0000,0.0000,-1986.0194,3098.7150,0.1000,1.2618,0.0000,0.0000,3676.8747,0.0000,0,0,0
1.1651,-1.9913,3.0516,0.1000,1.2629,0.0000,0.0000,-1990.7339,3052.4816,0.1000,1.2624,0.0000,0.0000,3640.6209,0.0000,0,0,0
1.1654,-2.0000,3.0311,0.1000,1.2633,0.0000,0.0000,-1999.9973,3044.6477,0.1000,1.2627,0.0000,0.0000,3639.1516,0.0000,0,0,0
1.1658,-2.0049,3.0082,0.1000,1.2638,0.0000,0.0000,-1999.9973,3044.6477,0.1000,1.2627,0.0000,0.0000,3639.1681,0.0000,0,0,0
1.1662,-2.0099,2.9853,0.1000,1.2642,0.0000,0.0000,-1999.9973,3044.6477,0.1000,1.2627,0.0000,0.0000,3639.1845,0.0000,0,0,0
1.1666,-2.0105,2.9607,0.1000,1.2647,0.0000,0.0000,-2010.0000,2929.8358,0.1000,1.2642,0.0000,0.0000,3549.4535,0.0000,0,0,0
1.1671,-2.0110,2.9361,0.1000,1.2652,0.0000,0.0000,-2011.0000,2934.9405,0.1000,1.2647,0.0000,0.0000,3554.2491,0.0000,0,0,0
1.1675,-2.0068,2.9107,0.1000,1.2657,0.0000,0.0000,-2011.0000,2934.9405,0.1000,1.2647,0.0000,0.0000,3554.2724,0.0000,0,0,0
1.1679,-2.0026,2.8853,0.1000,1.2662,0.0000,0.0000,-2003.0000,2911.4913,0.1000,1.2657,0.0000,0.0000,3530.4362,0.0000,0,0,0
1.1684,-1.9933,2.8600,0.1000,1.2668,0.0000,0.0000,-1992.9824,2863.6869,0.1000,1.2662,0.0000,0.0000,3485.4509,0.0000,0,0,0
1.1688,-1.9841,2.8347,0.1000,1.2673,0.0000,0.0000,-1992.9824,2863.6869,0.1000,1.2662,0.0000,0.0000,3485.4770,0.0000,0,0,0
1.1693,-1.9697,2.8105,0.1000,1.2679,0.0000,0.0000,-1970.0010,2813.3220,0.1000,1.2672,0.0000,0.0000,3431.0526,0.0000,0,0,0
1.1698,-1.9553,2.7864,0.1000,1.2684,0.0000,0.0000,-1970.0010,2813.3220,0.1000,1.2672,0.0000,0.0000,3431.0807,0.0000,0,0,0
1.1702,-1.9360,2.7644,0.1000,1.2690,0.0000,0.0000,-1937.5275,2761.5462,0.1000,1.2681,0.0000,0.0000,3370.0730,0.0000,0,0,0
1.1707,-1.9167,2.7424,0.1000,1.2696,0.0000,0.0000,-1915.3757,2733.4617,0.1000,1.2689,0.0000,0.0000,3334.3894,0.0000,0,0,0
1.1712,-1.8927,2.7236,0.1000,1.2702,0.0000,0.0000,-1903.5197,2724.0350,0.1000,1.2695,0.0000,0.0000,3319.8977,0.0000,0,0,0
1.1718,-1.8688,2.7048,0.1000,1.2708,0.0000,0.0000,-1903.5197,2724.0350,0.1000,1.2695,0.0000,0.0000,3319.9269,0.0000,0,0,0
1.1723,-1.8407,2.6901,0.1000,1.2714,0.0000,0.0000,-1848.4781,2689.8605,0.1000,1.2704,0.0000,0.0000,3260.5144,0.0000,0,0,0
1.1728,-1.8127,2.6755,0.1000,1.2720,0.0000,0.0000,-1810.9381,2674.9858,0.1000,1.2712,0.0000,0.0000,3227.1005,0.0000,0,0,0
1.1734,-1.7814,2.6658,0.1000,1.2727,0.0000,0.0000,-1781.0000,2666.0000,0.1000,1.2717,0.0000,0.0000,3202.9624,0.0000,0,0,0
1.1739,-1.7500,2.6561,0.1000,1.2733,0.0000,0.0000,-1781.0000,2666.0000,0.1000,1.2721,0.0000,0.0000,3202.9879,0.0000,0,0,0
1.1745,-1.7162,2.6521,0.1000,1.2740,0.0000,0.0000,-1781.0000,2666.0000,0.1000,1.2721,0.0000,0.0000,3203.0100,0.0000,0,0,0
1.1751,-1.6825,2.6481,0.1000,1.2747,0.0000,0.0000,-1652.8189,2647.9256,0.1000,1.2736,0.0000,0.0000,3118.2919,0.0000,0,0,0
1.1756,-1.6474,2.6504,0.1000,1.2754,0.0000,0.0000,-1637.4815,2650.0000,0.1000,1.2746,0.0000,0.0000,3111.9790,0.0000,0,0,0
1.1762,-1.6122,2.6526,0.1000,1.2761,0.0000,0.0000,-1611.8210,2649.5627,0.1000,1.2753,0.0000,0.0000,3098.2100,0.0000,0,0,0
1.1768,-1.5770,2.6614,0.1000,1.2768,0.0000,0.0000,-1611.8210,2649.5627,0.1000,1.2753,0.0000,0.0000,3098.2208,0.0000,0,0,0
1.1775,-1.5417,2.6702,0.1000,1.2775,0.0000,0.0000,-1534.6433,2669.7536,0.1000,1.2763,0.0000,0.0000,3076.3183,0.0000,0,0,0
1.1781,-1.5075,2.6858,0.1000,1.2783,0.0000,0.0000,-1534.1675,2677.8325,0.1000,1.2769,0.0000,0.0000,3083.0921,0.0000,0,0,0
1.1787,-1.4732,2.7013,0.1000,1.2790,0.0000,0.0000,-1465.1304,2700.9995,0.1000,1.2782,0.0000,0.0000,3069.7077,0.0000,0,0,0
1.1794,-1.4414,2.7233,0.1000,1.2798,0.0000,0.0000,-1441.0000,2720.7404,0.1000,1.2789,0.0000,0.0000,3075.7024,0.0000,0,0,0
1.1800,-1.4095,2.7454,0.1000,1.2805,0.0000,0.0000,-1407.9056,2736.8030,0.1000,1.2798,0.0000,0.0000,3074.6223,0.0000,0,0,0
1.1807,-1.3813,2.7737,0.1000,1.2813,0.0000,0.0000,-1380.5641,2774.4359,0.1000,1.2804,0.0000,0.0000,3095.8451,0.0000,0,0,0
1.1813,-1.3531,2.8019,0.1000,1.2821,0.0000,0.0000,-1380.5641,2774.4359,0.1000,1.2804,0.0000,0.0000,3095.8323,0.0000,0,0,0
1.1820,-1.3297,2.8358,0.1000,1.2829,0.0000,0.0000,-1329.9690,2837.2099,0.1000,1.2818,0.0000,0.0000,3130.3289,0.0000,0,0,0
1.1827,-1.3063,2.8696,0.1000,1.2838,0.0000,0.0000,-1329.9690,2837.2099,0.1000,1.2818,0.0000,0.0000,3130.3082,0.0000,0,0,0
1.1834,-1.2888,2.9081,0.1000,1.2846,0.0000,0.0000,-1289.0000,2907.8668,0.1000,1.2832,0.0000,0.0000,3177.5754,0.0000,0,0,0
1.1841,-1.2713,2.9467,0.1000,1.2854,0.0000,0.0000,-1289.0000,2907.8668,0.1000,1.2837,0.0000,0.0000,3177.5473,0.0000,0,0,0
1.1849,-1.2606,2.9889,0.1000,1.2863,0.0000,0.0000,-1261.0000,2983.3206,0.1000,1.2854,0.0000,0.0000,3235.6329,0.0000,0,0,0
1.1856,-1.2500,3.0311,0.1000,1.2872,0.0000,0.0000,-1261.0000,2983.3206,0.1000,1.2854,0.0000,0.0000,3235.5982,0.0000,0,0,0
1.1863,-1.2470,3.0757,0.1000,1.2881,0.0000,0.0000,-1248.2309,3038.8421,0.1000,1.2864,0.0000,0.0000,3281.8968,0.0000,0,0,0
1.1871,-1.2439,3.1203,0.1000,1.2889,0.0000,0.0000,-1244.0000,3116.1357,0.1000,1.2880,0.0000,0.0000,3351.9110,0.0000,0,0,0
1.1879,-1.2490,3.1660,0.1000,1.2899,0.0000,0.0000,-1249.0668,3125.7629,0.1000,1.2885,0.0000,0.0000,3362.6865,0.0000,0,0,0
1.1886,-1.2541,3.2116,0.1000,1.2908,0.0000,0.0000,-1249.0668,3125.7629,0.1000,1.2885,0.0000,0.0000,3362.6423,0.0000,0,0,0
1.1894,-1.2675,3.2568,0.1000,1.2917,0.0000,0.0000,-1266.8362,3266.9898,0.1000,1.2902,0.0000,0.0000,3500.5168,0.0000,0,0,0
1.1902,-1.2809,3.3019,0.1000,1.2926,0.0000,0.0000,-1281.0000,3308.8784,0.1000,1.2916,0.0000,0.0000,3544.6462,0.0000,0,0,0
1.1910,-1.3027,3.3451,0.1000,1.2936,0.0000,0.0000,-1281.0000,3308.8784,0.1000,1.2916,0.0000,0.0000,3544.5982,0.0000,0,0,0
1.1918,-1.3244,3.3882,0.1000,1.2945,0.0000,0.0000,-1324.0540,3392.6087,0.1000,1.2929,0.0000,0.0000,3638.1904,0.0000,0,0,0
1.1927,-1.3542,3.4278,0.1000,1.2955,0.0000,0.0000,-1324.0540,3392.6087,0.1000,1.2929,0.0000,0.0000,3638.1427,0.0000,0,0,0
1.1935,-1.3840,3.4673,0.1000,1.2965,0.0000,0.0000,-1354.0000,3428.0000,0.1000,1.2946,0.0000,0.0000,3681.9824,0.0000,0,0,0
1.1943,-1.4212,3.5018,0.1000,1.2975,0.0000,0.0000,-1422.3666,3502.0181,0.1000,1.2965,0.0000,0.0000,3776.0697,0.0000,0,0,0
1.1952,-1.4583,3.5363,0.1000,1.2985,0.0000,0.0000,-1422.3666,3502.0181,0.1000,1.2965,0.0000,0.0000,3776.0238,0.0000,0,0,0
1.1961,-1.5020,3.5643,0.1000,1.2996,0.0000,0.0000,-1528.6888,3564.7483,0.1000,1.2985,0.0000,0.0000,3874.8330,0.0000,0,0,0
1.1969,-1.5457,3.5923,0.1000,1.3006,0.0000,0.0000,-1546.6842,3591.9981,0.1000,1.2995,0.0000,0.0000,3906.9309,0.0000,0,0,0
1.1978,-1.5948,3.6126,0.1000,1.3016,0.0000,0.0000,-1602.8249,3612.9996,0.1000,1.3005,0.0000,0.0000,3948.6216,0.0000,0,0,0
1.1987,-1.6439,3.6329,0.1000,1.3027,0.0000,0.0000,-1602.8249,3612.9996,0.1000,1.3005,0.0000,0.0000,3948.5831,0.0000,0,0,0
1.1996,-1.6969,3.6445,0.1000,1.3038,0.0000,0.0000,-1699.2608,3645.0075,0.1000,1.3024,0.0000,0.0000,4017.6171,0.0000,0,0,0
1.2005,-1.7500,3.6561,0.1000,1.3048,0.0000,0.0000,-1750.4155,3656.0672,0.1000,1.3024,0.0000,0.0000,4049.4368,0.0000,0,0,0
1.2015,-1.8055,3.6582,0.1000,1.3059,0.0000,0.0000,-1750.4155,3656.0672,0.1000,1.3034,0.0000,0.0000,4049.4110,0.0000,0,0,0
1.2024,-1.8609,3.6603,0.1000,1.3070,0.0000,0.0000,-1847.5535,3660.0022,0.1000,1.3058,0.0000,0.0000,4095.7804,0.0000,0,0,0
1.2033,-1.9171,3.6524,0.1000,1.3082,0.0000,0.0000,-1921.5454,3651.8776,0.1000,1.3063,0.0000,0.0000,4122.4410,0.0000,0,0,0
1.2043,-1.9733,3.6445,0.1000,1.3093,0.0000,0.0000,-1970.4430,3643.9989,0.1000,1.3081,0.0000,0.0000,4138.4844,0.0000,0,0,0
1.2052,-2.0283,3.6265,0.1000,1.3104,0.0000,0.0000,-2024.9656,3625.8452,0.1000,1.3090,0.0000,0.0000,4148.8244,0.0000,0,0,0
1.2062,-2.0833,3.6084,0.1000,1.3116,0.0000,0.0000,-2081.1095,3609.2253,0.1000,1.3104,0.0000,0.0000,4162.0695,0.0000,0,0,0
1.2072,-2.1354,3.5804,0.1000,1.3128,0.0000,0.0000,-2081.1095,3609.2253,0.1000,1.3104,0.0000,0.0000,4162.0677,0.0000,0,0,0
1.2082,-2.1875,3.5524,0.1000,1.3139,0.0000,0.0000,-2142.8427,3572.1573,0.1000,1.3116,0.0000,0.0000,4161.4115,0.0000,0,0,0
1.2092,-2.2347,3.5149,0.1000,1.3151,0.0000,0.0000,-2235.1957,3514.8062,0.1000,1.3136,0.0000,0.0000,4161.1634,0.0000,0,0,0
1.2102,-2.2820,3.4775,0.1000,1.3163,0.0000,0.0000,-2235.1957,3514.8062,0.1000,1.3136,0.0000,0.0000,4161.1697,0.0000,0,0,0
1.2112,-2.3227,3.4314,0.1000,1.3175,0.0000,0.0000,-2317.6876,3430.9116,0.1000,1.3162,0.0000,0.0000,4136.2465,0.0000,0,0,0
1.2123,-2.3634,3.3853,0.1000,1.3188,0.0000,0.0000,-2317.6876,3430.9116,0.1000,1.3162,0.0000,0.0000,4136.2619,0.0000,0,0,0
1.2133,-2.3961,3.3317,0.1000,1.3200,0.0000,0.0000,-2395.8279,3329.2339,0.1000,1.3188,0.0000,0.0000,4097.5776,0.0000,0,0,0
1.2144,-2.4287,3.2781,0.1000,1.3213,0.0000,0.0000,-2395.8279,3329.2339,0.1000,1.3188,0.0000,0.0000,4097.6020,0.0000,0,0,0
1.2155,-2.4518,3.2185,0.1000,1.3225,0.0000,0.0000,-2452.0181,3222.8325,0.1000,1.3204,0.0000,0.0000,4045.5271,0.0000,0,0,0
1.2165,-2.4749,3.1589,0.1000,1.3238,0.0000,0.0000,-2452.0181,3222.8325,0.1000,1.3204,0.0000,0.0000,4045.5605,0.0000,0,0,0
1.2176,-2.4875,3.0950,0.1000,1.3251,0.0000,0.0000,-2487.0000,3097.9459,0.1000,1.3238,0.0000,0.0000,3968.7410,0.0000,0,0,0
1.2187,-2.5000,3.0311,0.1000,1.3264,0.0000,0.0000,-2498.8174,3047.8686,0.1000,1.3242,0.0000,0.0000,3937.3387,0.0000,0,0,0
1.2198,-2.5011,2.9648,0.1000,1.3277,0.0000,0.0000,-2500.9999,2961.3396,0.1000,1.3261,0.0000,0.0000,3872.2703,0.0000,0,0,0
1.2209,-2.5023,2.8984,0.1000,1.3290,0.0000,0.0000,-2502.0000,2901.9163,0.1000,1.3276,0.0000,0.0000,3827.7661,0.0000,0,0,0
1.2221,-2.4916,2.8318,0.1000,1.3303,0.0000,0.0000,-2491.9973,2824.6704,0.1000,1.3290,0.0000,0.0000,3763.0323,0.0000,0,0,0
1.2232,-2.4809,2.7651,0.1000,1.3317,0.0000,0.0000,-2492.0000,2832.0000,0.1000,1.3292,0.0000,0.0000,3768.5907,0.0000,0,0,0
1.2243,-2.4582,2.7002,0.1000,1.3330,0.0000,0.0000,-2453.0716,2691.1851,0.1000,1.3316,0.0000,0.0000,3637.7819,0.0000,0,0,0
1.2255,-2.4356,2.6353,0.1000,1.3344,0.0000,0.0000,-2453.0716,2691.1851,0.1000,1.3316,0.0000,0.0000,3637.8451,0.0000,0,0,0
1.2267,-2.4013,2.5743,0.1000,1.3358,0.0000,0.0000,-2453.0716,2691.1851,0.1000,1.3316,0.0000,0.0000,3637.9133,0.0000,0,0,0
1.2278,-2.3671,2.5133,0.1000,1.3372,0.0000,0.0000,-2367.1111,2524.6947,0.1000,1.3349,0.0000,0.0000,3457.3709,0.0000,0,0,0
1.2290,-2.3219,2.4583,0.1000,1.3386,0.0000,0.0000,-2367.1111,2524.6947,0.1000,1.3349,0.0000,0.0000,3457.4419,0.0000,0,0,0
1.2302,-2.2767,2.4034,0.1000,1.3400,0.0000,0.0000,-2276.9892,2404.5269,0.1000,1.3379,0.0000,0.0000,3308.2494,0.0000,0,0,0
1.2314,-2.2217,2.3564,0.1000,1.3414,0.0000,0.0000,-2184.6550,2353.4758,0.1000,1.3400,0.0000,0.0000,3207.9242,0.0000,0,0,0
1.2326,-2.1667,2.3094,0.1000,1.3429,0.0000,0.0000,-2200.1531,2291.9880,0.1000,1.3412,0.0000,0.0000,3173.9207,0.0000,0,0,0
1.2339,-2.1032,2.2722,0.1000,1.3443,0.0000,0.0000,-2091.6147,2272.0326,0.1000,1.3425,0.0000,0.0000,3085.1046,0.0000,0,0,0
1.2351,-2.0398,2.2350,0.1000,1.3458,0.0000,0.0000,-2091.6147,2272.0326,0.1000,1.3425,0.0000,0.0000,3085.1750,0.0000,0,0,0
1.2364,-1.9696,2.2090,0.1000,1.3473,0.0000,0.0000,-1927.0883,2208.4438,0.1000,1.3450,0.0000,0.0000,2928.0632,0.0000,0,0,0
1.2376,-1.8995,2.1831,0.1000,1.3488,0.0000,0.0000,-1899.1200,2157.4870,0.1000,1.3473,0.0000,0.0000,2871.3726,0.0000,0,0,0
1.2389,-1.8248,2.1696,0.1000,1.3503,0.0000,0.0000,-1823.9185,2170.0001,0.1000,1.3473,0.0000,0.0000,2831.8748,0.0000,0,0,0
1.2401,-1.7500,2.1561,0.1000,1.3518,0.0000,0.0000,-1749.9045,2157.0911,0.1000,1.3502,0.0000,0.0000,2774.8494,0.0000,0,0,0
1.2414,-1.6728,2.1559,0.1000,1.3533,0.0000,0.0000,-1681.6180,2156.0000,0.1000,1.3515,0.0000,0.0000,2731.5307,0.0000,0,0,0
1.2427,-1.5956,2.1557,0.1000,1.3548,0.0000,0.0000,-1626.4829,2156.0000,0.1000,1.3523,0.0000,0.0000,2698.0185,0.0000,0,0,0
1.2440,-1.5184,2.1692,0.1000,1.3564,0.0000,0.0000,-1520.2024,2168.9999,0.1000,1.3547,0.0000,0.0000,2646.0454,0.0000,0,0,0
1.2454,-1.4412,2.1828,0.1000,1.3579,0.0000,0.0000,-1440.0941,2183.0000,0.1000,1.3564,0.0000,0.0000,2612.6014,0.0000,0,0,0
1.2467,-1.3664,2.2100,0.1000,1.3595,0.0000,0.0000,-1356.3223,2210.0400,0.1000,1.3574,0.0000,0.0000,2590.4475,0.0000,0,0,0
1.2480,-1.2917,2.2372,0.1000,1.3611,0.0000,0.0000,-1294.3894,2234.3031,0.1000,1.3595,0.0000,0.0000,2579.5775,0.0000,0,0,0
1.2494,-1.2218,2.2777,0.1000,1.3627,0.0000,0.0000,-1294.3894,2234.3031,0.1000,1.3595,0.0000,0.0000,2579.5775,0.0000,0,0,0
1.2507,-1.1519,2.3182,0.1000,1.3643,0.0000,0.0000,-1147.0300,2348.0605,0.1000,1.3627,0.0000,0.0000,2610.6596,0.0000,0,0,0
1.2521,-1.0892,2.3711,0.1000,1.3659,0.0000,0.0000,-1084.5705,2370.8673,0.1000,1.3640,0.0000,0.0000,2604.5549,0.0000,0,0,0
1.2535,-1.0265,2.4240,0.1000,1.3675,0.0000,0.0000,-1029.2874,2423.7818,0.1000,1.3659,0.0000,0.0000,2630.6452,0.0000,0,0,0
1.2549,-0.9733,2.4880,0.1000,1.3692,0.0000,0.0000,-973.0030,2449.8645,0.1000,1.3675,0.0000,0.0000,2633.3427,0.0000,0,0,0
1.2563,-0.9201,2.5519,0.1000,1.3708,0.0000,0.0000,-973.0030,2449.8645,0.1000,1.3675,0.0000,0.0000,2633.3029,0.0000,0,0,0
1.2577,-0.8782,2.6252,0.1000,1.3725,0.0000,0.0000,-870.0552,2720.9574,0.1000,1.3701,0.0000,0.0000,2853.9093,0.0000,0,0,0
1.2591,-0.8364,2.6986,0.1000,1.3742,0.0000,0.0000,-836.0085,2706.9749,0.1000,1.3721,0.0000,0.0000,2830.3043,0.0000,0,0,0
1.2605,-0.8076,2.7792,0.1000,1.3759,0.0000,0.0000,-836.0085,2706.9749,0.1000,1.3721,0.0000,0.0000,2830.2358,0.0000,0,0,0
1.2620,-0.7789,2.8599,0.1000,1.3776,0.0000,0.0000,-779.0000,2859.2942,0.1000,1.3752,0.0000,0.0000,2960.5481,0.0000,0,0,0
1.2634,-0.7644,2.9455,0.1000,1.3793,0.0000,0.0000,-779.0000,2859.2942,0.1000,1.3752,0.0000,0.0000,2960.4693,0.0000,0,0,0
1.2649,-0.7500,3.0311,0.1000,1.3810,0.0000,0.0000,-747.9264,3002.4274,0.1000,1.3779,0.0000,0.0000,3091.0599,0.0000,0,0,0
1.2663,-0.7508,3.1191,0.1000,1.3828,0.0000,0.0000,-751.0000,3102.0575,0.1000,1.3808,0.0000,0.0000,3188.4624,0.0000,0,0,0
1.2678,-0.7515,3.2071,0.1000,1.3845,0.0000,0.0000,-751.0000,3102.0575,0.1000,1.3808,0.0000,0.0000,3188.3767,0.0000,0,0,0
1.2693,-0.7679,3.2949,0.1000,1.3863,0.0000,0.0000,-768.0019,3291.4049,0.1000,1.3845,0.0000,0.0000,3376.4353,0.0000,0,0,0
1.2708,-0.7842,3.3826,0.1000,1.3881,0.0000,0.0000,-768.0019,3291.4049,0.1000,1.3845,0.0000,0.0000,3376.3462,0.0000,0,0,0
1.2723,-0.8160,3.4673,0.1000,1.3899,0.0000,0.0000,-816.0231,3451.9625,0.1000,1.3845,0.0000,0.0000,3543.5409,0.0000,0,0,0
1.2738,-0.8479,3.5519,0.1000,1.3917,0.0000,0.0000,-847.9543,3524.7047,0.1000,1.3877,0.0000,0.0000,3621.6165,0.0000,0,0,0
1.2754,-0.8946,3.6308,0.1000,1.3935,0.0000,0.0000,-895.0012,3630.4675,0.1000,1.3916,0.0000,0.0000,3735.4212,0.0000,0,0,0
1.2769,-0.9414,3.7096,0.1000,1.3953,0.0000,0.0000,-939.7185,3710.1555,0.1000,1.3932,0.0000,0.0000,3823.4858,0.0000,0,0,0
1.2785,-1.0020,3.7800,0.1000,1.3971,0.0000,0.0000,-992.9682,3818.0737,0.1000,1.3953,0.0000,0.0000,3941.1716,0.0000,0,0,0
1.2800,-1.0626,3.8503,0.1000,1.3990,0.0000,0.0000,-992.9682,3818.0737,0.1000,1.3953,0.0000,0.0000,3941.0883,0.0000,0,0,0
1.2816,-1.1355,3.9098,0.1000,1.4008,0.0000,0.0000,-1168.1366,3933.7919,0.1000,1.3990,0.0000,0.0000,4099.4957,0.0000,0,0,0
1.2832,-1.2083,3.9693,0.1000,1.4027,0.0000,0.0000,-1168.1366,3933.7919,0.1000,1.3990,0.0000,0.0000,4099.4179,0.0000,0,0,0
1.2848,-1.2915,4.0157,0.1000,1.4046,0.0000,0.0000,-1448.4154,4074.3235,0.1000,1.4016,0.0000,0.0000,4319.9042,0.0000,0,0,0
1.2864,-1.3747,4.0621,0.1000,1.4065,0.0000,0.0000,-1448.4154,4074.3235,0.1000,1.4016,0.0000,0.0000,4319.8326,0.0000,0,0,0
1.2880,-1.4659,4.0937,0.1000,1.4084,0.0000,0.0000,-1466.2640,4092.4507,0.1000,1.4061,0.0000,0.0000,4342.8443,0.0000,0,0,0
1.2896,-1.5571,4.1253,0.1000,1.4103,0.0000,0.0000,-1539.1591,4122.1824,0.1000,1.4061,0.0000,0.0000,4395.7495,0.0000,0,0,0
1.2912,-1.6535,4.1407,0.1000,1.4122,0.0000,0.0000,-1539.1591,4122.1824,0.1000,1.4071,0.0000,0.0000,4395.7014,0.0000,0,0,0
1.2929,-1.7500,4.1561,0.1000,1.4142,0.0000,0.0000,-1744.6365,4155.4023,0.1000,1.4119,0.0000,0.0000,4502.2770,0.0000,0,0,0
1.2945,-1.8489,4.1544,0.1000,1.4161,0.0000,0.0000,-1834.1398,4154.0000,0.1000,1.4119,0.0000,0.0000,4536.3541,0.0000,0,0,0
1.2962,-1.9478,4.1527,0.1000,1.4181,0.0000,0.0000,-1834.1398,4154.0000,0.1000,1.4139,0.0000,0.0000,4536.3157,0.0000,0,0,0
1.2978,-2.0460,4.1335,0.1000,1.4201,0.0000,0.0000,-2042.2314,4134.0046,0.1000,1.4175,0.0000,0.0000,4606.3208,0.0000,0,0,0
1.2995,-2.1443,4.1143,0.1000,1.4221,0.0000,0.0000,-2140.1365,4113.9997,0.1000,1.4194,0.0000,0.0000,4632.7280,0.0000,0,0,0
1.3012,-2.2388,4.0779,0.1000,1.4241,0.0000,0.0000,-2140.1365,4113.9997,0.1000,1.4194,0.0000,0.0000,4632.7167,0.0000,0,0,0
1.3029,-2.3333,4.0415,0.1000,1.4261,0.0000,0.0000,-2367.8397,4040.9976,0.1000,1.4229,0.0000,0.0000,4678.9566,0.0000,0,0,0
1.3046,-2.4211,3.9884,0.1000,1.4281,0.0000,0.0000,-2367.8397,4040.9976,0.1000,1.4229,0.0000,0.0000,4678.9580,0.0000,0,0,0
1.3063,-2.5088,3.9354,0.1000,1.4302,0.0000,0.0000,-2507.7625,3935.0098,0.1000,1.4277,0.0000,0.0000,4661.5064,0.0000,0,0,0
1.3081,-2.5869,3.8672,0.1000,1.4322,0.0000,0.0000,-2532.5093,3911.4907,0.1000,1.4286,0.0000,0.0000,4655.1079,0.0000,0,0,0
1.3098,-2.6650,3.7989,0.1000,1.4343,0.0000,0.0000,-2667.1417,3796.8893,0.1000,1.4321,0.0000,0.0000,4635.4041,0.0000,0,0,0
1.3116,-2.7307,3.7171,0.1000,1.4363,0.0000,0.0000,-2740.5066,3698.1427,0.1000,1.4333,0.0000,0.0000,4598.2820,0.0000,0,0,0
1.3133,-2.7964,3.6353,0.1000,1.4384,0.0000,0.0000,-2803.9527,3635.2228,0.1000,1.4363,0.0000,0.0000,4586.3825,0.0000,0,0,0
1.3151,-2.8475,3.5422,0.1000,1.4405,0.0000,0.0000,-2846.4715,3530.2893,0.1000,1.4373,0.0000,0.0000,4530.3580,0.0000,0,0,0
1.3169,-2.8985,3.4491,0.1000,1.4426,0.0000,0.0000,-2896.8517,3447.0869,0.1000,1.4405,0.0000,0.0000,4498.1781,0.0000,0,0,0
1.3187,-2.9329,3.3474,0.1000,1.4448,0.0000,0.0000,-2932.9988,3343.0930,0.1000,1.4425,0.0000,0.0000,4442.8804,0.0000,0,0,0
1.3205,-2.9673,3.2457,0.1000,1.4469,0.0000,0.0000,-2967.0000,3242.5335,0.1000,1.4444,0.0000,0.0000,4390.7260,0.0000,0,0,0
1.3223,-2.9837,3.1384,0.1000,1.4490,0.0000,0.0000,-2967.0000,3242.5335,0.1000,1.4444,0.0000,0.0000,4390.7942,0.0000,0,0,0
1.3241,-3.0000,3.0311,0.1000,1.4512,0.0000,0.0000,-2999.9785,3016.1860,0.1000,1.4481,0.0000,0.0000,4249.8214,0.0000,0,0,0
1.3260,-2.9973,2.9214,0.1000,1.4534,0.0000,0.0000,-2996.9172,2879.8364,0.1000,1.4503,0.0000,0.0000,4152.1315,0.0000,0,0,0
1.3278,-2.9947,2.8116,0.1000,1.4556,0.0000,0.0000,-2995.0000,2817.4357,0.1000,1.4530,0.0000,0.0000,4107.8224,0.0000,0,0,0
1.3297,-2.9727,2.7028,0.1000,1.4578,0.0000,0.0000,-2995.0000,2817.4357,0.1000,1.4530,0.0000,0.0000,4107.9129,0.0000,0,0,0
1.3315,-2.9507,2.5941,0.1000,1.4600,0.0000,0.0000,-2951.0000,2561.0169,0.1000,1.4577,0.0000,0.0000,3903.3988,0.0000,0,0,0
1.3334,-2.9097,2.4897,0.1000,1.4622,0.0000,0.0000,-2909.9754,2476.0874,0.1000,1.4598,0.0000,0.0000,3817.0299,0.0000,0,0,0
1.3353,-2.8686,2.3853,0.1000,1.4644,0.0000,0.0000,-2909.9754,2476.0874,0.1000,1.4598,0.0000,0.0000,3817.1288,0.0000,0,0,0
1.3372,-2.8094,2.2886,0.1000,1.4667,0.0000,0.0000,-2845.4979,2361.4979,0.1000,1.4624,0.0000,0.0000,3694.1503,0.0000,0,0,0
1.3391,-2.7501,2.1919,0.1000,1.4689,0.0000,0.0000,-2845.4979,2361.4979,0.1000,1.4624,0.0000,0.0000,3694.2577,0.0000,0,0,0
1.3410,-2.6741,2.1061,0.1000,1.4712,0.0000,0.0000,-2686.7275,2122.8182,0.1000,1.4669,0.0000,0.0000,3420.7546,0.0000,0,0,0
1.3429,-2.5981,2.0203,0.1000,1.4734,0.0000,0.0000,-2606.3322,2038.3322,0.1000,1.4698,0.0000,0.0000,3305.4496,0.0000,0,0,0
1.3448,-2.5074,1.9484,0.1000,1.4757,0.0000,0.0000,-2500.3834,1948.0000,0.1000,1.4734,0.0000,0.0000,3166.4652,0.0000,0,0,0
1.3468,-2.4167,1.8764,0.1000,1.4780,0.0000,0.0000,-2415.5051,1874.4140,0.1000,1.4753,0.0000,0.0000,3054.4055,0.0000,0,0,0
1.3487,-2.3137,1.8208,0.1000,1.4804,0.0000,0.0000,-2310.1906,1820.9999,0.1000,1.4779,0.0000,0.0000,2938.6576,0.0000,0,0,0
1.3507,-2.2108,1.7651,0.1000,1.4827,0.0000,0.0000,-2207.4085,1765.0000,0.1000,1.4803,0.0000,0.0000,2823.4543,0.0000,0,0,0
1.3527,-2.0986,1.7279,0.1000,1.4850,0.0000,0.0000,-2098.7137,1727.9996,0.1000,1.4803,0.0000,0.0000,2715.8441,0.0000,0,0,0
1.3547,-1.9864,1.6907,0.1000,1.4874,0.0000,0.0000,-2098.7137,1727.9996,0.1000,1.4818,0.0000,0.0000,2715.9544,0.0000,0,0,0
1.3567,-1.8682,1.6734,0.1000,1.4897,0.0000,0.0000,-1882.1313,1673.8033,0.1000,1.4861,0.0000,0.0000,2516.2289,0.0000,0,0,0
1.3587,-1.7500,1.6561,0.1000,1.4921,0.0000,0.0000,-1746.0540,1655.9475,0.1000,1.4897,0.0000,0.0000,2404.0126,0.0000,0,0,0
1.3607,-1.6294,1.6597,0.1000,1.4945,0.0000,0.0000,-1631.4458,1660.0000,0.1000,1.4921,0.0000,0.0000,2325.1654,0.0000,0,0,0
1.3627,-1.5088,1.6633,0.1000,1.4969,0.0000,0.0000,-1631.4458,1660.0000,0.1000,1.4921,0.0000,0.0000,2325.2474,0.0000,0,0,0
1.3647,-1.3895,1.6881,0.1000,1.4993,0.0000,0.0000,-1386.6366,1687.9765,0.1000,1.4968,0.0000,0.0000,2182.3102,0.0000,0,0,0
1.3668,-1.2702,1.7129,0.1000,1.5017,0.0000,0.0000,-1386.6366,1687.9765,0.1000,1.4968,0.0000,0.0000,2182.3668,0.0000,0,0,0
1.3688,-1.1559,1.7586,0.1000,1.5042,0.0000,0.0000,-1186.8820,1758.9777,0.1000,1.5015,0.0000,0.0000,2119.8503,0.0000,0,0,0
1.3709,-1.0417,1.8042,0.1000,1.5066,0.0000,0.0000,-1083.5433,1804.0000,0.1000,1.5040,0.0000,0.0000,2102.3128,0.0000,0,0,0
1.3730,-0.9361,1.8697,0.1000,1.5091,0.0000,0.0000,-1083.5433,1804.0000,0.1000,1.5040,0.0000,0.0000,2102.3111,0.0000,0,0,0
1.3751,-0.8305,1.9352,0.1000,1.5115,0.0000,0.0000,-826.4560,1935.6818,0.1000,1.5090,0.0000,0.0000,2102.6254,0.0000,0,0,0
1.3772,-0.7370,2.0189,0.1000,1.5140,0.0000,0.0000,-722.1243,1995.3284,0.1000,1.5114,0.0000,0.0000,2119.8308,0.0000,0,0,0
1.3793,-0.6435,2.1026,0.1000,1.5165,0.0000,0.0000,-643.7918,2106.7117,0.1000,1.5138,0.0000,0.0000,2200.6861,0.0000,0,0,0
1.3814,-0.5653,2.2023,0.1000,1.5190,0.0000,0.0000,-564.9999,2204.4327,0.1000,1.5165,0.0000,0.0000,2273.4127,0.0000,0,0,0
1.3835,-0.4870,2.3019,0.1000,1.5215,0.0000,0.0000,-564.9999,2204.4327,0.1000,1.5165,0.0000,0.0000,2273.3356,0.0000,0,0,0
1.3857,-0.4268,2.4147,0.1000,1.5241,0.0000,0.0000,-487.0000,2302.0000,0.1000,1.5187,0.0000,0.0000,2350.4991,0.0000,0,0,0
1.3878,-0.3666,2.5276,0.1000,1.5266,0.0000,0.0000,-367.0001,2535.0428,0.1000,1.5239,0.0000,0.0000,2558.9165,0.0000,0,0,0
1.3900,-0.3265,2.6503,0.1000,1.5292,0.0000,0.0000,-327.0084,2656.8566,0.1000,1.5260,0.0000,0.0000,2674.2349,0.0000,0,0,0
1.3921,-0.2865,2.7730,0.1000,1.5317,0.0000,0.0000,-283.1754,2890.6704,0.1000,1.5285,0.0000,0.0000,2901.7197,0.0000,0,0,0
1.3943,-0.2682,2.9021,0.1000,1.5343,0.0000,0.0000,-264.6048,2902.0000,0.1000,1.5317,0.0000,0.0000,2911.1240,0.0000,0,0,0
1.3965,-0.2500,3.0311,0.1000,1.5369,0.0000,0.0000,-250.0000,3027.9516,0.1000,1.5343,0.0000,0.0000,3035.2132,0.0000,0,0,0
1.4337,-1.8750,1.5155,0.1000,1.5810,0.0000,0.0000,-1876.2241,1515.8828,0.1000,1.5368,0.0000,0.0000,2409.6665,0.0000,0,0,0
1.4709,-3.5000,0.0000,0.1000,1.6250,0.0000,0.0000,-3500.0000,0.0000,0.1000,1.5792,0.0000,0.0000,3496.5000,0.0000,0,0,0
1.4710,-3.4932,0.0012,0.1000,1.6251,0.0000,0.0000,-3500.0000,0.0000,0.1000,1.5864,0.0000,0.0000,3496.5068,0.0000,0,0,0
1.4711,-3.4863,0.0024,0.1000,1.6253,0.0000,0.0000,-3486.2744,43.0648,0.1000,1.6251,0.0000,0.0000,3483.0543,0.0000,0,0,0
1.4713,-3.4801,0.0060,0.1000,1.6254,0.0000,0.0000,-3486.2744,43.0648,0.1000,1.6251,0.0000,0.0000,3483.0605,0.0000,0,0,0
1.4714,-3.4739,0.0095,0.1000,1.6256,0.0000,0.0000,-3477.0566,9.4619,0.1000,1.6254,0.0000,0.0000,3473.5956,0.0000,0,0,0
1.4715,-3.4689,0.0152,0.1000,1.6257,0.0000,0.0000,-3477.0566,9.4619,0.1000,1.6254,0.0000,0.0000,3473.6005,0.0000,0,0,0
1.4716,-3.4639,0.0208,0.1000,1.6259,0.0000,0.0000,-3465.1689,21.7787,0.1000,1.6257,0.0000,0.0000,3461.7734,0.0000,0,0,0
1.4718,-3.4607,0.0283,0.1000,1.6260,0.0000,0.0000,-3465.1689,21.7787,0.1000,1.6257,0.0000,0.0000,3461.7766,0.0000,0,0,0
1.4719,-3.4574,0.0357,0.1000,1.6262,0.0000,0.0000,-3458.9775,36.9639,0.1000,1.6260,0.0000,0.0000,3455.7173,0.0000,0,0,0
1.4720,-3.4564,0.0445,0.1000,1.6264,0.0000,0.0000,-3458.9775,36.9639,0.1000,1.6260,0.0000,0.0000,3455.7183,0.0000,0,0,0
1.4722,-3.4554,0.0532,0.1000,1.6265,0.0000,0.0000,-3453.7678,27.6556,0.1000,1.6262,0.0000,0.0000,3450.4228,0.0000,0,0,0
1.4724,-3.4568,0.0627,0.1000,1.6267,0.0000,0.0000,-3457.0755,57.5037,0.1000,1.6265,0.0000,0.0000,3454.0963,0.0000,0,0,0
1.4725,-3.4583,0.0722,0.1000,1.6269,0.0000,0.0000,-3457.0755,57.5037,0.1000,1.6265,0.0000,0.0000,3454.0946,0.0000,0,0,0
1.4727,-3.4625,0.0818,0.1000,1.6271,0.0000,0.0000,-3462.9989,80.0556,0.1000,1.6269,0.0000,0.0000,3460.4607,0.0000,0,0,0
1.4729,-3.4667,0.0914,0.1000,1.6273,0.0000,0.0000,-3462.9989,80.0556,0.1000,1.6269,0.0000,0.0000,3460.4562,0.0000,0,0,0
1.4731,-3.4737,0.1004,0.1000,1.6276,0.0000,0.0000,-3459.7481,82.9437,0.1000,1.6272,0.0000,0.0000,3457.2671,0.0000,0,0,0
1.4733,-3.4807,0.1094,0.1000,1.6278,0.0000,0.0000,-3474.0000,100.0000,0.1000,1.6274,0.0000,0.0000,3471.9566,0.0000,0,0,0
1.4735,-3.4904,0.1172,0.1000,1.6280,0.0000,0.0000,-3474.0000,100.0000,0.1000,1.6274,0.0000,0.0000,3471.9467,0.0000,0,0,0
1.4737,-3.5000,0.1250,0.1000,1.6283,0.0000,0.0000,-3503.6390,125.1602,0.1000,1.6278,0.0000,0.0000,3502.3716,0.0000,0,0,0
1.4739,-3.5121,0.1309,0.1000,1.6285,0.0000,0.0000,-3512.5304,129.9050,0.1000,1.6283,0.0000,0.0000,3511.4172,0.0000,0,0,0
1.4741,-3.5241,0.1368,0.1000,1.6288,0.0000,0.0000,-3524.0001,141.9233,0.1000,1.6285,0.0000,0.0000,3523.3300,0.0000,0,0,0
1.4744,-3.5382,0.1402,0.1000,1.6291,0.0000,0.0000,-3538.0000,140.0000,0.1000,1.6288,0.0000,0.0000,3537.2279,0.0000,0,0,0
1.4746,-3.5523,0.1436,0.1000,1.6294,0.0000,0.0000,-3538.0000,140.0000,0.1000,1.6288,0.0000,0.0000,3537.2137,0.0000,0,0,0
1.4749,-3.5678,0.1440,0.1000,1.6297,0.0000,0.0000,-3538.0000,140.0000,0.1000,1.6288,0.0000,0.0000,3537.1981,0.0000,0,0,0
1.4751,-3.5833,0.1443,0.1000,1.6300,0.0000,0.0000,-3586.4004,144.0000,0.1000,1.6296,0.0000,0.0000,3585.7039,0.0000,0,0,0
1.4754,-3.5997,0.1413,0.1000,1.6303,0.0000,0.0000,-3600.7454,138.0846,0.1000,1.6300,0.0000,0.0000,3599.7896,0.0000,0,0,0
1.4757,-3.6161,0.1383,0.1000,1.6307,0.0000,0.0000,-3600.7454,138.0846,0.1000,1.6300,0.0000,0.0000,3599.7734,0.0000,0,0,0
1.4760,-3.6325,0.1317,0.1000,1.6310,0.0000,0.0000,-3621.3746,133.3669,0.1000,1.6304,0.0000,0.0000,3620.1947,0.0000,0,0,0
1.4763,-3.6490,0.1250,0.1000,1.6314,0.0000,0.0000,-3655.2084,120.8613,0.1000,1.6304,0.0000,0.0000,3653.5550,0.0000,0,0,0
1.4766,-3.6647,0.1146,0.1000,1.6317,0.0000,0.0000,-3665.6825,122.1964,0.1000,1.6314,0.0000,0.0000,3664.0522,0.0000,0,0,0
1.4769,-3.6804,0.1042,0.1000,1.6321,0.0000,0.0000,-3665.6825,122.1964,0.1000,1.6314,0.0000,0.0000,3664.0368,0.0000,0,0,0
1.4772,-3.6946,0.0901,0.1000,1.6325,0.0000,0.0000,-3665.6825,122.1964,0.1000,1.6314,0.0000,0.0000,3664.0231,0.0000,0,0,0
1.4776,-3.7088,0.0760,0.1000,1.6329,0.0000,0.0000,-3702.8254,82.1746,0.1000,1.6320,0.0000,0.0000,3700.0275,0.0000,0,0,0
1.4779,-3.7207,0.0585,0.1000,1.6333,0.0000,0.0000,-3702.8254,82.1746,0.1000,1.6320,0.0000,0.0000,3700.0160,0.0000,0,0,0
1.4783,-3.7325,0.0410,0.1000,1.6337,0.0000,0.0000,-3732.9521,40.9803,0.1000,1.6320,0.0000,0.0000,3729.4443,0.0000,0,0,0
1.4787,-3.7413,0.0205,0.1000,1.6342,0.0000,0.0000,-3744.4959,21.0000,0.1000,1.6337,0.0000,0.0000,3740.8135,0.0000,0,0,0
1.4790,-3.7500,0.0000,0.1000,1.6346,0.0000,0.0000,-3749.0200,-2.6504,0.1000,1.6342,0.0000,0.0000,3745.2709,0.0000,0,0,0
1.4794,-3.7549,-0.0229,0.1000,1.6351,0.0000,0.0000,-3755.1409,-21.7292,0.1000,1.6342,0.0000,0.0000,3751.4488,0.0000,0,0,0
1.4798,-3.7599,-0.0458,0.1000,1.6356,0.0000,0.0000,-3755.1409,-21.7292,0.1000,1.6342,0.0000,0.0000,3751.4437,0.0000,0,0,0
1.4802,-3.7605,-0.0704,0.1000,1.6360,0.0000,0.0000,-3755.1409,-21.7292,0.1000,1.6342,0.0000,0.0000,3751.4430,0.0000,0,0,0
1.4806,-3.7610,-0.0950,0.1000,1.6365,0.0000,0.0000,-3761.0120,-99.4528,0.1000,1.6346,0.0000,0.0000,3758.5645,0.0000,0,0,0
1.4811,-3.7568,-0.1204,0.1000,1.6370,0.0000,0.0000,-3761.0120,-99.4528,0.1000,1.6346,0.0000,0.0000,3758.5680,0.0000,0,0,0
1.4815,-3.7526,-0.1458,0.1000,1.6376,0.0000,0.0000,-3750.8346,-219.2345,0.1000,1.6366,0.0000,0.0000,3753.4815,0.0000,0,0,0
1.4820,-3.7433,-0.1711,0.1000,1.6381,0.0000,0.0000,-3750.8346,-219.2345,0.1000,1.6366,0.0000,0.0000,3753.4893,0.0000,0,0,0
1.4824,-3.7341,-0.1964,0.1000,1.6386,0.0000,0.0000,-3733.9939,-197.8047,0.1000,1.6378,0.0000,0.0000,3735.4902,0.0000,0,0,0
1.4829,-3.7197,-0.2206,0.1000,1.6392,0.0000,0.0000,-3733.9939,-197.8047,0.1000,1.6378,0.0000,0.0000,3735.5033,0.0000,0,0,0
1.4833,-3.7053,-0.2447,0.1000,1.6397,0.0000,0.0000,-3702.3814,-245.5254,0.1000,1.6392,0.0000,0.0000,3706.8001,0.0000,0,0,0
1.4838,-3.6860,-0.2667,0.1000,1.6403,0.0000,0.0000,-3691.9283,-254.1363,0.1000,1.6395,0.0000,0.0000,3696.9692,0.0000,0,0,0
1.4843,-3.6667,-0.2887,0.1000,1.6409,0.0000,0.0000,-3668.3254,-289.5093,0.1000,1.6402,0.0000,0.0000,3676.0539,0.0000,0,0,0
1.4848,-3.6427,-0.3075,0.1000,1.6415,0.0000,0.0000,-3645.1381,-306.9871,0.1000,1.6408,0.0000,0.0000,3654.3865,0.0000,0,0,0
1.4853,-3.6188,-0.3263,0.1000,1.6421,0.0000,0.0000,-3647.1276,-326.3035,0.1000,1.6415,0.0000,0.0000,3658.0621,0.0000,0,0,0
1.4859,-3.5907,-0.3410,0.1000,1.6427,0.0000,0.0000,-3609.0810,-340.9407,0.1000,1.6421,0.0000,0.0000,3621.5422,0.0000,0,0,0
1.4864,-3.5627,-0.3556,0.1000,1.6434,0.0000,0.0000,-3556.0822,-355.9870,0.1000,1.6427,0.0000,0.0000,3570.2757,0.0000,0,0,0
1.4870,-3.5314,-0.3653,0.1000,1.6440,0.0000,0.0000,-3534.6368,-364.9994,0.1000,1.6433,0.0000,0.0000,3549.8822,0.0000,0,0,0
1.4875,-3.5000,-0.3750,0.1000,1.6447,0.0000,0.0000,-3531.0000,-365.0000,0.1000,1.6434,0.0000,0.0000,3546.2949,0.0000,0,0,0
1.4881,-3.4662,-0.3790,0.1000,1.6453,0.0000,0.0000,-3531.0000,-365.0000,0.1000,1.6434,0.0000,0.0000,3546.3281,0.0000,0,0,0
1.4886,-3.4325,-0.3830,0.1000,1.6460,0.0000,0.0000,-3434.5044,-383.0000,0.1000,1.6453,0.0000,0.0000,3452.3398,0.0000,0,0,0
1.4892,-3.3974,-0.3807,0.1000,1.6467,0.0000,0.0000,-3389.2965,-381.0007,0.1000,1.6460,0.0000,0.0000,3407.2253,0.0000,0,0,0
1.4898,-3.3622,-0.3785,0.1000,1.6474,0.0000,0.0000,-3389.2965,-381.0007,0.1000,1.6460,0.0000,0.0000,3407.2605,0.0000,0,0,0
1.4904,-3.3270,-0.3697,0.1000,1.6481,0.0000,0.0000,-3254.9370,-369.4241,0.1000,1.6470,0.0000,0.0000,3272.4867,0.0000,0,0,0
1.4910,-3.2917,-0.3608,0.1000,1.6489,0.0000,0.0000,-3327.0000,-370.0000,0.1000,1.6474,0.0000,0.0000,3344.1995,0.0000,0,0,0
1.4917,-3.2575,-0.3453,0.1000,1.6496,0.0000,0.0000,-3257.0258,-387.1809,0.1000,1.6489,0.0000,0.0000,3276.6828,0.0000,0,0,0
1.4923,-3.2232,-0.3298,0.1000,1.6503,0.0000,0.0000,-3257.0258,-387.1809,0.1000,1.6489,0.0000,0.0000,3276.7186,0.0000,0,0,0
1.4929,-3.1914,-0.3078,0.1000,1.6511,0.0000,0.0000,-3191.0000,-308.0000,0.1000,1.6499,0.0000,0.0000,3202.6237,0.0000,0,0,0
1.4936,-3.1595,-0.2857,0.1000,1.6519,0.0000,0.0000,-3160.0000,-286.0000,0.1000,1.6511,0.0000,0.0000,3169.7436,0.0000,0,0,0
1.4943,-3.1313,-0.2574,0.1000,1.6527,0.0000,0.0000,-3160.0000,-286.0000,0.1000,1.6511,0.0000,0.0000,3169.7742,0.0000,0,0,0
1.4949,-3.1031,-0.2292,0.1000,1.6535,0.0000,0.0000,-3160.0000,-286.0000,0.1000,1.6511,0.0000,0.0000,3169.8049,0.0000,0,0,0
1.4956,-3.0797,-0.1953,0.1000,1.6543,0.0000,0.0000,-3075.2437,-149.8752,0.1000,1.6531,0.0000,0.0000,3075.8082,0.0000,0,0,0
1.4963,-3.0563,-0.1615,0.1000,1.6551,0.0000,0.0000,-3056.0000,-138.3398,0.1000,1.6543,0.0000,0.0000,3056.0692,0.0000,0,0,0
1.4970,-3.0388,-0.1230,0.1000,1.6559,0.0000,0.0000,-3043.9818,-123.0347,0.1000,1.6550,0.0000,0.0000,3043.4260,0.0000,0,0,0
1.4977,-3.0213,-0.0844,0.1000,1.6568,0.0000,0.0000,-3043.9818,-123.0347,0.1000,1.6550,0.0000,0.0000,3043.4451,0.0000,0,0,0
1.4985,-3.0106,-0.0422,0.1000,1.6576,0.0000,0.0000,-3011.0000,-38.0840,0.1000,1.6568,0.0000,0.0000,3008.2299,0.0000,0,0,0
1.4992,-3.0000,0.0000,0.1000,1.6585,0.0000,0.0000,-3003.9480,-33.0780,0.1000,1.6570,0.0000,0.0000,3001.1303,0.0000,0,0,0
1.4999,-2.9970,0.0446,0.1000,1.6594,0.0000,0.0000,-3003.9480,-33.0780,0.1000,1.6570,0.0000,0.0000,3001.1339,0.0000,0,0,0
1.5007,-2.9939,0.0892,0.1000,1.6603,0.0000,0.0000,-2994.0001,84.1898,0.1000,1.6594,0.0000,0.0000,2992.1883,0.0000,0,0,0
1.5015,-2.9990,0.1349,0.1000,1.6612,0.0000,0.0000,-2994.0001,84.1898,0.1000,1.6594,0.0000,0.0000,2992.1819,0.0000,0,0,0
1.5022,-3.0041,0.1805,0.1000,1.6621,0.0000,0.0000,-3004.1287,188.1870,0.1000,1.6605,0.0000,0.0000,3007.0077,0.0000,0,0,0
1.5030,-3.0175,0.2257,0.1000,1.6630,0.0000,0.0000,-3017.0262,240.2714,0.1000,1.6618,0.0000,0.0000,3023.5527,0.0000,0,0,0
1.5038,-3.0309,0.2708,0.1000,1.6640,0.0000,0.0000,-3031.0000,277.1037,0.1000,1.6630,0.0000,0.0000,3040.5975,0.0000,0,0,0
1.5046,-3.0527,0.3140,0.1000,1.6649,0.0000,0.0000,-3031.0000,277.1037,0.1000,1.6630,0.0000,0.0000,3040.5719,0.0000,0,0,0
1.5054,-3.0744,0.3571,0.1000,1.6659,0.0000,0.0000,-3067.8901,326.1844,0.1000,1.6648,0.0000,0.0000,3082.0867,0.0000,0,0,0
1.5062,-3.1042,0.3967,0.1000,1.6669,0.0000,0.0000,-3103.9878,398.5859,0.1000,1.6648,0.0000,0.0000,3126.3451,0.0000,0,0,0
1.5071,-3.1340,0.4362,0.1000,1.6678,0.0000,0.0000,-3134.0000,436.0000,0.1000,1.6658,0.0000,0.0000,3161.0185,0.0000,0,0,0
1.5079,-3.1712,0.4707,0.1000,1.6688,0.0000,0.0000,-3172.0373,473.4612,0.1000,1.6678,0.0000,0.0000,3203.9714,0.0000,0,0,0
1.5088,-3.2083,0.5052,0.1000,1.6699,0.0000,0.0000,-3206.6818,465.3580,0.1000,1.6688,0.0000,0.0000,3237.0249,0.0000,0,0,0
1.5096,-3.2520,0.5332,0.1000,1.6709,0.0000,0.0000,-3252.0000,536.8460,0.1000,1.6698,0.0000,0.0000,3292.7184,0.0000,0,0,0
1.5105,-3.2957,0.5612,0.1000,1.6719,0.0000,0.0000,-3295.4174,564.2374,0.1000,1.6708,0.0000,0.0000,3340.0293,0.0000,0,0,0
1.5114,-3.3448,0.5815,0.1000,1.6730,0.0000,0.0000,-3340.4556,582.0000,0.1000,1.6719,0.0000,0.0000,3387.3819,0.0000,0,0,0
1.5123,-3.3939,0.6018,0.1000,1.6740,0.0000,0.0000,-3340.4556,582.0000,0.1000,1.6719,0.0000,0.0000,3387.3301,0.0000,0,0,0
1.5132,-3.4469,0.6134,0.1000,1.6751,0.0000,0.0000,-3445.8862,612.9995,0.1000,1.6737,0.0000,0.0000,3496.4846,0.0000,0,0,0
1.5141,-3.5000,0.6250,0.1000,1.6762,0.0000,0.0000,-3445.8862,612.9995,0.1000,1.6737,0.0000,0.0000,3496.4303,0.0000,0,0,0
1.5150,-3.5555,0.6271,0.1000,1.6773,0.0000,0.0000,-3555.0000,627.0000,0.1000,1.6737,0.0000,0.0000,3606.2586,0.0000,0,0,0
1.5160,-3.6109,0.6292,0.1000,1.6784,0.0000,0.0000,-3555.0000,627.0000,0.1000,1.6759,0.0000,0.0000,3606.2036,0.0000,0,0,0
1.5169,-3.6671,0.6213,0.1000,1.6795,0.0000,0.0000,-3555.0000,627.0000,0.1000,1.6759,0.0000,0.0000,3606.1497,0.0000,0,0,0
1.5179,-3.7233,0.6134,0.1000,1.6806,0.0000,0.0000,-3725.9328,613.0000,0.1000,1.6792,0.0000,0.0000,3772.2488,0.0000,0,0,0
1.5188,-3.7783,0.5954,0.1000,1.6818,0.0000,0.0000,-3776.7335,597.3855,0.1000,1.6806,0.0000,0.0000,3819.8625,0.0000,0,0,0
1.5198,-3.8333,0.5774,0.1000,1.6829,0.0000,0.0000,-3833.0000,564.7099,0.1000,1.6817,0.0000,0.0000,3870.4990,0.0000,0,0,0
1.5208,-3.8854,0.5493,0.1000,1.6841,0.0000,0.0000,-3888.5494,549.0310,0.1000,1.6829,0.0000,0.0000,3923.1934,0.0000,0,0,0
1.5218,-3.9375,0.5213,0.1000,1.6853,0.0000,0.0000,-3918.1410,521.0000,0.1000,1.6841,0.0000,0.0000,3948.6565,0.0000,0,0,0
1.5228,-3.9847,0.4839,0.1000,1.6865,0.0000,0.0000,-3979.3221,483.9998,0.1000,1.6851,0.0000,0.0000,4004.6342,0.0000,0,0,0
1.5238,-4.0320,0.4464,0.1000,1.6877,0.0000,0.0000,-3979.3221,483.9998,0.1000,1.6851,0.0000,0.0000,4004.5918,0.0000,0,0,0
1.5248,-4.0727,0.4003,0.1000,1.6889,0.0000,0.0000,-4073.0101,396.2182,0.1000,1.6877,0.0000,0.0000,4088.1442,0.0000,0,0,0
1.5259,-4.1134,0.3542,0.1000,1.6901,0.0000,0.0000,-4073.0101,396.2182,0.1000,1.6877,0.0000,0.0000,4088.1082,0.0000,0,0,0
1.5269,-4.1461,0.3006,0.1000,1.6913,0.0000,0.0000,-4120.9885,346.0115,0.1000,1.6890,0.0000,0.0000,4131.3324,0.0000,0,0,0
1.5280,-4.1787,0.2470,0.1000,1.6926,0.0000,0.0000,-4120.9885,346.0115,0.1000,1.6890,0.0000,0.0000,4131.3044,0.0000,0,0,0
1.5290,-4.2018,0.1874,0.1000,1.6938,0.0000,0.0000,-4201.9684,180.5358,0.1000,1.6921,0.0000,0.0000,4201.6390,0.0000,0,0,0
1.5301,-4.2249,0.1278,0.1000,1.6951,0.0000,0.0000,-4201.9684,180.5358,0.1000,1.6921,0.0000,0.0000,4201.6184,0.0000,0,0,0
1.5312,-4.2375,0.0639,0.1000,1.6964,0.0000,0.0000,-4237.0001,67.8895,0.1000,1.6948,0.0000,0.0000,4233.3060,0.0000,0,0,0
1.5323,-4.2500,0.0000,0.1000,1.6977,0.0000,0.0000,-4237.0001,67.8895,0.1000,1.6948,0.0000,0.0000,4233.2945,0.0000,0,0,0
1.5334,-4.2511,-0.0663,0.1000,1.6990,0.0000,0.0000,-4250.9975,-59.1116,0.1000,1.6972,0.0000,0.0000,4247.1568,0.0000,0,0,0
1.5345,-4.2523,-0.1326,0.1000,1.7003,0.0000,0.0000,-4251.9974,-129.0961,0.1000,1.6983,0.0000,0.0000,4249.7023,0.0000,0,0,0
1.5356,-4.2416,-0.1993,0.1000,1.7017,0.0000,0.0000,-4251.9974,-129.0961,0.1000,1.6983,0.0000,0.0000,4249.7110,0.0000,0,0,0
1.5368,-4.2309,-0.2660,0.1000,1.7030,0.0000,0.0000,-4231.0000,-260.7077,0.1000,1.7016,0.0000,0.0000,4234.7854,0.0000,0,0,0
1.5379,-4.2082,-0.3309,0.1000,1.7044,0.0000,0.0000,-4217.3097,-331.0000,0.1000,1.7030,0.0000,0.0000,4226.0579,0.0000,0,0,0
1.5391,-4.1856,-0.3958,0.1000,1.7057,0.0000,0.0000,-4185.9999,-388.3521,0.1000,1.7043,0.0000,0.0000,4199.7715,0.0000,0,0,0
1.5402,-4.1513,-0.4568,0.1000,1.7071,0.0000,0.0000,-4151.0000,-460.5752,0.1000,1.7057,0.0000,0.0000,4172.2971,0.0000,0,0,0
1.5414,-4.1171,-0.5178,0.1000,1.7085,0.0000,0.0000,-4117.0000,-512.7169,0.1000,1.7071,0.0000,0.0000,4144.6536,0.0000,0,0,0
1.5426,-4.0719,-0.5728,0.1000,1.7099,0.0000,0.0000,-4079.2378,-566.7237,0.1000,1.7085,0.0000,0.0000,4114.3048,0.0000,0,0,0
1.5438,-4.0267,-0.6277,0.1000,1.7113,0.0000,0.0000,-4026.8960,-627.7859,0.1000,1.7097,0.0000,0.0000,4071.4622,0.0000,0,0,0
1.5450,-3.9717,-0.6747,0.1000,1.7128,0.0000,0.0000,-4026.8960,-627.7859,0.1000,1.7099,0.0000,0.0000,4071.5094,0.0000,0,0,0
1.5462,-3.9167,-0.7217,0.1000,1.7142,0.0000,0.0000,-3910.1040,-715.7767,0.1000,1.7127,0.0000,0.0000,3971.0960,0.0000,0,0,0
1.5475,-3.8532,-0.7589,0.1000,1.7157,0.0000,0.0000,-3848.1129,-759.0000,0.1000,1.7142,0.0000,0.0000,3918.3239,0.0000,0,0,0
1.5487,-3.7898,-0.7961,0.1000,1.7171,0.0000,0.0000,-3767.0096,-795.9993,0.1000,1.7156,0.0000,0.0000,3846.3192,0.0000,0,0,0
1.5499,-3.7196,-0.8221,0.1000,1.7186,0.0000,0.0000,-3767.0096,-795.9993,0.1000,1.7156,0.0000,0.0000,3846.3825,0.0000,0,0,0
1.5512,-3.6495,-0.8480,0.1000,1.7201,0.0000,0.0000,-3697.2476,-846.8048,0.1000,1.7178,0.0000,0.0000,3789.2360,0.0000,0,0,0
1.5525,-3.5748,-0.8615,0.1000,1.7216,0.0000,0.0000,-3488.9743,-862.5223,0.1000,1.7196,0.0000,0.0000,3590.3300,0.0000,0,0,0
1.5537,-3.5000,-0.8750,0.1000,1.7231,0.0000,0.0000,-3491.4176,-875.0227,0.1000,1.7207,0.0000,0.0000,3595.7897,0.0000,0,0,0
1.5550,-3.4228,-0.8752,0.1000,1.7246,0.0000,0.0000,-3422.9537,-875.0000,0.1000,1.7207,0.0000,0.0000,3529.4880,0.0000,0,0,0
1.5563,-3.3456,-0.8754,0.1000,1.7262,0.0000,0.0000,-3422.9537,-875.0000,0.1000,1.7226,0.0000,0.0000,3529.5627,0.0000,0,0,0
1.5576,-3.2684,-0.8619,0.1000,1.7277,0.0000,0.0000,-3259.0856,-862.0053,0.1000,1.7261,0.0000,0.0000,3367.7758,0.0000,0,0,0
1.5589,-3.1912,-0.8483,0.1000,1.7293,0.0000,0.0000,-3259.0856,-862.0053,0.1000,1.7261,0.0000,0.0000,3367.8539,0.0000,0,0,0
1.5603,-3.1164,-0.8211,0.1000,1.7308,0.0000,0.0000,-3107.7896,-820.9292,0.1000,1.7281,0.0000,0.0000,3211.1637,0.0000,0,0,0
1.5616,-3.0417,-0.7939,0.1000,1.7324,0.0000,0.0000,-3107.7896,-820.9292,0.1000,1.7281,0.0000,0.0000,3211.2430,0.0000,0,0,0
1.5630,-2.9718,-0.7534,0.1000,1.7340,0.0000,0.0000,-2972.0000,-753.0000,0.1000,1.7324,0.0000,0.0000,3062.8424,0.0000,0,0,0
1.5643,-2.9019,-0.7128,0.1000,1.7356,0.0000,0.0000,-2901.8677,-717.2639,0.1000,1.7340,0.0000,0.0000,2986.2097,0.0000,0,0,0
1.5657,-2.8392,-0.6600,0.1000,1.7373,0.0000,0.0000,-2901.8677,-717.2639,0.1000,1.7340,0.0000,0.0000,2986.2832,0.0000,0,0,0
1.5671,-2.7765,-0.6071,0.1000,1.7389,0.0000,0.0000,-2679.6798,-535.3865,0.1000,1.7363,0.0000,0.0000,2729.7986,0.0000,0,0,0
1.5685,-2.7233,-0.5431,0.1000,1.7405,0.0000,0.0000,-2725.8286,-546.4826,0.1000,1.7387,0.0000,0.0000,2777.2923,0.0000,0,0,0
1.5699,-2.6701,-0.4792,0.1000,1.7422,0.0000,0.0000,-2670.1552,-486.1871,0.1000,1.7400,0.0000,0.0000,2711.3446,0.0000,0,0,0
1.5713,-2.6282,-0.4058,0.1000,1.7439,0.0000,0.0000,-2628.0001,-402.4556,0.1000,1.7417,0.0000,0.0000,2655.9784,0.0000,0,0,0
1.5727,-2.5864,-0.3325,0.1000,1.7455,0.0000,0.0000,-2628.0001,-402.4556,0.1000,1.7417,0.0000,0.0000,2656.0308,0.0000,0,0,0
1.5741,-2.5576,-0.2519,0.1000,1.7472,0.0000,0.0000,-2586.0000,-333.0000,0.1000,1.7417,0.0000,0.0000,2604.7832,0.0000,0,0,0
1.5755,-2.5289,-0.1712,0.1000,1.7489,0.0000,0.0000,-2558.0000,-252.0000,0.1000,1.7442,0.0000,0.0000,2567.8494,0.0000,0,0,0
1.5770,-2.5144,-0.0856,0.1000,1.7506,0.0000,0.0000,-2512.6779,-83.9701,0.1000,1.7489,0.0000,0.0000,2511.5647,0.0000,0,0,0
1.5785,-2.5000,-0.0000,0.1000,1.7524,0.0000,0.0000,-2499.1058,-21.4208,0.1000,1.7499,0.0000,0.0000,2496.6977,0.0000,0,0,0
1.5799,-2.5008,0.0880,0.1000,1.7541,0.0000,0.0000,-2501.0358,88.9357,0.1000,1.7523,0.0000,0.0000,2500.1143,0.0000,0,0,0
1.5814,-2.5015,0.1761,0.1000,1.7559,0.0000,0.0000,-2501.0000,88.0000,0.1000,1.7524,0.0000,0.0000,2500.0415,0.0000,0,0,0
1.5829,-2.5179,0.2638,0.1000,1.7576,0.0000,0.0000,-2501.0000,88.0000,0.1000,1.7524,0.0000,0.0000,2500.0221,0.0000,0,0,0
1.5844,-2.5342,0.3515,0.1000,1.7594,0.0000,0.0000,-2534.0000,357.2180,0.1000,1.7570,0.0000,0.0000,2556.4962,0.0000,0,0,0
1.5859,-2.5660,0.4362,0.1000,1.7612,0.0000,0.0000,-2588.5331,427.2354,0.1000,1.7594,0.0000,0.0000,2620.9508,0.0000,0,0,0
1.5874,-2.5979,0.5208,0.1000,1.7630,0.0000,0.0000,-2596.5672,523.1215,0.1000,1.7612,0.0000,0.0000,2646.0892,0.0000,0,0,0
1.5890,-2.6446,0.5997,0.1000,1.7648,0.0000,0.0000,-2645.0000,600.0000,0.1000,1.7612,0.0000,0.0000,2709.4875,0.0000,0,0,0
1.5905,-2.6914,0.6785,0.1000,1.7666,0.0000,0.0000,-2691.0000,676.7563,0.1000,1.7647,0.0000,0.0000,2772.0181,0.0000,0,0,0
1.5920,-2.7520,0.7489,0.1000,1.7685,0.0000,0.0000,-2691.0000,676.7563,0.1000,1.7647,0.0000,0.0000,2771.9422,0.0000,0,0,0
1.5936,-2.8126,0.8192,0.1000,1.7703,0.0000,0.0000,-2812.7819,811.4309,0.1000,1.7680,0.0000,0.0000,2924.5544,0.0000,0,0,0
1.5952,-2.8855,0.8787,0.1000,1.7722,0.0000,0.0000,-2884.9999,878.5096,0.1000,1.7689,0.0000,0.0000,3012.7760,0.0000,0,0,0
1.5968,-2.9583,0.9382,0.1000,1.7740,0.0000,0.0000,-2884.9999,878.5096,0.1000,1.7703,0.0000,0.0000,3012.6890,0.0000,0,0,0
1.5983,-3.0415,0.9846,0.1000,1.7759,0.0000,0.0000,-2958.0000,938.0000,0.1000,1.7721,0.0000,0.0000,3099.9641,0.0000,0,0,0
1.5999,-3.1247,1.0311,0.1000,1.7778,0.0000,0.0000,-3125.6247,1030.9595,0.1000,1.7753,0.0000,0.0000,3287.9718,0.0000,0,0,0
1.6016,-3.2159,1.0626,0.1000,1.7797,0.0000,0.0000,-3212.9022,1062.9968,0.1000,1.7775,0.0000,0.0000,3380.7973,0.0000,0,0,0
1.6032,-3.3071,1.0942,0.1000,1.7816,0.0000,0.0000,-3314.5423,1094.0005,0.1000,1.7796,0.0000,0.0000,3486.9360,0.0000,0,0,0
1.6048,-3.4035,1.1096,0.1000,1.7836,0.0000,0.0000,-3407.8219,1110.0000,0.1000,1.7814,0.0000,0.0000,3580.4612,0.0000,0,0,0
1.6064,-3.5000,1.1250,0.1000,1.7855,0.0000,0.0000,-3468.1736,1125.0000,0.1000,1.7836,0.0000,0.0000,3642.3973,0.0000,0,0,0
1.6081,-3.5989,1.1233,0.1000,1.7875,0.0000,0.0000,-3468.1736,1125.0000,0.1000,1.7836,0.0000,0.0000,3642.3038,0.0000,0,0,0
1.6098,-3.6978,1.1216,0.1000,1.7894,0.0000,0.0000,-3894.5008,1121.8534,0.1000,1.7867,0.0000,0.0000,4048.9984,0.0000,0,0,0
1.6114,-3.7960,1.1024,0.1000,1.7914,0.0000,0.0000,-3745.2356,1105.8406,0.1000,1.7879,0.0000,0.0000,3901.1301,0.0000,0,0,0
1.6131,-3.8943,1.0833,0.1000,1.7934,0.0000,0.0000,-3889.1265,1083.0000,0.1000,1.7907,0.0000,0.0000,4033.0601,0.0000,0,0,0
1.6148,-3.9888,1.0468,0.1000,1.7954,0.0000,0.0000,-4007.2820,1046.9926,0.1000,1.7933,0.0000,0.0000,4137.6755,0.0000,0,0,0
1.6165,-4.0833,1.0104,0.1000,1.7974,0.0000,0.0000,-4007.2820,1046.9926,0.1000,1.7933,0.0000,0.0000,4137.5933,0.0000,0,0,0
1.6182,-4.1711,0.9574,0.1000,1.7995,0.0000,0.0000,-4172.9022,956.9995,0.1000,1.7966,0.0000,0.0000,4276.9540,0.0000,0,0,0
1.6199,-4.2588,0.9044,0.1000,1.8015,0.0000,0.0000,-4172.9022,956.9995,0.1000,1.7966,0.0000,0.0000,4276.8804,0.0000,0,0,0
1.6217,-4.3369,0.8361,0.1000,1.8035,0.0000,0.0000,-4337.7912,837.2772,0.1000,1.7998,0.0000,0.0000,4413.4409,0.0000,0,0,0
1.6234,-4.4150,0.7678,0.1000,1.8056,0.0000,0.0000,-4415.0000,768.0000,0.1000,1.8032,0.0000,0.0000,4476.8187,0.0000,0,0,0
1.6252,-4.4807,0.6860,0.1000,1.8077,0.0000,0.0000,-4415.0000,768.0000,0.1000,1.8038,0.0000,0.0000,4476.7679,0.0000,0,0,0
1.6269,-4.5464,0.6042,0.1000,1.8098,0.0000,0.0000,-4415.0000,768.0000,0.1000,1.8038,0.0000,0.0000,4476.7172,0.0000,0,0,0
1.6287,-4.5975,0.5111,0.1000,1.8119,0.0000,0.0000,-4596.9654,479.8481,0.1000,1.8090,0.0000,0.0000,4617.3160,0.0000,0,0,0
1.6305,-4.6485,0.4180,0.1000,1.8140,0.0000,0.0000,-4596.9654,479.8481,0.1000,1.8090,0.0000,0.0000,4617.2749,0.0000,0,0,0
1.6323,-4.6829,0.3163,0.1000,1.8161,0.0000,0.0000,-4683.0000,314.1128,0.1000,1.8139,0.0000,0.0000,4688.8292,0.0000,0,0,0
1.6341,-4.7173,0.2146,0.1000,1.8182,0.0000,0.0000,-4683.0000,314.1128,0.1000,1.8139,0.0000,0.0000,4688.8016,0.0000,0,0,0
1.6359,-4.7337,0.1073,0.1000,1.8204,0.0000,0.0000,-4734.0000,103.8866,0.1000,1.8182,0.0000,0.0000,4730.4049,0.0000,0,0,0
1.6377,-4.7500,0.0000,0.1000,1.8225,0.0000,0.0000,-4750.0000,6.2910,0.1000,1.8204,0.0000,0.0000,4745.2542,0.0000,0,0,0
1.6395,-4.7473,-0.1097,0.1000,1.8247,0.0000,0.0000,-4747.0245,-91.1637,0.1000,1.8222,0.0000,0.0000,4743.1512,0.0000,0,0,0
1.6414,-4.7447,-0.2195,0.1000,1.8269,0.0000,0.0000,-4747.0245,-91.1637,0.1000,1.8222,0.0000,0.0000,4743.1518,0.0000,0,0,0
1.6432,-4.7227,-0.3282,0.1000,1.8291,0.0000,0.0000,-4726.3094,-279.5356,0.1000,1.8249,0.0000,0.0000,4729.8348,0.0000,0,0,0
1.6451,-4.7007,-0.4370,0.1000,1.8313,0.0000,0.0000,-4701.0000,-447.4735,0.1000,1.8289,0.0000,0.0000,4717.5278,0.0000,0,0,0
1.6470,-4.6597,-0.5414,0.1000,1.8335,0.0000,0.0000,-4660.0000,-540.6351,0.1000,1.8313,0.0000,0.0000,4686.5654,0.0000,0,0,0
1.6489,-4.6186,-0.6458,0.1000,1.8357,0.0000,0.0000,-4660.0000,-540.6351,0.1000,1.8313,0.0000,0.0000,4686.5941,0.0000,0,0,0
1.6508,-4.5594,-0.7425,0.1000,1.8380,0.0000,0.0000,-4558.9762,-746.3247,0.1000,1.8357,0.0000,0.0000,4615.0412,0.0000,0,0,0
1.6527,-4.5001,-0.8392,0.1000,1.8402,0.0000,0.0000,-4499.6278,-825.9709,0.1000,1.8372,0.0000,0.0000,4570.2314,0.0000,0,0,0
1.6546,-4.4241,-0.9250,0.1000,1.8425,0.0000,0.0000,-4423.9824,-925.5436,0.1000,1.8402,0.0000,0.0000,4515.2425,0.0000,0,0,0
1.6565,-4.3481,-1.0108,0.1000,1.8448,0.0000,0.0000,-4423.9824,-925.5436,0.1000,1.8402,0.0000,0.0000,4515.2994,0.0000,0,0,0
1.6584,-4.2574,-1.0827,0.1000,1.8471,0.0000,0.0000,-4300.8889,-1055.6274,0.1000,1.8429,0.0000,0.0000,4424.1504,0.0000,0,0,0
1.6604,-4.1667,-1.1547,0.1000,1.8494,0.0000,0.0000,-4132.5318,-1143.1502,0.1000,1.8468,0.0000,0.0000,4283.4043,0.0000,0,0,0
1.6623,-4.0637,-1.2103,0.1000,1.8517,0.0000,0.0000,-4064.0000,-1210.0000,0.1000,1.8468,0.0000,0.0000,4236.0660,0.0000,0,0,0
1.6643,-3.9608,-1.2660,0.1000,1.8540,0.0000,0.0000,-4064.0000,-1210.0000,0.1000,1.8487,0.0000,0.0000,4236.1488,0.0000,0,0,0
1.6663,-3.8486,-1.3032,0.1000,1.8564,0.0000,0.0000,-3856.4922,-1301.7469,0.1000,1.8540,0.0000,0.0000,4066.2043,0.0000,0,0,0
1.6683,-3.7364,-1.3404,0.1000,1.8587,0.0000,0.0000,-3856.4922,-1301.7469,0.1000,1.8540,0.0000,0.0000,4066.2987,0.0000,0,0,0
1.6703,-3.6182,-1.3577,0.1000,1.8611,0.0000,0.0000,-3624.0966,-1357.9999,0.1000,1.8576,0.0000,0.0000,3866.3086,0.0000,0,0,0
1.6723,-3.5000,-1.3750,0.1000,1.8634,0.0000,0.0000,-3501.6688,-1375.0000,0.1000,1.8611,0.0000,0.0000,3758.1951,0.0000,0,0,0
1.6743,-3.3794,-1.3714,0.1000,1.8658,0.0000,0.0000,-3501.6688,-1375.0000,0.1000,1.8611,0.0000,0.0000,3758.3087,0.0000,0,0,0
1.6763,-3.2588,-1.3678,0.1000,1.8682,0.0000,0.0000,-3280.1373,-1368.1938,0.1000,1.8641,0.0000,0.0000,3550.5135,0.0000,0,0,0
1.6783,-3.1395,-1.3430,0.1000,1.8706,0.0000,0.0000,-3280.1373,-1368.1938,0.1000,1.8641,0.0000,0.0000,3550.6332,0.0000,0,0,0
1.6804,-3.0202,-1.3182,0.1000,1.8731,0.0000,0.0000,-3132.2276,-1335.2276,0.1000,1.8683,0.0000,0.0000,3401.6545,0.0000,0,0,0
1.6824,-2.9059,-1.2725,0.1000,1.8755,0.0000,0.0000,-2986.4867,-1291.3911,0.1000,1.8716,0.0000,0.0000,3250.5630,0.0000,0,0,0
1.6845,-2.7917,-1.2269,0.1000,1.8779,0.0000,0.0000,-2759.3053,-1227.0423,0.1000,1.8751,0.0000,0.0000,3016.7849,0.0000,0,0,0
1.6866,-2.6861,-1.1614,0.1000,1.8804,0.0000,0.0000,-2682.0984,-1161.0000,0.1000,1.8779,0.0000,0.0000,2919.6706,0.0000,0,0,0
1.6887,-2.5805,-1.0959,0.1000,1.8829,0.0000,0.0000,-2580.4704,-1096.0000,0.1000,1.8779,0.0000,0.0000,2800.7734,0.0000,0,0,0
1.6908,-2.4870,-1.0122,0.1000,1.8853,0.0000,0.0000,-2490.1824,-1012.0006,0.1000,1.8828,0.0000,0.0000,2685.2796,0.0000,0,0,0
1.6929,-2.3935,-0.9285,0.1000,1.8878,0.0000,0.0000,-2393.0000,-928.0000,0.1000,1.8828,0.0000,0.0000,2564.0712,0.0000,0,0,0
1.6950,-2.3153,-0.8288,0.1000,1.8903,0.0000,0.0000,-2393.0000,-928.0000,0.1000,1.8854,0.0000,0.0000,2564.1802,0.0000,0,0,0
1.6971,-2.2370,-0.7292,0.1000,1.8929,0.0000,0.0000,-2233.0524,-728.8977,0.1000,1.8903,0.0000,0.0000,2346.6501,0.0000,0,0,0
1.6992,-2.1768,-0.6163,0.1000,1.8954,0.0000,0.0000,-2176.9986,-618.9625,0.1000,1.8929,0.0000,0.0000,2261.0179,0.0000,0,0,0
1.7014,-2.1166,-0.5035,0.1000,1.8979,0.0000,0.0000,-2176.9986,-618.9625,0.1000,1.8929,0.0000,0.0000,2261.1067,0.0000,0,0,0
1.7035,-2.0765,-0.3808,0.1000,1.9005,0.0000,0.0000,-2077.0000,-381.0000,0.1000,1.8978,0.0000,0.0000,2109.5446,0.0000,0,0,0
1.7057,-2.0365,-0.2581,0.1000,1.9031,0.0000,0.0000,-2077.0000,-381.0000,0.1000,1.8979,0.0000,0.0000,2109.6061,0.0000,0,0,0
1.7079,-2.0182,-0.1290,0.1000,1.9056,0.0000,0.0000,-2017.9995,-131.1209,0.1000,1.9028,0.0000,0.0000,2020.2325,0.0000,0,0,0
1.7101,-2.0000,-0.0000,0.1000,1.9082,0.0000,0.0000,-2000.0000,3.6497,0.1000,1.9055,0.0000,0.0000,1998.0033,0.0000,0,0,0
1.7355,-1.8750,-1.5155,0.1000,1.9384,0.0000,0.0000,-1875.0820,-1629.4296,0.1000,1.9077,0.0000,0.0000,2481.7350,0.0000,0,0,0
1.7610,-1.7500,-3.0311,0.1000,1.9685,0.0000,0.0000,-1749.4919,-3055.0456,0.1000,1.9331,0.0000,0.0000,3517.0149,0.0000,0,0,0
1.7611,-1.7432,-3.0299,0.1000,1.9687,0.0000,0.0000,-1743.3029,-3031.8278,0.1000,1.9685,0.0000,0.0000,3493.8012,0.0000,0,0,0
1.7612,-1.7363,-3.0287,0.1000,1.9688,0.0000,0.0000,-1735.9997,-3028.3510,0.1000,1.9687,0.0000,0.0000,3487.1542,0.0000,0,0,0
1.7614,-1.7301,-3.0251,0.1000,1.9689,0.0000,0.0000,-1732.7485,-3025.1112,0.1000,1.9687,0.0000,0.0000,3482.7329,0.0000,0,0,0
1.7615,-1.7239,-3.0216,0.1000,1.9691,0.0000,0.0000,-1720.1097,-3021.5810,0.1000,1.9689,0.0000,0.0000,3473.4062,0.0000,0,0,0
1.7616,-1.7189,-3.0159,0.1000,1.9692,0.0000,0.0000,-1711.9291,-3015.9992,0.1000,1.9691,0.0000,0.0000,3464.5183,0.0000,0,0,0
1.7617,-1.7139,-3.0103,0.1000,1.9694,0.0000,0.0000,-1716.1805,-3009.1054,0.1000,1.9692,0.0000,0.0000,3460.6363,0.0000,0,0,0
1.7619,-1.7107,-3.0028,0.1000,1.9695,0.0000,0.0000,-1709.9887,-3004.8029,0.1000,1.9693,0.0000,0.0000,3453.8410,0.0000,0,0,0
1.7620,-1.7074,-2.9954,0.1000,1.9697,0.0000,0.0000,-1707.3754,-2997.0460,0.1000,1.9695,0.0000,0.0000,3445.8152,0.0000,0,0,0
1.7621,-1.7064,-2.9866,0.1000,1.9699,0.0000,0.0000,-1707.3754,-2997.0460,0.1000,1.9695,0.0000,0.0000,3445.8233,0.0000,0,0,0
1.7623,-1.7054,-2.9779,0.1000,1.9701,0.0000,0.0000,-1704.6574,-2981.8185,0.1000,1.9699,0.0000,0.0000,3431.2588,0.0000,0,0,0
1.7625,-1.7068,-2.9684,0.1000,1.9702,0.0000,0.0000,-1756.8905,-2968.0281,0.1000,1.9701,0.0000,0.0000,3445.6129,0.0000,0,0,0
1.7626,-1.7083,-2.9589,0.1000,1.9704,0.0000,0.0000,-1756.8905,-2968.0281,0.1000,1.9701,0.0000,0.0000,3445.6203,0.0000,0,0,0
1.7628,-1.7125,-2.9493,0.1000,1.9706,0.0000,0.0000,-1713.1079,-2944.8533,0.1000,1.9703,0.0000,0.0000,3403.4796,0.0000,0,0,0
1.7630,-1.7167,-2.9397,0.1000,1.9709,0.0000,0.0000,-1714.4656,-2939.9969,0.1000,1.9706,0.0000,0.0000,3399.9726,0.0000,0,0,0
1.7632,-1.7237,-2.9307,0.1000,1.9711,0.0000,0.0000,-1726.2960,-2928.4319,0.1000,1.9707,0.0000,0.0000,3395.9839,0.0000,0,0,0
1.7634,-1.7307,-2.9217,0.1000,1.9713,0.0000,0.0000,-1733.0366,-2922.3246,0.1000,1.9710,0.0000,0.0000,3394.1617,0.0000,0,0,0
1.7636,-1.7404,-2.9139,0.1000,1.9716,0.0000,0.0000,-1739.4520,-2914.4792,0.1000,1.9712,0.0000,0.0000,3390.7012,0.0000,0,0,0
1.7638,-1.7500,-2.9061,0.1000,1.9718,0.0000,0.0000,-1739.4520,-2914.4792,0.1000,1.9712,0.0000,0.0000,3390.7029,0.0000,0,0,0
1.7640,-1.7621,-2.9002,0.1000,1.9721,0.0000,0.0000,-1761.9983,-2903.8088,0.1000,1.9717,0.0000,0.0000,3393.1847,0.0000,0,0,0
1.7642,-1.7741,-2.8943,0.1000,1.9723,0.0000,0.0000,-1755.7424,-2894.0000,0.1000,1.9721,0.0000,0.0000,3381.5524,0.0000,0,0,0
1.7645,-1.7882,-2.8909,0.1000,1.9726,0.0000,0.0000,-1755.7424,-2894.0000,0.1000,1.9721,0.0000,0.0000,3381.5480,0.0000,0,0,0
1.7647,-1.8023,-2.8875,0.1000,1.9729,0.0000,0.0000,-1802.0000,-2888.0000,0.1000,1.9721,0.0000,0.0000,3400.6743,0.0000,0,0,0
1.7650,-1.8178,-2.8871,0.1000,1.9732,0.0000,0.0000,-1802.0000,-2888.0000,0.1000,1.9726,0.0000,0.0000,3400.6664,0.0000,0,0,0
1.7652,-1.8333,-2.8868,0.1000,1.9735,0.0000,0.0000,-1802.0000,-2888.0000,0.1000,1.9726,0.0000,0.0000,3400.6585,0.0000,0,0,0
1.7655,-1.8497,-2.8898,0.1000,1.9738,0.0000,0.0000,-1849.8367,-2890.0000,0.1000,1.9726,0.0000,0.0000,3427.8946,0.0000,0,0,0
1.7658,-1.8661,-2.8928,0.1000,1.9742,0.0000,0.0000,-1866.0000,-2893.0000,0.1000,1.9734,0.0000,0.0000,3439.1445,0.0000,0,0,0
1.7661,-1.8825,-2.8994,0.1000,1.9745,0.0000,0.0000,-1866.0000,-2893.0000,0.1000,1.9739,0.0000,0.0000,3439.1300,0.0000,0,0,0
1.7664,-1.8990,-2.9061,0.1000,1.9749,0.0000,0.0000,-1902.7534,-2906.0000,0.1000,1.9745,0.0000,0.0000,3470.0435,0.0000,0,0,0
1.7667,-1.9147,-2.9165,0.1000,1.9753,0.0000,0.0000,-1925.2296,-2919.9838,0.1000,1.9749,0.0000,0.0000,3494.0552,0.0000,0,0,0
1.7670,-1.9304,-2.9269,0.1000,1.9756,0.0000,0.0000,-1925.2296,-2919.9838,0.1000,1.9749,0.0000,0.0000,3494.0378,0.0000,0,0,0
1.7673,-1.9446,-2.9410,0.1000,1.9760,0.0000,0.0000,-1940.7256,-2938.6632,0.1000,1.9754,0.0000,0.0000,3518.1439,0.0000,0,0,0
1.7677,-1.9588,-2.9551,0.1000,1.9764,0.0000,0.0000,-1962.2219,-2958.2219,0.1000,1.9759,0.0000,0.0000,3546.2985,0.0000,0,0,0
1.7680,-1.9707,-2.9726,0.1000,1.9768,0.0000,0.0000,-1971.4184,-2969.2655,0.1000,1.9764,0.0000,0.0000,3560.5642,0.0000,0,0,0
1.7684,-1.9825,-2.9901,0.1000,1.9773,0.0000,0.0000,-1986.9314,-2989.9985,0.1000,1.9768,0.0000,0.0000,3586.3967,0.0000,0,0,0
1.7688,-1.9913,-3.0106,0.1000,1.9777,0.0000,0.0000,-1991.1324,-3017.3430,0.1000,1.9769,0.0000,0.0000,3611.4931,0.0000,0,0,0
1.7691,-2.0000,-3.0311,0.1000,1.9781,0.0000,0.0000,-1991.0000,-3011.0000,0.1000,1.9773,0.0000,0.0000,3606.1057,0.0000,0,0,0
1.7695,-2.0049,-3.0540,0.1000,1.9786,0.0000,0.0000,-2005.0000,-3054.0646,0.1000,1.9773,0.0000,0.0000,3649.7472,0.0000,0,0,0
1.7699,-2.0099,-3.0769,0.1000,1.9791,0.0000,0.0000,-2005.0000,-3054.0646,0.1000,1.9781,0.0000,0.0000,3649.7253,0.0000,0,0,0
1.7703,-2.0105,-3.1015,0.1000,1.9796,0.0000,0.0000,-2010.0000,-3068.1119,0.1000,1.9790,0.0000,0.0000,3664.1930,0.0000,0,0,0
1.7707,-2.0110,-3.1261,0.1000,1.9801,0.0000,0.0000,-2010.0000,-3068.1119,0.1000,1.9790,0.0000,0.0000,3664.1722,0.0000,0,0,0
1.7712,-2.0068,-3.1515,0.1000,1.9806,0.0000,0.0000,-2010.0000,-3068.1119,0.1000,1.9790,0.0000,0.0000,3664.1532,0.0000,0,0,0
1.7716,-2.0026,-3.1769,0.1000,1.9811,0.0000,0.0000,-2003.0000,-3177.0000,0.1000,1.9803,0.0000,0.0000,3751.9520,0.0000,0,0,0
1.7721,-1.9933,-3.2022,0.1000,1.9816,0.0000,0.0000,-2003.0000,-3177.0000,0.1000,1.9806,0.0000,0.0000,3751.9355,0.0000,0,0,0
1.7725,-1.9841,-3.2275,0.1000,1.9821,0.0000,0.0000,-1983.5297,-3190.7874,0.1000,1.9814,0.0000,0.0000,3753.2734,0.0000,0,0,0
1.7730,-1.9697,-3.2516,0.1000,1.9827,0.0000,0.0000,-1970.0903,-3246.0292,0.1000,1.9819,0.0000,0.0000,3793.2973,0.0000,0,0,0
1.7734,-1.9553,-3.2758,0.1000,1.9833,0.0000,0.0000,-1970.0903,-3246.0292,0.1000,1.9819,0.0000,0.0000,3793.2841,0.0000,0,0,0
1.7739,-1.9360,-3.2978,0.1000,1.9838,0.0000,0.0000,-1955.0000,-3276.0000,0.1000,1.9826,0.0000,0.0000,3811.1729,0.0000,0,0,0
1.7744,-1.9167,-3.3198,0.1000,1.9844,0.0000,0.0000,-1955.0000,-3276.0000,0.1000,1.9826,0.0000,0.0000,3811.1639,0.0000,0,0,0
1.7749,-1.8927,-3.3386,0.1000,1.9850,0.0000,0.0000,-1888.1372,-3341.0679,0.1000,1.9839,0.0000,0.0000,3833.8435,0.0000,0,0,0
1.7754,-1.8688,-3.3574,0.1000,1.9856,0.0000,0.0000,-1867.3485,-3323.3731,0.1000,1.9849,0.0000,0.0000,3808.2173,0.0000,0,0,0
1.7760,-1.8407,-3.3720,0.1000,1.9863,0.0000,0.0000,-1841.0000,-3374.4118,0.1000,1.9856,0.0000,0.0000,3840.1062,0.0000,0,0,0
1.7765,-1.8127,-3.3867,0.1000,1.9869,0.0000,0.0000,-1841.0000,-3374.4118,0.1000,1.9856,0.0000,0.0000,3840.1068,0.0000,0,0,0
1.7771,-1.7814,-3.3964,0.1000,1.9875,0.0000,0.0000,-1780.0438,-3395.5983,0.1000,1.9867,0.0000,0.0000,3830.0459,0.0000,0,0,0
1.7776,-1.7500,-3.4061,0.1000,1.9882,0.0000,0.0000,-1752.9220,-3406.0005,0.1000,1.9875,0.0000,0.0000,3826.7809,0.0000,0,0,0
1.7782,-1.7162,-3.4101,0.1000,1.9889,0.0000,0.0000,-1752.9220,-3406.0005,0.1000,1.9875,0.0000,0.0000,3826.7928,0.0000,0,0,0
1.7787,-1.6825,-3.4141,0.1000,1.9895,0.0000,0.0000,-1687.8036,-3413.9972,0.1000,1.9887,0.0000,0.0000,3804.6132,0.0000,0,0,0
1.7793,-1.6474,-3.4118,0.1000,1.9902,0.0000,0.0000,-1643.7060,-3411.9914,0.1000,1.9887,0.0000,0.0000,3783.4867,0.0000,0,0,0
1.7799,-1.6122,-3.4096,0.1000,1.9909,0.0000,0.0000,-1643.7060,-3411.9914,0.1000,1.9895,0.0000,0.0000,3783.5039,0.0000,0,0,0
1.7805,-1.5770,-3.4008,0.1000,1.9916,0.0000,0.0000,-1577.2007,-3398.1260,0.1000,1.9909,0.0000,0.0000,3742.5593,0.0000,0,0,0
1.7811,-1.5417,-3.3919,0.1000,1.9924,0.0000,0.0000,-1577.2007,-3398.1260,0.1000,1.9909,0.0000,0.0000,3742.5821,0.0000,0,0,0
1.7818,-1.5075,-3.3764,0.1000,1.9931,0.0000,0.0000,-1516.8013,-3375.9992,0.1000,1.9923,0.0000,0.0000,3697.3910,0.0000,0,0,0
1.7824,-1.4732,-3.3609,0.1000,1.9939,0.0000,0.0000,-1472.9878,-3361.0000,0.1000,1.9930,0.0000,0.0000,3665.9372,0.0000,0,0,0
1.7830,-1.4414,-3.3388,0.1000,1.9946,0.0000,0.0000,-1463.8953,-3338.7443,0.1000,1.9938,0.0000,0.0000,3641.9364,0.0000,0,0,0
1.7837,-1.4095,-3.3168,0.1000,1.9954,0.0000,0.0000,-1463.8953,-3338.7443,0.1000,1.9938,0.0000,0.0000,3641.9694,0.0000,0,0,0
1.7844,-1.3813,-3.2885,0.1000,1.9962,0.0000,0.0000,-1381.7737,-3288.1316,0.1000,1.9949,0.0000,0.0000,3563.0994,0.0000,0,0,0
1.7850,-1.3531,-3.2603,0.1000,1.9970,0.0000,0.0000,-1353.0000,-3222.2846,0.1000,1.9962,0.0000,0.0000,3491.2844,0.0000,0,0,0
1.7857,-1.3297,-3.2264,0.1000,1.9978,0.0000,0.0000,-1329.8454,-3226.0003,0.1000,1.9970,0.0000,0.0000,3485.8608,0.0000,0,0,0
1.7864,-1.3063,-3.1926,0.1000,1.9986,0.0000,0.0000,-1306.0000,-3193.0000,0.1000,1.9970,0.0000,0.0000,3446.3164,0.0000,0,0,0
1.7871,-1.2888,-3.1540,0.1000,1.9994,0.0000,0.0000,-1306.0000,-3193.0000,0.1000,1.9970,0.0000,0.0000,3446.3587,0.0000,0,0,0
1.7878,-1.2713,-3.1155,0.1000,2.0003,0.0000,0.0000,-1271.0000,-3116.0000,0.1000,1.9970,0.0000,0.0000,3361.8835,0.0000,0,0,0
1.7886,-1.2606,-3.0733,0.1000,2.0012,0.0000,0.0000,-1261.0000,-3070.6459,0.1000,2.0003,0.0000,0.0000,3316.1642,0.0000,0,0,0
1.7893,-1.2500,-3.0311,0.1000,2.0020,0.0000,0.0000,-1250.0008,-3030.8377,0.1000,2.0003,0.0000,0.0000,3275.2086,0.0000,0,0,0
1.7900,-1.2470,-2.9865,0.1000,2.0029,0.0000,0.0000,-1250.0008,-3030.8377,0.1000,2.0011,0.0000,0.0000,3275.2510,0.0000,0,0,0
1.7908,-1.2439,-2.9419,0.1000,2.0038,0.0000,0.0000,-1244.1195,-2974.5386,0.1000,2.0024,0.0000,0.0000,3221.0444,0.0000,0,0,0
1.7916,-1.2490,-2.8962,0.1000,2.0047,0.0000,0.0000,-1249.0000,-2892.1123,0.1000,2.0037,0.0000,0.0000,3147.1340,0.0000,0,0,0
1.7923,-1.2541,-2.8506,0.1000,2.0056,0.0000,0.0000,-1254.0002,-2854.8866,0.1000,2.0046,0.0000,0.0000,3115.0413,0.0000,0,0,0
1.7931,-1.2675,-2.8054,0.1000,2.0065,0.0000,0.0000,-1264.2724,-2860.3176,0.1000,2.0052,0.0000,0.0000,3124.1891,0.0000,0,0,0
1.7939,-1.2809,-2.7603,0.1000,2.0075,0.0000,0.0000,-1281.0000,-2762.8376,0.1000,2.0065,0.0000,0.0000,3042.3195,0.0000,0,0,0
1.7947,-1.3027,-2.7171,0.1000,2.0084,0.0000,0.0000,-1281.0000,-2762.8376,0.1000,2.0065,0.0000,0.0000,3042.3494,0.0000,0,0,0
1.7955,-1.3244,-2.6740,0.1000,2.0094,0.0000,0.0000,-1315.9207,-2659.5722,0.1000,2.0078,0.0000,0.0000,2964.3333,0.0000,0,0,0
1.7963,-1.3542,-2.6344,0.1000,2.0104,0.0000,0.0000,-1350.5414,-2616.8833,0.1000,2.0094,0.0000,0.0000,2941.8707,0.0000,0,0,0
1.7972,-1.3840,-2.5949,0.1000,2.0114,0.0000,0.0000,-1384.0055,-2599.8562,0.1000,2.0102,0.0000,0.0000,2942.3475,0.0000,0,0,0
1.7980,-1.4212,-2.5604,0.1000,2.0124,0.0000,0.0000,-1417.7543,-2558.1690,0.1000,2.0108,0.0000,0.0000,2921.8376,0.0000,0,0,0
1.7989,-1.4583,-2.5259,0.1000,2.0134,0.0000,0.0000,-1455.6774,-2527.0811,0.1000,2.0123,0.0000,0.0000,2913.4399,0.0000,0,0,0
1.7997,-1.5020,-2.4979,0.1000,2.0144,0.0000,0.0000,-1455.6774,-2527.0811,0.1000,2.0123,0.0000,0.0000,2913.4424,0.0000,0,0,0
1.8006,-1.5457,-2.4699,0.1000,2.0154,0.0000,0.0000,-1547.8989,-2461.5544,0.1000,2.0144,0.0000,0.0000,2904.8760,0.0000,0,0,0
1.8015,-1.5948,-2.4496,0.1000,2.0165,0.0000,0.0000,-1600.3249,-2449.9050,0.1000,2.0144,0.0000,0.0000,2923.3501,0.0000,0,0,0
1.8024,-1.6439,-2.4293,0.1000,2.0175,0.0000,0.0000,-1600.3249,-2449.9050,0.1000,2.0151,0.0000,0.0000,2923.3403,0.0000,0,0,0
1.8033,-1.6969,-2.4177,0.1000,2.0186,0.0000,0.0000,-1698.1488,-2418.0001,0.1000,2.0173,0.0000,0.0000,2951.7769,0.0000,0,0,0
1.8042,-1.7500,-2.4061,0.1000,2.0197,0.0000,0.0000,-1698.1488,-2418.0001,0.1000,2.0175,0.0000,0.0000,2951.7559,0.0000,0,0,0
1.8051,-1.8055,-2.4040,0.1000,2.0208,0.0000,0.0000,-1750.0000,-2406.0000,0.1000,2.0187,0.0000,0.0000,2972.1134,0.0000,0,0,0
1.8061,-1.8609,-2.4019,0.1000,2.0219,0.0000,0.0000,-1877.9739,-2402.0158,0.1000,2.0207,0.0000,0.0000,3045.9722,0.0000,0,0,0
1.8070,-1.9171,-2.4098,0.1000,2.0230,0.0000,0.0000,-1915.4301,-2410.0000,0.1000,2.0218,0.0000,0.0000,3075.3898,0.0000,0,0,0
1.8080,-1.9733,-2.4177,0.1000,2.0241,0.0000,0.0000,-1977.6408,-2418.0001,0.1000,2.0227,0.0000,0.0000,3120.6250,0.0000,0,0,0
1.8089,-2.0283,-2.4357,0.1000,2.0253,0.0000,0.0000,-1977.6408,-2418.0001,0.1000,2.0227,0.0000,0.0000,3120.5762,0.0000,0,0,0
1.8099,-2.0833,-2.4537,0.1000,2.0264,0.0000,0.0000,-2097.3517,-2454.0662,0.1000,2.0251,0.0000,0.0000,3224.9888,0.0000,0,0,0
1.8109,-2.1354,-2.4817,0.1000,2.0276,0.0000,0.0000,-2135.0000,-2487.6950,0.1000,2.0264,0.0000,0.0000,3274.9651,0.0000,0,0,0
1.8119,-2.1875,-2.5098,0.1000,2.0288,0.0000,0.0000,-2198.0879,-2509.1009,0.1000,2.0271,0.0000,0.0000,3332.4132,0.0000,0,0,0
1.8129,-2.2347,-2.5472,0.1000,2.0300,0.0000,0.0000,-2198.0879,-2509.1009,0.1000,2.0271,0.0000,0.0000,3332.3539,0.0000,0,0,0
1.8139,-2.2820,-2.5847,0.1000,2.0312,0.0000,0.0000,-2327.9021,-2585.1121,0.1000,2.0297,0.0000,0.0000,3475.3355,0.0000,0,0,0
1.8149,-2.3227,-2.6308,0.1000,2.0324,0.0000,0.0000,-2320.5561,-2631.4290,0.1000,2.0310,0.0000,0.0000,3504.9659,0.0000,0,0,0
1.8160,-2.3634,-2.6769,0.1000,2.0336,0.0000,0.0000,-2368.7235,-2642.8829,0.1000,2.0324,0.0000,0.0000,3545.4686,0.0000,0,0,0
1.8170,-2.3961,-2.7305,0.1000,2.0349,0.0000,0.0000,-2396.0000,-2730.0000,0.1000,2.0336,0.0000,0.0000,3628.6828,0.0000,0,0,0
1.8181,-2.4287,-2.7841,0.1000,2.0361,0.0000,0.0000,-2396.0000,-2730.0000,0.1000,2.0336,0.0000,0.0000,3628.6210,0.0000,0,0,0
1.8191,-2.4518,-2.8437,0.1000,2.0374,0.0000,0.0000,-2436.9331,-2791.9331,0.1000,2.0349,0.0000,0.0000,3702.1236,0.0000,0,0,0
1.8202,-2.4749,-2.9033,0.1000,2.0386,0.0000,0.0000,-2475.3058,-2906.4494,0.1000,2.0365,0.0000,0.0000,3813.8527,0.0000,0,0,0
1.8213,-2.4875,-2.9672,0.1000,2.0399,0.0000,0.0000,-2475.3058,-2906.4494,0.1000,2.0365,0.0000,0.0000,3813.7959,0.0000,0,0,0
1.8224,-2.5000,-3.0311,0.1000,2.0412,0.0000,0.0000,-2475.3058,-2906.4494,0.1000,2.0365,0.0000,0.0000,3813.7391,0.0000,0,0,0
1.8235,-2.5011,-3.0974,0.1000,2.0425,0.0000,0.0000,-2500.7547,-3054.6223,0.1000,2.0398,0.0000,0.0000,3943.7387,0.0000,0,0,0
1.8246,-2.5023,-3.1637,0.1000,2.0438,0.0000,0.0000,-2501.9997,-3121.5800,0.1000,2.0424,0.0000,0.0000,3996.4993,0.0000,0,0,0
1.8257,-2.4916,-3.2304,0.1000,2.0452,0.0000,0.0000,-2492.0037,-3226.8932,0.1000,2.0436,0.0000,0.0000,4073.0421,0.0000,0,0,0
1.8269,-2.4809,-3.2971,0.1000,2.0465,0.0000,0.0000,-2492.0037,-3226.8932,0.1000,2.0436,0.0000,0.0000,4072.9959,0.0000,0,0,0
1.8280,-2.4582,-3.3620,0.1000,2.0479,0.0000,0.0000,-2458.0542,-3363.7923,0.1000,2.0461,0.0000,0.0000,4162.0239,0.0000,0,0,0
1.8292,-2.4356,-3.4269,0.1000,2.0492,0.0000,0.0000,-2436.0000,-3426.5363,0.1000,2.0479,0.0000,0.0000,4199.9897,0.0000,0,0,0
1.8303,-2.4013,-3.4879,0.1000,2.0506,0.0000,0.0000,-2436.0000,-3426.5363,0.1000,2.0479,0.0000,0.0000,4199.9598,0.0000,0,0,0
1.8315,-2.3671,-3.5489,0.1000,2.0520,0.0000,0.0000,-2366.0409,-3564.1719,0.1000,2.0502,0.0000,0.0000,4273.7560,0.0000,0,0,0
1.8327,-2.3219,-3.6039,0.1000,2.0534,0.0000,0.0000,-2321.9830,-3607.8785,0.1000,2.0518,0.0000,0.0000,4286.2131,0.0000,0,0,0
1.8339,-2.2767,-3.6588,0.1000,2.0548,0.0000,0.0000,-2321.9830,-3607.8785,0.1000,2.0518,0.0000,0.0000,4286.1914,0.0000,0,0,0
1.8351,-2.2217,-3.7058,0.1000,2.0563,0.0000,0.0000,-2252.9077,-3683.0923,0.1000,2.0518,0.0000,0.0000,4313.1743,0.0000,0,0,0
1.8363,-2.1667,-3.7528,0.1000,2.0577,0.0000,0.0000,-2182.9415,-3750.6602,0.1000,2.0537,0.0000,0.0000,4335.3309,0.0000,0,0,0
1.8376,-2.1032,-3.7900,0.1000,2.0592,0.0000,0.0000,-2170.3481,-3787.7092,0.1000,2.0575,0.0000,0.0000,4361.1157,0.0000,0,0,0
1.8388,-2.0398,-3.8272,0.1000,2.0606,0.0000,0.0000,-2170.3481,-3787.7092,0.1000,2.0575,0.0000,0.0000,4361.1150,0.0000,0,0,0
1.8400,-1.9696,-3.8532,0.1000,2.0621,0.0000,0.0000,-2170.3481,-3787.7092,0.1000,2.0575,0.0000,0.0000,4361.1273,0.0000,0,0,0
1.8413,-1.8995,-3.8791,0.1000,2.0636,0.0000,0.0000,-1970.0000,-3853.0000,0.1000,2.0604,0.0000,0.0000,4323.0951,0.0000,0,0,0
1.8426,-1.8248,-3.8926,0.1000,2.0651,0.0000,0.0000,-1900.0000,-3879.0000,0.1000,2.0623,0.0000,0.0000,4315.0349,0.0000,0,0,0
1.8438,-1.7500,-3.9061,0.1000,2.0666,0.0000,0.0000,-1750.0000,-3906.0000,0.1000,2.0623,0.0000,0.0000,4275.8292,0.0000,0,0,0
1.8451,-1.6728,-3.9063,0.1000,2.0681,0.0000,0.0000,-1750.0000,-3906.0000,0.1000,2.0645,0.0000,0.0000,4275.8605,0.0000,0,0,0
1.8464,-1.5956,-3.9065,0.1000,2.0697,0.0000,0.0000,-1750.0000,-3906.0000,0.1000,2.0645,0.0000,0.0000,4275.8919,0.0000,0,0,0
1.8477,-1.5184,-3.8929,0.1000,2.0712,0.0000,0.0000,-1572.3975,-3896.7990,0.1000,2.0683,0.0000,0.0000,4197.9017,0.0000,0,0,0
1.8490,-1.4412,-3.8794,0.1000,2.0728,0.0000,0.0000,-1441.3422,-3878.8175,0.1000,2.0698,0.0000,0.0000,4133.8190,0.0000,0,0,0
1.8504,-1.3664,-3.8522,0.1000,2.0744,0.0000,0.0000,-1403.2531,-3853.0141,0.1000,2.0727,0.0000,0.0000,4096.5026,0.0000,0,0,0
1.8517,-1.2917,-3.8249,0.1000,2.0759,0.0000,0.0000,-1291.8911,-3825.0000,0.1000,2.0727,0.0000,0.0000,4033.2401,0.0000,0,0,0
1.8531,-1.2218,-3.7844,0.1000,2.0775,0.0000,0.0000,-1291.8911,-3825.0000,0.1000,2.0743,0.0000,0.0000,4033.3008,0.0000,0,0,0
1.8544,-1.1519,-3.7439,0.1000,2.0791,0.0000,0.0000,-1222.0000,-3784.0000,0.1000,2.0761,0.0000,0.0000,3972.5063,0.0000,0,0,0
1.8558,-1.0892,-3.6911,0.1000,2.0808,0.0000,0.0000,-1045.2357,-3691.0000,0.1000,2.0791,0.0000,0.0000,3832.2955,0.0000,0,0,0
1.8572,-1.0265,-3.6382,0.1000,2.0824,0.0000,0.0000,-1027.0000,-3634.2187,0.1000,2.0808,0.0000,0.0000,3772.7625,0.0000,0,0,0
1.8586,-0.9733,-3.5742,0.1000,2.0840,0.0000,0.0000,-1027.0000,-3634.2187,0.1000,2.0808,0.0000,0.0000,3772.8385,0.0000,0,0,0
1.8600,-0.9201,-3.5103,0.1000,2.0857,0.0000,0.0000,-912.5399,-3529.0931,0.1000,2.0832,0.0000,0.0000,3641.5361,0.0000,0,0,0
1.8614,-0.8782,-3.4369,0.1000,2.0874,0.0000,0.0000,-878.0000,-3450.9904,0.1000,2.0832,0.0000,0.0000,3557.3822,0.0000,0,0,0
1.8628,-0.8364,-3.3636,0.1000,2.0890,0.0000,0.0000,-878.0000,-3450.9904,0.1000,2.0856,0.0000,0.0000,3557.4635,0.0000,0,0,0
1.8642,-0.8076,-3.2830,0.1000,2.0907,0.0000,0.0000,-808.0013,-3293.7200,0.1000,2.0886,0.0000,0.0000,3387.9990,0.0000,0,0,0
1.8656,-0.7789,-3.2023,0.1000,2.0924,0.0000,0.0000,-808.0013,-3293.7200,0.1000,2.0886,0.0000,0.0000,3388.0842,0.0000,0,0,0
1.8671,-0.7644,-3.1167,0.1000,2.0942,0.0000,0.0000,-764.8449,-3130.6502,0.1000,2.0912,0.0000,0.0000,3219.5162,0.0000,0,0,0
1.8686,-0.7500,-3.0311,0.1000,2.0959,0.0000,0.0000,-750.0134,-3043.9405,0.1000,2.0938,0.0000,0.0000,3131.8566,0.0000,0,0,0
1.8700,-0.7508,-2.9431,0.1000,2.0976,0.0000,0.0000,-750.0134,-3043.9405,0.1000,2.0938,0.0000,0.0000,3131.9419,0.0000,0,0,0
1.8715,-0.7515,-2.8550,0.1000,2.0994,0.0000,0.0000,-750.0134,-3043.9405,0.1000,2.0938,0.0000,0.0000,3132.0272,0.0000,0,0,0
1.8730,-0.7679,-2.7673,0.1000,2.1011,0.0000,0.0000,-768.0000,-2764.8719,0.1000,2.0993,0.0000,0.0000,2866.6822,0.0000,0,0,0
1.8745,-0.7842,-2.6796,0.1000,2.1029,0.0000,0.0000,-784.0000,-2683.3373,0.1000,2.0993,0.0000,0.0000,2792.7322,0.0000,0,0,0
1.8760,-0.8160,-2.5949,0.1000,2.1047,0.0000,0.0000,-816.0000,-2564.9997,0.1000,2.1028,0.0000,0.0000,2688.9483,0.0000,0,0,0
1.8775,-0.8479,-2.5103,0.1000,2.1065,0.0000,0.0000,-816.0000,-2564.9997,0.1000,2.1028,0.0000,0.0000,2689.0193,0.0000,0,0,0
1.8791,-0.8946,-2.4314,0.1000,2.1083,0.0000,0.0000,-934.4821,-2292.7880,0.1000,2.1056,0.0000,0.0000,2473.3214,0.0000,0,0,0
1.8806,-0.9414,-2.3526,0.1000,2.1101,0.0000,0.0000,-934.4821,-2292.7880,0.1000,2.1056,0.0000,0.0000,2473.3767,0.0000,0,0,0
1.8821,-1.0020,-2.2822,0.1000,2.1120,0.0000,0.0000,-1002.0000,-2282.0000,0.1000,2.1101,0.0000,0.0000,2489.8012,0.0000,0,0,0
1.8837,-1.0626,-2.2118,0.1000,2.1138,0.0000,0.0000,-1002.0000,-2282.0000,0.1000,2.1101,0.0000,0.0000,2489.8413,0.0000,0,0,0
1.8853,-1.1355,-2.1524,0.1000,2.1157,0.0000,0.0000,-1134.9330,-2153.4806,0.1000,2.1135,0.0000,0.0000,2431.8121,0.0000,0,0,0
1.8868,-1.2083,-2.0929,0.1000,2.1175,0.0000,0.0000,-1211.5920,-2093.0000,0.1000,2.1157,0.0000,0.0000,2415.9720,0.0000,0,0,0
1.8884,-1.2915,-2.0465,0.1000,2.1194,0.0000,0.0000,-1211.5920,-2093.0000,0.1000,2.1157,0.0000,0.0000,2415.9705,0.0000,0,0,0
1.8900,-1.3747,-2.0000,0.1000,2.1213,0.0000,0.0000,-1375.0000,-2000.0000,0.1000,2.1180,0.0000,0.0000,2424.6340,0.0000,0,0,0
1.8917,-1.4659,-1.9684,0.1000,2.1232,0.0000,0.0000,-1486.4924,-1968.0000,0.1000,2.1213,0.0000,0.0000,2463.8555,0.0000,0,0,0
1.8933,-1.5571,-1.9369,0.1000,2.1251,0.0000,0.0000,-1486.4924,-1968.0000,0.1000,2.1213,0.0000,0.0000,2463.8257,0.0000,0,0,0
1.8949,-1.6535,-1.9215,0.1000,2.1271,0.0000,0.0000,-1486.4924,-1968.0000,0.1000,2.1213,0.0000,0.0000,2463.7799,0.0000,0,0,0
1.8965,-1.7500,-1.9061,0.1000,2.1290,0.0000,0.0000,-1654.0000,-1921.0000,0.1000,2.1252,0.0000,0.0000,2532.3609,0.0000,0,0,0
1.8982,-1.8489,-1.9078,0.1000,2.1310,0.0000,0.0000,-1981.0594,-1908.1014,0.1000,2.1283,0.0000,0.0000,2747.8807,0.0000,0,0,0
1.8999,-1.9478,-1.9095,0.1000,2.1329,0.0000,0.0000,-1981.0594,-1908.1014,0.1000,2.1283,0.0000,0.0000,2747.8083,0.0000,0,0,0
1.9015,-2.0460,-1.9287,0.1000,2.1349,0.0000,0.0000,-2054.6641,-1929.3434,0.1000,2.1316,0.0000,0.0000,2815.7004,0.0000,0,0,0
1.9032,-2.1443,-1.9478,0.1000,2.1369,0.0000,0.0000,-2115.5617,-1948.0000,0.1000,2.1346,0.0000,0.0000,2872.9170,0.0000,0,0,0
1.9049,-2.2388,-1.9843,0.1000,2.1389,0.0000,0.0000,-2239.0000,-1981.2998,0.1000,2.1369,0.0000,0.0000,2986.7693,0.0000,0,0,0
1.9066,-2.3333,-2.0207,0.1000,2.1409,0.0000,0.0000,-2239.0000,-1981.2998,0.1000,2.1369,0.0000,0.0000,2986.6743,0.0000,0,0,0
1.9083,-2.4211,-2.0737,0.1000,2.1430,0.0000,0.0000,-2400.2430,-2074.0016,0.1000,2.1409,0.0000,0.0000,3168.9801,0.0000,0,0,0
1.9100,-2.5088,-2.1267,0.1000,2.1450,0.0000,0.0000,-2400.2430,-2074.0016,0.1000,2.1409,0.0000,0.0000,3168.8790,0.0000,0,0,0
1.9118,-2.5869,-2.1950,0.1000,2.1471,0.0000,0.0000,-2584.4174,-2194.9999,0.1000,2.1450,0.0000,0.0000,3387.3650,0.0000,0,0,0
1.9135,-2.6650,-2.2633,0.1000,2.1491,0.0000,0.0000,-2676.1692,-2282.9404,0.1000,2.1469,0.0000,0.0000,3514.1304,0.0000,0,0,0
1.9153,-2.7307,-2.3451,0.1000,2.1512,0.0000,0.0000,-2730.9946,-2348.7996,0.1000,2.1489,0.0000,0.0000,3598.5098,0.0000,0,0,0
1.9170,-2.7964,-2.4269,0.1000,2.1533,0.0000,0.0000,-2794.6111,-2433.4114,0.1000,2.1511,0.0000,0.0000,3701.8799,0.0000,0,0,0
1.9188,-2.8475,-2.5200,0.1000,2.1554,0.0000,0.0000,-2847.0021,-2489.7370,0.1000,2.1528,0.0000,0.0000,3778.2885,0.0000,0,0,0
1.9206,-2.8985,-2.6131,0.1000,2.1575,0.0000,0.0000,-2847.0021,-2489.7370,0.1000,2.1528,0.0000,0.0000,3778.1888,0.0000,0,0,0
1.9224,-2.9329,-2.7148,0.1000,2.1596,0.0000,0.0000,-2933.0000,-2725.0036,0.1000,2.1575,0.0000,0.0000,3999.5187,0.0000,0,0,0
1.9242,-2.9673,-2.8164,0.1000,2.1617,0.0000,0.0000,-2933.0000,-2715.0000,0.1000,2.1577,0.0000,0.0000,3992.6221,0.0000,0,0,0
1.9260,-2.9837,-2.9238,0.1000,2.1639,0.0000,0.0000,-2983.9512,-3000.8311,0.1000,2.1614,0.0000,0.0000,4227.7199,0.0000,0,0,0
1.9278,-3.0000,-3.0311,0.1000,2.1660,0.0000,0.0000,-3000.0004,-3047.0880,0.1000,2.1614,0.0000,0.0000,4271.8022,0.0000,0,0,0
1.9296,-2.9973,-3.1408,0.1000,2.1682,0.0000,0.0000,-2997.0000,-3139.2974,0.1000,2.1660,0.0000,0.0000,4335.8425,0.0000,0,0,0
1.9315,-2.9947,-3.2506,0.1000,2.1704,0.0000,0.0000,-2995.0000,-3238.6725,0.1000,2.1681,0.0000,0.0000,4406.8187,0.0000,0,0,0
1.9333,-2.9727,-3.3593,0.1000,2.1726,0.0000,0.0000,-2995.0000,-3238.6725,0.1000,2.1681,0.0000,0.0000,4406.7538,0.0000,0,0,0
1.9352,-2.9507,-3.4681,0.1000,2.1748,0.0000,0.0000,-2951.0000,-3473.3631,0.1000,2.1726,0.0000,0.0000,4553.1490,0.0000,0,0,0
1.9371,-2.9097,-3.5725,0.1000,2.1770,0.0000,0.0000,-2910.0006,-3577.6548,0.1000,2.1744,0.0000,0.0000,4607.0860,0.0000,0,0,0
1.9390,-2.8686,-3.6769,0.1000,2.1792,0.0000,0.0000,-2869.0000,-3677.0000,0.1000,2.1744,0.0000,0.0000,4659.1857,0.0000,0,0,0
1.9409,-2.8094,-3.7736,0.1000,2.1815,0.0000,0.0000,-2869.0000,-3677.0000,0.1000,2.1769,0.0000,0.0000,4659.1459,0.0000,0,0,0
1.9428,-2.7501,-3.8703,0.1000,2.1837,0.0000,0.0000,-2750.0000,-3868.3903,0.1000,2.1815,0.0000,0.0000,4741.5079,0.0000,0,0,0
1.9447,-2.6741,-3.9561,0.1000,2.1860,0.0000,0.0000,-2698.6724,-3923.9374,0.1000,2.1827,0.0000,0.0000,4757.5897,0.0000,0,0,0
1.9466,-2.5981,-4.0418,0.1000,2.1883,0.0000,0.0000,-2598.0000,-4040.4845,0.1000,2.1860,0.0000,0.0000,4798.8520,0.0000,0,0,0
1.9485,-2.5074,-4.1138,0.1000,2.1906,0.0000,0.0000,-2509.0718,-4128.2589,0.1000,2.1883,0.0000,0.0000,4826.1204,0.0000,0,0,0
1.9505,-2.4167,-4.1858,0.1000,2.1929,0.0000,0.0000,-2414.9255,-4184.3030,0.1000,2.1900,0.0000,0.0000,4826.3422,0.0000,0,0,0
1.9524,-2.3137,-4.2414,0.1000,2.1952,0.0000,0.0000,-2313.9406,-4240.9887,0.1000,2.1900,0.0000,0.0000,4826.3492,0.0000,0,0,0
1.9544,-2.2108,-4.2971,0.1000,2.1975,0.0000,0.0000,-2179.3035,-4296.9974,0.1000,2.1951,0.0000,0.0000,4813.2119,0.0000,0,0,0
1.9564,-2.0986,-4.3343,0.1000,2.1999,0.0000,0.0000,-2179.3035,-4296.9974,0.1000,2.1951,0.0000,0.0000,4813.2295,0.0000,0,0,0
1.9584,-1.9864,-4.3715,0.1000,2.2022,0.0000,0.0000,-2099.0000,-4334.0000,0.1000,2.1974,0.0000,0.0000,4810.7327,0.0000,0,0,0
1.9604,-1.8682,-4.3888,0.1000,2.2046,0.0000,0.0000,-1865.2556,-4388.9962,0.1000,2.2022,0.0000,0.0000,4764.1363,0.0000,0,0,0
1.9624,-1.7500,-4.4061,0.1000,2.2069,0.0000,0.0000,-1843.1803,-4405.7529,0.1000,2.2042,0.0000,0.0000,4771.0291,0.0000,0,0,0
1.9644,-1.6294,-4.4025,0.1000,2.2093,0.0000,0.0000,-1647.3199,-4402.5300,0.1000,2.2067,0.0000,0.0000,4695.9368,0.0000,0,0,0
1.9664,-1.5088,-4.3989,0.1000,2.2117,0.0000,0.0000,-1507.2137,-4398.9998,0.1000,2.2086,0.0000,0.0000,4645.3917,0.0000,0,0,0
1.9684,-1.3895,-4.3741,0.1000,2.2141,0.0000,0.0000,-1507.2137,-4398.9998,0.1000,2.2086,0.0000,0.0000,4645.4539,0.0000,0,0,0
1.9705,-1.2702,-4.3493,0.1000,2.2166,0.0000,0.0000,-1311.6791,-4352.4713,0.1000,2.2122,0.0000,0.0000,4541.2924,0.0000,0,0,0
1.9725,-1.1559,-4.3036,0.1000,2.2190,0.0000,0.0000,-1205.8886,-4304.0581,0.1000,2.2165,0.0000,0.0000,4465.3409,0.0000,0,0,0
1.9746,-1.0417,-4.2580,0.1000,2.2214,0.0000,0.0000,-1066.0828,-4258.0409,0.1000,2.2188,0.0000,0.0000,4385.0863,0.0000,0,0,0
1.9767,-0.9361,-4.1925,0.1000,2.2239,0.0000,0.0000,-925.2983,-4192.8516,0.1000,2.2200,0.0000,0.0000,4289.4419,0.0000,0,0,0
1.9788,-0.8305,-4.1270,0.1000,2.2264,0.0000,0.0000,-878.8245,-4123.3214,0.1000,2.2229,0.0000,0.0000,4211.7261,0.0000,0,0,0
1.9809,-0.7370,-4.0433,0.1000,2.2289,0.0000,0.0000,-683.0009,-4006.7103,0.1000,2.2253,0.0000,0.0000,4060.3974,0.0000,0,0,0
1.9830,-0.6435,-3.9596,0.1000,2.2314,0.0000,0.0000,-639.0901,-3960.0063,0.1000,2.2289,0.0000,0.0000,4007.2334,0.0000,0,0,0
1.9851,-0.5653,-3.8599,0.1000,2.2339,0.0000,0.0000,-572.5007,-3929.5612,0.1000,2.2309,0.0000,0.0000,3967.1452,0.0000,0,0,0
1.9872,-0.4870,-3.7603,0.1000,2.2364,0.0000,0.0000,-487.0000,-3762.1607,0.1000,2.2336,0.0000,0.0000,3789.7584,0.0000,0,0,0
1.9893,-0.4268,-3.6474,0.1000,2.2389,0.0000,0.0000,-487.0000,-3762.1607,0.1000,2.2336,0.0000,0.0000,3789.8780,0.0000,0,0,0
1.9915,-0.3666,-3.5346,0.1000,2.2414,0.0000,0.0000,-367.0125,-3538.5047,0.1000,2.2379,0.0000,0.0000,3553.9334,0.0000,0,0,0
1.9936,-0.3265,-3.4119,0.1000,2.2440,0.0000,0.0000,-367.0125,-3538.5047,0.1000,2.2379,0.0000,0.0000,3554.0596,0.0000,0,0,0
1.9958,-0.2865,-3.2891,0.1000,2.2466,0.0000,0.0000,-286.0029,-3288.9666,0.1000,2.2379,0.0000,0.0000,3298.0767,0.0000,0,0,0
1.9980,-0.2682,-3.1601,0.1000,2.2492,0.0000,0.0000,-286.0029,-3288.9666,0.1000,2.2434,0.0000,0.0000,3298.2068,0.0000,0,0,0
2.0002,-0.2500,-3.0311,0.1000,2.2517,0.0000,0.0000,-251.5705,-3033.5781,0.1000,2.2491,0.0000,0.0000,3040.9501,0.0000,0,0,0
2.0169,0.7500,-3.0311,0.1000,2.2716,0.0000,0.0000,717.4921,-3031.0000,0.1000,2.2516,0.0000,0.0000,3111.6418,0.0000,0,0,0
2.0337,1.7500,-3.0311,0.1000,2.2914,0.0000,0.0000,1750.4102,-3031.0000,0.1000,2.2713,0.0000,0.0000,3496.6281,0.0000,0,0,0
2.0338,1.7568,-3.0299,0.1000,2.2915,0.0000,0.0000,1757.0001,-3026.7533,0.1000,2.2908,0.0000,0.0000,3496.2526,0.0000,0,0,0
2.0339,1.7637,-3.0287,0.1000,2.2917,0.0000,0.0000,1757.0001,-3026.7533,0.1000,2.2908,0.0000,0.0000,3496.2502,0.0000,0,0,0
2.0340,1.7699,-3.0251,0.1000,2.2918,0.0000,0.0000,1757.0001,-3026.7533,0.1000,2.2908,0.0000,0.0000,3496.2501,0.0000,0,0,0
2.0341,1.7761,-3.0216,0.1000,2.2920,0.0000,0.0000,1778.9379,-3019.9247,0.1000,2.2918,0.0000,0.0000,3501.4295,0.0000,0,0,0
2.0343,1.7811,-3.0159,0.1000,2.2921,0.0000,0.0000,1778.9379,-3019.9247,0.1000,2.2918,0.0000,0.0000,3501.4318,0.0000,0,0,0
2.0344,1.7861,-3.0103,0.1000,2.2923,0.0000,0.0000,1786.0015,-3049.5473,0.1000,2.2921,0.0000,0.0000,3530.5541,0.0000,0,0,0
2.0345,1.7893,-3.0028,0.1000,2.2924,0.0000,0.0000,1795.5438,-3016.1278,0.1000,2.2921,0.0000,0.0000,3506.6333,0.0000,0,0,0
2.0347,1.7926,-2.9954,0.1000,2.2926,0.0000,0.0000,1790.5507,-2992.4689,0.1000,2.2922,0.0000,0.0000,3483.7634,0.0000,0,0,0
2.0348,1.7936,-2.9866,0.1000,2.2927,0.0000,0.0000,1790.5507,-2992.4689,0.1000,2.2924,0.0000,0.0000,3483.7704,0.0000,0,0,0
2.0350,1.7946,-2.9779,0.1000,2.2929,0.0000,0.0000,1794.8672,-2996.9274,0.1000,2.2927,0.0000,0.0000,3489.8199,0.0000,0,0,0
2.0351,1.7932,-2.9684,0.1000,2.2931,0.0000,0.0000,1794.8672,-2996.9274,0.1000,2.2927,0.0000,0.0000,3489.8288,0.0000,0,0,0
2.0353,1.7917,-2.9589,0.1000,2.2933,0.0000,0.0000,1793.9075,-2958.3933,0.1000,2.2930,0.0000,0.0000,3456.3379,0.0000,0,0,0
2.0355,1.7875,-2.9493,0.1000,2.2935,0.0000,0.0000,1786.9982,-2943.0157,0.1000,2.2933,0.0000,0.0000,3439.6174,0.0000,0,0,0
2.0356,1.7833,-2.9397,0.1000,2.2937,0.0000,0.0000,1783.0000,-2940.0000,0.1000,2.2933,0.0000,0.0000,3434.9754,0.0000,0,0,0
2.0358,1.7763,-2.9307,0.1000,2.2939,0.0000,0.0000,1783.0000,-2940.0000,0.1000,2.2935,0.0000,0.0000,3434.9868,0.0000,0,0,0
2.0360,1.7693,-2.9217,0.1000,2.2942,0.0000,0.0000,1783.0000,-2940.0000,0.1000,2.2935,0.0000,0.0000,3434.9981,0.0000,0,0,0
2.0362,1.7596,-2.9139,0.1000,2.2944,0.0000,0.0000,1724.5401,-2913.6206,0.1000,2.2940,0.0000,0.0000,3382.3344,0.0000,0,0,0
2.0364,1.7500,-2.9061,0.1000,2.2947,0.0000,0.0000,1748.1074,-2904.4121,0.1000,2.2943,0.0000,0.0000,3386.5175,0.0000,0,0,0
2.0367,1.7379,-2.9002,0.1000,2.2949,0.0000,0.0000,1733.8086,-2900.1215,0.1000,2.2946,0.0000,0.0000,3375.4940,0.0000,0,0,0
2.0369,1.7259,-2.8943,0.1000,2.2952,0.0000,0.0000,1726.0000,-2894.0000,0.1000,2.2946,0.0000,0.0000,3366.2462,0.0000,0,0,0
2.0371,1.7118,-2.8909,0.1000,2.2955,0.0000,0.0000,1726.0000,-2894.0000,0.1000,2.2949,0.0000,0.0000,3366.2563,0.0000,0,0,0
2.0374,1.6977,-2.8875,0.1000,2.2958,0.0000,0.0000,1693.3661,-2888.0000,0.1000,2.2955,0.0000,0.0000,3344.4903,0.0000,0,0,0
2.0376,1.6822,-2.8871,0.1000,2.2961,0.0000,0.0000,1693.3661,-2888.0000,0.1000,2.2955,0.0000,0.0000,3344.4985,0.0000,0,0,0
2.0379,1.6667,-2.8868,0.1000,2.2964,0.0000,0.0000,1666.1209,-2887.0000,0.1000,2.2960,0.0000,0.0000,3329.9425,0.0000,0,0,0
2.0382,1.6503,-2.8898,0.1000,2.2967,0.0000,0.0000,1649.2497,-2889.9997,0.1000,2.2960,0.0000,0.0000,3324.1521,0.0000,0,0,0
2.0384,1.6339,-2.8928,0.1000,2.2970,0.0000,0.0000,1649.2497,-2889.9997,0.1000,2.2963,0.0000,0.0000,3324.1576,0.0000,0,0,0
2.0387,1.6175,-2.8994,0.1000,2.2974,0.0000,0.0000,1617.0040,-2904.1693,0.1000,2.2970,0.0000,0.0000,3320.6686,0.0000,0,0,0
2.0390,1.6010,-2.9061,0.1000,2.2977,0.0000,0.0000,1598.7087,-2907.6843,0.1000,2.2974,0.0000,0.0000,3314.8890,0.0000,0,0,0
2.0393,1.5853,-2.9165,0.1000,2.2981,0.0000,0.0000,1594.4621,-2917.0021,0.1000,2.2977,0.0000,0.0000,3321.0166,0.0000,0,0,0
2.0397,1.5696,-2.9269,0.1000,2.2985,0.0000,0.0000,1594.4621,-2917.0021,0.1000,2.2977,0.0000,0.0000,3321.0150,0.0000,0,0,0
2.0400,1.5554,-2.9410,0.1000,2.2989,0.0000,0.0000,1559.4244,-2941.0000,0.1000,2.2985,0.0000,0.0000,3325.5295,0.0000,0,0,0
2.0403,1.5412,-2.9551,0.1000,2.2993,0.0000,0.0000,1559.4244,-2941.0000,0.1000,2.2985,0.0000,0.0000,3325.5237,0.0000,0,0,0
2.0407,1.5293,-2.9726,0.1000,2.2997,0.0000,0.0000,1541.0000,-2955.0000,0.1000,2.2985,0.0000,0.0000,3329.3296,0.0000,0,0,0
2.0410,1.5175,-2.9901,0.1000,2.3001,0.0000,0.0000,1517.0000,-2990.0000,0.1000,2.2988,0.0000,0.0000,3349.4650,0.0000,0,0,0
2.0414,1.5087,-3.0106,0.1000,2.3006,0.0000,0.0000,1517.0000,-2990.0000,0.1000,2.2997,0.0000,0.0000,3349.4506,0.0000,0,0,0
2.0418,1.5000,-3.0311,0.1000,2.3010,0.0000,0.0000,1517.0000,-2990.0000,0.1000,2.2997,0.0000,0.0000,3349.4363,0.0000,0,0,0
2.0422,1.4951,-3.0540,0.1000,2.3015,0.0000,0.0000,1517.0000,-2990.0000,0.1000,2.2997,0.0000,0.0000,3349.4181,0.0000,0,0,0
2.0426,1.4901,-3.0769,0.1000,2.3019,0.0000,0.0000,1492.3228,-3076.3863,0.1000,2.3013,0.0000,0.0000,3415.8180,0.0000,0,0,0
2.0430,1.4895,-3.1015,0.1000,2.3024,0.0000,0.0000,1492.3228,-3076.3863,0.1000,2.3013,0.0000,0.0000,3415.7961,0.0000,0,0,0
2.0434,1.4890,-3.1261,0.1000,2.3029,0.0000,0.0000,1488.9970,-3125.3770,0.1000,2.3020,0.0000,0.0000,3458.4868,0.0000,0,0,0
2.0438,1.4932,-3.1515,0.1000,2.3034,0.0000,0.0000,1493.0001,-3147.9886,0.1000,2.3020,0.0000,0.0000,3480.6024,0.0000,0,0,0
2.0443,1.4974,-3.1769,0.1000,2.3039,0.0000,0.0000,1493.0001,-3147.9886,0.1000,2.3020,0.0000,0.0000,3480.5777,0.0000,0,0,0
2.0447,1.5067,-3.2022,0.1000,2.3045,0.0000,0.0000,1498.0338,-3189.9162,0.1000,2.3028,0.0000,0.0000,3520.6163,0.0000,0,0,0
2.0452,1.5159,-3.2275,0.1000,2.3050,0.0000,0.0000,1516.0000,-3224.8159,0.1000,2.3044,0.0000,0.0000,3559.8166,0.0000,0,0,0
2.0456,1.5303,-3.2516,0.1000,2.3056,0.0000,0.0000,1516.0000,-3224.8159,0.1000,2.3044,0.0000,0.0000,3559.7886,0.0000,0,0,0
2.0461,1.5447,-3.2758,0.1000,2.3061,0.0000,0.0000,1543.5589,-3276.0276,0.1000,2.3052,0.0000,0.0000,3617.8326,0.0000,0,0,0
2.0466,1.5640,-3.2978,0.1000,2.3067,0.0000,0.0000,1543.5589,-3276.0276,0.1000,2.3052,0.0000,0.0000,3617.8045,0.0000,0,0,0
2.0471,1.5833,-3.3198,0.1000,2.3073,0.0000,0.0000,1583.0222,-3314.1059,0.1000,2.3052,0.0000,0.0000,3669.0944,0.0000,0,0,0
2.0476,1.6073,-3.3386,0.1000,2.3079,0.0000,0.0000,1607.0078,-3306.0098,0.1000,2.3073,0.0000,0.0000,3672.1858,0.0000,0,0,0
2.0481,1.6312,-3.3574,0.1000,2.3085,0.0000,0.0000,1607.0078,-3306.0098,0.1000,2.3073,0.0000,0.0000,3672.1584,0.0000,0,0,0
2.0486,1.6593,-3.3720,0.1000,2.3091,0.0000,0.0000,1659.9300,-3371.9742,0.1000,2.3082,0.0000,0.0000,3754.6428,0.0000,0,0,0
2.0492,1.6873,-3.3867,0.1000,2.3097,0.0000,0.0000,1686.2555,-3391.0718,0.1000,2.3091,0.0000,0.0000,3783.4085,0.0000,0,0,0
2.0497,1.7186,-3.3964,0.1000,2.3104,0.0000,0.0000,1686.2555,-3391.0718,0.1000,2.3091,0.0000,0.0000,3783.3859,0.0000,0,0,0
2.0503,1.7500,-3.4061,0.1000,2.3110,0.0000,0.0000,1750.0000,-3406.0000,0.1000,2.3100,0.0000,0.0000,3825.4442,0.0000,0,0,0
2.0508,1.7838,-3.4101,0.1000,2.3117,0.0000,0.0000,1750.0000,-3406.0000,0.1000,2.3105,0.0000,0.0000,3825.4252,0.0000,0,0,0
2.0514,1.8175,-3.4141,0.1000,2.3124,0.0000,0.0000,1750.0000,-3406.0000,0.1000,2.3105,0.0000,0.0000,3825.4062,0.0000,0,0,0
2.0520,1.8526,-3.4118,0.1000,2.3131,0.0000,0.0000,1860.2376,-3411.9899,0.1000,2.3120,0.0000,0.0000,3882.2673,0.0000,0,0,0
2.0526,1.8878,-3.4096,0.1000,2.3138,0.0000,0.0000,1860.2376,-3411.9899,0.1000,2.3120,0.0000,0.0000,3882.2525,0.0000,0,0,0
2.0532,1.9230,-3.4008,0.1000,2.3145,0.0000,0.0000,1923.0227,-3401.0000,0.1000,2.3137,0.0000,0.0000,3903.1147,0.0000,0,0,0
2.0538,1.9583,-3.3919,0.1000,2.3152,0.0000,0.0000,1923.0227,-3401.0000,0.1000,2.3138,0.0000,0.0000,3903.1050,0.0000,0,0,0
2.0544,1.9925,-3.3764,0.1000,2.3160,0.0000,0.0000,1961.0052,-3375.9998,0.1000,2.3152,0.0000,0.0000,3900.2973,0.0000,0,0,0
2.0551,2.0268,-3.3609,0.1000,2.3167,0.0000,0.0000,2030.6972,-3361.0000,0.1000,2.3160,0.0000,0.0000,3922.9127,0.0000,0,0,0
2.0557,2.0586,-3.3388,0.1000,2.3175,0.0000,0.0000,2059.0254,-3348.0635,0.1000,2.3167,0.0000,0.0000,3926.6137,0.0000,0,0,0
2.0564,2.0905,-3.3168,0.1000,2.3183,0.0000,0.0000,2059.0254,-3348.0635,0.1000,2.3167,0.0000,0.0000,3926.6158,0.0000,0,0,0
2.0570,2.1187,-3.2885,0.1000,2.3191,0.0000,0.0000,2130.5330,-3307.8551,0.1000,2.3181,0.0000,0.0000,3930.6879,0.0000,0,0,0
2.0577,2.1469,-3.2603,0.1000,2.3198,0.0000,0.0000,2110.6354,-3260.2093,0.1000,2.3191,0.0000,0.0000,3879.8764,0.0000,0,0,0
2.0584,2.1703,-3.2264,0.1000,2.3207,0.0000,0.0000,2187.9303,-3148.5419,0.1000,2.3195,0.0000,0.0000,3830.2161,0.0000,0,0,0
2.0591,2.1937,-3.1926,0.1000,2.3215,0.0000,0.0000,2187.9303,-3148.5419,0.1000,2.3195,0.0000,0.0000,3830.2306,0.0000,0,0,0
2.0598,2.2112,-3.1540,0.1000,2.3223,0.0000,0.0000,2211.0000,-3154.0000,0.1000,2.3195,0.0000,0.0000,3847.9317,0.0000,0,0,0
2.0605,2.2287,-3.1155,0.1000,2.3232,0.0000,0.0000,2211.0000,-3154.0000,0.1000,2.3209,0.0000,0.0000,3847.9532,0.0000,0,0,0
2.0612,2.2394,-3.0733,0.1000,2.3240,0.0000,0.0000,2238.9181,-3062.0226,0.1000,2.3225,0.0000,0.0000,3789.4462,0.0000,0,0,0
2.0619,2.2500,-3.0311,0.1000,2.3249,0.0000,0.0000,2250.0008,-3031.0686,0.1000,2.3235,0.0000,0.0000,3771.1265,0.0000,0,0,0
2.0627,2.2530,-2.9865,0.1000,2.3258,0.0000,0.0000,2250.0008,-3031.0686,0.1000,2.3240,0.0000,0.0000,3771.1605,0.0000,0,0,0
2.0634,2.2561,-2.9419,0.1000,2.3267,0.0000,0.0000,2256.0000,-2945.7637,0.1000,2.3256,0.0000,0.0000,3706.6916,0.0000,0,0,0
2.0642,2.2510,-2.8962,0.1000,2.3276,0.0000,0.0000,2250.9965,-2899.9348,0.1000,2.3264,0.0000,0.0000,3667.3818,0.0000,0,0,0
2.0650,2.2459,-2.8506,0.1000,2.3285,0.0000,0.0000,2246.0018,-2878.9319,0.1000,2.3274,0.0000,0.0000,3647.7780,0.0000,0,0,0
2.0658,2.2325,-2.8054,0.1000,2.3294,0.0000,0.0000,2246.0018,-2878.9319,0.1000,2.3274,0.0000,0.0000,3647.8219,0.0000,0,0,0
2.0666,2.2191,-2.7603,0.1000,2.3303,0.0000,0.0000,2216.2702,-2760.0000,0.1000,2.3294,0.0000,0.0000,3536.1552,0.0000,0,0,0
2.0674,2.1973,-2.7171,0.1000,2.3313,0.0000,0.0000,2216.2702,-2760.0000,0.1000,2.3294,0.0000,0.0000,3536.2024,0.0000,0,0,0
2.0682,2.1756,-2.6740,0.1000,2.3323,0.0000,0.0000,2216.2702,-2760.0000,0.1000,2.3294,0.0000,0.0000,3536.2497,0.0000,0,0,0
2.0690,2.1458,-2.6344,0.1000,2.3332,0.0000,0.0000,2146.0000,-2634.0000,0.1000,2.3316,0.0000,0.0000,3394.1414,0.0000,0,0,0
2.0698,2.1160,-2.5949,0.1000,2.3342,0.0000,0.0000,2146.0000,-2634.0000,0.1000,2.3324,0.0000,0.0000,3394.1908,0.0000,0,0,0
2.0707,2.0788,-2.5604,0.1000,2.3352,0.0000,0.0000,2078.8642,-2520.1945,0.1000,2.3342,0.0000,0.0000,3263.6665,0.0000,0,0,0
2.0715,2.0417,-2.5259,0.1000,2.3362,0.0000,0.0000,2042.0000,-2526.0000,0.1000,2.3342,0.0000,0.0000,3244.8962,0.0000,0,0,0
2.0724,1.9980,-2.4979,0.1000,2.3373,0.0000,0.0000,2042.0000,-2526.0000,0.1000,2.3352,0.0000,0.0000,3244.9455,0.0000,0,0,0
2.0733,1.9543,-2.4699,0.1000,2.3383,0.0000,0.0000,2042.0000,-2526.0000,0.1000,2.3352,0.0000,0.0000,3244.9947,0.0000,0,0,0
2.0742,1.9052,-2.4496,0.1000,2.3393,0.0000,0.0000,1910.6671,-2451.0702,0.1000,2.3374,0.0000,0.0000,3104.6924,0.0000,0,0,0
2.0750,1.8561,-2.4293,0.1000,2.3404,0.0000,0.0000,1856.0000,-2429.0000,0.1000,2.3374,0.0000,0.0000,3053.8656,0.0000,0,0,0
2.0760,1.8031,-2.4177,0.1000,2.3415,0.0000,0.0000,1773.4355,-2418.5826,0.1000,2.3404,0.0000,0.0000,2996.0865,0.0000,0,0,0
2.0769,1.7500,-2.4061,0.1000,2.3426,0.0000,0.0000,1745.0642,-2405.9906,0.1000,2.3415,0.0000,0.0000,2969.2361,0.0000,0,0,0
2.0778,1.6945,-2.4040,0.1000,2.3437,0.0000,0.0000,1696.0623,-2404.0000,0.1000,2.3425,0.0000,0.0000,2939.1402,0.0000,0,0,0
2.0787,1.6391,-2.4019,0.1000,2.3448,0.0000,0.0000,1679.1557,-2402.0083,0.1000,2.3434,0.0000,0.0000,2927.8273,0.0000,0,0,0
2.0797,1.5829,-2.4098,0.1000,2.3459,0.0000,0.0000,1584.3681,-2410.0006,0.1000,2.3446,0.0000,0.0000,2881.2675,0.0000,0,0,0
2.0806,1.5267,-2.4177,0.1000,2.3470,0.0000,0.0000,1584.3681,-2410.0006,0.1000,2.3446,0.0000,0.0000,2881.2918,0.0000,0,0,0
2.0816,1.4717,-2.4357,0.1000,2.3482,0.0000,0.0000,1584.3681,-2410.0006,0.1000,2.3446,0.0000,0.0000,2881.3069,0.0000,0,0,0
2.0826,1.4167,-2.4537,0.1000,2.3493,0.0000,0.0000,1420.9230,-2453.9986,0.1000,2.3481,0.0000,0.0000,2832.8555,0.0000,0,0,0
2.0836,1.3646,-2.4817,0.1000,2.3505,0.0000,0.0000,1374.8137,-2482.0008,0.1000,2.3489,0.0000,0.0000,2834.4977,0.0000,0,0,0
2.0845,1.3125,-2.5098,0.1000,2.3516,0.0000,0.0000,1316.0620,-2510.0560,0.1000,2.3502,0.0000,0.0000,2831.3167,0.0000,0,0,0
2.0856,1.2653,-2.5472,0.1000,2.3528,0.0000,0.0000,1264.5228,-2546.9975,0.1000,2.3502,0.0000,0.0000,2840.7828,0.0000,0,0,0
2.0866,1.2180,-2.5847,0.1000,2.3540,0.0000,0.0000,1218.0000,-2585.0000,0.1000,2.3515,0.0000,0.0000,2854.7201,0.0000,0,0,0
2.0876,1.1773,-2.6308,0.1000,2.3553,0.0000,0.0000,1218.0000,-2585.0000,0.1000,2.3528,0.0000,0.0000,2854.6958,0.0000,0,0,0
2.0886,1.1366,-2.6769,0.1000,2.3565,0.0000,0.0000,1135.7650,-2683.3979,0.1000,2.3549,0.0000,0.0000,2910.9529,0.0000,0,0,0
2.0897,1.1039,-2.7305,0.1000,2.3577,0.0000,0.0000,1103.8988,-2737.8862,0.1000,2.3560,0.0000,0.0000,2949.1072,0.0000,0,0,0
2.0907,1.0713,-2.7841,0.1000,2.3590,0.0000,0.0000,1071.0000,-2784.0000,0.1000,2.3566,0.0000,0.0000,2979.9177,0.0000,0,0,0
2.0918,1.0482,-2.8437,0.1000,2.3602,0.0000,0.0000,1071.0000,-2784.0000,0.1000,2.3579,0.0000,0.0000,2979.8704,0.0000,0,0,0
2.0929,1.0251,-2.9033,0.1000,2.3615,0.0000,0.0000,1024.4421,-2910.4933,0.1000,2.3597,0.0000,0.0000,3082.4442,0.0000,0,0,0
2.0940,1.0125,-2.9672,0.1000,2.3628,0.0000,0.0000,1024.4421,-2910.4933,0.1000,2.3597,0.0000,0.0000,3082.3880,0.0000,0,0,0
2.0950,1.0000,-3.0311,0.1000,2.3641,0.0000,0.0000,1000.0056,-3031.1754,0.1000,2.3597,0.0000,0.0000,3188.6785,0.0000,0,0,0
2.0962,0.9989,-3.0974,0.1000,2.3654,0.0000,0.0000,1000.0056,-3031.1754,0.1000,2.3625,0.0000,0.0000,3188.6158,0.0000,0,0,0
2.0973,0.9977,-3.1637,0.1000,2.3667,0.0000,0.0000,998.0413,-3214.3843,0.1000,2.3646,0.0000,0.0000,3362.4445,0.0000,0,0,0
2.0984,1.0084,-3.2304,0.1000,2.3681,0.0000,0.0000,1008.0000,-3225.4347,0.1000,2.3666,0.0000,0.0000,3375.8899,0.0000,0,0,0
2.0995,1.0191,-3.2971,0.1000,2.3694,0.0000,0.0000,1024.3360,-3297.0000,0.1000,2.3681,0.0000,0.0000,3449.0080,0.0000,0,0,0
2.1007,1.0418,-3.3620,0.1000,2.3708,0.0000,0.0000,1024.3360,-3297.0000,0.1000,2.3681,0.0000,0.0000,3448.9393,0.0000,0,0,0
2.1018,1.0644,-3.4269,0.1000,2.3721,0.0000,0.0000,1063.9994,-3423.9050,0.1000,2.3708,0.0000,0.0000,3581.8293,0.0000,0,0,0
2.1030,1.0987,-3.4879,0.1000,2.3735,0.0000,0.0000,1063.9994,-3423.9050,0.1000,2.3708,0.0000,0.0000,3581.7609,0.0000,0,0,0
2.1042,1.1329,-3.5489,0.1000,2.3749,0.0000,0.0000,1132.9859,-3550.1496,0.1000,2.3708,0.0000,0.0000,3722.8306,0.0000,0,0,0
2.1054,1.1781,-3.6039,0.1000,2.3763,0.0000,0.0000,1177.9420,-3599.7967,0.1000,2.3748,0.0000,0.0000,3783.8309,0.0000,0,0,0
2.1066,1.2233,-3.6588,0.1000,2.3777,0.0000,0.0000,1295.9418,-3751.8199,0.1000,2.3755,0.0000,0.0000,3965.4770,0.0000,0,0,0
2.1078,1.2783,-3.7058,0.1000,2.3791,0.0000,0.0000,1295.9418,-3751.8199,0.1000,2.3755,0.0000,0.0000,3965.4146,0.0000,0,0,0
2.1090,1.3333,-3.7528,0.1000,2.3806,0.0000,0.0000,1321.4357,-3744.3788,0.1000,2.3778,0.0000,0.0000,3966.7308,0.0000,0,0,0
2.1102,1.3968,-3.7900,0.1000,2.3820,0.0000,0.0000,1403.4178,-3790.9222,0.1000,2.3797,0.0000,0.0000,4038.3205,0.0000,0,0,0
2.1114,1.4602,-3.8272,0.1000,2.3835,0.0000,0.0000,1397.0000,-3790.0000,0.1000,2.3807,0.0000,0.0000,4035.1748,0.0000,0,0,0
2.1127,1.5304,-3.8532,0.1000,2.3850,0.0000,0.0000,1554.2114,-3864.8295,0.1000,2.3829,0.0000,0.0000,4161.4849,0.0000,0,0,0
2.1140,1.6005,-3.8791,0.1000,2.3865,0.0000,0.0000,1596.8420,-3879.0000,0.1000,2.3849,0.0000,0.0000,4190.6273,0.0000,0,0,0
2.1152,1.6752,-3.8926,0.1000,2.3880,0.0000,0.0000,1657.6871,-3924.3388,0.1000,2.3865,0.0000,0.0000,4255.8517,0.0000,0,0,0
2.1165,1.7500,-3.9061,0.1000,2.3895,0.0000,0.0000,1694.0524,-3905.9989,0.1000,2.3877,0.0000,0.0000,4253.2594,0.0000,0,0,0
2.1178,1.8272,-3.9063,0.1000,2.3910,0.0000,0.0000,1694.0524,-3905.9989,0.1000,2.3877,0.0000,0.0000,4253.2286,0.0000,0,0,0
2.1191,1.9044,-3.9065,0.1000,2.3925,0.0000,0.0000,1903.8445,-3906.0000,0.1000,2.3906,0.0000,0.0000,4340.9342,0.0000,0,0,0
2.1204,1.9816,-3.8929,0.1000,2.3941,0.0000,0.0000,1903.8445,-3906.0000,0.1000,2.3910,0.0000,0.0000,4340.9126,0.0000,0,0,0
2.1217,2.0588,-3.8794,0.1000,2.3956,0.0000,0.0000,1903.8445,-3906.0000,0.1000,2.3910,0.0000,0.0000,4340.8909,0.0000,0,0,0
2.1230,2.1336,-3.8522,0.1000,2.3972,0.0000,0.0000,2133.8127,-3845.2158,0.1000,2.3956,0.0000,0.0000,4393.1913,0.0000,0,0,0
2.1244,2.2083,-3.8249,0.1000,2.3988,0.0000,0.0000,2203.0262,-3825.0000,0.1000,2.3956,0.0000,0.0000,4409.6461,0.0000,0,0,0
2.1257,2.2782,-3.7844,0.1000,2.4004,0.0000,0.0000,2203.0262,-3825.0000,0.1000,2.3971,0.0000,0.0000,4409.6463,0.0000,0,0,0
2.1271,2.3481,-3.7439,0.1000,2.4020,0.0000,0.0000,2347.9378,-3744.0015,0.1000,2.4001,0.0000,0.0000,4414.8972,0.0000,0,0,0
2.1285,2.4108,-3.6911,0.1000,2.4036,0.0000,0.0000,2439.4309,-3691.5597,0.1000,2.4019,0.0000,0.0000,4420.3442,0.0000,0,0,0
2.1298,2.4735,-3.6382,0.1000,2.4053,0.0000,0.0000,2443.9180,-3638.7467,0.1000,2.4036,0.0000,0.0000,4378.8886,0.0000,0,0,0
2.1312,2.5267,-3.5742,0.1000,2.4069,0.0000,0.0000,2527.0000,-3574.0000,0.1000,2.4043,0.0000,0.0000,4372.7458,0.0000,0,0,0
2.1326,2.5799,-3.5103,0.1000,2.4086,0.0000,0.0000,2527.0000,-3574.0000,0.1000,2.4052,0.0000,0.0000,4372.7673,0.0000,0,0,0
2.1340,2.6218,-3.4369,0.1000,2.4102,0.0000,0.0000,2622.0000,-3433.2569,0.1000,2.4084,0.0000,0.0000,4315.6468,0.0000,0,0,0
2.1354,2.6636,-3.3636,0.1000,2.4119,0.0000,0.0000,2622.0000,-3433.2569,0.1000,2.4084,0.0000,0.0000,4315.6797,0.0000,0,0,0
2.1369,2.6924,-3.2830,0.1000,2.4136,0.0000,0.0000,2692.1197,-3247.4124,0.1000,2.4111,0.0000,0.0000,4213.9525,0.0000,0,0,0
2.1383,2.7211,-3.2023,0.1000,2.4153,0.0000,0.0000,2721.0000,-3207.8988,0.1000,2.4136,0.0000,0.0000,4202.2755,0.0000,0,0,0
2.1398,2.7356,-3.1167,0.1000,2.4170,0.0000,0.0000,2736.0000,-3124.5149,0.1000,2.4152,0.0000,0.0000,4148.9591,0.0000,0,0,0
2.1412,2.7500,-3.0311,0.1000,2.4187,0.0000,0.0000,2736.0000,-3124.5149,0.1000,2.4152,0.0000,0.0000,4149.0140,0.0000,0,0,0
2.1427,2.7492,-2.9431,0.1000,2.4205,0.0000,0.0000,2749.0005,-2931.4067,0.1000,2.4176,0.0000,0.0000,4014.6974,0.0000,0,0,0
2.1442,2.7485,-2.8550,0.1000,2.4222,0.0000,0.0000,2749.0005,-2931.4067,0.1000,2.4176,0.0000,0.0000,4014.7621,0.0000,0,0,0
2.1457,2.7321,-2.7673,0.1000,2.4240,0.0000,0.0000,2732.3617,-2856.8252,0.1000,2.4217,0.0000,0.0000,3949.2435,0.0000,0,0,0
2.1471,2.7158,-2.6796,0.1000,2.4258,0.0000,0.0000,2721.2263,-2743.8870,0.1000,2.4226,0.0000,0.0000,3860.6369,0.0000,0,0,0
2.1487,2.6840,-2.5949,0.1000,2.4276,0.0000,0.0000,2716.0000,-2680.0000,0.1000,2.4240,0.0000,0.0000,3811.9000,0.0000,0,0,0
2.1502,2.6521,-2.5103,0.1000,2.4294,0.0000,0.0000,2652.0000,-2490.5225,0.1000,2.4276,0.0000,0.0000,3634.4530,0.0000,0,0,0
2.1517,2.6054,-2.4314,0.1000,2.4312,0.0000,0.0000,2605.4228,-2461.6595,0.1000,2.4291,0.0000,0.0000,3580.8464,0.0000,0,0,0
2.1532,2.5586,-2.3526,0.1000,2.4330,0.0000,0.0000,2605.4228,-2461.6595,0.1000,2.4291,0.0000,0.0000,3580.9346,0.0000,0,0,0
2.1548,2.4980,-2.2822,0.1000,2.4348,0.0000,0.0000,2492.1948,-2281.9547,0.1000,2.4291,0.0000,0.0000,3375.7216,0.0000,0,0,0
2.1564,2.4374,-2.2118,0.1000,2.4367,0.0000,0.0000,2437.0016,-2214.6877,0.1000,2.4348,0.0000,0.0000,3289.7039,0.0000,0,0,0
2.1579,2.3645,-2.1524,0.1000,2.4385,0.0000,0.0000,2395.3109,-2151.5648,0.1000,2.4366,0.0000,0.0000,3216.5457,0.0000,0,0,0
2.1595,2.2917,-2.0929,0.1000,2.4404,0.0000,0.0000,2305.2921,-2093.1592,0.1000,2.4383,0.0000,0.0000,3110.6863,0.0000,0,0,0
2.1611,2.2085,-2.0465,0.1000,2.4423,0.0000,0.0000,2200.2338,-2045.8888,0.1000,2.4398,0.0000,0.0000,3001.4341,0.0000,0,0,0
2.1627,2.1253,-2.0000,0.1000,2.4442,0.0000,0.0000,2125.0087,-1999.9999,0.1000,2.4398,0.0000,0.0000,2915.2423,0.0000,0,0,0
2.1643,2.0341,-1.9684,0.1000,2.4461,0.0000,0.0000,2000.3763,-1968.0000,0.1000,2.4441,0.0000,0.0000,2803.3287,0.0000,0,0,0
2.1659,1.9429,-1.9369,0.1000,2.4480,0.0000,0.0000,1964.4697,-1937.0968,0.1000,2.4460,0.0000,0.0000,2756.1486,0.0000,0,0,0
2.1676,1.8465,-1.9215,0.1000,2.4500,0.0000,0.0000,1742.9009,-1920.9971,0.1000,2.4479,0.0000,0.0000,2591.1623,0.0000,0,0,0
2.1692,1.7500,-1.9061,0.1000,2.4519,0.0000,0.0000,1692.7103,-1905.7752,0.1000,2.4494,0.0000,0.0000,2546.3826,0.0000,0,0,0
2.1709,1.6511,-1.9078,0.1000,2.4538,0.0000,0.0000,1655.2556,-1908.0000,0.1000,2.4517,0.0000,0.0000,2523.4095,0.0000,0,0,0
2.1725,1.5522,-1.9095,0.1000,2.4558,0.0000,0.0000,1655.2556,-1908.0000,0.1000,2.4517,0.0000,0.0000,2523.4730,0.0000,0,0,0
2.1742,1.4540,-1.9287,0.1000,2.4578,0.0000,0.0000,1461.4465,-1929.0000,0.1000,2.4558,0.0000,0.0000,2417.6811,0.0000,0,0,0
2.1759,1.3557,-1.9478,0.1000,2.4598,0.0000,0.0000,1461.4465,-1929.0000,0.1000,2.4558,0.0000,0.0000,2417.7252,0.0000,0,0,0
2.1776,1.2612,-1.9843,0.1000,2.4618,0.0000,0.0000,1076.9572,-1991.0132,0.1000,2.4589,0.0000,0.0000,2261.2735,0.0000,0,0,0
2.1793,1.1667,-2.0207,0.1000,2.4638,0.0000,0.0000,1076.9572,-1991.0132,0.1000,2.4589,0.0000,0.0000,2261.2864,0.0000,0,0,0
2.1810,1.0789,-2.0737,0.1000,2.4658,0.0000,0.0000,1123.1798,-2056.8092,0.1000,2.4625,0.0000,0.0000,2341.1639,0.0000,0,0,0
2.1827,0.9912,-2.1267,0.1000,2.4679,0.0000,0.0000,1123.1798,-2056.8092,0.1000,2.4625,0.0000,0.0000,2341.1594,0.0000,0,0,0
2.1844,0.9131,-2.1950,0.1000,2.4699,0.0000,0.0000,883.7150,-2208.6992,0.1000,2.4669,0.0000,0.0000,2376.5521,0.0000,0,0,0
2.1862,0.8350,-2.2633,0.1000,2.4720,0.0000,0.0000,883.7150,-2208.6992,0.1000,2.4669,0.0000,0.0000,2376.5177,0.0000,0,0,0
2.1879,0.7693,-2.3451,0.1000,2.4741,0.0000,0.0000,769.0028,-2323.8110,0.1000,2.4716,0.0000,0.0000,2445.2784,0.0000,0,0,0
2.1897,0.7036,-2.4269,0.1000,2.4761,0.0000,0.0000,769.0028,-2323.8110,0.1000,2.4716,0.0000,0.0000,2445.2214,0.0000,0,0,0
2.1915,0.6525,-2.5200,0.1000,2.4782,0.0000,0.0000,769.0028,-2323.8110,0.1000,2.4716,0.0000,0.0000,2445.1491,0.0000,0,0,0
2.1932,0.6015,-2.6131,0.1000,2.4803,0.0000,0.0000,600.9969,-2613.2038,0.1000,2.4766,0.0000,0.0000,2678.7420,0.0000,0,0,0
2.1950,0.5671,-2.7148,0.1000,2.4825,0.0000,0.0000,567.0000,-2639.0715,0.1000,2.4803,0.0000,0.0000,2696.5205,0.0000,0,0,0
2.1968,0.5327,-2.8164,0.1000,2.4846,0.0000,0.0000,533.0000,-2816.0000,0.1000,2.4808,0.0000,0.0000,2863.1317,0.0000,0,0,0
2.1987,0.5163,-2.9238,0.1000,2.4868,0.0000,0.0000,533.0000,-2816.0000,0.1000,2.4827,0.0000,0.0000,2863.0293,0.0000,0,0,0
2.2005,0.5000,-3.0311,0.1000,2.4889,0.0000,0.0000,500.0000,-3031.3952,0.1000,2.4827,0.0000,0.0000,3069.2815,0.0000,0,0,0
2.2023,0.5027,-3.1408,0.1000,2.4911,0.0000,0.0000,500.0000,-3031.3952,0.1000,2.4866,0.0000,0.0000,3069.1728,0.0000,0,0,0
2.2041,0.5053,-3.2506,0.1000,2.4933,0.0000,0.0000,505.0000,-3235.2131,0.1000,2.4891,0.0000,0.0000,3271.1002,0.0000,0,0,0
2.2060,0.5273,-3.3593,0.1000,2.4955,0.0000,0.0000,505.0000,-3235.2131,0.1000,2.4910,0.0000,0.0000,3270.9894,0.0000,0,0,0
2.2079,0.5493,-3.4681,0.1000,2.4977,0.0000,0.0000,548.8725,-3282.4175,0.1000,2.4951,0.0000,0.0000,3324.4800,0.0000,0,0,0
2.2097,0.5903,-3.5725,0.1000,2.4999,0.0000,0.0000,548.8725,-3282.4175,0.1000,2.4951,0.0000,0.0000,3324.3703,0.0000,0,0,0
2.2116,0.6314,-3.6769,0.1000,2.5021,0.0000,0.0000,600.4258,-3583.4258,0.1000,2.4972,0.0000,0.0000,3629.6494,0.0000,0,0,0
2.2135,0.6906,-3.7736,0.1000,2.5044,0.0000,0.0000,691.0000,-3743.6298,0.1000,2.5021,0.0000,0.0000,3803.0319,0.0000,0,0,0
2.2154,0.7499,-3.8703,0.1000,2.5066,0.0000,0.0000,749.1792,-3871.7258,0.1000,2.5043,0.0000,0.0000,3939.6006,0.0000,0,0,0
2.2173,0.8259,-3.9561,0.1000,2.5089,0.0000,0.0000,756.1423,-3876.1423,0.1000,2.5046,0.0000,0.0000,3945.1653,0.0000,0,0,0
2.2193,0.9019,-4.0418,0.1000,2.5112,0.0000,0.0000,756.1423,-3876.1423,0.1000,2.5046,0.0000,0.0000,3945.0666,0.0000,0,0,0
2.2212,0.9926,-4.1138,0.1000,2.5135,0.0000,0.0000,1060.4020,-4137.7394,0.1000,2.5095,0.0000,0.0000,4267.2249,0.0000,0,0,0
2.2231,1.0833,-4.1858,0.1000,2.5157,0.0000,0.0000,1083.0000,-4185.6209,0.1000,2.5127,0.0000,0.0000,4319.1369,0.0000,0,0,0
2.2251,1.1863,-4.2414,0.1000,2.5181,0.0000,0.0000,1083.0000,-4185.6209,0.1000,2.5134,0.0000,0.0000,4319.0573,0.0000,0,0,0
2.2271,1.2892,-4.2971,0.1000,2.5204,0.0000,0.0000,1300.5390,-4297.0158,0.1000,2.5171,0.0000,0.0000,4485.0289,0.0000,0,0,0
2.2290,1.4014,-4.3343,0.1000,2.5227,0.0000,0.0000,1300.5390,-4297.0158,0.1000,2.5171,0.0000,0.0000,4484.9607,0.0000,0,0,0
2.2310,1.5136,-4.3715,0.1000,2.5251,0.0000,0.0000,1511.1258,-4372.0000,0.1000,2.5227,0.0000,0.0000,4621.1587,0.0000,0,0,0
2.2330,1.6318,-4.3888,0.1000,2.5274,0.0000,0.0000,1511.1258,-4372.0000,0.1000,2.5227,0.0000,0.0000,4621.1037,0.0000,0,0,0
2.2350,1.7500,-4.4061,0.1000,2.5298,0.0000,0.0000,1673.6413,-4401.4868,0.1000,2.5257,0.0000,0.0000,4704.2044,0.0000,0,0,0
2.2370,1.8706,-4.4025,0.1000,2.5322,0.0000,0.0000,1868.9244,-4402.0000,0.1000,2.5298,0.0000,0.0000,4777.5259,0.0000,0,0,0
2.2391,1.9912,-4.3989,0.1000,2.5346,0.0000,0.0000,1989.9263,-4399.0000,0.1000,2.5320,0.0000,0.0000,4823.3189,0.0000,0,0,0
2.2411,2.1105,-4.3741,0.1000,2.5370,0.0000,0.0000,1989.9263,-4399.0000,0.1000,2.5320,0.0000,0.0000,4823.2924,0.0000,0,0,0
2.2431,2.2298,-4.3493,0.1000,2.5394,0.0000,0.0000,1989.9263,-4399.0000,0.1000,2.5320,0.0000,0.0000,4823.2658,0.0000,0,0,0
2.2452,2.3441,-4.3036,0.1000,2.5419,0.0000,0.0000,2344.0000,-4304.0000,0.1000,2.5320,0.0000,0.0000,4895.9924,0.0000,0,0,0
2.2473,2.4583,-4.2580,0.1000,2.5443,0.0000,0.0000,2344.0000,-4304.0000,0.1000,2.5385,0.0000,0.0000,4895.9778,0.0000,0,0,0
2.2493,2.5639,-4.1925,0.1000,2.5468,0.0000,0.0000,2563.4594,-4192.0456,0.1000,2.5432,0.0000,0.0000,4908.7982,0.0000,0,0,0
2.2514,2.6695,-4.1270,0.1000,2.5492,0.0000,0.0000,2563.4594,-4192.0456,0.1000,2.5432,0.0000,0.0000,4908.7990,0.0000,0,0,0
2.2535,2.7630,-4.0433,0.1000,2.5517,0.0000,0.0000,2764.9600,-4044.1646,0.1000,2.5491,0.0000,0.0000,4894.1100,0.0000,0,0,0
2.2556,2.8565,-3.9596,0.1000,2.5542,0.0000,0.0000,2819.5399,-3988.6900,0.1000,2.5506,0.0000,0.0000,4879.7317,0.0000,0,0,0
2.2577,2.9347,-3.8599,0.1000,2.5567,0.0000,0.0000,2935.0000,-3863.9116,0.1000,2.5542,0.0000,0.0000,4847.3710,0.0000,0,0,0
2.2599,3.0130,-3.7603,0.1000,2.5592,0.0000,0.0000,3013.0038,-3760.9191,0.1000,2.5563,0.0000,0.0000,4814.1756,0.0000,0,0,0
2.2620,3.0732,-3.6474,0.1000,2.5618,0.0000,0.0000,3072.3645,-3690.3825,0.1000,2.5589,0.0000,0.0000,4797.1413,0.0000,0,0,0
2.2641,3.1334,-3.5346,0.1000,2.5643,0.0000,0.0000,3072.3645,-3690.3825,0.1000,2.5589,0.0000,0.0000,4797.1894,0.0000,0,0,0
2.2663,3.1735,-3.4119,0.1000,2.5669,0.0000,0.0000,3152.4924,-3511.4647,0.1000,2.5621,0.0000,0.0000,4714.3021,0.0000,0,0,0
2.2685,3.2135,-3.2891,0.1000,2.5694,0.0000,0.0000,3214.0002,-3271.6190,0.1000,2.5666,0.0000,0.0000,4581.6079,0.0000,0,0,0
2.2707,3.2318,-3.1601,0.1000,2.5720,0.0000,0.0000,3232.0000,-3160.0000,0.1000,2.5666,0.0000,0.0000,4515.5932,0.0000,0,0,0
2.2728,3.2500,-3.0311,0.1000,2.5746,0.0000,0.0000,3250.0000,-3026.0019,0.1000,2.5720,0.0000,0.0000,4436.1851,0.0000,0,0,0
2.3249,3.2500,-3.0311,0.1000,2.5579,0.0000,0.0000,3250.0000,-3026.0019,0.1000,2.5720,0.0000,0.0000,4436.1851,0.0000,0,0,1
2.3770,3.2500,-3.0311,0.1000,2.5067,0.0000,0.0000,3250.0000,-3026.0019,0.1000,2.5720,0.0000,0.0000,4436.1851,0.0000,0,0,1
2.4291,3.2500,-3.0311,0.1000,2.4460,0.0000,0.0000,3250.0000,-3026.0019,0.1000,2.5720,0.0000,0.0000,4436.1851,0.0000,0,0,1
2.4812,3.2500,-3.0311,0.1000,2.3853,0.0000,0.0000,3250.0000,-3026.0019,0.1000,2.5720,0.0000,0.0000,4436.1851,0.0000,0,0,1
2.5333,3.2500,-3.0311,0.1000,2.3246,0.0000,0.0000,3250.0000,-3026.0019,0.1000,2.5720,0.0000,0.0000,4436.1851,0.0000,0,0,1
2.5853,3.2500,-3.0311,0.1000,2.2639,0.0000,0.0000,3250.0000,-3026.0019,0.1000,2.5720,0.0000,0.0000,4436.1851,0.0000,0,0,1
2.6374,3.2500,-3.0311,0.1000,2.2032,0.0000,0.0000,3250.0000,-3026.0019,0.1000,2.5720,0.0000,0.0000,4436.1851,0.0000,0,0,1
2.6895,3.2500,-3.0311,0.1000,2.1425,0.0000,0.0000,3250.0000,-3031.0000,0.1000,2.5720,0.0000,0.0000,4439.5925,0.0000,0,0,1
2.7416,3.2500,-3.0311,0.1000,2.0913,0.0000,0.0000,3250.0000,-3031.0000,0.1000,2.3565,0.0000,0.0000,4439.5925,0.0000,0,0,1
2.7937,3.2500,-3.0311,0.1000,2.0746,0.0000,0.0000,3250.0000,-3031.0000,0.1000,2.3565,0.0000,0.0000,4439.5925,0.0000,0,0,1
2.7937,3.2500,-3.0311,0.1000,2.0746,0.0000,0.0000,3250.0000,-3031.0000,0.1000,2.3565,0.0000,0.0000,4439.5925,0.0000,0,0,0
