t,planned_x,planned_y,planned_z,planned_p1,planned_p2,planned_p3,actual_x,actual_y,actual_z,actual_p1,actual_p2,actual_p3,tracking_error_xy,tracking_error_z,segment_id,is_travel,is_retract
0.0000,0.0000,0.0000,5.0000,0.0000,0.0000,0.0000,0.0000,0.0000,0.0000,0.0000,0.0000,0.0000,0.0000,5.0000,0,0,0
0.2877,10.7222,5.3611,5.0000,0.0000,0.0000,0.0000,0.0000,0.0000,2.6149,0.0000,0.0000,0.0000,11.9878,2.3851,1,1,0
0.5754,27.8778,13.9389,5.0000,0.0000,0.0000,0.0000,966.2000,568.7000,4.9347,0.0000,0.0000,0.0000,1090.0498,0.0653,1,1,0
0.8631,38.6000,19.3000,5.0000,0.0000,0.0000,0.0000,1327.7000,884.6000,4.9980,0.0000,0.0000,0.0000,1552.5859,0.0020,1,1,0
1.1631,38.6000,19.3000,5.0000,0.0000,0.0000,0.0000,2552.7000,1634.9000,5.0000,0.0000,0.0000,0.0000,2988.4548,0.0000,1,0,0
1.2881,38.6000,19.3000,4.7500,0.0000,0.0000,0.0000,6051.7000,3242.6000,5.0000,0.0000,0.0000,0.0000,6822.5387,0.2500,1,1,0
1.4132,38.6000,19.3000,4.4999,0.0000,0.0000,0.0000,6051.7000,3242.6000,5.0000,0.0000,0.0000,0.0000,6822.5387,0.5001,1,1,0
1.6720,38.6000,19.3000,4.4618,0.0000,0.0000,0.0000,6286.2000,3477.1000,5.0000,0.0000,0.0000,0.0000,7140.6503,0.5382,1,1,0
1.9308,38.6000,19.3000,4.3477,0.0000,0.0000,0.0000,6286.2000,3477.1000,4.6236,0.0000,0.0000,0.0000,7140.6503,0.2759,1,1,0
2.1896,38.6000,19.3000,4.1573,0.0000,0.0000,0.0000,6286.2000,3477.1000,4.6236,0.0000,0.0000,0.0000,7140.6503,0.4663,1,1,0
2.4484,38.6000,19.3000,3.8529,0.0000,0.0000,0.0000,13060.1000,6855.6000,4.6236,0.0000,0.0000,0.0000,14706.9528,0.7707,1,1,0
2.7073,38.6000,19.3000,3.5078,0.0000,0.0000,0.0000,13060.1000,6855.6000,4.2119,0.0000,0.0000,0.0000,14706.9528,0.7041,1,1,0
2.9661,38.6000,19.3000,3.1627,0.0000,0.0000,0.0000,13060.1000,6855.6000,4.2119,0.0000,0.0000,0.0000,14706.9528,1.0492,1,1,0
3.2249,38.6000,19.3000,2.8176,0.0000,0.0000,0.0000,18849.8000,9469.4000,4.2119,0.0000,0.0000,0.0000,21051.4996,1.3943,1,1,0
3.4837,38.6000,19.3000,2.4725,0.0000,0.0000,0.0000,18849.8000,9469.4000,3.2508,0.0000,0.0000,0.0000,21051.4996,0.7783,1,1,0
3.7425,38.6000,19.3000,2.1274,0.0000,0.0000,0.0000,18849.8000,9469.4000,3.2508,0.0000,0.0000,0.0000,21051.4996,1.1234,1,1,0
4.0013,38.6000,19.3000,1.7823,0.0000,0.0000,0.0000,24411.5000,12178.9000,3.2508,0.0000,0.0000,0.0000,27237.7335,1.4685,1,1,0
4.2602,38.6000,19.3000,1.4372,0.0000,0.0000,0.0000,24411.5000,12178.9000,2.2823,0.0000,0.0000,0.0000,27237.7335,0.8451,1,1,0
4.5190,38.6000,19.3000,1.0921,0.0000,0.0000,0.0000,24411.5000,12178.9000,2.2823,0.0000,0.0000,0.0000,27237.7335,1.1902,1,1,0
4.7778,38.6000,19.3000,0.7470,0.0000,0.0000,0.0000,30034.1000,14900.4000,2.2823,0.0000,0.0000,0.0000,33483.9836,1.5353,1,1,0
5.0366,38.6000,19.3000,0.4426,0.0000,0.0000,0.0000,30034.1000,14900.4000,1.2521,0.0000,0.0000,0.0000,33483.9836,0.8095,1,1,0
5.2954,38.6000,19.3000,0.2522,0.0000,0.0000,0.0000,30034.1000,14900.4000,1.2521,0.0000,0.0000,0.0000,33483.9836,0.9999,1,1,0
5.5543,38.6000,19.3000,0.1381,0.0000,0.0000,0.0000,35542.6000,17678.6000,1.2521,0.0000,0.0000,0.0000,39653.3087,1.1140,1,1,0
5.8131,38.6000,19.3000,0.1000,0.0000,0.0000,0.0000,35542.6000,17678.6000,0.3656,0.0000,0.0000,0.0000,39653.3087,0.2656,1,1,0
5.8645,38.6000,19.3000,0.1000,0.0055,0.0000,0.0000,35542.6000,17678.6000,0.3656,0.0000,0.0000,0.0000,39653.3087,0.2656,1,0,0
5.9159,38.6000,19.3000,0.1000,0.0219,0.0000,0.0000,38598.5000,19297.9000,0.3656,0.0000,0.0000,0.0000,43110.6751,0.2656,1,0,0
5.9673,38.6000,19.3000,0.1000,0.0493,0.0000,0.0000,38598.5000,19297.9000,0.1111,0.0038,0.0000,0.0000,43110.6751,0.0111,1,0,0
6.0187,38.6000,19.3000,0.1000,0.0877,0.0000,0.0000,38598.5000,19297.9000,0.1111,0.0038,0.0000,0.0000,43110.6751,0.0111,1,0,0
6.0700,38.6000,19.3000,0.1000,0.1410,0.0000,0.0000,38598.5000,19297.9000,0.1111,0.0038,0.0000,0.0000,43110.6751,0.0111,1,0,0
6.1214,38.6000,19.3000,0.1000,0.2009,0.0000,0.0000,38598.5000,19297.9000,0.1111,0.0038,0.0000,0.0000,43110.6751,0.0111,1,0,0
6.1728,38.6000,19.3000,0.1000,0.2608,0.0000,0.0000,38598.5000,19297.9000,0.1111,0.0038,0.0000,0.0000,43110.6751,0.0111,1,0,0
6.2242,38.6000,19.3000,0.1000,0.3207,0.0000,0.0000,38600.0000,19300.0000,0.1111,0.0038,0.0000,0.0000,43112.9559,0.0111,1,0,0
6.2756,38.6000,19.3000,0.1000,0.3806,0.0000,0.0000,38600.0000,19300.0000,0.1111,0.0038,0.0000,0.0000,43112.9559,0.0111,1,0,0
6.3270,38.6000,19.3000,0.1000,0.4405,0.0000,0.0000,38600.0000,19300.0000,0.1003,0.1453,0.0000,0.0000,43112.9559,0.0003,1,0,0
6.3784,38.6000,19.3000,0.1000,0.5004,0.0000,0.0000,38600.0000,19300.0000,0.1003,0.1453,0.0000,0.0000,43112.9559,0.0003,1,0,0
6.4298,38.6000,19.3000,0.1000,0.5603,0.0000,0.0000,38600.0000,19300.0000,0.1003,0.1453,0.0000,0.0000,43112.9559,0.0003,1,0,0
6.4812,38.6000,19.3000,0.1000,0.6203,0.0000,0.0000,38600.0000,19300.0000,0.1003,0.1453,0.0000,0.0000,43112.9559,0.0003,1,0,0
6.5326,38.6000,19.3000,0.1000,0.6802,0.0000,0.0000,38600.0000,19300.0000,0.1003,0.1453,0.0000,0.0000,43112.9559,0.0003,1,0,0
6.5840,38.6000,19.3000,0.1000,0.7401,0.0000,0.0000,38600.0000,19300.0000,0.1003,0.1453,0.0000,0.0000,43112.9559,0.0003,1,0,0
6.6354,38.6000,19.3000,0.1000,0.8000,0.0000,0.0000,38600.0000,19300.0000,0.1003,0.1453,0.0000,0.0000,43112.9559,0.0003,1,0,0
6.6868,38.6000,19.3000,0.1000,0.8599,0.0000,0.0000,38600.0000,19300.0000,0.1003,0.1453,0.0000,0.0000,43112.9559,0.0003,1,0,0
6.7382,38.6000,19.3000,0.1000,0.9198,0.0000,0.0000,38600.0000,19300.0000,0.1003,0.1453,0.0000,0.0000,43112.9559,0.0003,1,0,0
6.7896,38.6000,19.3000,0.1000,0.9797,0.0000,0.0000,38600.0000,19300.0000,0.1003,0.1453,0.0000,0.0000,43112.9559,0.0003,1,0,0
6.8410,38.6000,19.3000,0.1000,1.0396,0.0000,0.0000,38600.0000,19300.0000,0.1003,0.1453,0.0000,0.0000,43112.9559,0.0003,1,0,0
6.8924,38.6000,19.3000,0.1000,1.0996,0.0000,0.0000,38600.0000,19300.0000,0.1003,0.1453,0.0000,0.0000,43112.9559,0.0003,1,0,0
6.9438,38.6000,19.3000,0.1000,1.1595,0.0000,0.0000,38600.0000,19300.0000,0.1003,0.1453,0.0000,0.0000,43112.9559,0.0003,1,0,0
6.9951,38.6000,19.3000,0.1000,1.2194,0.0000,0.0000,38600.0000,19300.0000,0.1003,0.1453,0.0000,0.0000,43112.9559,0.0003,1,0,0
7.0465,38.6000,19.3000,0.1000,1.2793,0.0000,0.0000,38600.0000,19300.0000,0.1003,0.1453,0.0000,0.0000,43112.9559,0.0003,1,0,0
7.0979,38.6000,19.3000,0.1000,1.3392,0.0000,0.0000,38600.0000,19300.0000,0.1003,0.1453,0.0000,0.0000,43112.9559,0.0003,1,0,0
7.1493,38.6000,19.3000,0.1000,1.3925,0.0000,0.0000,38600.0000,19300.0000,0.1003,0.1453,0.0000,0.0000,43112.9559,0.0003,1,0,0
7.2007,38.6000,19.3000,0.1000,1.4308,0.0000,0.0000,38600.0000,19300.0000,0.1000,1.0567,0.0000,0.0000,43112.9559,0.0000,1,0,0
7.2521,38.6000,19.3000,0.1000,1.4582,0.0000,0.0000,38600.0000,19300.0000,0.1000,1.0567,0.0000,0.0000,43112.9559,0.0000,1,0,0
7.3035,38.6000,19.3000,0.1000,1.4747,0.0000,0.0000,38600.0000,19300.0000,0.1000,1.0567,0.0000,0.0000,43112.9559,0.0000,1,0,0
7.3549,38.6000,19.3000,0.1000,1.4802,0.0000,0.0000,38600.0000,19300.0000,0.1000,1.0567,0.0000,0.0000,43112.9559,0.0000,1,0,0
7.8549,38.6000,19.3000,0.1000,1.4802,0.0000,0.0000,38600.0000,19300.0000,0.1000,1.0567,0.0000,0.0000,43112.9559,0.0000,1,0,0
8.1137,38.6000,19.3000,0.1381,1.4802,0.0000,0.0000,38600.0000,19300.0000,0.1000,1.0567,0.0000,0.0000,43112.9559,0.0381,1,1,0
8.3725,38.6000,19.3000,0.2522,1.4802,0.0000,0.0000,38600.0000,19300.0000,0.1000,1.0567,0.0000,0.0000,43112.9559,0.1522,1,1,0
8.6314,38.6000,19.3000,0.4426,1.4802,0.0000,0.0000,38600.0000,19300.0000,0.1000,1.0567,0.0000,0.0000,43112.9559,0.3426,1,1,0
8.8902,38.6000,19.3000,0.7470,1.4802,0.0000,0.0000,38600.0000,19300.0000,0.1000,1.0567,0.0000,0.0000,43112.9559,0.6470,1,1,0
9.1490,38.6000,19.3000,1.0921,1.4802,0.0000,0.0000,38600.0000,19300.0000,0.1000,1.0567,0.0000,0.0000,43112.9559,0.9921,1,1,0
9.4078,38.6000,19.3000,1.4372,1.4802,0.0000,0.0000,38600.0000,19300.0000,0.1000,1.0567,0.0000,0.0000,43112.9559,1.3372,1,1,0
9.6666,38.6000,19.3000,1.7823,1.4802,0.0000,0.0000,38600.0000,19300.0000,0.1000,1.0567,0.0000,0.0000,43112.9559,1.6823,1,1,0
9.9255,38.6000,19.3000,2.1274,1.4802,0.0000,0.0000,38600.0000,19300.0000,0.1000,1.0567,0.0000,0.0000,43112.9559,2.0274,1,1,0
10.1843,38.6000,19.3000,2.4725,1.4802,0.0000,0.0000,38600.0000,19300.0000,0.1000,1.0567,0.0000,0.0000,43112.9559,2.3725,1,1,0
10.4431,38.6000,19.3000,2.8176,1.4802,0.0000,0.0000,38600.0000,19300.0000,1.1273,1.4653,0.0000,0.0000,43112.9559,1.6903,1,1,0
10.7019,38.6000,19.3000,3.1627,1.4802,0.0000,0.0000,38600.0000,19300.0000,1.1273,1.4653,0.0000,0.0000,43112.9559,2.0354,1,1,0
10.9607,38.6000,19.3000,3.5078,1.4802,0.0000,0.0000,38600.0000,19300.0000,1.1273,1.4653,0.0000,0.0000,43112.9559,2.3805,1,1,0
11.2195,38.6000,19.3000,3.8529,1.4802,0.0000,0.0000,38600.0000,19300.0000,1.1273,1.4653,0.0000,0.0000,43112.9559,2.7256,1,1,0
11.4784,38.6000,19.3000,4.1573,1.4802,0.0000,0.0000,38600.0000,19300.0000,1.1273,1.4653,0.0000,0.0000,43112.9559,3.0300,1,1,0
11.7372,38.6000,19.3000,4.3477,1.4802,0.0000,0.0000,38600.0000,19300.0000,1.1273,1.4653,0.0000,0.0000,43112.9559,3.2204,1,1,0
11.9960,38.6000,19.3000,4.4618,1.4802,0.0000,0.0000,38600.0000,19300.0000,1.1273,1.4653,0.0000,0.0000,43112.9559,3.3345,1,1,0
12.2548,38.6000,19.3000,4.4999,1.4802,0.0000,0.0000,38600.0000,19300.0000,1.1273,1.4653,0.0000,0.0000,43112.9559,3.3726,1,1,0
12.3798,38.6000,19.3000,4.7500,1.4802,0.0000,0.0000,38600.0000,19300.0000,1.1273,1.4653,0.0000,0.0000,43112.9559,3.6227,1,1,0
12.5049,38.6000,19.3000,5.0000,1.4802,0.0000,0.0000,38600.0000,19300.0000,1.1273,1.4653,0.0000,0.0000,43112.9559,3.8727,1,1,0
12.6979,38.6000,9.6500,5.0000,1.4802,0.0000,0.0000,38600.0000,19300.0000,1.1273,1.4653,0.0000,0.0000,43117.2723,3.8727,2,1,0
12.8909,38.6000,0.0000,5.0000,1.4802,0.0000,0.0000,38600.0000,19284.3000,1.1273,1.4653,0.0000,0.0000,43114.5659,3.8727,2,1,0
13.1909,38.6000,0.0000,5.0000,1.4802,0.0000,0.0000,38600.0000,19284.3000,4.7982,1.4800,0.0000,0.0000,43114.5659,0.2018,2,0,0
13.3159,38.6000,0.0000,4.7500,1.4802,0.0000,0.0000,38600.0000,13207.9000,5.0000,1.4802,0.0000,0.0000,40760.6451,0.2500,2,1,0
13.4409,38.6000,0.0000,4.4999,1.4802,0.0000,0.0000,38600.0000,13207.9000,5.0000,1.4802,0.0000,0.0000,40760.6451,0.5001,2,1,0
13.6997,38.6000,0.0000,4.4618,1.4802,0.0000,0.0000,38600.0000,13207.9000,5.0000,1.4802,0.0000,0.0000,40760.6451,0.5382,2,1,0
13.9585,38.6000,0.0000,4.3477,1.4802,0.0000,0.0000,38600.0000,9435.9000,5.0000,1.4802,0.0000,0.0000,39699.0904,0.6523,2,1,0
14.2174,38.6000,0.0000,4.1573,1.4802,0.0000,0.0000,38600.0000,9435.9000,4.5108,1.4802,0.0000,0.0000,39699.0904,0.3535,2,1,0
14.4762,38.6000,0.0000,3.8529,1.4802,0.0000,0.0000,38600.0000,9435.9000,4.5108,1.4802,0.0000,0.0000,39699.0904,0.6579,2,1,0
14.7350,38.6000,0.0000,3.5078,1.4802,0.0000,0.0000,38600.0000,3243.3000,4.5108,1.4802,0.0000,0.0000,38697.5524,1.0030,2,1,0
14.9938,38.6000,0.0000,3.1627,1.4802,0.0000,0.0000,38600.0000,3243.3000,3.8550,1.4802,0.0000,0.0000,38697.5524,0.6923,2,1,0
15.2526,38.6000,0.0000,2.8176,1.4802,0.0000,0.0000,38600.0000,3243.3000,3.8550,1.4802,0.0000,0.0000,38697.5524,1.0374,2,1,0
15.5115,38.6000,0.0000,2.4725,1.4802,0.0000,0.0000,38600.0000,3243.3000,3.8550,1.4802,0.0000,0.0000,38697.5524,1.3825,2,1,0
15.7703,38.6000,0.0000,2.1274,1.4802,0.0000,0.0000,38600.0000,3243.3000,3.8550,1.4802,0.0000,0.0000,38697.5524,1.7276,2,1,0
16.0291,38.6000,0.0000,1.7823,1.4802,0.0000,0.0000,38600.0000,0.0000,3.8550,1.4802,0.0000,0.0000,38561.4000,2.0727,2,1,0
16.2879,38.6000,0.0000,1.4372,1.4802,0.0000,0.0000,38600.0000,0.0000,2.6245,1.4802,0.0000,0.0000,38561.4000,1.1873,2,1,0
16.5467,38.6000,0.0000,1.0921,1.4802,0.0000,0.0000,38600.0000,0.0000,2.6245,1.4802,0.0000,0.0000,38561.4000,1.5324,2,1,0
16.8055,38.6000,0.0000,0.7470,1.4802,0.0000,0.0000,38600.0000,0.0000,2.6245,1.4802,0.0000,0.0000,38561.4000,1.8775,2,1,0
17.0644,38.6000,0.0000,0.4426,1.4802,0.0000,0.0000,38600.0000,0.0000,2.6245,1.4802,0.0000,0.0000,38561.4000,2.1819,2,1,0
17.3232,38.6000,0.0000,0.2522,1.4802,0.0000,0.0000,38600.0000,0.0000,2.6245,1.4802,0.0000,0.0000,38561.4000,2.3723,2,1,0
17.5820,38.6000,0.0000,0.1381,1.4802,0.0000,0.0000,38600.0000,0.0000,2.6245,1.4802,0.0000,0.0000,38561.4000,2.4864,2,1,0
17.8408,38.6000,0.0000,0.1000,1.4802,0.0000,0.0000,38600.0000,0.0000,2.6245,1.4802,0.0000,0.0000,38561.4000,2.5245,2,1,0
22.8408,38.6000,0.0000,0.1000,1.4802,0.0000,0.0000,38600.0000,0.0000,2.6245,1.4802,0.0000,0.0000,38561.4000,2.5245,2,0,0
23.0996,38.6000,0.0000,0.1381,1.4802,0.0000,0.0000,38600.0000,0.0000,2.6245,1.4802,0.0000,0.0000,38561.4000,2.4864,2,1,0
23.3584,38.6000,0.0000,0.2522,1.4802,0.0000,0.0000,38600.0000,0.0000,2.6245,1.4802,0.0000,0.0000,38561.4000,2.3723,2,1,0
23.6173,38.6000,0.0000,0.4426,1.4802,0.0000,0.0000,38600.0000,0.0000,2.6245,1.4802,0.0000,0.0000,38561.4000,2.1819,2,1,0
23.8761,38.6000,0.0000,0.7470,1.4802,0.0000,0.0000,38600.0000,0.0000,2.6245,1.4802,0.0000,0.0000,38561.4000,1.8775,2,1,0
24.1349,38.6000,0.0000,1.0921,1.4802,0.0000,0.0000,38600.0000,0.0000,2.6245,1.4802,0.0000,0.0000,38561.4000,1.5324,2,1,0
24.3937,38.6000,0.0000,1.4372,1.4802,0.0000,0.0000,38600.0000,0.0000,0.5698,1.4802,0.0000,0.0000,38561.4000,0.8674,2,1,0
24.6525,38.6000,0.0000,1.7823,1.4802,0.0000,0.0000,38600.0000,0.0000,0.5698,1.4802,0.0000,0.0000,38561.4000,1.2125,2,1,0
24.9114,38.6000,0.0000,2.1274,1.4802,0.0000,0.0000,38600.0000,0.0000,0.5698,1.4802,0.0000,0.0000,38561.4000,1.5576,2,1,0
25.1702,38.6000,0.0000,2.4725,1.4802,0.0000,0.0000,38600.0000,0.0000,0.5698,1.4802,0.0000,0.0000,38561.4000,1.9027,2,1,0
25.4290,38.6000,0.0000,2.8176,1.4802,0.0000,0.0000,38600.0000,0.0000,0.5698,1.4802,0.0000,0.0000,38561.4000,2.2478,2,1,0
25.6878,38.6000,0.0000,3.1627,1.4802,0.0000,0.0000,38600.0000,0.0000,0.5698,1.4802,0.0000,0.0000,38561.4000,2.5929,2,1,0
25.9466,38.6000,0.0000,3.5078,1.4802,0.0000,0.0000,38600.0000,0.0000,0.5698,1.4802,0.0000,0.0000,38561.4000,2.9380,2,1,0
26.2054,38.6000,0.0000,3.8529,1.4802,0.0000,0.0000,38600.0000,0.0000,0.5698,1.4802,0.0000,0.0000,38561.4000,3.2831,2,1,0
26.4643,38.6000,0.0000,4.1573,1.4802,0.0000,0.0000,38600.0000,0.0000,0.5698,1.4802,0.0000,0.0000,38561.4000,3.5875,2,1,0
26.7231,38.6000,0.0000,4.3477,1.4802,0.0000,0.0000,38600.0000,0.0000,0.5698,1.4802,0.0000,0.0000,38561.4000,3.7779,2,1,0
26.9819,38.6000,0.0000,4.4618,1.4802,0.0000,0.0000,38600.0000,0.0000,0.5698,1.4802,0.0000,0.0000,38561.4000,3.8920,2,1,0
27.2407,38.6000,0.0000,4.4999,1.4802,0.0000,0.0000,38600.0000,0.0000,0.5698,1.4802,0.0000,0.0000,38561.4000,3.9301,2,1,0
27.3657,38.6000,0.0000,4.7500,1.4802,0.0000,0.0000,38600.0000,0.0000,0.5698,1.4802,0.0000,0.0000,38561.4000,4.1802,2,1,0
27.4908,38.6000,0.0000,5.0000,1.4802,0.0000,0.0000,38600.0000,0.0000,0.5698,1.4802,0.0000,0.0000,38561.4000,4.4302,2,1,0
27.7637,28.9500,9.6500,5.0000,1.4802,0.0000,0.0000,38600.0000,0.0000,4.1040,1.4802,0.0000,0.0000,38571.0512,0.8960,3,1,0
28.0366,19.3000,19.3000,5.0000,1.4802,0.0000,0.0000,38600.0000,0.0000,4.1040,1.4802,0.0000,0.0000,38580.7048,0.8960,3,1,0
28.3366,19.3000,19.3000,5.0000,1.4802,0.0000,0.0000,38600.0000,0.0000,4.1040,1.4802,0.0000,0.0000,38580.7048,0.8960,3,0,0
28.4617,19.3000,19.3000,4.7500,1.4802,0.0000,0.0000,33274.0000,5326.0000,5.0000,1.4802,0.0000,0.0000,33675.4530,0.2500,3,1,0
28.5867,19.3000,19.3000,4.4999,1.4802,0.0000,0.0000,33274.0000,5326.0000,5.0000,1.4802,0.0000,0.0000,33675.4530,0.5001,3,1,0
28.8455,19.3000,19.3000,4.4618,1.4802,0.0000,0.0000,33274.0000,5326.0000,5.0000,1.4802,0.0000,0.0000,33675.4530,0.5382,3,1,0
29.1043,19.3000,19.3000,4.3477,1.4802,0.0000,0.0000,30472.0000,8128.0000,5.0000,1.4802,0.0000,0.0000,31513.7740,0.6523,3,1,0
29.3632,19.3000,19.3000,4.1573,1.4802,0.0000,0.0000,30472.0000,8128.0000,4.4936,1.4802,0.0000,0.0000,31513.7740,0.3363,3,1,0
29.6220,19.3000,19.3000,3.8529,1.4802,0.0000,0.0000,30472.0000,8128.0000,4.4936,1.4802,0.0000,0.0000,31513.7740,0.6407,3,1,0
29.8808,19.3000,19.3000,3.5078,1.4802,0.0000,0.0000,26198.5000,12401.5000,4.4936,1.4802,0.0000,0.0000,28959.7892,0.9858,3,1,0
30.1396,19.3000,19.3000,3.1627,1.4802,0.0000,0.0000,26198.5000,12401.5000,3.9173,1.4802,0.0000,0.0000,28959.7892,0.7546,3,1,0
30.3984,19.3000,19.3000,2.8176,1.4802,0.0000,0.0000,26198.5000,12401.5000,3.9173,1.4802,0.0000,0.0000,28959.7892,1.0997,3,1,0
30.6572,19.3000,19.3000,2.4725,1.4802,0.0000,0.0000,21942.6000,16657.4000,3.9173,1.4802,0.0000,0.0000,27521.9450,1.4448,3,1,0
30.9161,19.3000,19.3000,2.1274,1.4802,0.0000,0.0000,21942.6000,16657.4000,2.9104,1.4802,0.0000,0.0000,27521.9450,0.7830,3,1,0
31.1749,19.3000,19.3000,1.7823,1.4802,0.0000,0.0000,21942.6000,16657.4000,2.9104,1.4802,0.0000,0.0000,27521.9450,1.1281,3,1,0
31.4337,19.3000,19.3000,1.4372,1.4802,0.0000,0.0000,19302.1000,19297.9000,2.9104,1.4802,0.0000,0.0000,27267.0276,1.4732,3,1,0
31.6925,19.3000,19.3000,1.0921,1.4802,0.0000,0.0000,19302.1000,19297.9000,1.8820,1.4802,0.0000,0.0000,27267.0276,0.7899,3,1,0
31.9513,19.3000,19.3000,0.7470,1.4802,0.0000,0.0000,19302.1000,19297.9000,1.8820,1.4802,0.0000,0.0000,27267.0276,1.1350,3,1,0
32.2101,19.3000,19.3000,0.4426,1.4802,0.0000,0.0000,19302.1000,19297.9000,1.8820,1.4802,0.0000,0.0000,27267.0276,1.4394,3,1,0
32.4690,19.3000,19.3000,0.2522,1.4802,0.0000,0.0000,19302.1000,19297.9000,1.8820,1.4802,0.0000,0.0000,27267.0276,1.6298,3,1,0
32.7278,19.3000,19.3000,0.1381,1.4802,0.0000,0.0000,19302.1000,19297.9000,1.8820,1.4802,0.0000,0.0000,27267.0276,1.7439,3,1,0
32.9866,19.3000,19.3000,0.1000,1.4802,0.0000,0.0000,19302.1000,19297.9000,1.8820,1.4802,0.0000,0.0000,27267.0276,1.7820,3,1,0
33.0380,19.3000,19.3000,0.1000,1.4747,0.0000,0.0000,19302.1000,19297.9000,1.8820,1.4802,0.0000,0.0000,27267.0276,1.7820,3,0,0
33.0894,19.3000,19.3000,0.1000,1.4582,0.0000,0.0000,19302.1000,19297.9000,1.8820,1.4802,0.0000,0.0000,27267.0276,1.7820,3,0,0
33.1408,19.3000,19.3000,0.1000,1.4308,0.0000,0.0000,19302.1000,19297.9000,1.8820,1.4802,0.0000,0.0000,27267.0276,1.7820,3,0,0
33.1922,19.3000,19.3000,0.1000,1.3925,0.0000,0.0000,19302.1000,19297.9000,1.8820,1.4802,0.0000,0.0000,27267.0276,1.7820,3,0,0
33.2436,19.3000,19.3000,0.1000,1.3392,0.0000,0.0000,19302.1000,19297.9000,1.8820,1.4802,0.0000,0.0000,27267.0276,1.7820,3,0,0
33.2950,19.3000,19.3000,0.1000,1.2793,0.0000,0.0000,19302.1000,19297.9000,1.8820,1.4802,0.0000,0.0000,27267.0276,1.7820,3,0,0
33.3464,19.3000,19.3000,0.1000,1.2194,0.0000,0.0000,19302.1000,19297.9000,1.8820,1.4802,0.0000,0.0000,27267.0276,1.7820,3,0,0
33.3978,19.3000,19.3000,0.1000,1.1595,0.0000,0.0000,19300.0000,19300.0000,1.8820,1.4802,0.0000,0.0000,27267.0274,1.7820,3,0,0
33.4491,19.3000,19.3000,0.1000,1.0996,0.0000,0.0000,19300.0000,19300.0000,0.2159,1.3817,0.0000,0.0000,27267.0274,0.1159,3,0,0
33.5005,19.3000,19.3000,0.1000,1.0396,0.0000,0.0000,19300.0000,19300.0000,0.2159,1.3817,0.0000,0.0000,27267.0274,0.1159,3,0,0
33.5519,19.3000,19.3000,0.1000,0.9797,0.0000,0.0000,19300.0000,19300.0000,0.2159,1.3817,0.0000,0.0000,27267.0274,0.1159,3,0,0
33.6033,19.3000,19.3000,0.1000,0.9198,0.0000,0.0000,19300.0000,19300.0000,0.2159,1.3817,0.0000,0.0000,27267.0274,0.1159,3,0,0
33.6547,19.3000,19.3000,0.1000,0.8599,0.0000,0.0000,19300.0000,19300.0000,0.2159,1.3817,0.0000,0.0000,27267.0274,0.1159,3,0,0
33.7061,19.3000,19.3000,0.1000,0.8000,0.0000,0.0000,19300.0000,19300.0000,0.2159,1.3817,0.0000,0.0000,27267.0274,0.1159,3,0,0
33.7575,19.3000,19.3000,0.1000,0.7401,0.0000,0.0000,19300.0000,19300.0000,0.2159,1.3817,0.0000,0.0000,27267.0274,0.1159,3,0,0
33.8089,19.3000,19.3000,0.1000,0.6802,0.0000,0.0000,19300.0000,19300.0000,0.2159,1.3817,0.0000,0.0000,27267.0274,0.1159,3,0,0
33.8603,19.3000,19.3000,0.1000,0.6203,0.0000,0.0000,19300.0000,19300.0000,0.2159,1.3817,0.0000,0.0000,27267.0274,0.1159,3,0,0
33.9117,19.3000,19.3000,0.1000,0.5603,0.0000,0.0000,19300.0000,19300.0000,0.2159,1.3817,0.0000,0.0000,27267.0274,0.1159,3,0,0
33.9631,19.3000,19.3000,0.1000,0.5004,0.0000,0.0000,19300.0000,19300.0000,0.2159,1.3817,0.0000,0.0000,27267.0274,0.1159,3,0,0
34.0145,19.3000,19.3000,0.1000,0.4405,0.0000,0.0000,19300.0000,19300.0000,0.2159,1.3817,0.0000,0.0000,27267.0274,0.1159,3,0,0
34.0659,19.3000,19.3000,0.1000,0.3806,0.0000,0.0000,19300.0000,19300.0000,0.2159,1.3817,0.0000,0.0000,27267.0274,0.1159,3,0,0
34.1173,19.3000,19.3000,0.1000,0.3207,0.0000,0.0000,19300.0000,19300.0000,0.2159,1.3817,0.0000,0.0000,27267.0274,0.1159,3,0,0
34.1687,19.3000,19.3000,0.1000,0.2608,0.0000,0.0000,19300.0000,19300.0000,0.2159,1.3817,0.0000,0.0000,27267.0274,0.1159,3,0,0
34.2201,19.3000,19.3000,0.1000,0.2009,0.0000,0.0000,19300.0000,19300.0000,0.2159,1.3817,0.0000,0.0000,27267.0274,0.1159,3,0,0
34.2715,19.3000,19.3000,0.1000,0.1410,0.0000,0.0000,19300.0000,19300.0000,0.2159,1.3817,0.0000,0.0000,27267.0274,0.1159,3,0,0
34.3229,19.3000,19.3000,0.1000,0.0877,0.0000,0.0000,19300.0000,19300.0000,0.1032,0.4764,0.0000,0.0000,27267.0274,0.0032,3,0,0
34.3743,19.3000,19.3000,0.1000,0.0493,0.0000,0.0000,19300.0000,19300.0000,0.1032,0.4764,0.0000,0.0000,27267.0274,0.0032,3,0,0
34.4256,19.3000,19.3000,0.1000,0.0219,0.0000,0.0000,19300.0000,19300.0000,0.1032,0.4764,0.0000,0.0000,27267.0274,0.0032,3,0,0
34.4770,19.3000,19.3000,0.1000,0.0055,0.0000,0.0000,19300.0000,19300.0000,0.1032,0.4764,0.0000,0.0000,27267.0274,0.0032,3,0,0
34.5284,19.3000,19.3000,0.1000,0.0000,0.0000,0.0000,19300.0000,19300.0000,0.1032,0.4764,0.0000,0.0000,27267.0274,0.0032,3,0,0
35.5284,19.3000,19.3000,0.1000,0.0000,0.0000,0.0000,19300.0000,19300.0000,0.1032,0.4764,0.0000,0.0000,27267.0274,0.0032,3,0,0
35.7873,19.3000,19.3000,0.1381,0.0000,0.0000,0.0000,19300.0000,19300.0000,0.1032,0.4764,0.0000,0.0000,27267.0274,0.0349,3,1,0
36.0461,19.3000,19.3000,0.2522,0.0000,0.0000,0.0000,19300.0000,19300.0000,0.1032,0.4764,0.0000,0.0000,27267.0274,0.1490,3,1,0
36.3049,19.3000,19.3000,0.4426,0.0000,0.0000,0.0000,19300.0000,19300.0000,0.1032,0.4764,0.0000,0.0000,27267.0274,0.3394,3,1,0
36.5637,19.3000,19.3000,0.7470,0.0000,0.0000,0.0000,19300.0000,19300.0000,0.1032,0.4764,0.0000,0.0000,27267.0274,0.6438,3,1,0
36.8225,19.3000,19.3000,1.0921,0.0000,0.0000,0.0000,19300.0000,19300.0000,0.1032,0.4764,0.0000,0.0000,27267.0274,0.9889,3,1,0
37.0813,19.3000,19.3000,1.4372,0.0000,0.0000,0.0000,19300.0000,19300.0000,0.1032,0.4764,0.0000,0.0000,27267.0274,1.3340,3,1,0
37.3402,19.3000,19.3000,1.7823,0.0000,0.0000,0.0000,19300.0000,19300.0000,0.1032,0.4764,0.0000,0.0000,27267.0274,1.6791,3,1,0
37.5990,19.3000,19.3000,2.1274,0.0000,0.0000,0.0000,19300.0000,19300.0000,0.1032,0.4764,0.0000,0.0000,27267.0274,2.0242,3,1,0
37.8578,19.3000,19.3000,2.4725,0.0000,0.0000,0.0000,19300.0000,19300.0000,0.1032,0.4764,0.0000,0.0000,27267.0274,2.3693,3,1,0
38.1166,19.3000,19.3000,2.8176,0.0000,0.0000,0.0000,19300.0000,19300.0000,0.1032,0.4764,0.0000,0.0000,27267.0274,2.7144,3,1,0
38.3754,19.3000,19.3000,3.1627,0.0000,0.0000,0.0000,19300.0000,19300.0000,0.1032,0.4764,0.0000,0.0000,27267.0274,3.0595,3,1,0
38.6342,19.3000,19.3000,3.5078,0.0000,0.0000,0.0000,19300.0000,19300.0000,0.1032,0.4764,0.0000,0.0000,27267.0274,3.4046,3,1,0
38.8931,19.3000,19.3000,3.8529,0.0000,0.0000,0.0000,19300.0000,19300.0000,1.7921,0.0221,0.0000,0.0000,27267.0274,2.0608,3,1,0
39.1519,19.3000,19.3000,4.1573,0.0000,0.0000,0.0000,19300.0000,19300.0000,1.7921,0.0221,0.0000,0.0000,27267.0274,2.3652,3,1,0
39.4107,19.3000,19.3000,4.3477,0.0000,0.0000,0.0000,19300.0000,19300.0000,1.7921,0.0221,0.0000,0.0000,27267.0274,2.5556,3,1,0
39.6695,19.3000,19.3000,4.4618,0.0000,0.0000,0.0000,19300.0000,19300.0000,1.7921,0.0221,0.0000,0.0000,27267.0274,2.6697,3,1,0
39.9283,19.3000,19.3000,4.4999,0.0000,0.0000,0.0000,19300.0000,19300.0000,1.7921,0.0221,0.0000,0.0000,27267.0274,2.7078,3,1,0
40.0534,19.3000,19.3000,4.7500,0.0000,0.0000,0.0000,19300.0000,19300.0000,1.7921,0.0221,0.0000,0.0000,27267.0274,2.9579,3,1,0
40.1784,19.3000,19.3000,5.0000,0.0000,0.0000,0.0000,19300.0000,19300.0000,1.7921,0.0221,0.0000,0.0000,27267.0274,3.2079,3,1,0
40.4513,28.9500,9.6500,5.0000,0.0000,0.0000,0.0000,19300.0000,19300.0000,1.7921,0.0221,0.0000,0.0000,27267.0308,3.2079,4,1,0
40.7243,38.6000,0.0000,5.0000,0.0000,0.0000,0.0000,19300.0000,19300.0000,1.7921,0.0221,0.0000,0.0000,27267.0411,3.2079,4,1,0
41.0243,38.6000,0.0000,5.0000,0.0000,0.0000,0.0000,21161.1000,17438.9000,1.7921,0.0221,0.0000,0.0000,27391.1526,3.2079,4,0,0
41.1493,38.6000,0.0000,4.7500,0.0000,0.0000,0.0000,24127.0000,14473.0000,5.0000,0.0055,0.0000,0.0000,28101.9349,0.2500,4,1,0
41.2743,38.6000,0.0000,4.4999,0.0000,0.0000,0.0000,24127.0000,14473.0000,5.0000,0.0055,0.0000,0.0000,28101.9349,0.5001,4,1,0
41.5331,38.6000,0.0000,4.4618,0.0000,0.0000,0.0000,24134.8000,14465.2000,5.0000,0.0055,0.0000,0.0000,28104.6058,0.5382,4,1,0
41.7920,38.6000,0.0000,4.3477,0.0000,0.0000,0.0000,24134.8000,14465.2000,4.6449,0.0055,0.0000,0.0000,28104.6058,0.2972,4,1,0
42.0508,38.6000,0.0000,4.1573,0.0000,0.0000,0.0000,24134.8000,14465.2000,4.6449,0.0055,0.0000,0.0000,28104.6058,0.4876,4,1,0
42.3096,38.6000,0.0000,3.8529,0.0000,0.0000,0.0000,29679.8000,8920.2000,4.6449,0.0055,0.0000,0.0000,30954.3326,0.7920,4,1,0
42.5684,38.6000,0.0000,3.5078,0.0000,0.0000,0.0000,29679.8000,8920.2000,4.2238,0.0055,0.0000,0.0000,30954.3326,0.7160,4,1,0
42.8272,38.6000,0.0000,3.1627,0.0000,0.0000,0.0000,29679.8000,8920.2000,4.2238,0.0055,0.0000,0.0000,30954.3326,1.0611,4,1,0
43.0860,38.6000,0.0000,2.8176,0.0000,0.0000,0.0000,29679.8000,8920.2000,4.2238,0.0055,0.0000,0.0000,30954.3326,1.4062,4,1,0
43.3449,38.6000,0.0000,2.4725,0.0000,0.0000,0.0000,34170.8000,4429.2000,3.3134,0.0055,0.0000,0.0000,34418.3801,0.8409,4,1,0
43.6037,38.6000,0.0000,2.1274,0.0000,0.0000,0.0000,34170.8000,4429.2000,3.3134,0.0055,0.0000,0.0000,34418.3801,1.1860,4,1,0
43.8625,38.6000,0.0000,1.7823,0.0000,0.0000,0.0000,34170.8000,4429.2000,3.3134,0.0055,0.0000,0.0000,34418.3801,1.5311,4,1,0
44.1213,38.6000,0.0000,1.4372,0.0000,0.0000,0.0000,38422.4000,177.6000,3.3134,0.0055,0.0000,0.0000,38384.2109,1.8762,4,1,0
44.3801,38.6000,0.0000,1.0921,0.0000,0.0000,0.0000,38422.4000,177.6000,3.3134,0.0055,0.0000,0.0000,38384.2109,2.2213,4,1,0
44.6390,38.6000,0.0000,0.7470,0.0000,0.0000,0.0000,38422.4000,177.6000,1.9577,0.0055,0.0000,0.0000,38384.2109,1.2107,4,1,0
44.8978,38.6000,0.0000,0.4426,0.0000,0.0000,0.0000,38422.4000,177.6000,1.9577,0.0055,0.0000,0.0000,38384.2109,1.5151,4,1,0
45.1566,38.6000,0.0000,0.2522,0.0000,0.0000,0.0000,38422.4000,177.6000,1.9577,0.0055,0.0000,0.0000,38384.2109,1.7055,4,1,0
45.4154,38.6000,0.0000,0.1381,0.0000,0.0000,0.0000,38422.4000,177.6000,1.9577,0.0055,0.0000,0.0000,38384.2109,1.8196,4,1,0
45.6742,38.6000,0.0000,0.1000,0.0000,0.0000,0.0000,38422.4000,177.6000,1.9577,0.0055,0.0000,0.0000,38384.2109,1.8577,4,1,0
50.6742,38.6000,0.0000,0.1000,0.0000,0.0000,0.0000,38422.4000,177.6000,1.9577,0.0055,0.0000,0.0000,38384.2109,1.8577,4,0,0
50.9330,38.6000,0.0000,0.1381,0.0000,0.0000,0.0000,38422.4000,177.6000,1.9577,0.0055,0.0000,0.0000,38384.2109,1.8196,4,1,0
51.1919,38.6000,0.0000,0.2522,0.0000,0.0000,0.0000,38422.4000,177.6000,1.9577,0.0055,0.0000,0.0000,38384.2109,1.7055,4,1,0
51.4507,38.6000,0.0000,0.4426,0.0000,0.0000,0.0000,38422.4000,177.6000,1.9577,0.0055,0.0000,0.0000,38384.2109,1.5151,4,1,0
51.7095,38.6000,0.0000,0.7470,0.0000,0.0000,0.0000,38422.4000,177.6000,1.9577,0.0055,0.0000,0.0000,38384.2109,1.2107,4,1,0
51.9683,38.6000,0.0000,1.0921,0.0000,0.0000,0.0000,38422.4000,177.6000,1.9577,0.0055,0.0000,0.0000,38384.2109,0.8656,4,1,0
52.2271,38.6000,0.0000,1.4372,0.0000,0.0000,0.0000,38422.4000,177.6000,1.9577,0.0055,0.0000,0.0000,38384.2109,0.5205,4,1,0
52.4859,38.6000,0.0000,1.7823,0.0000,0.0000,0.0000,38422.4000,177.6000,1.9577,0.0055,0.0000,0.0000,38384.2109,0.1754,4,1,0
52.7448,38.6000,0.0000,2.1274,0.0000,0.0000,0.0000,38422.4000,177.6000,1.9577,0.0055,0.0000,0.0000,38384.2109,0.1697,4,1,0
53.0036,38.6000,0.0000,2.4725,0.0000,0.0000,0.0000,38422.4000,177.6000,1.9577,0.0055,0.0000,0.0000,38384.2109,0.5148,4,1,0
53.2624,38.6000,0.0000,2.8176,0.0000,0.0000,0.0000,38422.4000,177.6000,1.9577,0.0055,0.0000,0.0000,38384.2109,0.8599,4,1,0
53.5212,38.6000,0.0000,3.1627,0.0000,0.0000,0.0000,38422.4000,177.6000,1.9577,0.0055,0.0000,0.0000,38384.2109,1.2050,4,1,0
53.7800,38.6000,0.0000,3.5078,0.0000,0.0000,0.0000,38422.4000,177.6000,1.9577,0.0055,0.0000,0.0000,38384.2109,1.5501,4,1,0
54.0389,38.6000,0.0000,3.8529,0.0000,0.0000,0.0000,38422.4000,177.6000,1.9577,0.0055,0.0000,0.0000,38384.2109,1.8952,4,1,0
54.2977,38.6000,0.0000,4.1573,0.0000,0.0000,0.0000,38422.4000,177.6000,1.9577,0.0055,0.0000,0.0000,38384.2109,2.1996,4,1,0
54.5565,38.6000,0.0000,4.3477,0.0000,0.0000,0.0000,38422.4000,177.6000,1.9577,0.0055,0.0000,0.0000,38384.2109,2.3900,4,1,0
54.8153,38.6000,0.0000,4.4618,0.0000,0.0000,0.0000,38422.4000,177.6000,1.9577,0.0055,0.0000,0.0000,38384.2109,2.5041,4,1,0
55.0741,38.6000,0.0000,4.4999,0.0000,0.0000,0.0000,38600.0000,0.0000,1.9577,0.0055,0.0000,0.0000,38561.4000,2.5422,4,1,0
55.1991,38.6000,0.0000,4.7500,0.0000,0.0000,0.0000,38600.0000,0.0000,1.9577,0.0055,0.0000,0.0000,38561.4000,2.7923,4,1,0
55.3242,38.6000,0.0000,5.0000,0.0000,0.0000,0.0000,38600.0000,0.0000,3.1178,0.0055,0.0000,0.0000,38561.4000,1.8822,4,1,0
55.5172,28.9500,0.0000,5.0000,0.0000,0.0000,0.0000,38600.0000,0.0000,3.1178,0.0055,0.0000,0.0000,38571.0500,1.8822,5,1,0
55.7102,19.3000,0.0000,5.0000,0.0000,0.0000,0.0000,38600.0000,0.0000,3.1178,0.0055,0.0000,0.0000,38580.7000,1.8822,5,1,0
56.0102,19.3000,0.0000,5.0000,0.0000,0.0000,0.0000,33909.7000,0.0000,3.1178,0.0055,0.0000,0.0000,33890.4000,1.8822,5,0,0
56.1352,19.3000,0.0000,4.7500,0.0000,0.0000,0.0000,30284.7000,0.0000,5.0000,0.0055,0.0000,0.0000,30265.4000,0.2500,5,1,0
56.2602,19.3000,0.0000,4.4999,0.0000,0.0000,0.0000,30284.7000,0.0000,5.0000,0.0055,0.0000,0.0000,30265.4000,0.5001,5,1,0
56.5190,19.3000,0.0000,4.4618,0.0000,0.0000,0.0000,30284.7000,0.0000,5.0000,0.0055,0.0000,0.0000,30265.4000,0.5382,5,1,0
56.7779,19.3000,0.0000,4.3477,0.0000,0.0000,0.0000,27771.0000,0.0000,5.0000,0.0055,0.0000,0.0000,27751.7000,0.6523,5,1,0
57.0367,19.3000,0.0000,4.1573,0.0000,0.0000,0.0000,27771.0000,0.0000,4.5141,0.0055,0.0000,0.0000,27751.7000,0.3568,5,1,0
57.2955,19.3000,0.0000,3.8529,0.0000,0.0000,0.0000,27771.0000,0.0000,4.5141,0.0055,0.0000,0.0000,27751.7000,0.6612,5,1,0
57.5543,19.3000,0.0000,3.5078,0.0000,0.0000,0.0000,19685.9000,0.0000,4.5141,0.0055,0.0000,0.0000,19666.6000,1.0063,5,1,0
57.8131,19.3000,0.0000,3.1627,0.0000,0.0000,0.0000,19685.9000,0.0000,3.9671,0.0055,0.0000,0.0000,19666.6000,0.8044,5,1,0
58.0719,19.3000,0.0000,2.8176,0.0000,0.0000,0.0000,19685.9000,0.0000,3.9671,0.0055,0.0000,0.0000,19666.6000,1.1495,5,1,0
58.3308,19.3000,0.0000,2.4725,0.0000,0.0000,0.0000,19296.8000,0.0000,3.9671,0.0055,0.0000,0.0000,19277.5000,1.4946,5,1,0
58.5896,19.3000,0.0000,2.1274,0.0000,0.0000,0.0000,19296.8000,0.0000,2.9887,0.0055,0.0000,0.0000,19277.5000,0.8613,5,1,0
58.8484,19.3000,0.0000,1.7823,0.0000,0.0000,0.0000,19296.8000,0.0000,2.9887,0.0055,0.0000,0.0000,19277.5000,1.2064,5,1,0
59.1072,19.3000,0.0000,1.4372,0.0000,0.0000,0.0000,19296.8000,0.0000,2.9887,0.0055,0.0000,0.0000,19277.5000,1.5515,5,1,0
59.3660,19.3000,0.0000,1.0921,0.0000,0.0000,0.0000,19296.8000,0.0000,2.9887,0.0055,0.0000,0.0000,19277.5000,1.8966,5,1,0
59.6249,19.3000,0.0000,0.7470,0.0000,0.0000,0.0000,19296.8000,0.0000,2.9887,0.0055,0.0000,0.0000,19277.5000,2.2417,5,1,0
59.8837,19.3000,0.0000,0.4426,0.0000,0.0000,0.0000,19296.8000,0.0000,2.9887,0.0055,0.0000,0.0000,19277.5000,2.5461,5,1,0
60.1425,19.3000,0.0000,0.2522,0.0000,0.0000,0.0000,19296.8000,0.0000,2.9887,0.0055,0.0000,0.0000,19277.5000,2.7365,5,1,0
60.4013,19.3000,0.0000,0.1381,0.0000,0.0000,0.0000,19296.8000,0.0000,2.9887,0.0055,0.0000,0.0000,19277.5000,2.8506,5,1,0
60.6601,19.3000,0.0000,0.1000,0.0000,0.0000,0.0000,19296.8000,0.0000,2.9887,0.0055,0.0000,0.0000,19277.5000,2.8887,5,1,0
60.7123,19.3000,0.0000,0.1000,-0.0128,0.0000,0.0000,19296.8000,0.0000,2.9887,0.0055,0.0000,0.0000,19277.5000,2.8887,5,0,0
60.7645,19.3000,0.0000,0.1000,-0.0519,0.0000,0.0000,19300.0000,0.0000,2.9887,0.0055,0.0000,0.0000,19280.7000,2.8887,5,0,0
60.8167,19.3000,0.0000,0.1000,-0.1127,0.0000,0.0000,19300.0000,0.0000,2.9887,0.0055,0.0000,0.0000,19280.7000,2.8887,5,0,0
60.8689,19.3000,0.0000,0.1000,-0.1736,0.0000,0.0000,19300.0000,0.0000,0.6854,-0.0031,0.0000,0.0000,19280.7000,0.5854,5,0,0
60.9211,19.3000,0.0000,0.1000,-0.2344,0.0000,0.0000,19300.0000,0.0000,0.6854,-0.0031,0.0000,0.0000,19280.7000,0.5854,5,0,0
60.9732,19.3000,0.0000,0.1000,-0.2952,0.0000,0.0000,19300.0000,0.0000,0.6854,-0.0031,0.0000,0.0000,19280.7000,0.5854,5,0,0
61.0254,19.3000,0.0000,0.1000,-0.3561,0.0000,0.0000,19300.0000,0.0000,0.6854,-0.0031,0.0000,0.0000,19280.7000,0.5854,5,0,0
61.0776,19.3000,0.0000,0.1000,-0.4169,0.0000,0.0000,19300.0000,0.0000,0.6854,-0.0031,0.0000,0.0000,19280.7000,0.5854,5,0,0
61.1298,19.3000,0.0000,0.1000,-0.4777,0.0000,0.0000,19300.0000,0.0000,0.6854,-0.0031,0.0000,0.0000,19280.7000,0.5854,5,0,0
61.1820,19.3000,0.0000,0.1000,-0.5386,0.0000,0.0000,19300.0000,0.0000,0.6854,-0.0031,0.0000,0.0000,19280.7000,0.5854,5,0,0
61.2342,19.3000,0.0000,0.1000,-0.5994,0.0000,0.0000,19300.0000,0.0000,0.6854,-0.0031,0.0000,0.0000,19280.7000,0.5854,5,0,0
61.2863,19.3000,0.0000,0.1000,-0.6384,0.0000,0.0000,19300.0000,0.0000,0.6854,-0.0031,0.0000,0.0000,19280.7000,0.5854,5,0,0
61.3385,19.3000,0.0000,0.1000,-0.6513,0.0000,0.0000,19300.0000,0.0000,0.6854,-0.0031,0.0000,0.0000,19280.7000,0.5854,5,0,0
62.3385,19.3000,0.0000,0.1000,-0.6513,0.0000,0.0000,19300.0000,0.0000,0.6854,-0.0031,0.0000,0.0000,19280.7000,0.5854,5,0,0
62.5974,19.3000,0.0000,0.1381,-0.6513,0.0000,0.0000,19300.0000,0.0000,0.6854,-0.0031,0.0000,0.0000,19280.7000,0.5473,5,1,0
62.8562,19.3000,0.0000,0.2522,-0.6513,0.0000,0.0000,19300.0000,0.0000,0.6854,-0.0031,0.0000,0.0000,19280.7000,0.4332,5,1,0
63.1150,19.3000,0.0000,0.4426,-0.6513,0.0000,0.0000,19300.0000,0.0000,0.6854,-0.0031,0.0000,0.0000,19280.7000,0.2428,5,1,0
63.3738,19.3000,0.0000,0.7470,-0.6513,0.0000,0.0000,19300.0000,0.0000,0.6854,-0.0031,0.0000,0.0000,19280.7000,0.0616,5,1,0
63.6326,19.3000,0.0000,1.0921,-0.6513,0.0000,0.0000,19300.0000,0.0000,0.3110,-0.5914,0.0000,0.0000,19280.7000,0.7811,5,1,0
63.8914,19.3000,0.0000,1.4372,-0.6513,0.0000,0.0000,19300.0000,0.0000,0.3110,-0.5914,0.0000,0.0000,19280.7000,1.1262,5,1,0
64.1503,19.3000,0.0000,1.7823,-0.6513,0.0000,0.0000,19300.0000,0.0000,0.3110,-0.5914,0.0000,0.0000,19280.7000,1.4713,5,1,0
64.4091,19.3000,0.0000,2.1274,-0.6513,0.0000,0.0000,19300.0000,0.0000,0.3110,-0.5914,0.0000,0.0000,19280.7000,1.8164,5,1,0
64.6679,19.3000,0.0000,2.4725,-0.6513,0.0000,0.0000,19300.0000,0.0000,0.3110,-0.5914,0.0000,0.0000,19280.7000,2.1615,5,1,0
64.9267,19.3000,0.0000,2.8176,-0.6513,0.0000,0.0000,19300.0000,0.0000,0.3110,-0.5914,0.0000,0.0000,19280.7000,2.5066,5,1,0
65.1855,19.3000,0.0000,3.1627,-0.6513,0.0000,0.0000,19300.0000,0.0000,0.3110,-0.5914,0.0000,0.0000,19280.7000,2.8517,5,1,0
65.4443,19.3000,0.0000,3.5078,-0.6513,0.0000,0.0000,19300.0000,0.0000,0.3110,-0.5914,0.0000,0.0000,19280.7000,3.1968,5,1,0
65.7032,19.3000,0.0000,3.8529,-0.6513,0.0000,0.0000,19300.0000,0.0000,0.3110,-0.5914,0.0000,0.0000,19280.7000,3.5419,5,1,0
65.9620,19.3000,0.0000,4.1573,-0.6513,0.0000,0.0000,19300.0000,0.0000,0.3110,-0.5914,0.0000,0.0000,19280.7000,3.8463,5,1,0
66.2208,19.3000,0.0000,4.3477,-0.6513,0.0000,0.0000,19300.0000,0.0000,0.3110,-0.5914,0.0000,0.0000,19280.7000,4.0367,5,1,0
66.4796,19.3000,0.0000,4.4618,-0.6513,0.0000,0.0000,19300.0000,0.0000,0.3110,-0.5914,0.0000,0.0000,19280.7000,4.1508,5,1,0
66.7384,19.3000,0.0000,4.4999,-0.6513,0.0000,0.0000,19300.0000,0.0000,3.6128,-0.6496,0.0000,0.0000,19280.7000,0.8871,5,1,0
66.8635,19.3000,0.0000,4.7500,-0.6513,0.0000,0.0000,19300.0000,0.0000,3.6128,-0.6496,0.0000,0.0000,19280.7000,1.1372,5,1,0
66.9885,19.3000,0.0000,5.0000,-0.6513,0.0000,0.0000,19300.0000,0.0000,3.6128,-0.6496,0.0000,0.0000,19280.7000,1.3872,5,1,0
67.2642,18.3153,0.0000,5.0000,-0.6513,0.0000,0.0000,19300.0000,0.0000,3.6128,-0.6496,0.0000,0.0000,19281.6847,1.3872,7,1,0
67.5399,15.1643,0.0000,5.0000,-0.6513,0.0000,0.0000,19300.0000,0.0000,3.6128,-0.6496,0.0000,0.0000,19284.8357,1.3872,7,1,0
67.8156,11.4881,0.0000,5.0000,-0.6513,0.0000,0.0000,16388.5000,0.0000,3.6128,-0.6496,0.0000,0.0000,16377.0119,1.3872,7,1,0
68.0913,7.8119,0.0000,5.0000,-0.6513,0.0000,0.0000,16388.5000,0.0000,4.9446,-0.6512,0.0000,0.0000,16380.6881,0.0554,7,1,0
68.3671,4.1357,0.0000,5.0000,-0.6513,0.0000,0.0000,16388.5000,0.0000,4.9446,-0.6512,0.0000,0.0000,16384.3643,0.0554,7,1,0
68.6428,0.9847,0.0000,5.0000,-0.6513,0.0000,0.0000,9992.3000,0.0000,4.9446,-0.6512,0.0000,0.0000,9991.3153,0.0554,7,1,0
68.9185,0.0000,0.0000,5.0000,-0.6513,0.0000,0.0000,9992.3000,0.0000,4.9986,-0.6513,0.0000,0.0000,9992.3000,0.0014,7,1,0
69.0435,0.0000,0.0000,4.7500,-0.6513,0.0000,0.0000,4655.5000,0.0000,5.0000,-0.6513,0.0000,0.0000,4655.5000,0.2500,9,1,0
69.1685,0.0000,0.0000,4.4999,-0.6513,0.0000,0.0000,4655.5000,0.0000,5.0000,-0.6513,0.0000,0.0000,4655.5000,0.5001,9,1,0
69.4274,0.0000,0.0000,4.4618,-0.6513,0.0000,0.0000,4655.5000,0.0000,5.0000,-0.6513,0.0000,0.0000,4655.5000,0.5382,9,1,0
69.6862,0.0000,0.0000,4.3477,-0.6513,0.0000,0.0000,3258.6000,0.0000,5.0000,-0.6513,0.0000,0.0000,3258.6000,0.6523,9,1,0
69.9450,0.0000,0.0000,4.1573,-0.6513,0.0000,0.0000,3258.6000,0.0000,4.5076,-0.6513,0.0000,0.0000,3258.6000,0.3503,9,1,0
70.2038,0.0000,0.0000,3.8529,-0.6513,0.0000,0.0000,3258.6000,0.0000,4.5076,-0.6513,0.0000,0.0000,3258.6000,0.6547,9,1,0
70.4626,0.0000,0.0000,3.5078,-0.6513,0.0000,0.0000,3258.6000,0.0000,4.5076,-0.6513,0.0000,0.0000,3258.6000,0.9998,9,1,0
70.7214,0.0000,0.0000,3.1627,-0.6513,0.0000,0.0000,3258.6000,0.0000,4.5076,-0.6513,0.0000,0.0000,3258.6000,1.3449,9,1,0
70.9803,0.0000,0.0000,2.8176,-0.6513,0.0000,0.0000,0.0000,0.0000,4.5076,-0.6513,0.0000,0.0000,0.0000,1.6900,9,1,0
71.2391,0.0000,0.0000,2.4725,-0.6513,0.0000,0.0000,0.0000,0.0000,3.3322,-0.6513,0.0000,0.0000,0.0000,0.8597,9,1,0
71.4979,0.0000,0.0000,2.1274,-0.6513,0.0000,0.0000,0.0000,0.0000,3.3322,-0.6513,0.0000,0.0000,0.0000,1.2048,9,1,0
71.7567,0.0000,0.0000,1.7823,-0.6513,0.0000,0.0000,0.0000,0.0000,3.3322,-0.6513,0.0000,0.0000,0.0000,1.5499,9,1,0
72.0155,0.0000,0.0000,1.4372,-0.6513,0.0000,0.0000,0.0000,0.0000,3.3322,-0.6513,0.0000,0.0000,0.0000,1.8950,9,1,0
72.2743,0.0000,0.0000,1.0921,-0.6513,0.0000,0.0000,0.0000,0.0000,3.3322,-0.6513,0.0000,0.0000,0.0000,2.2401,9,1,0
72.5332,0.0000,0.0000,0.7470,-0.6513,0.0000,0.0000,0.0000,0.0000,3.3322,-0.6513,0.0000,0.0000,0.0000,2.5852,9,1,0
72.7920,0.0000,0.0000,0.4426,-0.6513,0.0000,0.0000,0.0000,0.0000,3.3322,-0.6513,0.0000,0.0000,0.0000,2.8896,9,1,0
73.0508,0.0000,0.0000,0.2522,-0.6513,0.0000,0.0000,0.0000,0.0000,3.3322,-0.6513,0.0000,0.0000,0.0000,3.0800,9,1,0
73.3096,0.0000,0.0000,0.1381,-0.6513,0.0000,0.0000,0.0000,0.0000,3.3322,-0.6513,0.0000,0.0000,0.0000,3.1941,9,1,0
73.5684,0.0000,0.0000,0.1000,-0.6513,0.0000,0.0000,0.0000,0.0000,3.3322,-0.6513,0.0000,0.0000,0.0000,3.2322,9,1,0
73.6205,0.0000,0.0000,0.1000,-0.6346,0.0000,0.0000,0.0000,0.0000,3.3322,-0.6513,0.0000,0.0000,0.0000,3.2322,9,0,0
73.6726,0.0000,0.0000,0.1000,-0.5834,0.0000,0.0000,0.0000,0.0000,3.3322,-0.6513,0.0000,0.0000,0.0000,3.2322,9,0,0
73.7247,0.0000,0.0000,0.1000,-0.5227,0.0000,0.0000,0.0000,0.0000,0.4461,-0.6513,0.0000,0.0000,0.0000,0.3461,9,0,0
73.7768,0.0000,0.0000,0.1000,-0.4620,0.0000,0.0000,0.0000,0.0000,0.4461,-0.6513,0.0000,0.0000,0.0000,0.3461,9,0,0
73.8288,0.0000,0.0000,0.1000,-0.4013,0.0000,0.0000,0.0000,0.0000,0.4461,-0.6513,0.0000,0.0000,0.0000,0.3461,9,0,0
73.8809,0.0000,0.0000,0.1000,-0.3406,0.0000,0.0000,0.0000,0.0000,0.4461,-0.6513,0.0000,0.0000,0.0000,0.3461,9,0,0
73.9330,0.0000,0.0000,0.1000,-0.2798,0.0000,0.0000,0.0000,0.0000,0.4461,-0.6513,0.0000,0.0000,0.0000,0.3461,9,0,0
73.9851,0.0000,0.0000,0.1000,-0.2191,0.0000,0.0000,0.0000,0.0000,0.4461,-0.6513,0.0000,0.0000,0.0000,0.3461,9,0,0
74.0372,0.0000,0.0000,0.1000,-0.1679,0.0000,0.0000,0.0000,0.0000,0.4461,-0.6513,0.0000,0.0000,0.0000,0.3461,9,0,0
74.0893,0.0000,0.0000,0.1000,-0.1513,0.0000,0.0000,0.0000,0.0000,0.4461,-0.6513,0.0000,0.0000,0.0000,0.3461,9,0,0
74.1186,1.7500,0.0000,0.1000,-0.1513,0.0000,0.0000,0.0000,0.0000,0.4461,-0.6513,0.0000,0.0000,1.7500,0.3461,9,0,0
74.1479,3.5000,0.0000,0.1000,-0.1513,0.0000,0.0000,1528.2000,0.0000,0.4461,-0.6513,0.0000,0.0000,1524.7000,0.3461,9,0,0
74.1480,3.5068,0.0012,0.1000,-0.1511,0.0000,0.0000,1528.2000,0.0000,0.1039,-0.1709,0.0000,0.0000,1524.6932,0.0039,9,0,0
74.1481,3.5137,0.0024,0.1000,-0.1510,0.0000,0.0000,1528.2000,0.0000,0.1039,-0.1709,0.0000,0.0000,1524.6863,0.0039,9,0,0
74.1482,3.5199,0.0060,0.1000,-0.1509,0.0000,0.0000,3518.2000,6.1000,0.1039,-0.1709,0.0000,0.0000,3514.6854,0.0039,9,0,0
74.1483,3.5261,0.0095,0.1000,-0.1507,0.0000,0.0000,3518.2000,6.1000,0.1001,-0.1517,0.0000,0.0000,3514.6792,0.0001,9,0,0
74.1485,3.5311,0.0152,0.1000,-0.1506,0.0000,0.0000,3518.2000,6.1000,0.1001,-0.1517,0.0000,0.0000,3514.6742,0.0001,9,0,0
74.1486,3.5361,0.0208,0.1000,-0.1504,0.0000,0.0000,3518.2000,6.1000,0.1001,-0.1517,0.0000,0.0000,3514.6692,0.0001,9,0,0
74.1487,3.5393,0.0283,0.1000,-0.1503,0.0000,0.0000,3518.2000,6.1000,0.1001,-0.1517,0.0000,0.0000,3514.6659,0.0001,9,0,0
74.1489,3.5426,0.0357,0.1000,-0.1501,0.0000,0.0000,3541.5000,-47.0000,0.1001,-0.1517,0.0000,0.0000,3538.2701,0.0001,9,0,0
74.1490,3.5436,0.0445,0.1000,-0.1499,0.0000,0.0000,3541.5000,-47.0000,0.1000,-0.1503,0.0000,0.0000,3538.2692,0.0000,9,0,0
74.1492,3.5446,0.0532,0.1000,-0.1497,0.0000,0.0000,3541.5000,-47.0000,0.1000,-0.1503,0.0000,0.0000,3538.2682,0.0000,9,0,0
74.1493,3.5432,0.0627,0.1000,-0.1496,0.0000,0.0000,3541.5000,-47.0000,0.1000,-0.1503,0.0000,0.0000,3538.2699,0.0000,9,0,0
74.1495,3.5417,0.0722,0.1000,-0.1494,0.0000,0.0000,3543.3000,68.9000,0.1000,-0.1503,0.0000,0.0000,3540.4274,0.0000,9,0,0
74.1497,3.5375,0.0818,0.1000,-0.1492,0.0000,0.0000,3543.3000,68.9000,0.1000,-0.1496,0.0000,0.0000,3540.4314,0.0000,9,0,0
74.1498,3.5333,0.0914,0.1000,-0.1489,0.0000,0.0000,3543.3000,68.9000,0.1000,-0.1496,0.0000,0.0000,3540.4355,0.0000,9,0,0
74.1500,3.5263,0.1004,0.1000,-0.1487,0.0000,0.0000,3543.3000,68.9000,0.1000,-0.1496,0.0000,0.0000,3540.4423,0.0000,9,0,0
74.1502,3.5193,0.1094,0.1000,-0.1485,0.0000,0.0000,3526.0000,96.6000,0.1000,-0.1489,0.0000,0.0000,3523.8020,0.0000,9,0,0
74.1504,3.5096,0.1172,0.1000,-0.1482,0.0000,0.0000,3526.0000,96.6000,0.1000,-0.1489,0.0000,0.0000,3523.8115,0.0000,9,0,0
74.1506,3.5000,0.1250,0.1000,-0.1480,0.0000,0.0000,3526.0000,96.6000,0.1000,-0.1489,0.0000,0.0000,3523.8209,0.0000,9,0,0
74.1509,3.4879,0.1309,0.1000,-0.1477,0.0000,0.0000,3533.9000,104.9000,0.1000,-0.1489,0.0000,0.0000,3531.9663,0.0000,9,0,0
74.1511,3.4759,0.1368,0.1000,-0.1475,0.0000,0.0000,3533.9000,104.9000,0.1000,-0.1482,0.0000,0.0000,3531.9782,0.0000,9,0,0
74.1513,3.4618,0.1402,0.1000,-0.1472,0.0000,0.0000,3533.9000,104.9000,0.1000,-0.1482,0.0000,0.0000,3531.9921,0.0000,9,0,0
74.1516,3.4477,0.1436,0.1000,-0.1469,0.0000,0.0000,3533.9000,104.9000,0.1000,-0.1482,0.0000,0.0000,3532.0061,0.0000,9,0,0
74.1518,3.4322,0.1440,0.1000,-0.1466,0.0000,0.0000,3450.4000,144.0000,0.1000,-0.1473,0.0000,0.0000,3449.9683,0.0000,9,0,0
74.1521,3.4167,0.1443,0.1000,-0.1463,0.0000,0.0000,3450.4000,144.0000,0.1000,-0.1473,0.0000,0.0000,3449.9838,0.0000,9,0,0
74.1524,3.4003,0.1413,0.1000,-0.1460,0.0000,0.0000,3450.4000,144.0000,0.1000,-0.1473,0.0000,0.0000,3450.0003,0.0000,9,0,0
74.1526,3.3839,0.1383,0.1000,-0.1456,0.0000,0.0000,3402.3000,140.3000,0.1000,-0.1464,0.0000,0.0000,3401.8048,0.0000,9,0,0
74.1529,3.3675,0.1317,0.1000,-0.1453,0.0000,0.0000,3402.3000,140.3000,0.1000,-0.1464,0.0000,0.0000,3401.8215,0.0000,9,0,0
74.1532,3.3510,0.1250,0.1000,-0.1449,0.0000,0.0000,3402.3000,140.3000,0.1000,-0.1464,0.0000,0.0000,3401.8382,0.0000,9,0,0
74.1536,3.3353,0.1146,0.1000,-0.1445,0.0000,0.0000,3267.0000,75.4000,0.1000,-0.1464,0.0000,0.0000,3264.5329,0.0000,9,0,0
74.1539,3.3196,0.1042,0.1000,-0.1442,0.0000,0.0000,3267.0000,75.4000,0.1000,-0.1452,0.0000,0.0000,3264.5489,0.0000,9,0,0
74.1542,3.3054,0.0901,0.1000,-0.1438,0.0000,0.0000,3267.0000,75.4000,0.1000,-0.1452,0.0000,0.0000,3264.5634,0.0000,9,0,0
74.1545,3.2912,0.0760,0.1000,-0.1434,0.0000,0.0000,3291.0000,69.8000,0.1000,-0.1452,0.0000,0.0000,3288.4481,0.0000,9,0,0
74.1549,3.2793,0.0585,0.1000,-0.1430,0.0000,0.0000,3291.0000,69.8000,0.1000,-0.1439,0.0000,0.0000,3288.4603,0.0000,9,0,0
74.1553,3.2675,0.0410,0.1000,-0.1425,0.0000,0.0000,3291.0000,69.8000,0.1000,-0.1439,0.0000,0.0000,3288.4725,0.0000,9,0,0
74.1556,3.2587,0.0205,0.1000,-0.1421,0.0000,0.0000,3291.0000,69.8000,0.1000,-0.1439,0.0000,0.0000,3288.4817,0.0000,9,0,0
74.1560,3.2500,0.0000,0.1000,-0.1417,0.0000,0.0000,3258.9000,24.6000,0.1000,-0.1426,0.0000,0.0000,3255.7429,0.0000,9,0,0
74.1564,3.2451,-0.0229,0.1000,-0.1412,0.0000,0.0000,3258.9000,24.6000,0.1000,-0.1426,0.0000,0.0000,3255.7481,0.0000,9,0,0
74.1568,3.2401,-0.0458,0.1000,-0.1407,0.0000,0.0000,3258.9000,24.6000,0.1000,-0.1426,0.0000,0.0000,3255.7532,0.0000,9,0,0
74.1572,3.2395,-0.0704,0.1000,-0.1402,0.0000,0.0000,3258.9000,24.6000,0.1000,-0.1426,0.0000,0.0000,3255.7539,0.0000,9,0,0
74.1576,3.2390,-0.0950,0.1000,-0.1397,0.0000,0.0000,3240.0000,-137.0000,0.1000,-0.1426,0.0000,0.0000,3239.6551,0.0000,9,0,0
74.1580,3.2432,-0.1204,0.1000,-0.1392,0.0000,0.0000,3240.0000,-137.0000,0.1000,-0.1404,0.0000,0.0000,3239.6498,0.0000,9,0,0
74.1585,3.2474,-0.1458,0.1000,-0.1387,0.0000,0.0000,3240.0000,-137.0000,0.1000,-0.1404,0.0000,0.0000,3239.6445,0.0000,9,0,0
74.1589,3.2567,-0.1711,0.1000,-0.1382,0.0000,0.0000,3240.0000,-137.0000,0.1000,-0.1404,0.0000,0.0000,3239.6342,0.0000,9,0,0
74.1594,3.2659,-0.1964,0.1000,-0.1377,0.0000,0.0000,3266.0000,-203.0000,0.1000,-0.1404,0.0000,0.0000,3269.0309,0.0000,9,0,0
74.1598,3.2803,-0.2206,0.1000,-0.1371,0.0000,0.0000,3266.0000,-203.0000,0.1000,-0.1384,0.0000,0.0000,3269.0150,0.0000,9,0,0
74.1603,3.2947,-0.2447,0.1000,-0.1365,0.0000,0.0000,3266.0000,-203.0000,0.1000,-0.1384,0.0000,0.0000,3268.9992,0.0000,9,0,0
74.1608,3.3140,-0.2667,0.1000,-0.1360,0.0000,0.0000,3266.0000,-203.0000,0.1000,-0.1384,0.0000,0.0000,3268.9785,0.0000,9,0,0
74.1613,3.3333,-0.2887,0.1000,-0.1354,0.0000,0.0000,3313.9000,-259.7000,0.1000,-0.1384,0.0000,0.0000,3320.7147,0.0000,9,0,0
74.1618,3.3573,-0.3075,0.1000,-0.1348,0.0000,0.0000,3313.9000,-259.7000,0.1000,-0.1362,0.0000,0.0000,3320.6893,0.0000,9,0,0
74.1623,3.3812,-0.3263,0.1000,-0.1342,0.0000,0.0000,3313.9000,-259.7000,0.1000,-0.1362,0.0000,0.0000,3320.6640,0.0000,9,0,0
74.1628,3.4093,-0.3410,0.1000,-0.1335,0.0000,0.0000,3313.9000,-259.7000,0.1000,-0.1362,0.0000,0.0000,3320.6349,0.0000,9,0,0
74.1634,3.4373,-0.3556,0.1000,-0.1329,0.0000,0.0000,3313.9000,-259.7000,0.1000,-0.1362,0.0000,0.0000,3320.6058,0.0000,9,0,0
74.1639,3.4686,-0.3653,0.1000,-0.1323,0.0000,0.0000,3444.9000,-362.1000,0.1000,-0.1362,0.0000,0.0000,3460.3904,0.0000,9,0,0
74.1645,3.5000,-0.3750,0.1000,-0.1316,0.0000,0.0000,3444.9000,-362.1000,0.1000,-0.1332,0.0000,0.0000,3460.3582,0.0000,9,0,0
74.1650,3.5338,-0.3790,0.1000,-0.1309,0.0000,0.0000,3444.9000,-362.1000,0.1000,-0.1332,0.0000,0.0000,3460.3242,0.0000,9,0,0
74.1656,3.5675,-0.3830,0.1000,-0.1303,0.0000,0.0000,3570.3000,-383.1000,0.1000,-0.1332,0.0000,0.0000,3587.2068,0.0000,9,0,0
74.1662,3.6026,-0.3807,0.1000,-0.1296,0.0000,0.0000,3570.3000,-383.1000,0.1000,-0.1312,0.0000,0.0000,3587.1722,0.0000,9,0,0
74.1668,3.6378,-0.3785,0.1000,-0.1289,0.0000,0.0000,3570.3000,-383.1000,0.1000,-0.1312,0.0000,0.0000,3587.1375,0.0000,9,0,0
74.1674,3.6730,-0.3697,0.1000,-0.1282,0.0000,0.0000,3570.3000,-383.1000,0.1000,-0.1312,0.0000,0.0000,3587.1033,0.0000,9,0,0
74.1680,3.7083,-0.3608,0.1000,-0.1274,0.0000,0.0000,3723.5000,-331.1000,0.1000,-0.1312,0.0000,0.0000,3734.4663,0.0000,9,0,0
74.1686,3.7425,-0.3453,0.1000,-0.1267,0.0000,0.0000,3723.5000,-331.1000,0.1000,-0.1286,0.0000,0.0000,3734.4336,0.0000,9,0,0
74.1693,3.7768,-0.3298,0.1000,-0.1259,0.0000,0.0000,3723.5000,-331.1000,0.1000,-0.1286,0.0000,0.0000,3734.4009,0.0000,9,0,0
74.1699,3.8086,-0.3078,0.1000,-0.1252,0.0000,0.0000,3723.5000,-331.1000,0.1000,-0.1286,0.0000,0.0000,3734.3711,0.0000,9,0,0
74.1706,3.8405,-0.2857,0.1000,-0.1244,0.0000,0.0000,3723.5000,-331.1000,0.1000,-0.1286,0.0000,0.0000,3734.3413,0.0000,9,0,0
74.1712,3.8687,-0.2574,0.1000,-0.1236,0.0000,0.0000,3833.6000,-286.2000,0.1000,-0.1286,0.0000,0.0000,3840.3913,0.0000,9,0,0
74.1719,3.8969,-0.2292,0.1000,-0.1228,0.0000,0.0000,3833.6000,-286.2000,0.1000,-0.1253,0.0000,0.0000,3840.3652,0.0000,9,0,0
74.1726,3.9203,-0.1953,0.1000,-0.1220,0.0000,0.0000,3833.6000,-286.2000,0.1000,-0.1253,0.0000,0.0000,3840.3444,0.0000,9,0,0
74.1733,3.9437,-0.1615,0.1000,-0.1212,0.0000,0.0000,3833.6000,-286.2000,0.1000,-0.1253,0.0000,0.0000,3840.3236,0.0000,9,0,0
74.1740,3.9612,-0.1230,0.1000,-0.1204,0.0000,0.0000,3990.1000,-60.2000,0.1000,-0.1253,0.0000,0.0000,3986.5915,0.0000,9,0,0
74.1747,3.9787,-0.0844,0.1000,-0.1195,0.0000,0.0000,3990.1000,-60.2000,0.1000,-0.1216,0.0000,0.0000,3986.5746,0.0000,9,0,0
74.1754,3.9894,-0.0422,0.1000,-0.1186,0.0000,0.0000,3990.1000,-60.2000,0.1000,-0.1216,0.0000,0.0000,3986.5646,0.0000,9,0,0
74.1762,4.0000,-0.0000,0.1000,-0.1178,0.0000,0.0000,3990.1000,-60.2000,0.1000,-0.1216,0.0000,0.0000,3986.5546,0.0000,9,0,0
74.1769,4.0030,0.0446,0.1000,-0.1169,0.0000,0.0000,3990.1000,-60.2000,0.1000,-0.1216,0.0000,0.0000,3986.5522,0.0000,9,0,0
74.1777,4.0061,0.0892,0.1000,-0.1160,0.0000,0.0000,4006.0000,71.5000,0.1000,-0.1216,0.0000,0.0000,4002.6310,0.0000,9,0,0
74.1784,4.0010,0.1349,0.1000,-0.1151,0.0000,0.0000,4006.0000,71.5000,0.1000,-0.1174,0.0000,0.0000,4002.6352,0.0000,9,0,0
74.1792,3.9959,0.1805,0.1000,-0.1142,0.0000,0.0000,4006.0000,71.5000,0.1000,-0.1174,0.0000,0.0000,4002.6395,0.0000,9,0,0
74.1800,3.9825,0.2257,0.1000,-0.1133,0.0000,0.0000,4006.0000,71.5000,0.1000,-0.1174,0.0000,0.0000,4002.6521,0.0000,9,0,0
74.1808,3.9691,0.2708,0.1000,-0.1123,0.0000,0.0000,3969.0000,264.5000,0.1000,-0.1174,0.0000,0.0000,3973.8252,0.0000,9,0,0
74.1816,3.9473,0.3140,0.1000,-0.1114,0.0000,0.0000,3969.0000,264.5000,0.1000,-0.1141,0.0000,0.0000,3973.8441,0.0000,9,0,0
74.1824,3.9256,0.3571,0.1000,-0.1104,0.0000,0.0000,3969.0000,264.5000,0.1000,-0.1141,0.0000,0.0000,3973.8629,0.0000,9,0,0
74.1832,3.8958,0.3967,0.1000,-0.1094,0.0000,0.0000,3969.0000,264.5000,0.1000,-0.1141,0.0000,0.0000,3973.8900,0.0000,9,0,0
74.1840,3.8660,0.4362,0.1000,-0.1084,0.0000,0.0000,3896.0000,391.5000,0.1000,-0.1141,0.0000,0.0000,3911.7308,0.0000,9,0,0
74.1849,3.8288,0.4707,0.1000,-0.1074,0.0000,0.0000,3896.0000,391.5000,0.1000,-0.1097,0.0000,0.0000,3911.7643,0.0000,9,0,0
74.1857,3.7917,0.5052,0.1000,-0.1064,0.0000,0.0000,3896.0000,391.5000,0.1000,-0.1097,0.0000,0.0000,3911.7979,0.0000,9,0,0
74.1866,3.7480,0.5332,0.1000,-0.1054,0.0000,0.0000,3761.0000,506.0000,0.1000,-0.1097,0.0000,0.0000,3791.1000,0.0000,9,0,0
74.1875,3.7043,0.5612,0.1000,-0.1044,0.0000,0.0000,3761.0000,506.0000,0.1000,-0.1069,0.0000,0.0000,3791.1396,0.0000,9,0,0
74.1884,3.6552,0.5815,0.1000,-0.1033,0.0000,0.0000,3761.0000,506.0000,0.1000,-0.1069,0.0000,0.0000,3791.1855,0.0000,9,0,0
74.1893,3.6061,0.6018,0.1000,-0.1023,0.0000,0.0000,3761.0000,506.0000,0.1000,-0.1069,0.0000,0.0000,3791.2315,0.0000,9,0,0
74.1902,3.5531,0.6134,0.1000,-0.1012,0.0000,0.0000,3596.7000,602.0000,0.1000,-0.1032,0.0000,0.0000,3643.1265,0.0000,9,0,0
74.1911,3.5000,0.6250,0.1000,-0.1001,0.0000,0.0000,3596.7000,602.0000,0.1000,-0.1032,0.0000,0.0000,3643.1769,0.0000,9,0,0
74.1920,3.4445,0.6271,0.1000,-0.0990,0.0000,0.0000,3596.7000,602.0000,0.1000,-0.1032,0.0000,0.0000,3643.2313,0.0000,9,0,0
74.1929,3.3891,0.6292,0.1000,-0.0979,0.0000,0.0000,3328.3000,629.1000,0.1000,-0.1032,0.0000,0.0000,3383.7861,0.0000,9,0,0
74.1939,3.3329,0.6213,0.1000,-0.0968,0.0000,0.0000,3328.3000,629.1000,0.1000,-0.0993,0.0000,0.0000,3383.8427,0.0000,9,0,0
74.1948,3.2767,0.6134,0.1000,-0.0957,0.0000,0.0000,3328.3000,629.1000,0.1000,-0.0993,0.0000,0.0000,3383.8994,0.0000,9,0,0
74.1958,3.2217,0.5954,0.1000,-0.0945,0.0000,0.0000,3228.4000,595.0000,0.1000,-0.0993,0.0000,0.0000,3279.4957,0.0000,9,0,0
74.1968,3.1667,0.5774,0.1000,-0.0934,0.0000,0.0000,3228.4000,595.0000,0.1000,-0.0962,0.0000,0.0000,3279.5531,0.0000,9,0,0
74.1978,3.1146,0.5493,0.1000,-0.0922,0.0000,0.0000,3228.4000,595.0000,0.1000,-0.0962,0.0000,0.0000,3279.6093,0.0000,9,0,0
74.1988,3.0625,0.5213,0.1000,-0.0910,0.0000,0.0000,3228.4000,595.0000,0.1000,-0.0962,0.0000,0.0000,3279.6656,0.0000,9,0,0
74.1998,3.0153,0.4839,0.1000,-0.0898,0.0000,0.0000,3059.9000,521.0000,0.1000,-0.0923,0.0000,0.0000,3100.8839,0.0000,9,0,0
74.2008,2.9680,0.4464,0.1000,-0.0886,0.0000,0.0000,3059.9000,521.0000,0.1000,-0.0923,0.0000,0.0000,3100.9368,0.0000,9,0,0
74.2018,2.9273,0.4003,0.1000,-0.0874,0.0000,0.0000,3059.9000,521.0000,0.1000,-0.0923,0.0000,0.0000,3100.9847,0.0000,9,0,0
74.2028,2.8866,0.3542,0.1000,-0.0862,0.0000,0.0000,2827.1000,260.3000,0.1000,-0.0923,0.0000,0.0000,2836.1512,0.0000,9,0,0
74.2039,2.8539,0.3006,0.1000,-0.0849,0.0000,0.0000,2827.1000,260.3000,0.1000,-0.0880,0.0000,0.0000,2836.1885,0.0000,9,0,0
74.2049,2.8213,0.2470,0.1000,-0.0837,0.0000,0.0000,2821.0000,209.7000,0.1000,-0.0880,0.0000,0.0000,2825.9514,0.0000,9,0,0
74.2060,2.7982,0.1874,0.1000,-0.0824,0.0000,0.0000,2821.0000,209.7000,0.1000,-0.0850,0.0000,0.0000,2825.9789,0.0000,9,0,0
74.2071,2.7751,0.1278,0.1000,-0.0812,0.0000,0.0000,2821.0000,209.7000,0.1000,-0.0850,0.0000,0.0000,2826.0064,0.0000,9,0,0
74.2082,2.7625,0.0639,0.1000,-0.0799,0.0000,0.0000,2821.0000,209.7000,0.1000,-0.0850,0.0000,0.0000,2826.0237,0.0000,9,0,0
74.2093,2.7500,0.0000,0.1000,-0.0786,0.0000,0.0000,2750.0000,2.5000,0.1000,-0.0850,0.0000,0.0000,2747.2511,0.0000,9,0,0
74.2104,2.7489,-0.0663,0.1000,-0.0773,0.0000,0.0000,2750.0000,2.5000,0.1000,-0.0805,0.0000,0.0000,2747.2523,0.0000,9,0,0
74.2115,2.7477,-0.1326,0.1000,-0.0760,0.0000,0.0000,2750.0000,2.5000,0.1000,-0.0805,0.0000,0.0000,2747.2535,0.0000,9,0,0
74.2126,2.7584,-0.1993,0.1000,-0.0746,0.0000,0.0000,2750.0000,2.5000,0.1000,-0.0805,0.0000,0.0000,2747.2429,0.0000,9,0,0
74.2137,2.7691,-0.2660,0.1000,-0.0733,0.0000,0.0000,2775.6000,-339.5000,0.1000,-0.0805,0.0000,0.0000,2793.5051,0.0000,9,0,0
74.2149,2.7918,-0.3309,0.1000,-0.0719,0.0000,0.0000,2775.6000,-339.5000,0.1000,-0.0758,0.0000,0.0000,2793.4748,0.0000,9,0,0
74.2160,2.8144,-0.3958,0.1000,-0.0706,0.0000,0.0000,2775.6000,-339.5000,0.1000,-0.0758,0.0000,0.0000,2793.4444,0.0000,9,0,0
74.2172,2.8487,-0.4568,0.1000,-0.0692,0.0000,0.0000,2848.8000,-460.9000,0.1000,-0.0758,0.0000,0.0000,2882.9580,0.0000,9,0,0
74.2184,2.8829,-0.5178,0.1000,-0.0678,0.0000,0.0000,2848.8000,-460.9000,0.1000,-0.0709,0.0000,0.0000,2882.9145,0.0000,9,0,0
74.2196,2.9281,-0.5728,0.1000,-0.0664,0.0000,0.0000,2848.8000,-460.9000,0.1000,-0.0709,0.0000,0.0000,2882.8611,0.0000,9,0,0
74.2208,2.9733,-0.6277,0.1000,-0.0650,0.0000,0.0000,2848.8000,-460.9000,0.1000,-0.0709,0.0000,0.0000,2882.8077,0.0000,9,0,0
74.2220,3.0283,-0.6747,0.1000,-0.0635,0.0000,0.0000,2976.6000,-613.7000,0.1000,-0.0709,0.0000,0.0000,3036.1042,0.0000,9,0,0
74.2232,3.0833,-0.7217,0.1000,-0.0621,0.0000,0.0000,2976.6000,-613.7000,0.1000,-0.0655,0.0000,0.0000,3036.0408,0.0000,9,0,0
74.2244,3.1468,-0.7589,0.1000,-0.0606,0.0000,0.0000,2976.6000,-613.7000,0.1000,-0.0655,0.0000,0.0000,3035.9711,0.0000,9,0,0
74.2257,3.2102,-0.7961,0.1000,-0.0592,0.0000,0.0000,3213.5000,-795.9000,0.1000,-0.0655,0.0000,0.0000,3307.2875,0.0000,9,0,0
74.2269,3.2804,-0.8221,0.1000,-0.0577,0.0000,0.0000,3213.5000,-795.9000,0.1000,-0.0613,0.0000,0.0000,3307.2132,0.0000,9,0,0
74.2282,3.3505,-0.8480,0.1000,-0.0562,0.0000,0.0000,3213.5000,-795.9000,0.1000,-0.0613,0.0000,0.0000,3307.1389,0.0000,9,0,0
74.2294,3.4252,-0.8615,0.1000,-0.0547,0.0000,0.0000,3213.5000,-795.9000,0.1000,-0.0613,0.0000,0.0000,3307.0631,0.0000,9,0,0
74.2307,3.5000,-0.8750,0.1000,-0.0532,0.0000,0.0000,3498.5000,-875.0000,0.1000,-0.0613,0.0000,0.0000,3602.6545,0.0000,9,0,0
74.2320,3.5772,-0.8752,0.1000,-0.0517,0.0000,0.0000,3498.5000,-875.0000,0.1000,-0.0555,0.0000,0.0000,3602.5796,0.0000,9,0,0
74.2333,3.6544,-0.8754,0.1000,-0.0501,0.0000,0.0000,3498.5000,-875.0000,0.1000,-0.0555,0.0000,0.0000,3602.5047,0.0000,9,0,0
74.2346,3.7316,-0.8619,0.1000,-0.0486,0.0000,0.0000,3498.5000,-875.0000,0.1000,-0.0555,0.0000,0.0000,3602.4331,0.0000,9,0,0
74.2359,3.8088,-0.8483,0.1000,-0.0470,0.0000,0.0000,3720.6000,-862.0000,0.1000,-0.0555,0.0000,0.0000,3815.2483,0.0000,9,0,0
74.2372,3.8836,-0.8211,0.1000,-0.0454,0.0000,0.0000,3720.6000,-862.0000,0.1000,-0.0490,0.0000,0.0000,3815.1816,0.0000,9,0,0
74.2386,3.9583,-0.7939,0.1000,-0.0439,0.0000,0.0000,3720.6000,-862.0000,0.1000,-0.0490,0.0000,0.0000,3815.1148,0.0000,9,0,0
74.2399,4.0282,-0.7534,0.1000,-0.0423,0.0000,0.0000,3956.3000,-752.5000,0.1000,-0.0490,0.0000,0.0000,4023.1300,0.0000,9,0,0
74.2413,4.0981,-0.7128,0.1000,-0.0407,0.0000,0.0000,3956.3000,-752.5000,0.1000,-0.0446,0.0000,0.0000,4023.0689,0.0000,9,0,0
74.2427,4.1608,-0.6600,0.1000,-0.0390,0.0000,0.0000,3956.3000,-752.5000,0.1000,-0.0446,0.0000,0.0000,4023.0172,0.0000,9,0,0
74.2440,4.2235,-0.6071,0.1000,-0.0374,0.0000,0.0000,4223.0000,-607.0000,0.1000,-0.0446,0.0000,0.0000,4262.1342,0.0000,9,0,0
74.2454,4.2767,-0.5431,0.1000,-0.0358,0.0000,0.0000,4223.0000,-607.0000,0.1000,-0.0399,0.0000,0.0000,4262.0906,0.0000,9,0,0
74.2468,4.3299,-0.4792,0.1000,-0.0341,0.0000,0.0000,4223.0000,-607.0000,0.1000,-0.0399,0.0000,0.0000,4262.0470,0.0000,9,0,0
74.2482,4.3718,-0.4058,0.1000,-0.0324,0.0000,0.0000,4223.0000,-607.0000,0.1000,-0.0399,0.0000,0.0000,4262.0160,0.0000,9,0,0
74.2496,4.4136,-0.3325,0.1000,-0.0308,0.0000,0.0000,4414.4000,-333.0000,0.1000,-0.0399,0.0000,0.0000,4422.5160,0.0000,9,0,0
74.2511,4.4424,-0.2519,0.1000,-0.0291,0.0000,0.0000,4414.4000,-333.0000,0.1000,-0.0332,0.0000,0.0000,4422.4934,0.0000,9,0,0
74.2525,4.4711,-0.1712,0.1000,-0.0274,0.0000,0.0000,4414.4000,-333.0000,0.1000,-0.0332,0.0000,0.0000,4422.4708,0.0000,9,0,0
74.2540,4.4856,-0.0856,0.1000,-0.0256,0.0000,0.0000,4486.1000,-148.7000,0.1000,-0.0332,0.0000,0.0000,4484.0779,0.0000,9,0,0
74.2554,4.5000,-0.0000,0.1000,-0.0239,0.0000,0.0000,4486.1000,-148.7000,0.1000,-0.0281,0.0000,0.0000,4484.0663,0.0000,9,0,0
74.2569,4.4992,0.0880,0.1000,-0.0222,0.0000,0.0000,4486.1000,-148.7000,0.1000,-0.0281,0.0000,0.0000,4484.0699,0.0000,9,0,0
74.2584,4.4985,0.1761,0.1000,-0.0204,0.0000,0.0000,4498.0000,175.1000,0.1000,-0.0281,0.0000,0.0000,4496.9050,0.0000,9,0,0
74.2599,4.4821,0.2638,0.1000,-0.0187,0.0000,0.0000,4498.0000,175.1000,0.1000,-0.0227,0.0000,0.0000,4496.9179,0.0000,9,0,0
74.2614,4.4658,0.3515,0.1000,-0.0169,0.0000,0.0000,4498.0000,175.1000,0.1000,-0.0227,0.0000,0.0000,4496.9308,0.0000,9,0,0
74.2629,4.4340,0.4362,0.1000,-0.0151,0.0000,0.0000,4559.7000,422.4000,0.1000,-0.0227,0.0000,0.0000,4574.7680,0.0000,9,0,0
74.2644,4.4021,0.5208,0.1000,-0.0133,0.0000,0.0000,4559.7000,422.4000,0.1000,-0.0173,0.0000,0.0000,4574.7919,0.0000,9,0,0
74.2659,4.3554,0.5997,0.1000,-0.0115,0.0000,0.0000,4559.7000,422.4000,0.1000,-0.0173,0.0000,0.0000,4574.8312,0.0000,9,0,0
74.2675,4.3086,0.6785,0.1000,-0.0097,0.0000,0.0000,4559.7000,422.4000,0.1000,-0.0173,0.0000,0.0000,4574.8705,0.0000,9,0,0
74.2690,4.2480,0.7489,0.1000,-0.0078,0.0000,0.0000,4559.7000,422.4000,0.1000,-0.0173,0.0000,0.0000,4574.9243,0.0000,9,0,0
74.2706,4.1874,0.8192,0.1000,-0.0060,0.0000,0.0000,4246.3000,746.5000,0.1000,-0.0173,0.0000,0.0000,4307.1521,0.0000,9,0,0
74.2721,4.1145,0.8787,0.1000,-0.0041,0.0000,0.0000,4246.3000,746.5000,0.1000,-0.0093,0.0000,0.0000,4307.2135,0.0000,9,0,0
74.2737,4.0417,0.9382,0.1000,-0.0023,0.0000,0.0000,4246.3000,746.5000,0.1000,-0.0093,0.0000,0.0000,4307.2750,0.0000,9,0,0
74.2753,3.9585,0.9846,0.1000,-0.0004,0.0000,0.0000,4246.3000,746.5000,0.1000,-0.0093,0.0000,0.0000,4307.3489,0.0000,9,0,0
74.2769,3.8753,1.0311,0.1000,0.0015,0.0000,0.0000,3751.0000,1049.8000,0.1000,-0.0093,0.0000,0.0000,3891.1258,0.0000,9,0,0
74.2785,3.7841,1.0626,0.1000,0.0034,0.0000,0.0000,3751.0000,1049.8000,0.1000,-0.0013,0.0000,0.0000,3891.2051,0.0000,9,0,0
74.2801,3.6929,1.0942,0.1000,0.0053,0.0000,0.0000,3751.0000,1049.8000,0.1000,-0.0013,0.0000,0.0000,3891.2844,0.0000,9,0,0
74.2818,3.5965,1.1096,0.1000,0.0073,0.0000,0.0000,3562.6000,1111.9000,0.1000,-0.0013,0.0000,0.0000,3728.3188,0.0000,9,0,0
74.2834,3.5000,1.1250,0.1000,0.0092,0.0000,0.0000,3562.6000,1111.9000,0.1000,0.0046,0.0000,0.0000,3728.4063,0.0000,9,0,0
74.2851,3.4011,1.1233,0.1000,0.0112,0.0000,0.0000,3562.6000,1111.9000,0.1000,0.0046,0.0000,0.0000,3728.5013,0.0000,9,0,0
74.2867,3.3022,1.1216,0.1000,0.0131,0.0000,0.0000,3562.6000,1111.9000,0.1000,0.0046,0.0000,0.0000,3728.5962,0.0000,9,0,0
74.2884,3.2040,1.1024,0.1000,0.0151,0.0000,0.0000,3074.8000,1101.4000,0.1000,0.0046,0.0000,0.0000,3262.7223,0.0000,9,0,0
74.2901,3.1057,1.0833,0.1000,0.0171,0.0000,0.0000,3074.8000,1101.4000,0.1000,0.0125,0.0000,0.0000,3262.8213,0.0000,9,0,0
74.2918,3.0112,1.0468,0.1000,0.0191,0.0000,0.0000,3074.8000,1101.4000,0.1000,0.0125,0.0000,0.0000,3262.9226,0.0000,9,0,0
74.2935,2.9167,1.0104,0.1000,0.0211,0.0000,0.0000,3074.8000,1101.4000,0.1000,0.0125,0.0000,0.0000,3263.0238,0.0000,9,0,0
74.2952,2.8289,0.9574,0.1000,0.0232,0.0000,0.0000,2919.6000,1010.0000,0.1000,0.0125,0.0000,0.0000,3086.3766,0.0000,9,0,0
74.2969,2.7412,0.9044,0.1000,0.0252,0.0000,0.0000,2919.6000,1010.0000,0.1000,0.0203,0.0000,0.0000,3086.4769,0.0000,9,0,0
74.2986,2.6631,0.8361,0.1000,0.0273,0.0000,0.0000,2919.6000,1010.0000,0.1000,0.0203,0.0000,0.0000,3086.5730,0.0000,9,0,0
74.3004,2.5850,0.7678,0.1000,0.0293,0.0000,0.0000,2585.6000,770.0000,0.1000,0.0203,0.0000,0.0000,2695.1224,0.0000,9,0,0
74.3021,2.5193,0.6860,0.1000,0.0314,0.0000,0.0000,2585.6000,770.0000,0.1000,0.0264,0.0000,0.0000,2695.2087,0.0000,9,0,0
74.3039,2.4536,0.6042,0.1000,0.0335,0.0000,0.0000,2585.6000,770.0000,0.1000,0.0264,0.0000,0.0000,2695.2951,0.0000,9,0,0
74.3057,2.4025,0.5111,0.1000,0.0356,0.0000,0.0000,2585.6000,770.0000,0.1000,0.0264,0.0000,0.0000,2695.3705,0.0000,9,0,0
74.3074,2.3515,0.4180,0.1000,0.0377,0.0000,0.0000,2400.3000,489.4000,0.1000,0.0264,0.0000,0.0000,2447.2966,0.0000,9,0,0
74.3092,2.3171,0.3163,0.1000,0.0398,0.0000,0.0000,2400.3000,489.4000,0.1000,0.0347,0.0000,0.0000,2447.3506,0.0000,9,0,0
74.3110,2.2827,0.2146,0.1000,0.0419,0.0000,0.0000,2400.3000,489.4000,0.1000,0.0347,0.0000,0.0000,2447.4046,0.0000,9,0,0
74.3129,2.2663,0.1073,0.1000,0.0441,0.0000,0.0000,2267.9000,139.6000,0.1000,0.0347,0.0000,0.0000,2269.9238,0.0000,9,0,0
74.3147,2.2500,0.0000,0.1000,0.0462,0.0000,0.0000,2267.9000,139.6000,0.1000,0.0412,0.0000,0.0000,2269.9467,0.0000,9,0,0
74.3165,2.2527,-0.1097,0.1000,0.0484,0.0000,0.0000,2267.9000,139.6000,0.1000,0.0412,0.0000,0.0000,2269.9508,0.0000,9,0,0
74.3184,2.2553,-0.2195,0.1000,0.0506,0.0000,0.0000,2255.0000,-211.4000,0.1000,0.0412,0.0000,0.0000,2262.6215,0.0000,9,0,0
74.3202,2.2773,-0.3282,0.1000,0.0528,0.0000,0.0000,2255.0000,-211.4000,0.1000,0.0474,0.0000,0.0000,2262.5894,0.0000,9,0,0
74.3221,2.2993,-0.4370,0.1000,0.0550,0.0000,0.0000,2255.0000,-211.4000,0.1000,0.0474,0.0000,0.0000,2262.5574,0.0000,9,0,0
74.3240,2.3403,-0.5414,0.1000,0.0572,0.0000,0.0000,2255.0000,-211.4000,0.1000,0.0474,0.0000,0.0000,2262.5068,0.0000,9,0,0
74.3258,2.3814,-0.6458,0.1000,0.0594,0.0000,0.0000,2341.0000,-615.0000,0.1000,0.0474,0.0000,0.0000,2417.9678,0.0000,9,0,0
74.3277,2.4406,-0.7425,0.1000,0.0617,0.0000,0.0000,2341.0000,-615.0000,0.1000,0.0563,0.0000,0.0000,2417.8859,0.0000,9,0,0
74.3296,2.4999,-0.8392,0.1000,0.0639,0.0000,0.0000,2341.0000,-615.0000,0.1000,0.0563,0.0000,0.0000,2417.8040,0.0000,9,0,0
74.3315,2.5759,-0.9250,0.1000,0.0662,0.0000,0.0000,2341.0000,-615.0000,0.1000,0.0563,0.0000,0.0000,2417.7087,0.0000,9,0,0
74.3335,2.6519,-1.0108,0.1000,0.0685,0.0000,0.0000,2341.0000,-615.0000,0.1000,0.0563,0.0000,0.0000,2417.6134,0.0000,9,0,0
74.3354,2.7426,-1.0827,0.1000,0.0708,0.0000,0.0000,2739.2000,-1110.7000,0.1000,0.0640,0.0000,0.0000,2952.8714,0.0000,9,0,0
74.3373,2.8333,-1.1547,0.1000,0.0731,0.0000,0.0000,2739.2000,-1110.7000,0.1000,0.0640,0.0000,0.0000,2952.7603,0.0000,9,0,0
74.3393,2.9363,-1.2103,0.1000,0.0754,0.0000,0.0000,2934.8000,-1209.5000,0.1000,0.0640,0.0000,0.0000,3171.0864,0.0000,9,0,0
74.3413,3.0392,-1.2660,0.1000,0.0777,0.0000,0.0000,2934.8000,-1209.5000,0.1000,0.0722,0.0000,0.0000,3170.9700,0.0000,9,0,0
74.3432,3.1514,-1.3032,0.1000,0.0801,0.0000,0.0000,2934.8000,-1209.5000,0.1000,0.0722,0.0000,0.0000,3170.8521,0.0000,9,0,0
74.3452,3.2636,-1.3404,0.1000,0.0824,0.0000,0.0000,2934.8000,-1209.5000,0.1000,0.0722,0.0000,0.0000,3170.7341,0.0000,9,0,0
74.3472,3.3818,-1.3577,0.1000,0.0848,0.0000,0.0000,3372.7000,-1358.0000,0.1000,0.0722,0.0000,0.0000,3632.1871,0.0000,9,0,0
74.3492,3.5000,-1.3750,0.1000,0.0871,0.0000,0.0000,3372.7000,-1358.0000,0.1000,0.0823,0.0000,0.0000,3632.0710,0.0000,9,0,0
74.3512,3.6206,-1.3714,0.1000,0.0895,0.0000,0.0000,3372.7000,-1358.0000,0.1000,0.0823,0.0000,0.0000,3631.9605,0.0000,9,0,0
74.3533,3.7412,-1.3678,0.1000,0.0919,0.0000,0.0000,3372.7000,-1358.0000,0.1000,0.0823,0.0000,0.0000,3631.8500,0.0000,9,0,0
74.3553,3.8605,-1.3430,0.1000,0.0943,0.0000,0.0000,3372.7000,-1358.0000,0.1000,0.0823,0.0000,0.0000,3631.7486,0.0000,9,0,0
74.3573,3.9798,-1.3182,0.1000,0.0968,0.0000,0.0000,3912.7000,-1342.8000,0.1000,0.0912,0.0000,0.0000,4132.5134,0.0000,9,0,0
74.3594,4.0941,-1.2725,0.1000,0.0992,0.0000,0.0000,3912.7000,-1342.8000,0.1000,0.0912,0.0000,0.0000,4132.4202,0.0000,9,0,0
74.3615,4.2083,-1.2269,0.1000,0.1016,0.0000,0.0000,3912.7000,-1342.8000,0.1000,0.0912,0.0000,0.0000,4132.3269,0.0000,9,0,0
74.3635,4.3139,-1.1614,0.1000,0.1041,0.0000,0.0000,4200.6000,-1226.9000,0.1000,0.0985,0.0000,0.0000,4371.6418,0.0000,9,0,0
74.3656,4.4195,-1.0959,0.1000,0.1066,0.0000,0.0000,4200.6000,-1226.9000,0.1000,0.0985,0.0000,0.0000,4371.5588,0.0000,9,0,0
74.3677,4.5130,-1.0122,0.1000,0.1091,0.0000,0.0000,4504.6000,-1012.9000,0.1000,0.0985,0.0000,0.0000,4612.4505,0.0000,9,0,0
74.3698,4.6065,-0.9285,0.1000,0.1116,0.0000,0.0000,4504.6000,-1012.9000,0.1000,0.1062,0.0000,0.0000,4612.3777,0.0000,9,0,0
74.3720,4.6847,-0.8288,0.1000,0.1141,0.0000,0.0000,4504.6000,-1012.9000,0.1000,0.1062,0.0000,0.0000,4612.3232,0.0000,9,0,0
74.3741,4.7630,-0.7292,0.1000,0.1166,0.0000,0.0000,4504.6000,-1012.9000,0.1000,0.1062,0.0000,0.0000,4612.2688,0.0000,9,0,0
74.3762,4.8232,-0.6163,0.1000,0.1191,0.0000,0.0000,4504.6000,-1012.9000,0.1000,0.1062,0.0000,0.0000,4612.2348,0.0000,9,0,0
74.3784,4.8834,-0.5035,0.1000,0.1216,0.0000,0.0000,4823.0000,-628.6000,0.1000,0.1062,0.0000,0.0000,4858.8839,0.0000,9,0,0
74.3805,4.9235,-0.3808,0.1000,0.1242,0.0000,0.0000,4823.0000,-628.6000,0.1000,0.1179,0.0000,0.0000,4858.8600,0.0000,9,0,0
74.3827,4.9635,-0.2581,0.1000,0.1268,0.0000,0.0000,4823.0000,-628.6000,0.1000,0.1179,0.0000,0.0000,4858.8362,0.0000,9,0,0
74.3849,4.9818,-0.1290,0.1000,0.1294,0.0000,0.0000,4823.0000,-628.6000,0.1000,0.1179,0.0000,0.0000,4858.8348,0.0000,9,0,0
74.3870,5.0000,-0.0000,0.1000,0.1319,0.0000,0.0000,5000.0000,-6.2000,0.1000,0.1179,0.0000,0.0000,4995.0038,0.0000,9,0,0
74.4243,3.3750,1.5155,0.1000,0.1760,0.0000,0.0000,5000.0000,-6.2000,0.1000,0.1279,0.0000,0.0000,4996.6310,0.0000,9,0,0
74.4615,1.7500,3.0311,0.1000,0.2201,0.0000,0.0000,5000.0000,-6.2000,0.1000,0.1279,0.0000,0.0000,4998.2585,0.0000,9,0,0
74.4616,1.7568,3.0323,0.1000,0.2202,0.0000,0.0000,1656.4000,3071.9000,0.1000,0.1279,0.0000,0.0000,3486.5159,0.0000,9,0,0
74.4617,1.7637,3.0335,0.1000,0.2203,0.0000,0.0000,1656.4000,3071.9000,0.1000,0.2094,0.0000,0.0000,3486.5116,0.0000,9,0,0
74.4618,1.7699,3.0370,0.1000,0.2205,0.0000,0.0000,1656.4000,3071.9000,0.1000,0.2094,0.0000,0.0000,3486.5055,0.0000,9,0,0
74.4619,1.7761,3.0406,0.1000,0.2206,0.0000,0.0000,1656.4000,3071.9000,0.1000,0.2094,0.0000,0.0000,3486.4994,0.0000,9,0,0
74.4621,1.7811,3.0463,0.1000,0.2208,0.0000,0.0000,1758.9000,3039.7000,0.1000,0.2201,0.0000,0.0000,3508.3804,0.0000,9,0,0
74.4622,1.7861,3.0519,0.1000,0.2209,0.0000,0.0000,1758.9000,3039.7000,0.1000,0.2201,0.0000,0.0000,3508.3730,0.0000,9,0,0
74.4623,1.7893,3.0594,0.1000,0.2211,0.0000,0.0000,1758.9000,3039.7000,0.1000,0.2201,0.0000,0.0000,3508.3649,0.0000,9,0,0
74.4625,1.7926,3.0668,0.1000,0.2212,0.0000,0.0000,1758.9000,3039.7000,0.1000,0.2201,0.0000,0.0000,3508.3568,0.0000,9,0,0
74.4626,1.7936,3.0755,0.1000,0.2214,0.0000,0.0000,1793.0000,3059.8000,0.1000,0.2201,0.0000,0.0000,3542.8780,0.0000,9,0,0
74.4628,1.7946,3.0843,0.1000,0.2216,0.0000,0.0000,1793.0000,3059.8000,0.1000,0.2212,0.0000,0.0000,3542.8700,0.0000,9,0,0
74.4629,1.7932,3.0938,0.1000,0.2218,0.0000,0.0000,1793.0000,3059.8000,0.1000,0.2212,0.0000,0.0000,3542.8625,0.0000,9,0,0
74.4631,1.7917,3.1033,0.1000,0.2220,0.0000,0.0000,1792.0000,3107.1000,0.1000,0.2212,0.0000,0.0000,3583.2446,0.0000,9,0,0
74.4633,1.7875,3.1129,0.1000,0.2222,0.0000,0.0000,1792.0000,3107.1000,0.1000,0.2218,0.0000,0.0000,3583.2384,0.0000,9,0,0
74.4634,1.7833,3.1224,0.1000,0.2224,0.0000,0.0000,1792.0000,3107.1000,0.1000,0.2218,0.0000,0.0000,3583.2322,0.0000,9,0,0
74.4636,1.7763,3.1315,0.1000,0.2226,0.0000,0.0000,1780.8000,3131.0000,0.1000,0.2218,0.0000,0.0000,3598.4006,0.0000,9,0,0
74.4638,1.7693,3.1405,0.1000,0.2228,0.0000,0.0000,1780.8000,3131.0000,0.1000,0.2223,0.0000,0.0000,3598.3962,0.0000,9,0,0
74.4640,1.7596,3.1483,0.1000,0.2231,0.0000,0.0000,1780.8000,3131.0000,0.1000,0.2223,0.0000,0.0000,3598.3942,0.0000,9,0,0
74.4642,1.7500,3.1561,0.1000,0.2233,0.0000,0.0000,1780.8000,3131.0000,0.1000,0.2223,0.0000,0.0000,3598.3922,0.0000,9,0,0
74.4645,1.7379,3.1620,0.1000,0.2236,0.0000,0.0000,1750.0000,3152.3000,0.1000,0.2230,0.0000,0.0000,3601.8732,0.0000,9,0,0
74.4647,1.7259,3.1679,0.1000,0.2239,0.0000,0.0000,1750.0000,3152.3000,0.1000,0.2230,0.0000,0.0000,3601.8739,0.0000,9,0,0
74.4649,1.7118,3.1713,0.1000,0.2241,0.0000,0.0000,1750.0000,3152.3000,0.1000,0.2230,0.0000,0.0000,3601.8778,0.0000,9,0,0
74.4652,1.6977,3.1747,0.1000,0.2244,0.0000,0.0000,1735.5000,3171.3000,0.1000,0.2230,0.0000,0.0000,3611.5216,0.0000,9,0,0
74.4654,1.6822,3.1750,0.1000,0.2247,0.0000,0.0000,1735.5000,3171.3000,0.1000,0.2240,0.0000,0.0000,3611.5287,0.0000,9,0,0
74.4657,1.6667,3.1754,0.1000,0.2250,0.0000,0.0000,1735.5000,3171.3000,0.1000,0.2240,0.0000,0.0000,3611.5359,0.0000,9,0,0
74.4660,1.6503,3.1724,0.1000,0.2254,0.0000,0.0000,1735.5000,3171.3000,0.1000,0.2240,0.0000,0.0000,3611.5464,0.0000,9,0,0
74.4662,1.6339,3.1694,0.1000,0.2257,0.0000,0.0000,1735.5000,3171.3000,0.1000,0.2240,0.0000,0.0000,3611.5569,0.0000,9,0,0
74.4665,1.6175,3.1627,0.1000,0.2261,0.0000,0.0000,1735.5000,3171.3000,0.1000,0.2240,0.0000,0.0000,3611.5706,0.0000,9,0,0
74.4668,1.6010,3.1561,0.1000,0.2264,0.0000,0.0000,1609.9000,3163.3000,0.1000,0.2254,0.0000,0.0000,3545.8617,0.0000,9,0,0
74.4671,1.5853,3.1457,0.1000,0.2268,0.0000,0.0000,1609.9000,3163.3000,0.1000,0.2254,0.0000,0.0000,3545.8781,0.0000,9,0,0
74.4675,1.5696,3.1353,0.1000,0.2272,0.0000,0.0000,1566.8000,3134.6000,0.1000,0.2254,0.0000,0.0000,3500.8596,0.0000,9,0,0
74.4678,1.5554,3.1212,0.1000,0.2276,0.0000,0.0000,1566.8000,3134.6000,0.1000,0.2254,0.0000,0.0000,3500.8785,0.0000,9,0,0
74.4681,1.5412,3.1071,0.1000,0.2280,0.0000,0.0000,1566.8000,3134.6000,0.1000,0.2254,0.0000,0.0000,3500.8975,0.0000,9,0,0
74.4685,1.5293,3.0896,0.1000,0.2284,0.0000,0.0000,1527.6000,3091.6000,0.1000,0.2254,0.0000,0.0000,3444.9656,0.0000,9,0,0
74.4688,1.5175,3.0721,0.1000,0.2288,0.0000,0.0000,1527.6000,3091.6000,0.1000,0.2268,0.0000,0.0000,3444.9866,0.0000,9,0,0
74.4692,1.5087,3.0516,0.1000,0.2292,0.0000,0.0000,1527.6000,3091.6000,0.1000,0.2268,0.0000,0.0000,3445.0088,0.0000,9,0,0
74.4696,1.5000,3.0311,0.1000,0.2297,0.0000,0.0000,1500.0000,3039.3000,0.1000,0.2268,0.0000,0.0000,3385.9166,0.0000,9,0,0
74.4700,1.4951,3.0082,0.1000,0.2301,0.0000,0.0000,1500.0000,3039.3000,0.1000,0.2291,0.0000,0.0000,3385.9393,0.0000,9,0,0
74.4704,1.4901,2.9853,0.1000,0.2306,0.0000,0.0000,1500.0000,3039.3000,0.1000,0.2291,0.0000,0.0000,3385.9621,0.0000,9,0,0
74.4708,1.4895,2.9607,0.1000,0.2311,0.0000,0.0000,1490.0000,2970.5000,0.1000,0.2291,0.0000,0.0000,3319.9327,0.0000,9,0,0
74.4712,1.4890,2.9361,0.1000,0.2316,0.0000,0.0000,1490.0000,2970.5000,0.1000,0.2291,0.0000,0.0000,3319.9549,0.0000,9,0,0
74.4716,1.4932,2.9107,0.1000,0.2321,0.0000,0.0000,1490.0000,2970.5000,0.1000,0.2291,0.0000,0.0000,3319.9757,0.0000,9,0,0
74.4721,1.4974,2.8853,0.1000,0.2326,0.0000,0.0000,1490.0000,2970.5000,0.1000,0.2291,0.0000,0.0000,3319.9966,0.0000,9,0,0
74.4725,1.5067,2.8600,0.1000,0.2331,0.0000,0.0000,1507.5000,2838.4000,0.1000,0.2291,0.0000,0.0000,3210.6546,0.0000,9,0,0
74.4730,1.5159,2.8347,0.1000,0.2337,0.0000,0.0000,1507.5000,2838.4000,0.1000,0.2306,0.0000,0.0000,3210.6726,0.0000,9,0,0
74.4734,1.5303,2.8105,0.1000,0.2342,0.0000,0.0000,1507.5000,2838.4000,0.1000,0.2306,0.0000,0.0000,3210.6872,0.0000,9,0,0
74.4739,1.5447,2.7864,0.1000,0.2348,0.0000,0.0000,1507.5000,2838.4000,0.1000,0.2306,0.0000,0.0000,3210.7018,0.0000,9,0,0
74.4744,1.5640,2.7644,0.1000,0.2354,0.0000,0.0000,1507.5000,2838.4000,0.1000,0.2306,0.0000,0.0000,3210.7122,0.0000,9,0,0
74.4749,1.5833,2.7424,0.1000,0.2359,0.0000,0.0000,1507.5000,2838.4000,0.1000,0.2306,0.0000,0.0000,3210.7225,0.0000,9,0,0
74.4754,1.6073,2.7236,0.1000,0.2366,0.0000,0.0000,1581.5000,2740.0000,0.1000,0.2347,0.0000,0.0000,3160.4973,0.0000,9,0,0
74.4759,1.6312,2.7048,0.1000,0.2372,0.0000,0.0000,1581.5000,2740.0000,0.1000,0.2347,0.0000,0.0000,3160.5016,0.0000,9,0,0
74.4764,1.6593,2.6901,0.1000,0.2378,0.0000,0.0000,1578.4000,2690.2000,0.1000,0.2347,0.0000,0.0000,3115.8980,0.0000,9,0,0
74.4770,1.6873,2.6755,0.1000,0.2384,0.0000,0.0000,1578.4000,2690.2000,0.1000,0.2370,0.0000,0.0000,3115.8965,0.0000,9,0,0
74.4775,1.7186,2.6658,0.1000,0.2391,0.0000,0.0000,1578.4000,2690.2000,0.1000,0.2370,0.0000,0.0000,3115.8890,0.0000,9,0,0
74.4781,1.7500,2.6561,0.1000,0.2397,0.0000,0.0000,1751.5000,2659.8000,0.1000,0.2370,0.0000,0.0000,3181.5152,0.0000,9,0,0
74.4786,1.7838,2.6521,0.1000,0.2404,0.0000,0.0000,1751.5000,2659.8000,0.1000,0.2389,0.0000,0.0000,3181.4999,0.0000,9,0,0
74.4792,1.8175,2.6481,0.1000,0.2411,0.0000,0.0000,1751.5000,2659.8000,0.1000,0.2389,0.0000,0.0000,3181.4847,0.0000,9,0,0
74.4798,1.8526,2.6504,0.1000,0.2418,0.0000,0.0000,1751.5000,2659.8000,0.1000,0.2389,0.0000,0.0000,3181.4635,0.0000,9,0,0
74.4804,1.8878,2.6526,0.1000,0.2425,0.0000,0.0000,1847.7000,2650.0000,0.1000,0.2389,0.0000,0.0000,3227.3009,0.0000,9,0,0
74.4810,1.9230,2.6614,0.1000,0.2432,0.0000,0.0000,1847.7000,2650.0000,0.1000,0.2416,0.0000,0.0000,3227.2735,0.0000,9,0,0
74.4816,1.9583,2.6702,0.1000,0.2439,0.0000,0.0000,1847.7000,2650.0000,0.1000,0.2416,0.0000,0.0000,3227.2461,0.0000,9,0,0
74.4822,1.9925,2.6858,0.1000,0.2446,0.0000,0.0000,1880.8000,2683.4000,0.1000,0.2416,0.0000,0.0000,3273.5526,0.0000,9,0,0
74.4829,2.0268,2.7013,0.1000,0.2454,0.0000,0.0000,1880.8000,2683.4000,0.1000,0.2438,0.0000,0.0000,3273.5202,0.0000,9,0,0
74.4835,2.0586,2.7233,0.1000,0.2462,0.0000,0.0000,1880.8000,2683.4000,0.1000,0.2438,0.0000,0.0000,3273.4839,0.0000,9,0,0
74.4842,2.0905,2.7454,0.1000,0.2469,0.0000,0.0000,1880.8000,2683.4000,0.1000,0.2438,0.0000,0.0000,3273.4475,0.0000,9,0,0
74.4848,2.1187,2.7737,0.1000,0.2477,0.0000,0.0000,2090.0000,2737.2000,0.1000,0.2438,0.0000,0.0000,3440.3976,0.0000,9,0,0
74.4855,2.1469,2.8019,0.1000,0.2485,0.0000,0.0000,2090.0000,2737.2000,0.1000,0.2464,0.0000,0.0000,3440.3580,0.0000,9,0,0
74.4862,2.1703,2.8358,0.1000,0.2493,0.0000,0.0000,2090.0000,2737.2000,0.1000,0.2464,0.0000,0.0000,3440.3169,0.0000,9,0,0
74.4869,2.1937,2.8696,0.1000,0.2501,0.0000,0.0000,2090.0000,2737.2000,0.1000,0.2464,0.0000,0.0000,3440.2758,0.0000,9,0,0
74.4876,2.2112,2.9081,0.1000,0.2510,0.0000,0.0000,2229.9000,3056.3000,0.1000,0.2464,0.0000,0.0000,3779.6560,0.0000,9,0,0
74.4883,2.2287,2.9467,0.1000,0.2518,0.0000,0.0000,2229.9000,3056.3000,0.1000,0.2500,0.0000,0.0000,3779.6145,0.0000,9,0,0
74.4890,2.2394,2.9889,0.1000,0.2527,0.0000,0.0000,2229.9000,3056.3000,0.1000,0.2500,0.0000,0.0000,3779.5741,0.0000,9,0,0
74.4897,2.2500,3.0311,0.1000,0.2535,0.0000,0.0000,2229.9000,3056.3000,0.1000,0.2500,0.0000,0.0000,3779.5338,0.0000,9,0,0
74.4905,2.2530,3.0757,0.1000,0.2544,0.0000,0.0000,2223.0000,3060.0000,0.1000,0.2500,0.0000,0.0000,3778.4260,0.0000,9,0,0
74.4912,2.2561,3.1203,0.1000,0.2553,0.0000,0.0000,2223.0000,3060.0000,0.1000,0.2531,0.0000,0.0000,3778.3881,0.0000,9,0,0
74.4920,2.2510,3.1660,0.1000,0.2562,0.0000,0.0000,2223.0000,3060.0000,0.1000,0.2531,0.0000,0.0000,3778.3542,0.0000,9,0,0
74.4928,2.2459,3.2116,0.1000,0.2571,0.0000,0.0000,2246.0000,3210.7000,0.1000,0.2531,0.0000,0.0000,3914.3855,0.0000,9,0,0
74.4936,2.2325,3.2568,0.1000,0.2581,0.0000,0.0000,2246.0000,3210.7000,0.1000,0.2558,0.0000,0.0000,3914.3562,0.0000,9,0,0
74.4944,2.2191,3.3019,0.1000,0.2590,0.0000,0.0000,2246.0000,3210.7000,0.1000,0.2558,0.0000,0.0000,3914.3269,0.0000,9,0,0
74.4952,2.1973,3.3451,0.1000,0.2600,0.0000,0.0000,2246.0000,3210.7000,0.1000,0.2558,0.0000,0.0000,3914.3040,0.0000,9,0,0
74.4960,2.1756,3.3882,0.1000,0.2609,0.0000,0.0000,2175.2000,3387.3000,0.1000,0.2558,0.0000,0.0000,4021.5537,0.0000,9,0,0
74.4968,2.1458,3.4278,0.1000,0.2619,0.0000,0.0000,2175.2000,3387.3000,0.1000,0.2558,0.0000,0.0000,4021.5365,0.0000,9,0,0
74.4976,2.1160,3.4673,0.1000,0.2629,0.0000,0.0000,2175.2000,3387.3000,0.1000,0.2558,0.0000,0.0000,4021.5193,0.0000,9,0,0
74.4985,2.0788,3.5018,0.1000,0.2639,0.0000,0.0000,2175.2000,3387.3000,0.1000,0.2558,0.0000,0.0000,4021.5104,0.0000,9,0,0
74.4993,2.0417,3.5363,0.1000,0.2649,0.0000,0.0000,2079.0000,3514.3000,0.1000,0.2558,0.0000,0.0000,4079.1197,0.0000,9,0,0
74.5002,1.9980,3.5643,0.1000,0.2659,0.0000,0.0000,2079.0000,3514.3000,0.1000,0.2599,0.0000,0.0000,4079.1179,0.0000,9,0,0
74.5011,1.9543,3.5923,0.1000,0.2670,0.0000,0.0000,2079.0000,3514.3000,0.1000,0.2599,0.0000,0.0000,4079.1160,0.0000,9,0,0
74.5020,1.9052,3.6126,0.1000,0.2680,0.0000,0.0000,1882.0000,3613.6000,0.1000,0.2599,0.0000,0.0000,4070.2292,0.0000,9,0,0
74.5028,1.8561,3.6329,0.1000,0.2691,0.0000,0.0000,1882.0000,3613.6000,0.1000,0.2599,0.0000,0.0000,4070.2338,0.0000,9,0,0
74.5038,1.8031,3.6445,0.1000,0.2701,0.0000,0.0000,1882.0000,3613.6000,0.1000,0.2599,0.0000,0.0000,4070.2481,0.0000,9,0,0
74.5047,1.7500,3.6561,0.1000,0.2712,0.0000,0.0000,1717.0000,3657.8000,0.1000,0.2599,0.0000,0.0000,4036.6880,0.0000,9,0,0
74.5056,1.6945,3.6582,0.1000,0.2723,0.0000,0.0000,1717.0000,3657.8000,0.1000,0.2671,0.0000,0.0000,4036.7097,0.0000,9,0,0
74.5065,1.6391,3.6603,0.1000,0.2734,0.0000,0.0000,1717.0000,3657.8000,0.1000,0.2671,0.0000,0.0000,4036.7314,0.0000,9,0,0
74.5075,1.5829,3.6524,0.1000,0.2745,0.0000,0.0000,1717.0000,3657.8000,0.1000,0.2671,0.0000,0.0000,4036.7624,0.0000,9,0,0
74.5084,1.5267,3.6445,0.1000,0.2757,0.0000,0.0000,1717.0000,3657.8000,0.1000,0.2671,0.0000,0.0000,4036.7934,0.0000,9,0,0
74.5094,1.4717,3.6265,0.1000,0.2768,0.0000,0.0000,1492.1000,3628.1000,0.1000,0.2671,0.0000,0.0000,3919.0281,0.0000,9,0,0
74.5104,1.4167,3.6084,0.1000,0.2780,0.0000,0.0000,1492.1000,3628.1000,0.1000,0.2751,0.0000,0.0000,3919.0657,0.0000,9,0,0
74.5114,1.3646,3.5804,0.1000,0.2791,0.0000,0.0000,1492.1000,3628.1000,0.1000,0.2751,0.0000,0.0000,3919.1114,0.0000,9,0,0
74.5123,1.3125,3.5524,0.1000,0.2803,0.0000,0.0000,1492.1000,3628.1000,0.1000,0.2751,0.0000,0.0000,3919.1571,0.0000,9,0,0
74.5134,1.2653,3.5149,0.1000,0.2815,0.0000,0.0000,1319.0000,3551.6000,0.1000,0.2788,0.0000,0.0000,3784.8821,0.0000,9,0,0
74.5144,1.2180,3.4775,0.1000,0.2827,0.0000,0.0000,1319.0000,3551.6000,0.1000,0.2788,0.0000,0.0000,3784.9337,0.0000,9,0,0
74.5154,1.1773,3.4314,0.1000,0.2839,0.0000,0.0000,1252.5000,3431.0000,0.1000,0.2788,0.0000,0.0000,3648.8403,0.0000,9,0,0
74.5164,1.1366,3.3853,0.1000,0.2851,0.0000,0.0000,1252.5000,3431.0000,0.1000,0.2822,0.0000,0.0000,3648.8975,0.0000,9,0,0
74.5175,1.1039,3.3317,0.1000,0.2864,0.0000,0.0000,1252.5000,3431.0000,0.1000,0.2822,0.0000,0.0000,3648.9591,0.0000,9,0,0
74.5185,1.0713,3.2781,0.1000,0.2876,0.0000,0.0000,1071.1000,3271.4000,0.1000,0.2822,0.0000,0.0000,3438.8344,0.0000,9,0,0
74.5196,1.0482,3.2185,0.1000,0.2889,0.0000,0.0000,1071.1000,3271.4000,0.1000,0.2860,0.0000,0.0000,3438.8982,0.0000,9,0,0
74.5207,1.0251,3.1589,0.1000,0.2902,0.0000,0.0000,1071.1000,3271.4000,0.1000,0.2860,0.0000,0.0000,3438.9621,0.0000,9,0,0
74.5218,1.0125,3.0950,0.1000,0.2915,0.0000,0.0000,1071.1000,3271.4000,0.1000,0.2860,0.0000,0.0000,3439.0267,0.0000,9,0,0
74.5228,1.0000,3.0311,0.1000,0.2927,0.0000,0.0000,1013.0000,3105.5000,0.1000,0.2898,0.0000,0.0000,3263.3506,0.0000,9,0,0
74.5240,0.9989,2.9648,0.1000,0.2941,0.0000,0.0000,1013.0000,3105.5000,0.1000,0.2898,0.0000,0.0000,3263.4140,0.0000,9,0,0
74.5251,0.9977,2.8984,0.1000,0.2954,0.0000,0.0000,998.0000,2862.1000,0.1000,0.2898,0.0000,0.0000,3028.0434,0.0000,9,0,0
74.5262,1.0084,2.8318,0.1000,0.2967,0.0000,0.0000,998.0000,2862.1000,0.1000,0.2935,0.0000,0.0000,3028.1029,0.0000,9,0,0
74.5273,1.0191,2.7651,0.1000,0.2981,0.0000,0.0000,998.0000,2862.1000,0.1000,0.2935,0.0000,0.0000,3028.1623,0.0000,9,0,0
74.5285,1.0418,2.7002,0.1000,0.2994,0.0000,0.0000,998.0000,2862.1000,0.1000,0.2935,0.0000,0.0000,3028.2162,0.0000,9,0,0
74.5296,1.0644,2.6353,0.1000,0.3008,0.0000,0.0000,1042.0000,2692.5000,0.1000,0.2935,0.0000,0.0000,2884.2537,0.0000,9,0,0
74.5308,1.0987,2.5743,0.1000,0.3022,0.0000,0.0000,1042.0000,2692.5000,0.1000,0.2988,0.0000,0.0000,2884.2982,0.0000,9,0,0
74.5320,1.1329,2.5133,0.1000,0.3036,0.0000,0.0000,1042.0000,2692.5000,0.1000,0.2988,0.0000,0.0000,2884.3427,0.0000,9,0,0
74.5332,1.1781,2.4583,0.1000,0.3050,0.0000,0.0000,1177.6000,2454.3000,0.1000,0.2988,0.0000,0.0000,2719.4661,0.0000,9,0,0
74.5344,1.2233,2.4034,0.1000,0.3064,0.0000,0.0000,1177.6000,2454.3000,0.1000,0.3031,0.0000,0.0000,2719.4962,0.0000,9,0,0
74.5356,1.2783,2.3564,0.1000,0.3078,0.0000,0.0000,1177.6000,2454.3000,0.1000,0.3031,0.0000,0.0000,2719.5147,0.0000,9,0,0
74.5368,1.3333,2.3094,0.1000,0.3092,0.0000,0.0000,1177.6000,2454.3000,0.1000,0.3031,0.0000,0.0000,2719.5333,0.0000,9,0,0
74.5380,1.3968,2.2722,0.1000,0.3107,0.0000,0.0000,1433.2000,2204.3000,0.1000,0.3031,0.0000,0.0000,2626.5923,0.0000,9,0,0
74.5392,1.4602,2.2350,0.1000,0.3122,0.0000,0.0000,1433.2000,2204.3000,0.1000,0.3087,0.0000,0.0000,2626.5889,0.0000,9,0,0
74.5405,1.5304,2.2090,0.1000,0.3136,0.0000,0.0000,1433.2000,2204.3000,0.1000,0.3087,0.0000,0.0000,2626.5724,0.0000,9,0,0
74.5418,1.6005,2.1831,0.1000,0.3151,0.0000,0.0000,1433.2000,2204.3000,0.1000,0.3087,0.0000,0.0000,2626.5560,0.0000,9,0,0
74.5430,1.6752,2.1696,0.1000,0.3166,0.0000,0.0000,1433.2000,2204.3000,0.1000,0.3087,0.0000,0.0000,2626.5265,0.0000,9,0,0
74.5443,1.7500,2.1561,0.1000,0.3181,0.0000,0.0000,1660.3000,2170.0000,0.1000,0.3087,0.0000,0.0000,2729.5302,0.0000,9,0,0
74.5456,1.8272,2.1559,0.1000,0.3197,0.0000,0.0000,1660.3000,2170.0000,0.1000,0.3162,0.0000,0.0000,2729.4835,0.0000,9,0,0
74.5469,1.9044,2.1557,0.1000,0.3212,0.0000,0.0000,1660.3000,2170.0000,0.1000,0.3162,0.0000,0.0000,2729.4368,0.0000,9,0,0
74.5482,1.9816,2.1692,0.1000,0.3228,0.0000,0.0000,1999.7000,2169.0000,0.1000,0.3162,0.0000,0.0000,2947.2079,0.0000,9,0,0
74.5495,2.0588,2.1828,0.1000,0.3243,0.0000,0.0000,1999.7000,2169.0000,0.1000,0.3206,0.0000,0.0000,2947.1456,0.0000,9,0,0
74.5508,2.1336,2.2100,0.1000,0.3259,0.0000,0.0000,1999.7000,2169.0000,0.1000,0.3206,0.0000,0.0000,2947.0749,0.0000,9,0,0
74.5522,2.2083,2.2372,0.1000,0.3275,0.0000,0.0000,2218.1000,2237.0000,0.1000,0.3206,0.0000,0.0000,3147.1162,0.0000,9,0,0
74.5535,2.2782,2.2777,0.1000,0.3291,0.0000,0.0000,2218.1000,2237.0000,0.1000,0.3253,0.0000,0.0000,3147.0382,0.0000,9,0,0
74.5549,2.3481,2.3182,0.1000,0.3307,0.0000,0.0000,2218.1000,2237.0000,0.1000,0.3253,0.0000,0.0000,3146.9603,0.0000,9,0,0
74.5562,2.4108,2.3711,0.1000,0.3323,0.0000,0.0000,2422.2000,2371.7000,0.1000,0.3253,0.0000,0.0000,3386.6058,0.0000,9,0,0
74.5576,2.4735,2.4240,0.1000,0.3339,0.0000,0.0000,2422.2000,2371.7000,0.1000,0.3302,0.0000,0.0000,3386.5240,0.0000,9,0,0
74.5590,2.5267,2.4880,0.1000,0.3356,0.0000,0.0000,2422.2000,2371.7000,0.1000,0.3302,0.0000,0.0000,3386.4413,0.0000,9,0,0
74.5604,2.5799,2.5519,0.1000,0.3372,0.0000,0.0000,2422.2000,2371.7000,0.1000,0.3302,0.0000,0.0000,3386.3585,0.0000,9,0,0
74.5618,2.6218,2.6252,0.1000,0.3389,0.0000,0.0000,2422.2000,2371.7000,0.1000,0.3302,0.0000,0.0000,3386.2773,0.0000,9,0,0
74.5632,2.6636,2.6986,0.1000,0.3406,0.0000,0.0000,2629.8000,2632.8000,0.1000,0.3302,0.0000,0.0000,3717.4291,0.0000,9,0,0
74.5647,2.6924,2.7792,0.1000,0.3423,0.0000,0.0000,2629.8000,2632.8000,0.1000,0.3302,0.0000,0.0000,3717.3517,0.0000,9,0,0
74.5661,2.7211,2.8599,0.1000,0.3440,0.0000,0.0000,2629.8000,2632.8000,0.1000,0.3302,0.0000,0.0000,3717.2743,0.0000,9,0,0
74.5676,2.7356,2.9455,0.1000,0.3457,0.0000,0.0000,2629.8000,2632.8000,0.1000,0.3302,0.0000,0.0000,3717.2036,0.0000,9,0,0
74.5690,2.7500,3.0311,0.1000,0.3474,0.0000,0.0000,2742.1000,2956.2000,0.1000,0.3302,0.0000,0.0000,4028.0572,0.0000,9,0,0
74.5705,2.7492,3.1191,0.1000,0.3492,0.0000,0.0000,2742.1000,2956.2000,0.1000,0.3381,0.0000,0.0000,4027.9932,0.0000,9,0,0
74.5720,2.7485,3.2071,0.1000,0.3509,0.0000,0.0000,2742.1000,2956.2000,0.1000,0.3381,0.0000,0.0000,4027.9292,0.0000,9,0,0
74.5735,2.7321,3.2949,0.1000,0.3527,0.0000,0.0000,2742.1000,2956.2000,0.1000,0.3381,0.0000,0.0000,4027.8760,0.0000,9,0,0
74.5749,2.7158,3.3826,0.1000,0.3544,0.0000,0.0000,2732.0000,3292.9000,0.1000,0.3504,0.0000,0.0000,4274.3323,0.0000,9,0,0
74.5765,2.6840,3.4673,0.1000,0.3562,0.0000,0.0000,2732.0000,3292.9000,0.1000,0.3504,0.0000,0.0000,4274.2875,0.0000,9,0,0
74.5780,2.6521,3.5519,0.1000,0.3580,0.0000,0.0000,2652.0000,3525.8000,0.1000,0.3504,0.0000,0.0000,4407.4115,0.0000,9,0,0
74.5795,2.6054,3.6308,0.1000,0.3598,0.0000,0.0000,2652.0000,3525.8000,0.1000,0.3564,0.0000,0.0000,4407.3766,0.0000,9,0,0
74.5810,2.5586,3.7096,0.1000,0.3617,0.0000,0.0000,2652.0000,3525.8000,0.1000,0.3564,0.0000,0.0000,4407.3417,0.0000,9,0,0
74.5826,2.4980,3.7800,0.1000,0.3635,0.0000,0.0000,2652.0000,3525.8000,0.1000,0.3564,0.0000,0.0000,4407.3219,0.0000,9,0,0
74.5842,2.4374,3.8503,0.1000,0.3653,0.0000,0.0000,2508.1000,3780.0000,0.1000,0.3564,0.0000,0.0000,4531.8485,0.0000,9,0,0
74.5857,2.3645,3.9098,0.1000,0.3672,0.0000,0.0000,2508.1000,3780.0000,0.1000,0.3630,0.0000,0.0000,4531.8393,0.0000,9,0,0
74.5873,2.2917,3.9693,0.1000,0.3691,0.0000,0.0000,2508.1000,3780.0000,0.1000,0.3630,0.0000,0.0000,4531.8300,0.0000,9,0,0
74.5889,2.2085,4.0157,0.1000,0.3710,0.0000,0.0000,2260.9000,4014.8000,0.1000,0.3630,0.0000,0.0000,4603.0509,0.0000,9,0,0
74.5905,2.1253,4.0621,0.1000,0.3729,0.0000,0.0000,2260.9000,4014.8000,0.1000,0.3682,0.0000,0.0000,4603.0513,0.0000,9,0,0
74.5921,2.0341,4.0937,0.1000,0.3748,0.0000,0.0000,2260.9000,4014.8000,0.1000,0.3682,0.0000,0.0000,4603.0685,0.0000,9,0,0
74.5937,1.9429,4.1253,0.1000,0.3767,0.0000,0.0000,2260.9000,4014.8000,0.1000,0.3682,0.0000,0.0000,4603.0857,0.0000,9,0,0
74.5954,1.8465,4.1407,0.1000,0.3786,0.0000,0.0000,1772.4000,4154.8000,0.1000,0.3682,0.0000,0.0000,4512.5195,0.0000,9,0,0
74.5970,1.7500,4.1561,0.1000,0.3806,0.0000,0.0000,1772.4000,4154.8000,0.1000,0.3749,0.0000,0.0000,4512.5432,0.0000,9,0,0
74.5987,1.6511,4.1544,0.1000,0.3825,0.0000,0.0000,1772.4000,4154.8000,0.1000,0.3749,0.0000,0.0000,4512.5836,0.0000,9,0,0
74.6003,1.5522,4.1527,0.1000,0.3845,0.0000,0.0000,1772.4000,4154.8000,0.1000,0.3749,0.0000,0.0000,4512.6240,0.0000,9,0,0
74.6020,1.4540,4.1335,0.1000,0.3865,0.0000,0.0000,1325.8000,4133.9000,0.1000,0.3749,0.0000,0.0000,4336.9187,0.0000,9,0,0
74.6037,1.3557,4.1143,0.1000,0.3884,0.0000,0.0000,1325.8000,4133.9000,0.1000,0.3842,0.0000,0.0000,4336.9669,0.0000,9,0,0
74.6054,1.2612,4.0779,0.1000,0.3905,0.0000,0.0000,1325.8000,4133.9000,0.1000,0.3842,0.0000,0.0000,4337.0305,0.0000,9,0,0
74.6071,1.1667,4.0415,0.1000,0.3925,0.0000,0.0000,1325.8000,4133.9000,0.1000,0.3842,0.0000,0.0000,4337.0941,0.0000,9,0,0
74.6088,1.0789,3.9884,0.1000,0.3945,0.0000,0.0000,1139.5000,4043.1000,0.1000,0.3842,0.0000,0.0000,4196.4777,0.0000,9,0,0
74.6105,0.9912,3.9354,0.1000,0.3965,0.0000,0.0000,1139.5000,4043.1000,0.1000,0.3915,0.0000,0.0000,4196.5525,0.0000,9,0,0
74.6122,0.9131,3.8672,0.1000,0.3986,0.0000,0.0000,910.5000,3867.0000,0.1000,0.3915,0.0000,0.0000,3968.7711,0.0000,9,0,0
74.6140,0.8350,3.7989,0.1000,0.4006,0.0000,0.0000,910.5000,3867.0000,0.1000,0.3965,0.0000,0.0000,3968.8554,0.0000,9,0,0
74.6157,0.7693,3.7171,0.1000,0.4027,0.0000,0.0000,910.5000,3867.0000,0.1000,0.3965,0.0000,0.0000,3968.9501,0.0000,9,0,0
74.6175,0.7036,3.6353,0.1000,0.4048,0.0000,0.0000,703.9000,3637.6000,0.1000,0.3965,0.0000,0.0000,3701.3761,0.0000,9,0,0
74.6193,0.6525,3.5422,0.1000,0.4069,0.0000,0.0000,703.9000,3637.6000,0.1000,0.4017,0.0000,0.0000,3701.4772,0.0000,9,0,0
74.6210,0.6015,3.4491,0.1000,0.4090,0.0000,0.0000,703.9000,3637.6000,0.1000,0.4017,0.0000,0.0000,3701.5782,0.0000,9,0,0
74.6228,0.5671,3.3474,0.1000,0.4111,0.0000,0.0000,567.0000,3379.1000,0.1000,0.4017,0.0000,0.0000,3422.9449,0.0000,9,0,0
74.6246,0.5327,3.2457,0.1000,0.4133,0.0000,0.0000,567.0000,3379.1000,0.1000,0.4017,0.0000,0.0000,3423.0509,0.0000,9,0,0
74.6265,0.5163,3.1384,0.1000,0.4154,0.0000,0.0000,567.0000,3379.1000,0.1000,0.4017,0.0000,0.0000,3423.1594,0.0000,9,0,0
74.6283,0.5000,3.0311,0.1000,0.4176,0.0000,0.0000,500.1000,2988.0000,0.1000,0.4017,0.0000,0.0000,3026.4896,0.0000,9,0,0
74.6301,0.5027,2.9214,0.1000,0.4198,0.0000,0.0000,500.1000,2988.0000,0.1000,0.4098,0.0000,0.0000,3026.5974,0.0000,9,0,0
74.6319,0.5053,2.8116,0.1000,0.4219,0.0000,0.0000,500.1000,2988.0000,0.1000,0.4098,0.0000,0.0000,3026.7052,0.0000,9,0,0
74.6338,0.5273,2.7028,0.1000,0.4241,0.0000,0.0000,500.1000,2988.0000,0.1000,0.4098,0.0000,0.0000,3026.8089,0.0000,9,0,0
74.6357,0.5493,2.5941,0.1000,0.4263,0.0000,0.0000,500.1000,2988.0000,0.1000,0.4098,0.0000,0.0000,3026.9125,0.0000,9,0,0
74.6375,0.5903,2.4897,0.1000,0.4286,0.0000,0.0000,548.3000,2578.5000,0.1000,0.4098,0.0000,0.0000,2633.5936,0.0000,9,0,0
74.6394,0.6314,2.3853,0.1000,0.4308,0.0000,0.0000,548.3000,2578.5000,0.1000,0.4249,0.0000,0.0000,2633.6872,0.0000,9,0,0
74.6413,0.6906,2.2886,0.1000,0.4330,0.0000,0.0000,548.3000,2578.5000,0.1000,0.4249,0.0000,0.0000,2633.7694,0.0000,9,0,0
74.6432,0.7499,2.1919,0.1000,0.4353,0.0000,0.0000,749.2000,2195.4000,0.1000,0.4249,0.0000,0.0000,2317.3993,0.0000,9,0,0
74.6451,0.8259,2.1061,0.1000,0.4375,0.0000,0.0000,749.2000,2195.4000,0.1000,0.4323,0.0000,0.0000,2317.4559,0.0000,9,0,0
74.6471,0.9019,2.0203,0.1000,0.4398,0.0000,0.0000,749.2000,2195.4000,0.1000,0.4323,0.0000,0.0000,2317.5126,0.0000,9,0,0
74.6490,0.9926,1.9484,0.1000,0.4421,0.0000,0.0000,974.6000,2024.5000,0.1000,0.4323,0.0000,0.0000,2244.6885,0.0000,9,0,0
74.6509,1.0833,1.8764,0.1000,0.4444,0.0000,0.0000,974.6000,2024.5000,0.1000,0.4389,0.0000,0.0000,2244.7140,0.0000,9,0,0
74.6529,1.1863,1.8208,0.1000,0.4467,0.0000,0.0000,974.6000,2024.5000,0.1000,0.4389,0.0000,0.0000,2244.7195,0.0000,9,0,0
74.6549,1.2892,1.7651,0.1000,0.4491,0.0000,0.0000,1286.8000,1762.5000,0.1000,0.4389,0.0000,0.0000,2180.0746,0.0000,9,0,0
74.6568,1.4014,1.7279,0.1000,0.4514,0.0000,0.0000,1286.8000,1762.5000,0.1000,0.4458,0.0000,0.0000,2180.0385,0.0000,9,0,0
74.6588,1.5136,1.6907,0.1000,0.4537,0.0000,0.0000,1286.8000,1762.5000,0.1000,0.4458,0.0000,0.0000,2180.0024,0.0000,9,0,0
74.6608,1.6318,1.6734,0.1000,0.4561,0.0000,0.0000,1636.1000,1673.0000,0.1000,0.4458,0.0000,0.0000,2337.6952,0.0000,9,0,0
74.6628,1.7500,1.6561,0.1000,0.4585,0.0000,0.0000,1636.1000,1673.0000,0.1000,0.4531,0.0000,0.0000,2337.6249,0.0000,9,0,0
74.6648,1.8706,1.6597,0.1000,0.4609,0.0000,0.0000,1636.1000,1673.0000,0.1000,0.4531,0.0000,0.0000,2337.5381,0.0000,9,0,0
74.6669,1.9912,1.6633,0.1000,0.4633,0.0000,0.0000,1636.1000,1673.0000,0.1000,0.4531,0.0000,0.0000,2337.4512,0.0000,9,0,0
74.6689,2.1105,1.6881,0.1000,0.4657,0.0000,0.0000,1987.1000,1663.0000,0.1000,0.4602,0.0000,0.0000,2588.4630,0.0000,9,0,0
74.6709,2.2298,1.7129,0.1000,0.4681,0.0000,0.0000,1987.1000,1663.0000,0.1000,0.4602,0.0000,0.0000,2588.3556,0.0000,9,0,0
74.6730,2.3441,1.7586,0.1000,0.4705,0.0000,0.0000,1987.1000,1663.0000,0.1000,0.4602,0.0000,0.0000,2588.2386,0.0000,9,0,0
74.6751,2.4583,1.8042,0.1000,0.4730,0.0000,0.0000,2532.0000,1827.6000,0.1000,0.4602,0.0000,0.0000,3119.6332,0.0000,9,0,0
74.6771,2.5639,1.8697,0.1000,0.4754,0.0000,0.0000,2532.0000,1827.6000,0.1000,0.4695,0.0000,0.0000,3119.5092,0.0000,9,0,0
74.6792,2.6695,1.9352,0.1000,0.4779,0.0000,0.0000,2532.0000,1827.6000,0.1000,0.4695,0.0000,0.0000,3119.3853,0.0000,9,0,0
74.6813,2.7630,2.0189,0.1000,0.4804,0.0000,0.0000,2762.6000,2055.5000,0.1000,0.4695,0.0000,0.0000,3439.9832,0.0000,9,0,0
74.6834,2.8565,2.1026,0.1000,0.4829,0.0000,0.0000,2762.6000,2055.5000,0.1000,0.4769,0.0000,0.0000,3439.8583,0.0000,9,0,0
74.6855,2.9347,2.2023,0.1000,0.4854,0.0000,0.0000,2762.6000,2055.5000,0.1000,0.4769,0.0000,0.0000,3439.7360,0.0000,9,0,0
74.6877,3.0130,2.3019,0.1000,0.4879,0.0000,0.0000,3013.0000,2308.3000,0.1000,0.4769,0.0000,0.0000,3791.7871,0.0000,9,0,0
74.6898,3.0732,2.4147,0.1000,0.4904,0.0000,0.0000,3013.0000,2308.3000,0.1000,0.4841,0.0000,0.0000,3791.6706,0.0000,9,0,0
74.6919,3.1334,2.5276,0.1000,0.4930,0.0000,0.0000,3013.0000,2308.3000,0.1000,0.4841,0.0000,0.0000,3791.5542,0.0000,9,0,0
74.6941,3.1735,2.6503,0.1000,0.4955,0.0000,0.0000,3173.0000,2650.1000,0.1000,0.4841,0.0000,0.0000,4129.9867,0.0000,9,0,0
74.6963,3.2135,2.7730,0.1000,0.4981,0.0000,0.0000,3173.0000,2650.1000,0.1000,0.4923,0.0000,0.0000,4129.8773,0.0000,9,0,0
74.6985,3.2318,2.9021,0.1000,0.5007,0.0000,0.0000,3173.0000,2650.1000,0.1000,0.4923,0.0000,0.0000,4129.7806,0.0000,9,0,0
74.7006,3.2500,3.0311,0.1000,0.5033,0.0000,0.0000,3173.0000,2650.1000,0.1000,0.4923,0.0000,0.0000,4129.6839,0.0000,9,0,0
74.7425,0.7500,3.0311,0.1000,0.5528,0.0000,0.0000,2288.5000,3124.4000,0.1000,0.4923,0.0000,0.0000,3869.9798,0.0000,9,0,0
74.7844,-1.7500,3.0311,0.1000,0.6024,0.0000,0.0000,2288.5000,3124.4000,0.1000,0.5081,0.0000,0.0000,3871.4582,0.0000,9,0,0
74.7845,-1.7432,3.0323,0.1000,0.6025,0.0000,0.0000,2288.5000,3124.4000,0.1000,0.5081,0.0000,0.0000,3871.4532,0.0000,9,0,0
74.7846,-1.7363,3.0335,0.1000,0.6027,0.0000,0.0000,-1721.2000,3034.0000,0.1000,0.5081,0.0000,0.0000,3484.7257,0.0000,9,0,0
74.7847,-1.7301,3.0370,0.1000,0.6028,0.0000,0.0000,-1721.2000,3034.0000,0.1000,0.5081,0.0000,0.0000,3484.7257,0.0000,9,0,0
74.7848,-1.7239,3.0406,0.1000,0.6030,0.0000,0.0000,-1721.2000,3034.0000,0.1000,0.5081,0.0000,0.0000,3484.7257,0.0000,9,0,0
74.7850,-1.7189,3.0463,0.1000,0.6031,0.0000,0.0000,-1721.2000,3034.0000,0.1000,0.5081,0.0000,0.0000,3484.7232,0.0000,9,0,0
74.7851,-1.7139,3.0519,0.1000,0.6033,0.0000,0.0000,-1720.6000,3046.0000,0.1000,0.5081,0.0000,0.0000,3494.8680,0.0000,9,0,0
74.7852,-1.7107,3.0594,0.1000,0.6034,0.0000,0.0000,-1720.6000,3046.0000,0.1000,0.5986,0.0000,0.0000,3494.8631,0.0000,9,0,0
74.7854,-1.7074,3.0668,0.1000,0.6036,0.0000,0.0000,-1720.6000,3046.0000,0.1000,0.5986,0.0000,0.0000,3494.8582,0.0000,9,0,0
74.7855,-1.7064,3.0755,0.1000,0.6038,0.0000,0.0000,-1720.6000,3046.0000,0.1000,0.5986,0.0000,0.0000,3494.8511,0.0000,9,0,0
74.7857,-1.7054,3.0843,0.1000,0.6039,0.0000,0.0000,-1704.9000,3084.9000,0.1000,0.5986,0.0000,0.0000,3521.1447,0.0000,9,0,0
74.7858,-1.7068,3.0938,0.1000,0.6041,0.0000,0.0000,-1704.9000,3084.9000,0.1000,0.6037,0.0000,0.0000,3521.1357,0.0000,9,0,0
74.7860,-1.7083,3.1033,0.1000,0.6043,0.0000,0.0000,-1704.9000,3084.9000,0.1000,0.6037,0.0000,0.0000,3521.1267,0.0000,9,0,0
74.7861,-1.7125,3.1129,0.1000,0.6045,0.0000,0.0000,-1704.9000,3084.9000,0.1000,0.6037,0.0000,0.0000,3521.1162,0.0000,9,0,0
74.7863,-1.7167,3.1224,0.1000,0.6047,0.0000,0.0000,-1718.0000,3120.8000,0.1000,0.6037,0.0000,0.0000,3558.8680,0.0000,9,0,0
74.7865,-1.7237,3.1315,0.1000,0.6050,0.0000,0.0000,-1718.0000,3120.8000,0.1000,0.6044,0.0000,0.0000,3558.8567,0.0000,9,0,0
74.7867,-1.7307,3.1405,0.1000,0.6052,0.0000,0.0000,-1718.0000,3120.8000,0.1000,0.6044,0.0000,0.0000,3558.8455,0.0000,9,0,0
74.7869,-1.7404,3.1483,0.1000,0.6054,0.0000,0.0000,-1718.0000,3120.8000,0.1000,0.6044,0.0000,0.0000,3558.8340,0.0000,9,0,0
74.7871,-1.7500,3.1561,0.1000,0.6057,0.0000,0.0000,-1752.1000,3158.0000,0.1000,0.6044,0.0000,0.0000,3607.8754,0.0000,9,0,0
74.7873,-1.7621,3.1620,0.1000,0.6059,0.0000,0.0000,-1752.1000,3158.0000,0.1000,0.6054,0.0000,0.0000,3607.8644,0.0000,9,0,0
74.7876,-1.7741,3.1679,0.1000,0.6062,0.0000,0.0000,-1752.1000,3158.0000,0.1000,0.6054,0.0000,0.0000,3607.8534,0.0000,9,0,0
74.7878,-1.7882,3.1713,0.1000,0.6065,0.0000,0.0000,-1779.5000,3171.0000,0.1000,0.6054,0.0000,0.0000,3632.5471,0.0000,9,0,0
74.7881,-1.8023,3.1747,0.1000,0.6068,0.0000,0.0000,-1779.5000,3171.0000,0.1000,0.6061,0.0000,0.0000,3632.5372,0.0000,9,0,0
74.7883,-1.8178,3.1750,0.1000,0.6071,0.0000,0.0000,-1779.5000,3171.0000,0.1000,0.6061,0.0000,0.0000,3632.5293,0.0000,9,0,0
74.7886,-1.8333,3.1754,0.1000,0.6074,0.0000,0.0000,-1779.5000,3171.0000,0.1000,0.6061,0.0000,0.0000,3632.5213,0.0000,9,0,0
74.7889,-1.8497,3.1724,0.1000,0.6077,0.0000,0.0000,-1779.5000,3171.0000,0.1000,0.6061,0.0000,0.0000,3632.5160,0.0000,9,0,0
74.7891,-1.8661,3.1694,0.1000,0.6081,0.0000,0.0000,-1847.5000,3170.7000,0.1000,0.6061,0.0000,0.0000,3666.0080,0.0000,9,0,0
74.7894,-1.8825,3.1627,0.1000,0.6084,0.0000,0.0000,-1847.5000,3170.7000,0.1000,0.6076,0.0000,0.0000,3666.0055,0.0000,9,0,0
74.7897,-1.8990,3.1561,0.1000,0.6088,0.0000,0.0000,-1847.5000,3170.7000,0.1000,0.6076,0.0000,0.0000,3666.0030,0.0000,9,0,0
74.7900,-1.9147,3.1457,0.1000,0.6091,0.0000,0.0000,-1915.0000,3137.1000,0.1000,0.6076,0.0000,0.0000,3671.7251,0.0000,9,0,0
74.7904,-1.9304,3.1353,0.1000,0.6095,0.0000,0.0000,-1915.0000,3137.1000,0.1000,0.6086,0.0000,0.0000,3671.7258,0.0000,9,0,0
74.7907,-1.9446,3.1212,0.1000,0.6099,0.0000,0.0000,-1915.0000,3137.1000,0.1000,0.6086,0.0000,0.0000,3671.7304,0.0000,9,0,0
74.7910,-1.9588,3.1071,0.1000,0.6103,0.0000,0.0000,-1915.0000,3137.1000,0.1000,0.6086,0.0000,0.0000,3671.7350,0.0000,9,0,0
74.7914,-1.9707,3.0896,0.1000,0.6107,0.0000,0.0000,-1913.4000,3201.0000,0.1000,0.6086,0.0000,0.0000,3725.6131,0.0000,9,0,0
74.7917,-1.9825,3.0721,0.1000,0.6111,0.0000,0.0000,-1913.4000,3201.0000,0.1000,0.6101,0.0000,0.0000,3725.6221,0.0000,9,0,0
74.7921,-1.9913,3.0516,0.1000,0.6116,0.0000,0.0000,-1913.4000,3201.0000,0.1000,0.6101,0.0000,0.0000,3725.6352,0.0000,9,0,0
74.7925,-2.0000,3.0311,0.1000,0.6120,0.0000,0.0000,-1968.4000,3026.1000,0.1000,0.6101,0.0000,0.0000,3606.3381,0.0000,9,0,0
74.7929,-2.0049,3.0082,0.1000,0.6125,0.0000,0.0000,-1968.4000,3026.1000,0.1000,0.6114,0.0000,0.0000,3606.3546,0.0000,9,0,0
74.7933,-2.0099,2.9853,0.1000,0.6130,0.0000,0.0000,-1968.4000,3026.1000,0.1000,0.6114,0.0000,0.0000,3606.3711,0.0000,9,0,0
74.7937,-2.0105,2.9607,0.1000,0.6134,0.0000,0.0000,-1968.4000,3026.1000,0.1000,0.6114,0.0000,0.0000,3606.3914,0.0000,9,0,0
74.7941,-2.0110,2.9361,0.1000,0.6139,0.0000,0.0000,-2010.0000,2959.1000,0.1000,0.6128,0.0000,0.0000,3573.6431,0.0000,9,0,0
74.7945,-2.0068,2.9107,0.1000,0.6144,0.0000,0.0000,-2010.0000,2959.1000,0.1000,0.6128,0.0000,0.0000,3573.6665,0.0000,9,0,0
74.7950,-2.0026,2.8853,0.1000,0.6150,0.0000,0.0000,-2010.0000,2959.1000,0.1000,0.6128,0.0000,0.0000,3573.6899,0.0000,9,0,0
74.7954,-1.9933,2.8600,0.1000,0.6155,0.0000,0.0000,-2010.0000,2959.1000,0.1000,0.6128,0.0000,0.0000,3573.7160,0.0000,9,0,0
74.7959,-1.9841,2.8347,0.1000,0.6160,0.0000,0.0000,-1984.0000,2839.0000,0.1000,0.6128,0.0000,0.0000,3460.0897,0.0000,9,0,0
74.7963,-1.9697,2.8105,0.1000,0.6166,0.0000,0.0000,-1984.0000,2839.0000,0.1000,0.6128,0.0000,0.0000,3460.1177,0.0000,9,0,0
74.7968,-1.9553,2.7864,0.1000,0.6171,0.0000,0.0000,-1984.0000,2839.0000,0.1000,0.6128,0.0000,0.0000,3460.1458,0.0000,9,0,0
74.7973,-1.9360,2.7644,0.1000,0.6177,0.0000,0.0000,-1935.2000,2762.7000,0.1000,0.6128,0.0000,0.0000,3369.6816,0.0000,9,0,0
74.7978,-1.9167,2.7424,0.1000,0.6183,0.0000,0.0000,-1935.2000,2762.7000,0.1000,0.6152,0.0000,0.0000,3369.7107,0.0000,9,0,0
74.7983,-1.8927,2.7236,0.1000,0.6189,0.0000,0.0000,-1935.2000,2762.7000,0.1000,0.6152,0.0000,0.0000,3369.7399,0.0000,9,0,0
74.7988,-1.8688,2.7048,0.1000,0.6195,0.0000,0.0000,-1935.2000,2762.7000,0.1000,0.6152,0.0000,0.0000,3369.7690,0.0000,9,0,0
74.7993,-1.8407,2.6901,0.1000,0.6201,0.0000,0.0000,-1935.2000,2762.7000,0.1000,0.6152,0.0000,0.0000,3369.7971,0.0000,9,0,0
74.7999,-1.8127,2.6755,0.1000,0.6208,0.0000,0.0000,-1848.5000,2690.0000,0.1000,0.6193,0.0000,0.0000,3260.6697,0.0000,9,0,0
74.8004,-1.7814,2.6658,0.1000,0.6214,0.0000,0.0000,-1848.5000,2690.0000,0.1000,0.6193,0.0000,0.0000,3260.6955,0.0000,9,0,0
74.8010,-1.7500,2.6561,0.1000,0.6221,0.0000,0.0000,-1848.5000,2690.0000,0.1000,0.6193,0.0000,0.0000,3260.7212,0.0000,9,0,0
74.8015,-1.7162,2.6521,0.1000,0.6227,0.0000,0.0000,-1642.4000,2655.8000,0.1000,0.6215,0.0000,0.0000,3119.4610,0.0000,9,0,0
74.8021,-1.6825,2.6481,0.1000,0.6234,0.0000,0.0000,-1642.4000,2655.8000,0.1000,0.6215,0.0000,0.0000,3119.4822,0.0000,9,0,0
74.8027,-1.6474,2.6504,0.1000,0.6241,0.0000,0.0000,-1642.4000,2655.8000,0.1000,0.6215,0.0000,0.0000,3119.4987,0.0000,9,0,0
74.8033,-1.6122,2.6526,0.1000,0.6248,0.0000,0.0000,-1639.1000,2652.0000,0.1000,0.6215,0.0000,0.0000,3114.5478,0.0000,9,0,0
74.8039,-1.5770,2.6614,0.1000,0.6255,0.0000,0.0000,-1639.1000,2652.0000,0.1000,0.6239,0.0000,0.0000,3114.5588,0.0000,9,0,0
74.8045,-1.5417,2.6702,0.1000,0.6262,0.0000,0.0000,-1639.1000,2652.0000,0.1000,0.6239,0.0000,0.0000,3114.5699,0.0000,9,0,0
74.8051,-1.5075,2.6858,0.1000,0.6270,0.0000,0.0000,-1639.1000,2652.0000,0.1000,0.6239,0.0000,0.0000,3114.5747,0.0000,9,0,0
74.8058,-1.4732,2.7013,0.1000,0.6277,0.0000,0.0000,-1639.1000,2652.0000,0.1000,0.6239,0.0000,0.0000,3114.5795,0.0000,9,0,0
74.8064,-1.4414,2.7233,0.1000,0.6285,0.0000,0.0000,-1471.7000,2674.9000,0.1000,0.6239,0.0000,0.0000,3049.9489,0.0000,9,0,0
74.8070,-1.4095,2.7454,0.1000,0.6293,0.0000,0.0000,-1471.7000,2674.9000,0.1000,0.6273,0.0000,0.0000,3049.9450,0.0000,9,0,0
74.8077,-1.3813,2.7737,0.1000,0.6301,0.0000,0.0000,-1471.7000,2674.9000,0.1000,0.6273,0.0000,0.0000,3049.9338,0.0000,9,0,0
74.8084,-1.3531,2.8019,0.1000,0.6309,0.0000,0.0000,-1354.0000,2803.0000,0.1000,0.6273,0.0000,0.0000,3109.7850,0.0000,9,0,0
74.8091,-1.3297,2.8358,0.1000,0.6317,0.0000,0.0000,-1354.0000,2803.0000,0.1000,0.6298,0.0000,0.0000,3109.7648,0.0000,9,0,0
74.8098,-1.3063,2.8696,0.1000,0.6325,0.0000,0.0000,-1354.0000,2803.0000,0.1000,0.6298,0.0000,0.0000,3109.7445,0.0000,9,0,0
74.8105,-1.2888,2.9081,0.1000,0.6333,0.0000,0.0000,-1289.0000,2901.1000,0.1000,0.6298,0.0000,0.0000,3171.3903,0.0000,9,0,0
74.8112,-1.2713,2.9467,0.1000,0.6342,0.0000,0.0000,-1289.0000,2901.1000,0.1000,0.6322,0.0000,0.0000,3171.3622,0.0000,9,0,0
74.8119,-1.2606,2.9889,0.1000,0.6350,0.0000,0.0000,-1289.0000,2901.1000,0.1000,0.6322,0.0000,0.0000,3171.3279,0.0000,9,0,0
74.8126,-1.2500,3.0311,0.1000,0.6359,0.0000,0.0000,-1289.0000,2901.1000,0.1000,0.6322,0.0000,0.0000,3171.2937,0.0000,9,0,0
74.8134,-1.2470,3.0757,0.1000,0.6368,0.0000,0.0000,-1247.5000,3046.7000,0.1000,0.6322,0.0000,0.0000,3288.8897,0.0000,9,0,0
74.8141,-1.2439,3.1203,0.1000,0.6377,0.0000,0.0000,-1247.5000,3046.7000,0.1000,0.6355,0.0000,0.0000,3288.8496,0.0000,9,0,0
74.8149,-1.2490,3.1660,0.1000,0.6386,0.0000,0.0000,-1247.5000,3046.7000,0.1000,0.6355,0.0000,0.0000,3288.8054,0.0000,9,0,0
74.8157,-1.2541,3.2116,0.1000,0.6395,0.0000,0.0000,-1247.5000,3046.7000,0.1000,0.6355,0.0000,0.0000,3288.7613,0.0000,9,0,0
74.8165,-1.2675,3.2568,0.1000,0.6404,0.0000,0.0000,-1263.1000,3257.0000,0.1000,0.6355,0.0000,0.0000,3489.8519,0.0000,9,0,0
74.8173,-1.2809,3.3019,0.1000,0.6414,0.0000,0.0000,-1263.1000,3257.0000,0.1000,0.6391,0.0000,0.0000,3489.8050,0.0000,9,0,0
74.8181,-1.3027,3.3451,0.1000,0.6423,0.0000,0.0000,-1263.1000,3257.0000,0.1000,0.6391,0.0000,0.0000,3489.7569,0.0000,9,0,0
74.8189,-1.3244,3.3882,0.1000,0.6433,0.0000,0.0000,-1324.0000,3395.5000,0.1000,0.6391,0.0000,0.0000,3640.8643,0.0000,9,0,0
74.8197,-1.3542,3.4278,0.1000,0.6443,0.0000,0.0000,-1324.0000,3395.5000,0.1000,0.6419,0.0000,0.0000,3640.8167,0.0000,9,0,0
74.8205,-1.3840,3.4673,0.1000,0.6452,0.0000,0.0000,-1324.0000,3395.5000,0.1000,0.6419,0.0000,0.0000,3640.7690,0.0000,9,0,0
74.8214,-1.4212,3.5018,0.1000,0.6462,0.0000,0.0000,-1447.1000,3543.3000,0.1000,0.6419,0.0000,0.0000,3823.6316,0.0000,9,0,0
74.8222,-1.4583,3.5363,0.1000,0.6472,0.0000,0.0000,-1447.1000,3543.3000,0.1000,0.6449,0.0000,0.0000,3823.5856,0.0000,9,0,0
74.8231,-1.5020,3.5643,0.1000,0.6483,0.0000,0.0000,-1447.1000,3543.3000,0.1000,0.6449,0.0000,0.0000,3823.5432,0.0000,9,0,0
74.8240,-1.5457,3.5923,0.1000,0.6493,0.0000,0.0000,-1447.1000,3543.3000,0.1000,0.6449,0.0000,0.0000,3823.5007,0.0000,9,0,0
74.8249,-1.5948,3.6126,0.1000,0.6504,0.0000,0.0000,-1546.0000,3592.0000,0.1000,0.6449,0.0000,0.0000,3906.6241,0.0000,9,0,0
74.8257,-1.6439,3.6329,0.1000,0.6514,0.0000,0.0000,-1546.0000,3592.0000,0.1000,0.6487,0.0000,0.0000,3906.5860,0.0000,9,0,0
74.8267,-1.6969,3.6445,0.1000,0.6525,0.0000,0.0000,-1546.0000,3592.0000,0.1000,0.6487,0.0000,0.0000,3906.5544,0.0000,9,0,0
74.8276,-1.7500,3.6561,0.1000,0.6536,0.0000,0.0000,-1546.0000,3592.0000,0.1000,0.6487,0.0000,0.0000,3906.5228,0.0000,9,0,0
74.8285,-1.8055,3.6582,0.1000,0.6547,0.0000,0.0000,-1546.0000,3592.0000,0.1000,0.6487,0.0000,0.0000,3906.4989,0.0000,9,0,0
74.8294,-1.8609,3.6603,0.1000,0.6558,0.0000,0.0000,-1818.2000,3659.8000,0.1000,0.6487,0.0000,0.0000,4082.4558,0.0000,9,0,0
74.8304,-1.9171,3.6524,0.1000,0.6569,0.0000,0.0000,-1818.2000,3659.8000,0.1000,0.6539,0.0000,0.0000,4082.4379,0.0000,9,0,0
74.8313,-1.9733,3.6445,0.1000,0.6580,0.0000,0.0000,-1818.2000,3659.8000,0.1000,0.6539,0.0000,0.0000,4082.4199,0.0000,9,0,0
74.8323,-2.0283,3.6265,0.1000,0.6592,0.0000,0.0000,-1818.2000,3659.8000,0.1000,0.6539,0.0000,0.0000,4082.4116,0.0000,9,0,0
74.8333,-2.0833,3.6084,0.1000,0.6603,0.0000,0.0000,-2170.0000,3580.5000,0.1000,0.6539,0.0000,0.0000,4182.5848,0.0000,9,0,0
74.8343,-2.1354,3.5804,0.1000,0.6615,0.0000,0.0000,-2170.0000,3580.5000,0.1000,0.6593,0.0000,0.0000,4182.5818,0.0000,9,0,0
74.8352,-2.1875,3.5524,0.1000,0.6627,0.0000,0.0000,-2170.0000,3580.5000,0.1000,0.6593,0.0000,0.0000,4182.5788,0.0000,9,0,0
74.8363,-2.2347,3.5149,0.1000,0.6639,0.0000,0.0000,-2170.0000,3580.5000,0.1000,0.6593,0.0000,0.0000,4182.5863,0.0000,9,0,0
74.8373,-2.2820,3.4775,0.1000,0.6651,0.0000,0.0000,-2254.9000,3476.7000,0.1000,0.6593,0.0000,0.0000,4139.7539,0.0000,9,0,0
74.8383,-2.3227,3.4314,0.1000,0.6663,0.0000,0.0000,-2254.9000,3476.7000,0.1000,0.6633,0.0000,0.0000,4139.7705,0.0000,9,0,0
74.8393,-2.3634,3.3853,0.1000,0.6675,0.0000,0.0000,-2254.9000,3476.7000,0.1000,0.6633,0.0000,0.0000,4139.7870,0.0000,9,0,0
74.8404,-2.3961,3.3317,0.1000,0.6687,0.0000,0.0000,-2254.9000,3476.7000,0.1000,0.6633,0.0000,0.0000,4139.8142,0.0000,9,0,0
74.8414,-2.4287,3.2781,0.1000,0.6700,0.0000,0.0000,-2360.8000,3339.0000,0.1000,0.6633,0.0000,0.0000,4085.2119,0.0000,9,0,0
74.8425,-2.4518,3.2185,0.1000,0.6712,0.0000,0.0000,-2360.8000,3339.0000,0.1000,0.6684,0.0000,0.0000,4085.2472,0.0000,9,0,0
74.8436,-2.4749,3.1589,0.1000,0.6725,0.0000,0.0000,-2360.8000,3339.0000,0.1000,0.6684,0.0000,0.0000,4085.2825,0.0000,9,0,0
74.8447,-2.4875,3.0950,0.1000,0.6738,0.0000,0.0000,-2487.0000,3063.6000,0.1000,0.6684,0.0000,0.0000,3942.0164,0.0000,9,0,0
74.8457,-2.5000,3.0311,0.1000,0.6751,0.0000,0.0000,-2487.0000,3063.6000,0.1000,0.6722,0.0000,0.0000,3942.0581,0.0000,9,0,0
74.8469,-2.5011,2.9648,0.1000,0.6764,0.0000,0.0000,-2487.0000,3063.6000,0.1000,0.6722,0.0000,0.0000,3942.1089,0.0000,9,0,0
74.8480,-2.5023,2.8984,0.1000,0.6777,0.0000,0.0000,-2502.0000,2894.1000,0.1000,0.6722,0.0000,0.0000,3821.8497,0.0000,9,0,0
74.8491,-2.4916,2.8318,0.1000,0.6791,0.0000,0.0000,-2502.0000,2894.1000,0.1000,0.6759,0.0000,0.0000,3821.9072,0.0000,9,0,0
74.8502,-2.4809,2.7651,0.1000,0.6804,0.0000,0.0000,-2502.0000,2894.1000,0.1000,0.6759,0.0000,0.0000,3821.9646,0.0000,9,0,0
74.8514,-2.4582,2.7002,0.1000,0.6818,0.0000,0.0000,-2502.0000,2894.1000,0.1000,0.6759,0.0000,0.0000,3822.0285,0.0000,9,0,0
74.8525,-2.4356,2.6353,0.1000,0.6831,0.0000,0.0000,-2436.0000,2628.3000,0.1000,0.6759,0.0000,0.0000,3579.9932,0.0000,9,0,0
74.8537,-2.4013,2.5743,0.1000,0.6845,0.0000,0.0000,-2436.0000,2628.3000,0.1000,0.6810,0.0000,0.0000,3580.0612,0.0000,9,0,0
74.8549,-2.3671,2.5133,0.1000,0.6859,0.0000,0.0000,-2364.3000,2510.8000,0.1000,0.6810,0.0000,0.0000,3445.3199,0.0000,9,0,0
74.8561,-2.3219,2.4583,0.1000,0.6873,0.0000,0.0000,-2364.3000,2510.8000,0.1000,0.6845,0.0000,0.0000,3445.3909,0.0000,9,0,0
74.8573,-2.2767,2.4034,0.1000,0.6887,0.0000,0.0000,-2364.3000,2510.8000,0.1000,0.6845,0.0000,0.0000,3445.4619,0.0000,9,0,0
74.8585,-2.2217,2.3564,0.1000,0.6902,0.0000,0.0000,-2222.9000,2354.4000,0.1000,0.6845,0.0000,0.0000,3234.7367,0.0000,9,0,0
74.8597,-2.1667,2.3094,0.1000,0.6916,0.0000,0.0000,-2222.9000,2354.4000,0.1000,0.6882,0.0000,0.0000,3234.8086,0.0000,9,0,0
74.8609,-2.1032,2.2722,0.1000,0.6931,0.0000,0.0000,-2222.9000,2354.4000,0.1000,0.6882,0.0000,0.0000,3234.8792,0.0000,9,0,0
74.8621,-2.0398,2.2350,0.1000,0.6945,0.0000,0.0000,-2222.9000,2354.4000,0.1000,0.6882,0.0000,0.0000,3234.9499,0.0000,9,0,0
74.8634,-1.9696,2.2090,0.1000,0.6960,0.0000,0.0000,-1972.7000,2209.0000,0.1000,0.6882,0.0000,0.0000,2958.6660,0.0000,9,0,0
74.8646,-1.8995,2.1831,0.1000,0.6975,0.0000,0.0000,-1972.7000,2209.0000,0.1000,0.6941,0.0000,0.0000,2958.7321,0.0000,9,0,0
74.8659,-1.8248,2.1696,0.1000,0.6990,0.0000,0.0000,-1972.7000,2209.0000,0.1000,0.6941,0.0000,0.0000,2958.7919,0.0000,9,0,0
74.8672,-1.7500,2.1561,0.1000,0.7005,0.0000,0.0000,-1972.7000,2209.0000,0.1000,0.6941,0.0000,0.0000,2958.8518,0.0000,9,0,0
74.8685,-1.6728,2.1559,0.1000,0.7020,0.0000,0.0000,-1750.0000,2156.0000,0.1000,0.6941,0.0000,0.0000,2774.1111,0.0000,9,0,0
74.8698,-1.5956,2.1557,0.1000,0.7036,0.0000,0.0000,-1750.0000,2156.0000,0.1000,0.6999,0.0000,0.0000,2774.1599,0.0000,9,0,0
74.8711,-1.5184,2.1692,0.1000,0.7051,0.0000,0.0000,-1750.0000,2156.0000,0.1000,0.6999,0.0000,0.0000,2774.1980,0.0000,9,0,0
74.8724,-1.4412,2.1828,0.1000,0.7067,0.0000,0.0000,-1750.0000,2156.0000,0.1000,0.6999,0.0000,0.0000,2774.2362,0.0000,9,0,0
74.8737,-1.3664,2.2100,0.1000,0.7082,0.0000,0.0000,-1447.0000,2183.0000,0.1000,0.6999,0.0000,0.0000,2616.4291,0.0000,9,0,0
74.8751,-1.2917,2.2372,0.1000,0.7098,0.0000,0.0000,-1447.0000,2183.0000,0.1000,0.7059,0.0000,0.0000,2616.4478,0.0000,9,0,0
74.8764,-1.2218,2.2777,0.1000,0.7114,0.0000,0.0000,-1447.0000,2183.0000,0.1000,0.7059,0.0000,0.0000,2616.4526,0.0000,9,0,0
74.8778,-1.1519,2.3182,0.1000,0.7130,0.0000,0.0000,-1066.8000,2329.4000,0.1000,0.7059,0.0000,0.0000,2559.4756,0.0000,9,0,0
74.8791,-1.0892,2.3711,0.1000,0.7146,0.0000,0.0000,-1066.8000,2329.4000,0.1000,0.7110,0.0000,0.0000,2559.4536,0.0000,9,0,0
74.8805,-1.0265,2.4240,0.1000,0.7163,0.0000,0.0000,-1066.8000,2329.4000,0.1000,0.7110,0.0000,0.0000,2559.4317,0.0000,9,0,0
74.8819,-0.9733,2.4880,0.1000,0.7179,0.0000,0.0000,-973.3000,2479.7000,0.1000,0.7110,0.0000,0.0000,2661.2025,0.0000,9,0,0
74.8833,-0.9201,2.5519,0.1000,0.7196,0.0000,0.0000,-973.3000,2479.7000,0.1000,0.7156,0.0000,0.0000,2661.1624,0.0000,9,0,0
74.8847,-0.8782,2.6252,0.1000,0.7212,0.0000,0.0000,-973.3000,2479.7000,0.1000,0.7156,0.0000,0.0000,2661.1094,0.0000,9,0,0
74.8861,-0.8364,2.6986,0.1000,0.7229,0.0000,0.0000,-836.1000,2703.9000,0.1000,0.7156,0.0000,0.0000,2827.3936,0.0000,9,0,0
74.8876,-0.8076,2.7792,0.1000,0.7246,0.0000,0.0000,-836.1000,2703.9000,0.1000,0.7207,0.0000,0.0000,2827.3250,0.0000,9,0,0
74.8890,-0.7789,2.8599,0.1000,0.7263,0.0000,0.0000,-836.1000,2703.9000,0.1000,0.7207,0.0000,0.0000,2827.2565,0.0000,9,0,0
74.8905,-0.7644,2.9455,0.1000,0.7280,0.0000,0.0000,-764.3000,2873.1000,0.1000,0.7207,0.0000,0.0000,2969.9787,0.0000,9,0,0
74.8919,-0.7500,3.0311,0.1000,0.7298,0.0000,0.0000,-764.3000,2873.1000,0.1000,0.7259,0.0000,0.0000,2969.8997,0.0000,9,0,0
74.8934,-0.7508,3.1191,0.1000,0.7315,0.0000,0.0000,-764.3000,2873.1000,0.1000,0.7259,0.0000,0.0000,2969.8144,0.0000,9,0,0
74.8949,-0.7515,3.2071,0.1000,0.7333,0.0000,0.0000,-764.3000,2873.1000,0.1000,0.7259,0.0000,0.0000,2969.7292,0.0000,9,0,0
74.8964,-0.7679,3.2949,0.1000,0.7350,0.0000,0.0000,-752.0000,3207.0000,0.1000,0.7259,0.0000,0.0000,3290.6042,0.0000,9,0,0
74.8978,-0.7842,3.3826,0.1000,0.7368,0.0000,0.0000,-752.0000,3207.0000,0.1000,0.7334,0.0000,0.0000,3290.5151,0.0000,9,0,0
74.8994,-0.8160,3.4673,0.1000,0.7386,0.0000,0.0000,-752.0000,3207.0000,0.1000,0.7334,0.0000,0.0000,3290.4254,0.0000,9,0,0
74.9009,-0.8479,3.5519,0.1000,0.7404,0.0000,0.0000,-752.0000,3207.0000,0.1000,0.7334,0.0000,0.0000,3290.3357,0.0000,9,0,0
74.9024,-0.8946,3.6308,0.1000,0.7422,0.0000,0.0000,-892.9000,3594.7000,0.1000,0.7334,0.0000,0.0000,3700.1962,0.0000,9,0,0
74.9039,-0.9414,3.7096,0.1000,0.7440,0.0000,0.0000,-892.9000,3594.7000,0.1000,0.7398,0.0000,0.0000,3700.1084,0.0000,9,0,0
74.9055,-1.0020,3.7800,0.1000,0.7459,0.0000,0.0000,-892.9000,3594.7000,0.1000,0.7398,0.0000,0.0000,3700.0255,0.0000,9,0,0
74.9071,-1.0626,3.8503,0.1000,0.7477,0.0000,0.0000,-892.9000,3594.7000,0.1000,0.7398,0.0000,0.0000,3699.9426,0.0000,9,0,0
74.9086,-1.1355,3.9098,0.1000,0.7496,0.0000,0.0000,-1218.2000,3955.2000,0.1000,0.7398,0.0000,0.0000,4134.4819,0.0000,9,0,0
74.9102,-1.2083,3.9693,0.1000,0.7514,0.0000,0.0000,-1218.2000,3955.2000,0.1000,0.7471,0.0000,0.0000,4134.4036,0.0000,9,0,0
74.9118,-1.2915,4.0157,0.1000,0.7533,0.0000,0.0000,-1218.2000,3955.2000,0.1000,0.7471,0.0000,0.0000,4134.3347,0.0000,9,0,0
74.9134,-1.3747,4.0621,0.1000,0.7552,0.0000,0.0000,-1218.2000,3955.2000,0.1000,0.7471,0.0000,0.0000,4134.2659,0.0000,9,0,0
74.9150,-1.4659,4.0937,0.1000,0.7571,0.0000,0.0000,-1363.3000,4061.4000,0.1000,0.7530,0.0000,0.0000,4279.7577,0.0000,9,0,0
74.9166,-1.5571,4.1253,0.1000,0.7590,0.0000,0.0000,-1363.3000,4061.4000,0.1000,0.7530,0.0000,0.0000,4279.6988,0.0000,9,0,0
74.9183,-1.6535,4.1407,0.1000,0.7610,0.0000,0.0000,-1363.3000,4061.4000,0.1000,0.7530,0.0000,0.0000,4279.6535,0.0000,9,0,0
74.9199,-1.7500,4.1561,0.1000,0.7629,0.0000,0.0000,-1763.5000,4156.0000,0.1000,0.7530,0.0000,0.0000,4510.1631,0.0000,9,0,0
74.9216,-1.8489,4.1544,0.1000,0.7649,0.0000,0.0000,-1763.5000,4156.0000,0.1000,0.7530,0.0000,0.0000,4510.1260,0.0000,9,0,0
74.9232,-1.9478,4.1527,0.1000,0.7668,0.0000,0.0000,-1763.5000,4156.0000,0.1000,0.7530,0.0000,0.0000,4510.0890,0.0000,9,0,0
74.9249,-2.0460,4.1335,0.1000,0.7688,0.0000,0.0000,-1763.5000,4156.0000,0.1000,0.7530,0.0000,0.0000,4510.0682,0.0000,9,0,0
74.9266,-2.1443,4.1143,0.1000,0.7708,0.0000,0.0000,-2076.5000,4118.8000,0.1000,0.7530,0.0000,0.0000,4607.9919,0.0000,9,0,0
74.9283,-2.2388,4.0779,0.1000,0.7728,0.0000,0.0000,-2076.5000,4118.8000,0.1000,0.7610,0.0000,0.0000,4607.9819,0.0000,9,0,0
74.9300,-2.3333,4.0415,0.1000,0.7748,0.0000,0.0000,-2076.5000,4118.8000,0.1000,0.7610,0.0000,0.0000,4607.9719,0.0000,9,0,0
74.9317,-2.4211,3.9884,0.1000,0.7768,0.0000,0.0000,-2076.5000,4118.8000,0.1000,0.7610,0.0000,0.0000,4607.9798,0.0000,9,0,0
74.9334,-2.5088,3.9354,0.1000,0.7789,0.0000,0.0000,-2488.9000,3929.0000,0.1000,0.7610,0.0000,0.0000,4646.3182,0.0000,9,0,0
74.9351,-2.5869,3.8672,0.1000,0.7809,0.0000,0.0000,-2488.9000,3929.0000,0.1000,0.7760,0.0000,0.0000,4646.3341,0.0000,9,0,0
74.9369,-2.6650,3.7989,0.1000,0.7830,0.0000,0.0000,-2488.9000,3929.0000,0.1000,0.7760,0.0000,0.0000,4646.3500,0.0000,9,0,0
74.9386,-2.7307,3.7171,0.1000,0.7851,0.0000,0.0000,-2775.9000,3627.8000,0.1000,0.7760,0.0000,0.0000,4563.3809,0.0000,9,0,0
74.9404,-2.7964,3.6353,0.1000,0.7872,0.0000,0.0000,-2775.9000,3627.8000,0.1000,0.7822,0.0000,0.0000,4563.4059,0.0000,9,0,0
74.9422,-2.8475,3.5422,0.1000,0.7893,0.0000,0.0000,-2775.9000,3627.8000,0.1000,0.7822,0.0000,0.0000,4563.4488,0.0000,9,0,0
74.9439,-2.8985,3.4491,0.1000,0.7914,0.0000,0.0000,-2775.9000,3627.8000,0.1000,0.7822,0.0000,0.0000,4563.4917,0.0000,9,0,0
74.9457,-2.9329,3.3474,0.1000,0.7935,0.0000,0.0000,-2775.9000,3627.8000,0.1000,0.7822,0.0000,0.0000,4563.5516,0.0000,9,0,0
74.9475,-2.9673,3.2457,0.1000,0.7956,0.0000,0.0000,-2933.0000,3350.9000,0.1000,0.7907,0.0000,0.0000,4448.8066,0.0000,9,0,0
74.9493,-2.9837,3.1384,0.1000,0.7978,0.0000,0.0000,-2933.0000,3350.9000,0.1000,0.7907,0.0000,0.0000,4448.8766,0.0000,9,0,0
74.9512,-3.0000,3.0311,0.1000,0.7999,0.0000,0.0000,-2933.0000,3350.9000,0.1000,0.7907,0.0000,0.0000,4448.9466,0.0000,9,0,0
74.9530,-2.9973,2.9214,0.1000,0.8021,0.0000,0.0000,-2999.9000,3028.1000,0.1000,0.7907,0.0000,0.0000,4258.3015,0.0000,9,0,0
74.9548,-2.9947,2.8116,0.1000,0.8043,0.0000,0.0000,-2999.9000,3028.1000,0.1000,0.7994,0.0000,0.0000,4258.3813,0.0000,9,0,0
74.9567,-2.9727,2.7028,0.1000,0.8065,0.0000,0.0000,-2999.9000,3028.1000,0.1000,0.7994,0.0000,0.0000,4258.4740,0.0000,9,0,0
74.9586,-2.9507,2.5941,0.1000,0.8087,0.0000,0.0000,-2999.9000,3028.1000,0.1000,0.7994,0.0000,0.0000,4258.5668,0.0000,9,0,0
74.9604,-2.9097,2.4897,0.1000,0.8109,0.0000,0.0000,-2949.6000,2481.4000,0.1000,0.8056,0.0000,0.0000,3850.7117,0.0000,9,0,0
74.9623,-2.8686,2.3853,0.1000,0.8131,0.0000,0.0000,-2949.6000,2481.4000,0.1000,0.8056,0.0000,0.0000,3850.8103,0.0000,9,0,0
74.9642,-2.8094,2.2886,0.1000,0.8154,0.0000,0.0000,-2949.6000,2481.4000,0.1000,0.8056,0.0000,0.0000,3850.9179,0.0000,9,0,0
74.9661,-2.7501,2.1919,0.1000,0.8176,0.0000,0.0000,-2822.7000,2286.1000,0.1000,0.8123,0.0000,0.0000,3628.8226,0.0000,9,0,0
74.9680,-2.6741,2.1061,0.1000,0.8199,0.0000,0.0000,-2822.7000,2286.1000,0.1000,0.8123,0.0000,0.0000,3628.9357,0.0000,9,0,0
74.9700,-2.5981,2.0203,0.1000,0.8222,0.0000,0.0000,-2822.7000,2286.1000,0.1000,0.8123,0.0000,0.0000,3629.0487,0.0000,9,0,0
74.9719,-2.5074,1.9484,0.1000,0.8245,0.0000,0.0000,-2597.8000,2013.6000,0.1000,0.8190,0.0000,0.0000,3283.6391,0.0000,9,0,0
74.9738,-2.4167,1.8764,0.1000,0.8268,0.0000,0.0000,-2597.8000,2013.6000,0.1000,0.8190,0.0000,0.0000,3283.7549,0.0000,9,0,0
74.9758,-2.3137,1.8208,0.1000,0.8291,0.0000,0.0000,-2370.4000,1886.9000,0.1000,0.8190,0.0000,0.0000,3026.7733,0.0000,9,0,0
74.9777,-2.2108,1.7651,0.1000,0.8314,0.0000,0.0000,-2370.4000,1886.9000,0.1000,0.8262,0.0000,0.0000,3026.8885,0.0000,9,0,0
74.9797,-2.0986,1.7279,0.1000,0.8338,0.0000,0.0000,-2370.4000,1886.9000,0.1000,0.8262,0.0000,0.0000,3026.9994,0.0000,9,0,0
74.9817,-1.9864,1.6907,0.1000,0.8361,0.0000,0.0000,-2370.4000,1886.9000,0.1000,0.8262,0.0000,0.0000,3027.1104,0.0000,9,0,0
74.9837,-1.8682,1.6734,0.1000,0.8385,0.0000,0.0000,-1975.9000,1684.4000,0.1000,0.8262,0.0000,0.0000,2593.9103,0.0000,9,0,0
74.9857,-1.7500,1.6561,0.1000,0.8408,0.0000,0.0000,-1975.9000,1684.4000,0.1000,0.8349,0.0000,0.0000,2594.0114,0.0000,9,0,0
74.9877,-1.6294,1.6597,0.1000,0.8432,0.0000,0.0000,-1975.9000,1684.4000,0.1000,0.8349,0.0000,0.0000,2594.1009,0.0000,9,0,0
74.9897,-1.5088,1.6633,0.1000,0.8456,0.0000,0.0000,-1495.4000,1663.0000,0.1000,0.8349,0.0000,0.0000,2234.2226,0.0000,9,0,0
74.9918,-1.3895,1.6881,0.1000,0.8480,0.0000,0.0000,-1495.4000,1663.0000,0.1000,0.8425,0.0000,0.0000,2234.2839,0.0000,9,0,0
74.9938,-1.2702,1.7129,0.1000,0.8504,0.0000,0.0000,-1495.4000,1663.0000,0.1000,0.8425,0.0000,0.0000,2234.3452,0.0000,9,0,0
74.9959,-1.1559,1.7586,0.1000,0.8529,0.0000,0.0000,-1129.1000,1750.5000,0.1000,0.8425,0.0000,0.0000,2080.9504,0.0000,9,0,0
74.9980,-1.0417,1.8042,0.1000,0.8553,0.0000,0.0000,-1129.1000,1750.5000,0.1000,0.8506,0.0000,0.0000,2080.9739,0.0000,9,0,0
75.0000,-0.9361,1.8697,0.1000,0.8578,0.0000,0.0000,-1129.1000,1750.5000,0.1000,0.8506,0.0000,0.0000,2080.9761,0.0000,9,0,0
75.0021,-0.8305,1.9352,0.1000,0.8603,0.0000,0.0000,-833.2000,1935.0000,0.1000,0.8506,0.0000,0.0000,2104.6564,0.0000,9,0,0
75.0042,-0.7370,2.0189,0.1000,0.8627,0.0000,0.0000,-833.2000,1935.0000,0.1000,0.8570,0.0000,0.0000,2104.6165,0.0000,9,0,0
75.0063,-0.6435,2.1026,0.1000,0.8652,0.0000,0.0000,-833.2000,1935.0000,0.1000,0.8570,0.0000,0.0000,2104.5766,0.0000,9,0,0
75.0084,-0.5653,2.2023,0.1000,0.8677,0.0000,0.0000,-566.8000,2200.4000,0.1000,0.8570,0.0000,0.0000,2269.9549,0.0000,9,0,0
75.0106,-0.4870,2.3019,0.1000,0.8703,0.0000,0.0000,-566.8000,2200.4000,0.1000,0.8642,0.0000,0.0000,2269.8779,0.0000,9,0,0
75.0127,-0.4268,2.4147,0.1000,0.8728,0.0000,0.0000,-566.8000,2200.4000,0.1000,0.8642,0.0000,0.0000,2269.7836,0.0000,9,0,0
75.0148,-0.3666,2.5276,0.1000,0.8753,0.0000,0.0000,-566.8000,2200.4000,0.1000,0.8642,0.0000,0.0000,2269.6894,0.0000,9,0,0
75.0170,-0.3265,2.6503,0.1000,0.8779,0.0000,0.0000,-367.0000,2515.5000,0.1000,0.8642,0.0000,0.0000,2539.4612,0.0000,9,0,0
75.0192,-0.2865,2.7730,0.1000,0.8804,0.0000,0.0000,-367.0000,2515.5000,0.1000,0.8747,0.0000,0.0000,2539.3455,0.0000,9,0,0
75.0213,-0.2682,2.9021,0.1000,0.8830,0.0000,0.0000,-367.0000,2515.5000,0.1000,0.8747,0.0000,0.0000,2539.2205,0.0000,9,0,0
75.0235,-0.2500,3.0311,0.1000,0.8856,0.0000,0.0000,-367.0000,2515.5000,0.1000,0.8747,0.0000,0.0000,2539.0954,0.0000,9,0,0
75.0607,-1.8750,1.5155,0.1000,0.9297,0.0000,0.0000,-250.1000,2999.3000,0.1000,0.8823,0.0000,0.0000,3008.0438,0.0000,9,0,0
75.0979,-3.5000,0.0000,0.1000,0.9737,0.0000,0.0000,-250.1000,2999.3000,0.1000,0.8823,0.0000,0.0000,3009.4206,0.0000,9,0,0
75.0981,-3.4932,0.0012,0.1000,0.9739,0.0000,0.0000,-250.1000,2999.3000,0.1000,0.8823,0.0000,0.0000,3009.4199,0.0000,9,0,0
75.0982,-3.4863,0.0024,0.1000,0.9740,0.0000,0.0000,-3657.7000,-138.1000,0.1000,0.8823,0.0000,0.0000,3656.8224,0.0000,9,0,0
75.0983,-3.4801,0.0060,0.1000,0.9742,0.0000,0.0000,-3657.7000,-138.1000,0.1000,0.9695,0.0000,0.0000,3656.8287,0.0000,9,0,0
75.0984,-3.4739,0.0095,0.1000,0.9743,0.0000,0.0000,-3657.7000,-138.1000,0.1000,0.9695,0.0000,0.0000,3656.8351,0.0000,9,0,0
75.0985,-3.4689,0.0152,0.1000,0.9744,0.0000,0.0000,-3657.7000,-138.1000,0.1000,0.9695,0.0000,0.0000,3656.8403,0.0000,9,0,0
75.0987,-3.4639,0.0208,0.1000,0.9746,0.0000,0.0000,-3438.9000,26.3000,0.1000,0.9695,0.0000,0.0000,3435.5366,0.0000,9,0,0
75.0988,-3.4607,0.0283,0.1000,0.9748,0.0000,0.0000,-3438.9000,26.3000,0.1000,0.9743,0.0000,0.0000,3435.5398,0.0000,9,0,0
75.0989,-3.4574,0.0357,0.1000,0.9749,0.0000,0.0000,-3438.9000,26.3000,0.1000,0.9743,0.0000,0.0000,3435.5430,0.0000,9,0,0
75.0991,-3.4564,0.0445,0.1000,0.9751,0.0000,0.0000,-3438.9000,26.3000,0.1000,0.9743,0.0000,0.0000,3435.5439,0.0000,9,0,0
75.0992,-3.4554,0.0532,0.1000,0.9753,0.0000,0.0000,-3461.2000,43.7000,0.1000,0.9743,0.0000,0.0000,3458.0201,0.0000,9,0,0
75.0994,-3.4568,0.0627,0.1000,0.9755,0.0000,0.0000,-3461.2000,43.7000,0.1000,0.9750,0.0000,0.0000,3458.0185,0.0000,9,0,0
75.0996,-3.4583,0.0722,0.1000,0.9756,0.0000,0.0000,-3461.2000,43.7000,0.1000,0.9750,0.0000,0.0000,3458.0169,0.0000,9,0,0
75.0997,-3.4625,0.0818,0.1000,0.9759,0.0000,0.0000,-3463.0000,81.3000,0.1000,0.9750,0.0000,0.0000,3460.4907,0.0000,9,0,0
75.0999,-3.4667,0.0914,0.1000,0.9761,0.0000,0.0000,-3463.0000,81.3000,0.1000,0.9750,0.0000,0.0000,3460.4863,0.0000,9,0,0
75.1001,-3.4737,0.1004,0.1000,0.9763,0.0000,0.0000,-3463.0000,81.3000,0.1000,0.9750,0.0000,0.0000,3460.4791,0.0000,9,0,0
75.1003,-3.4807,0.1094,0.1000,0.9765,0.0000,0.0000,-3461.4000,91.5000,0.1000,0.9750,0.0000,0.0000,3459.1268,0.0000,9,0,0
75.1005,-3.4904,0.1172,0.1000,0.9768,0.0000,0.0000,-3461.4000,91.5000,0.1000,0.9757,0.0000,0.0000,3459.1169,0.0000,9,0,0
75.1007,-3.5000,0.1250,0.1000,0.9770,0.0000,0.0000,-3461.4000,91.5000,0.1000,0.9757,0.0000,0.0000,3459.1071,0.0000,9,0,0
75.1009,-3.5121,0.1309,0.1000,0.9773,0.0000,0.0000,-3504.8000,131.0000,0.1000,0.9757,0.0000,0.0000,3503.7329,0.0000,9,0,0
75.1012,-3.5241,0.1368,0.1000,0.9775,0.0000,0.0000,-3504.8000,131.0000,0.1000,0.9769,0.0000,0.0000,3503.7206,0.0000,9,0,0
75.1014,-3.5382,0.1402,0.1000,0.9778,0.0000,0.0000,-3504.8000,131.0000,0.1000,0.9769,0.0000,0.0000,3503.7064,0.0000,9,0,0
75.1016,-3.5523,0.1436,0.1000,0.9781,0.0000,0.0000,-3551.2000,141.7000,0.1000,0.9769,0.0000,0.0000,3550.4708,0.0000,9,0,0
75.1019,-3.5678,0.1440,0.1000,0.9784,0.0000,0.0000,-3551.2000,141.7000,0.1000,0.9777,0.0000,0.0000,3550.4552,0.0000,9,0,0
75.1022,-3.5833,0.1443,0.1000,0.9787,0.0000,0.0000,-3551.2000,141.7000,0.1000,0.9777,0.0000,0.0000,3550.4397,0.0000,9,0,0
75.1024,-3.5997,0.1413,0.1000,0.9791,0.0000,0.0000,-3551.2000,141.7000,0.1000,0.9777,0.0000,0.0000,3550.4235,0.0000,9,0,0
75.1027,-3.6161,0.1383,0.1000,0.9794,0.0000,0.0000,-3793.9000,137.9000,0.1000,0.9777,0.0000,0.0000,3792.7867,0.0000,9,0,0
75.1030,-3.6325,0.1317,0.1000,0.9797,0.0000,0.0000,-3793.9000,137.9000,0.1000,0.9789,0.0000,0.0000,3792.7705,0.0000,9,0,0
75.1033,-3.6490,0.1250,0.1000,0.9801,0.0000,0.0000,-3793.9000,137.9000,0.1000,0.9789,0.0000,0.0000,3792.7543,0.0000,9,0,0
75.1036,-3.6647,0.1146,0.1000,0.9805,0.0000,0.0000,-3793.9000,137.9000,0.1000,0.9789,0.0000,0.0000,3792.7389,0.0000,9,0,0
75.1039,-3.6804,0.1042,0.1000,0.9808,0.0000,0.0000,-3395.9000,113.5000,0.1000,0.9800,0.0000,0.0000,3394.1144,0.0000,9,0,0
75.1043,-3.6946,0.0901,0.1000,0.9812,0.0000,0.0000,-3395.9000,113.5000,0.1000,0.9800,0.0000,0.0000,3394.1006,0.0000,9,0,0
75.1046,-3.7088,0.0760,0.1000,0.9816,0.0000,0.0000,-3395.9000,113.5000,0.1000,0.9800,0.0000,0.0000,3394.0869,0.0000,9,0,0
75.1050,-3.7207,0.0585,0.1000,0.9821,0.0000,0.0000,-3395.9000,113.5000,0.1000,0.9800,0.0000,0.0000,3394.0757,0.0000,9,0,0
75.1053,-3.7325,0.0410,0.1000,0.9825,0.0000,0.0000,-3721.2000,60.4000,0.1000,0.9800,0.0000,0.0000,3717.9575,0.0000,9,0,0
75.1057,-3.7413,0.0205,0.1000,0.9829,0.0000,0.0000,-3721.2000,60.4000,0.1000,0.9815,0.0000,0.0000,3717.9491,0.0000,9,0,0
75.1061,-3.7500,0.0000,0.1000,0.9834,0.0000,0.0000,-3721.2000,60.4000,0.1000,0.9815,0.0000,0.0000,3717.9406,0.0000,9,0,0
75.1065,-3.7549,-0.0229,0.1000,0.9838,0.0000,0.0000,-3721.2000,60.4000,0.1000,0.9815,0.0000,0.0000,3717.9361,0.0000,9,0,0
75.1069,-3.7599,-0.0458,0.1000,0.9843,0.0000,0.0000,-3755.0000,-28.2000,0.1000,0.9815,0.0000,0.0000,3751.3458,0.0000,9,0,0
75.1073,-3.7605,-0.0704,0.1000,0.9848,0.0000,0.0000,-3755.0000,-28.2000,0.1000,0.9836,0.0000,0.0000,3751.3450,0.0000,9,0,0
75.1077,-3.7610,-0.0950,0.1000,0.9853,0.0000,0.0000,-3755.0000,-28.2000,0.1000,0.9836,0.0000,0.0000,3751.3443,0.0000,9,0,0
75.1081,-3.7568,-0.1204,0.1000,0.9858,0.0000,0.0000,-3755.0000,-28.2000,0.1000,0.9836,0.0000,0.0000,3751.3483,0.0000,9,0,0
75.1085,-3.7526,-0.1458,0.1000,0.9863,0.0000,0.0000,-3757.0000,-120.0000,0.1000,0.9836,0.0000,0.0000,3755.1606,0.0000,9,0,0
75.1090,-3.7433,-0.1711,0.1000,0.9868,0.0000,0.0000,-3757.0000,-120.0000,0.1000,0.9853,0.0000,0.0000,3755.1690,0.0000,9,0,0
75.1094,-3.7341,-0.1964,0.1000,0.9874,0.0000,0.0000,-3757.0000,-120.0000,0.1000,0.9853,0.0000,0.0000,3755.1775,0.0000,9,0,0
75.1099,-3.7197,-0.2206,0.1000,0.9879,0.0000,0.0000,-3757.0000,-120.0000,0.1000,0.9853,0.0000,0.0000,3755.1911,0.0000,9,0,0
75.1104,-3.7053,-0.2447,0.1000,0.9885,0.0000,0.0000,-3722.6000,-141.8000,0.1000,0.9853,0.0000,0.0000,3721.5878,0.0000,9,0,0
75.1109,-3.6860,-0.2667,0.1000,0.9890,0.0000,0.0000,-3722.6000,-141.8000,0.1000,0.9878,0.0000,0.0000,3721.6062,0.0000,9,0,0
75.1114,-3.6667,-0.2887,0.1000,0.9896,0.0000,0.0000,-3722.6000,-141.8000,0.1000,0.9878,0.0000,0.0000,3721.6247,0.0000,9,0,0
75.1119,-3.6427,-0.3075,0.1000,0.9902,0.0000,0.0000,-3722.6000,-141.8000,0.1000,0.9878,0.0000,0.0000,3721.6479,0.0000,9,0,0
75.1124,-3.6188,-0.3263,0.1000,0.9908,0.0000,0.0000,-3640.8000,-309.9000,0.1000,0.9878,0.0000,0.0000,3650.3319,0.0000,9,0,0
75.1129,-3.5907,-0.3410,0.1000,0.9915,0.0000,0.0000,-3640.8000,-309.9000,0.1000,0.9900,0.0000,0.0000,3650.3586,0.0000,9,0,0
75.1134,-3.5627,-0.3556,0.1000,0.9921,0.0000,0.0000,-3640.8000,-309.9000,0.1000,0.9900,0.0000,0.0000,3650.3853,0.0000,9,0,0
75.1140,-3.5314,-0.3653,0.1000,0.9927,0.0000,0.0000,-3531.9000,-362.6000,0.1000,0.9900,0.0000,0.0000,3546.9140,0.0000,9,0,0
75.1145,-3.5000,-0.3750,0.1000,0.9934,0.0000,0.0000,-3531.9000,-362.6000,0.1000,0.9918,0.0000,0.0000,3546.9442,0.0000,9,0,0
75.1151,-3.4662,-0.3790,0.1000,0.9941,0.0000,0.0000,-3531.9000,-362.6000,0.1000,0.9918,0.0000,0.0000,3546.9774,0.0000,9,0,0
75.1157,-3.4325,-0.3830,0.1000,0.9947,0.0000,0.0000,-3531.9000,-362.6000,0.1000,0.9918,0.0000,0.0000,3547.0106,0.0000,9,0,0
75.1163,-3.3974,-0.3807,0.1000,0.9954,0.0000,0.0000,-3430.2000,-383.0000,0.1000,0.9940,0.0000,0.0000,3448.0971,0.0000,9,0,0
75.1169,-3.3622,-0.3785,0.1000,0.9961,0.0000,0.0000,-3430.2000,-383.0000,0.1000,0.9940,0.0000,0.0000,3448.1323,0.0000,9,0,0
75.1175,-3.3270,-0.3697,0.1000,0.9969,0.0000,0.0000,-3355.2000,-358.3000,0.1000,0.9940,0.0000,0.0000,3370.9297,0.0000,9,0,0
75.1181,-3.2917,-0.3608,0.1000,0.9976,0.0000,0.0000,-3355.2000,-358.3000,0.1000,0.9958,0.0000,0.0000,3370.9657,0.0000,9,0,0
75.1187,-3.2575,-0.3453,0.1000,0.9983,0.0000,0.0000,-3355.2000,-358.3000,0.1000,0.9958,0.0000,0.0000,3371.0014,0.0000,9,0,0
75.1193,-3.2232,-0.3298,0.1000,0.9991,0.0000,0.0000,-3355.2000,-358.3000,0.1000,0.9958,0.0000,0.0000,3371.0371,0.0000,9,0,0
75.1200,-3.1914,-0.3078,0.1000,0.9998,0.0000,0.0000,-3185.2000,-309.5000,0.1000,0.9958,0.0000,0.0000,3196.9953,0.0000,9,0,0
75.1206,-3.1595,-0.2857,0.1000,1.0006,0.0000,0.0000,-3185.2000,-309.5000,0.1000,0.9982,0.0000,0.0000,3197.0291,0.0000,9,0,0
75.1213,-3.1313,-0.2574,0.1000,1.0014,0.0000,0.0000,-3185.2000,-309.5000,0.1000,0.9982,0.0000,0.0000,3197.0599,0.0000,9,0,0
75.1220,-3.1031,-0.2292,0.1000,1.0022,0.0000,0.0000,-3035.3000,-228.3000,0.1000,0.9982,0.0000,0.0000,3040.7622,0.0000,9,0,0
75.1227,-3.0797,-0.1953,0.1000,1.0030,0.0000,0.0000,-3035.3000,-228.3000,0.1000,1.0011,0.0000,0.0000,3040.7880,0.0000,9,0,0
75.1234,-3.0563,-0.1615,0.1000,1.0038,0.0000,0.0000,-3035.3000,-228.3000,0.1000,1.0011,0.0000,0.0000,3040.8139,0.0000,9,0,0
75.1241,-3.0388,-0.1230,0.1000,1.0047,0.0000,0.0000,-3042.5000,-145.7000,0.1000,1.0011,0.0000,0.0000,3042.9455,0.0000,9,0,0
75.1248,-3.0213,-0.0844,0.1000,1.0055,0.0000,0.0000,-3042.5000,-145.7000,0.1000,1.0036,0.0000,0.0000,3042.9648,0.0000,9,0,0
75.1255,-3.0106,-0.0422,0.1000,1.0064,0.0000,0.0000,-3042.5000,-145.7000,0.1000,1.0036,0.0000,0.0000,3042.9775,0.0000,9,0,0
75.1262,-3.0000,0.0000,0.1000,1.0072,0.0000,0.0000,-3042.5000,-145.7000,0.1000,1.0036,0.0000,0.0000,3042.9901,0.0000,9,0,0
75.1270,-2.9970,0.0446,0.1000,1.0081,0.0000,0.0000,-3000.0000,0.0000,0.1000,1.0061,0.0000,0.0000,2997.0030,0.0000,9,0,0
75.1277,-2.9939,0.0892,0.1000,1.0090,0.0000,0.0000,-3000.0000,0.0000,0.1000,1.0061,0.0000,0.0000,2997.0061,0.0000,9,0,0
75.1285,-2.9990,0.1349,0.1000,1.0099,0.0000,0.0000,-3000.0000,0.0000,0.1000,1.0061,0.0000,0.0000,2997.0010,0.0000,9,0,0
75.1293,-3.0041,0.1805,0.1000,1.0108,0.0000,0.0000,-3004.0000,188.4000,0.1000,1.0061,0.0000,0.0000,3006.8926,0.0000,9,0,0
75.1301,-3.0175,0.2257,0.1000,1.0118,0.0000,0.0000,-3004.0000,188.4000,0.1000,1.0096,0.0000,0.0000,3006.8764,0.0000,9,0,0
75.1308,-3.0309,0.2708,0.1000,1.0127,0.0000,0.0000,-3031.0000,246.0000,0.1000,1.0096,0.0000,0.0000,3037.9236,0.0000,9,0,0
75.1317,-3.0527,0.3140,0.1000,1.0136,0.0000,0.0000,-3031.0000,246.0000,0.1000,1.0118,0.0000,0.0000,3037.8984,0.0000,9,0,0
75.1325,-3.0744,0.3571,0.1000,1.0146,0.0000,0.0000,-3031.0000,246.0000,0.1000,1.0118,0.0000,0.0000,3037.8732,0.0000,9,0,0
75.1333,-3.1042,0.3967,0.1000,1.0156,0.0000,0.0000,-3031.0000,246.0000,0.1000,1.0118,0.0000,0.0000,3037.8404,0.0000,9,0,0
75.1341,-3.1340,0.4362,0.1000,1.0166,0.0000,0.0000,-3133.7000,432.1000,0.1000,1.0118,0.0000,0.0000,3160.1863,0.0000,9,0,0
75.1350,-3.1712,0.4707,0.1000,1.0176,0.0000,0.0000,-3133.7000,432.1000,0.1000,1.0152,0.0000,0.0000,3160.1447,0.0000,9,0,0
75.1358,-3.2083,0.5052,0.1000,1.0186,0.0000,0.0000,-3133.7000,432.1000,0.1000,1.0152,0.0000,0.0000,3160.1032,0.0000,9,0,0
75.1367,-3.2520,0.5332,0.1000,1.0196,0.0000,0.0000,-3121.2000,464.8000,0.1000,1.0152,0.0000,0.0000,3152.3235,0.0000,9,0,0
75.1376,-3.2957,0.5612,0.1000,1.0206,0.0000,0.0000,-3121.2000,464.8000,0.1000,1.0182,0.0000,0.0000,3152.2761,0.0000,9,0,0
75.1384,-3.3448,0.5815,0.1000,1.0217,0.0000,0.0000,-3121.2000,464.8000,0.1000,1.0182,0.0000,0.0000,3152.2246,0.0000,9,0,0
75.1393,-3.3939,0.6018,0.1000,1.0227,0.0000,0.0000,-3121.2000,464.8000,0.1000,1.0182,0.0000,0.0000,3152.1730,0.0000,9,0,0
75.1402,-3.4469,0.6134,0.1000,1.0238,0.0000,0.0000,-3456.3000,613.0000,0.1000,1.0182,0.0000,0.0000,3506.7380,0.0000,9,0,0
75.1412,-3.5000,0.6250,0.1000,1.0249,0.0000,0.0000,-3456.3000,613.0000,0.1000,1.0217,0.0000,0.0000,3506.6838,0.0000,9,0,0
75.1421,-3.5555,0.6271,0.1000,1.0260,0.0000,0.0000,-3456.3000,613.0000,0.1000,1.0217,0.0000,0.0000,3506.6288,0.0000,9,0,0
75.1430,-3.6109,0.6292,0.1000,1.0271,0.0000,0.0000,-3456.3000,613.0000,0.1000,1.0217,0.0000,0.0000,3506.5738,0.0000,9,0,0
75.1440,-3.6671,0.6213,0.1000,1.0282,0.0000,0.0000,-3456.3000,613.0000,0.1000,1.0217,0.0000,0.0000,3506.5199,0.0000,9,0,0
75.1449,-3.7233,0.6134,0.1000,1.0293,0.0000,0.0000,-3670.0000,621.0000,0.1000,1.0217,0.0000,0.0000,3718.3954,0.0000,9,0,0
75.1459,-3.7783,0.5954,0.1000,1.0305,0.0000,0.0000,-3750.8000,595.0000,0.1000,1.0274,0.0000,0.0000,3793.8751,0.0000,9,0,0
75.1468,-3.8333,0.5774,0.1000,1.0316,0.0000,0.0000,-3750.8000,595.0000,0.1000,1.0293,0.0000,0.0000,3793.8236,0.0000,9,0,0
75.1478,-3.8854,0.5493,0.1000,1.0328,0.0000,0.0000,-3750.8000,595.0000,0.1000,1.0293,0.0000,0.0000,3793.7766,0.0000,9,0,0
75.1488,-3.9375,0.5213,0.1000,1.0340,0.0000,0.0000,-3926.8000,520.8000,0.1000,1.0293,0.0000,0.0000,3957.2137,0.0000,9,0,0
75.1498,-3.9847,0.4839,0.1000,1.0352,0.0000,0.0000,-3926.8000,520.8000,0.1000,1.0323,0.0000,0.0000,3957.1718,0.0000,9,0,0
75.1508,-4.0320,0.4464,0.1000,1.0364,0.0000,0.0000,-3926.8000,520.8000,0.1000,1.0323,0.0000,0.0000,3957.1299,0.0000,9,0,0
75.1519,-4.0727,0.4003,0.1000,1.0376,0.0000,0.0000,-4059.5000,408.0000,0.1000,1.0323,0.0000,0.0000,4075.8592,0.0000,9,0,0
75.1529,-4.1134,0.3542,0.1000,1.0388,0.0000,0.0000,-4059.5000,408.0000,0.1000,1.0358,0.0000,0.0000,4075.8233,0.0000,9,0,0
75.1540,-4.1461,0.3006,0.1000,1.0401,0.0000,0.0000,-4059.5000,408.0000,0.1000,1.0358,0.0000,0.0000,4075.7962,0.0000,9,0,0
75.1550,-4.1787,0.2470,0.1000,1.0413,0.0000,0.0000,-4059.5000,408.0000,0.1000,1.0358,0.0000,0.0000,4075.7691,0.0000,9,0,0
75.1561,-4.2018,0.1874,0.1000,1.0426,0.0000,0.0000,-4216.2000,247.0000,0.1000,1.0398,0.0000,0.0000,4219.2233,0.0000,9,0,0
75.1572,-4.2249,0.1278,0.1000,1.0438,0.0000,0.0000,-4216.2000,247.0000,0.1000,1.0398,0.0000,0.0000,4219.2037,0.0000,9,0,0
75.1582,-4.2375,0.0639,0.1000,1.0451,0.0000,0.0000,-4216.2000,247.0000,0.1000,1.0398,0.0000,0.0000,4219.1949,0.0000,9,0,0
75.1593,-4.2500,0.0000,0.1000,1.0464,0.0000,0.0000,-4246.8000,40.2000,0.1000,1.0398,0.0000,0.0000,4242.7405,0.0000,9,0,0
75.1604,-4.2511,-0.0663,0.1000,1.0477,0.0000,0.0000,-4246.8000,40.2000,0.1000,1.0446,0.0000,0.0000,4242.7399,0.0000,9,0,0
75.1616,-4.2523,-0.1326,0.1000,1.0491,0.0000,0.0000,-4246.8000,40.2000,0.1000,1.0446,0.0000,0.0000,4242.7394,0.0000,9,0,0
75.1627,-4.2416,-0.1993,0.1000,1.0504,0.0000,0.0000,-4242.1000,-186.9000,0.1000,1.0446,0.0000,0.0000,4241.9690,0.0000,9,0,0
75.1638,-4.2309,-0.2660,0.1000,1.0517,0.0000,0.0000,-4242.1000,-186.9000,0.1000,1.0488,0.0000,0.0000,4241.9768,0.0000,9,0,0
75.1650,-4.2082,-0.3309,0.1000,1.0531,0.0000,0.0000,-4242.1000,-186.9000,0.1000,1.0488,0.0000,0.0000,4241.9965,0.0000,9,0,0
75.1661,-4.1856,-0.3958,0.1000,1.0545,0.0000,0.0000,-4186.0000,-402.3000,0.1000,1.0488,0.0000,0.0000,4201.0830,0.0000,9,0,0
75.1673,-4.1513,-0.4568,0.1000,1.0558,0.0000,0.0000,-4186.0000,-402.3000,0.1000,1.0488,0.0000,0.0000,4201.1113,0.0000,9,0,0
75.1685,-4.1171,-0.5178,0.1000,1.0572,0.0000,0.0000,-4186.0000,-402.3000,0.1000,1.0488,0.0000,0.0000,4201.1396,0.0000,9,0,0
75.1697,-4.0719,-0.5728,0.1000,1.0586,0.0000,0.0000,-4186.0000,-402.3000,0.1000,1.0488,0.0000,0.0000,4201.1793,0.0000,9,0,0
75.1708,-4.0267,-0.6277,0.1000,1.0601,0.0000,0.0000,-4186.0000,-402.3000,0.1000,1.0488,0.0000,0.0000,4201.2190,0.0000,9,0,0
75.1721,-3.9717,-0.6747,0.1000,1.0615,0.0000,0.0000,-4031.5000,-625.2000,0.1000,1.0488,0.0000,0.0000,4075.6614,0.0000,9,0,0
75.1733,-3.9167,-0.7217,0.1000,1.0629,0.0000,0.0000,-4031.5000,-625.2000,0.1000,1.0533,0.0000,0.0000,4075.7086,0.0000,9,0,0
75.1745,-3.8532,-0.7589,0.1000,1.0644,0.0000,0.0000,-4031.5000,-625.2000,0.1000,1.0533,0.0000,0.0000,4075.7656,0.0000,9,0,0
75.1757,-3.7898,-0.7961,0.1000,1.0658,0.0000,0.0000,-3793.9000,-795.8000,0.1000,1.0533,0.0000,0.0000,3872.5917,0.0000,9,0,0
75.1770,-3.7196,-0.8221,0.1000,1.0673,0.0000,0.0000,-3793.9000,-795.8000,0.1000,1.0638,0.0000,0.0000,3872.6550,0.0000,9,0,0
75.1782,-3.6495,-0.8480,0.1000,1.0688,0.0000,0.0000,-3793.9000,-795.8000,0.1000,1.0638,0.0000,0.0000,3872.7183,0.0000,9,0,0
75.1795,-3.5748,-0.8615,0.1000,1.0703,0.0000,0.0000,-3584.1000,-861.8000,0.1000,1.0638,0.0000,0.0000,3682.5774,0.0000,9,0,0
75.1808,-3.5000,-0.8750,0.1000,1.0718,0.0000,0.0000,-3584.1000,-861.8000,0.1000,1.0683,0.0000,0.0000,3682.6469,0.0000,9,0,0
75.1821,-3.4228,-0.8752,0.1000,1.0734,0.0000,0.0000,-3584.1000,-861.8000,0.1000,1.0683,0.0000,0.0000,3682.7219,0.0000,9,0,0
75.1834,-3.3456,-0.8754,0.1000,1.0749,0.0000,0.0000,-3584.1000,-861.8000,0.1000,1.0683,0.0000,0.0000,3682.7969,0.0000,9,0,0
75.1847,-3.2684,-0.8619,0.1000,1.0764,0.0000,0.0000,-3309.9000,-864.5000,0.1000,1.0683,0.0000,0.0000,3417.5551,0.0000,9,0,0
75.1860,-3.1912,-0.8483,0.1000,1.0780,0.0000,0.0000,-3309.9000,-864.5000,0.1000,1.0743,0.0000,0.0000,3417.6333,0.0000,9,0,0
75.1873,-3.1164,-0.8211,0.1000,1.0796,0.0000,0.0000,-3309.9000,-864.5000,0.1000,1.0743,0.0000,0.0000,3417.7125,0.0000,9,0,0
75.1887,-3.0417,-0.7939,0.1000,1.0811,0.0000,0.0000,-3050.0000,-794.2000,0.1000,1.0743,0.0000,0.0000,3148.5629,0.0000,9,0,0
75.1900,-2.9718,-0.7534,0.1000,1.0827,0.0000,0.0000,-3050.0000,-794.2000,0.1000,1.0789,0.0000,0.0000,3148.6408,0.0000,9,0,0
75.1914,-2.9019,-0.7128,0.1000,1.0844,0.0000,0.0000,-3050.0000,-794.2000,0.1000,1.0789,0.0000,0.0000,3148.7186,0.0000,9,0,0
75.1927,-2.8392,-0.6600,0.1000,1.0860,0.0000,0.0000,-3050.0000,-794.2000,0.1000,1.0789,0.0000,0.0000,3148.7926,0.0000,9,0,0
75.1941,-2.7765,-0.6071,0.1000,1.0876,0.0000,0.0000,-2838.9000,-675.5000,0.1000,1.0789,0.0000,0.0000,2915.3176,0.0000,9,0,0
75.1955,-2.7233,-0.5431,0.1000,1.0893,0.0000,0.0000,-2838.9000,-675.5000,0.1000,1.0853,0.0000,0.0000,2915.3842,0.0000,9,0,0
75.1969,-2.6701,-0.4792,0.1000,1.0909,0.0000,0.0000,-2838.9000,-675.5000,0.1000,1.0853,0.0000,0.0000,2915.4508,0.0000,9,0,0
75.1983,-2.6282,-0.4058,0.1000,1.0926,0.0000,0.0000,-2838.9000,-675.5000,0.1000,1.0853,0.0000,0.0000,2915.5085,0.0000,9,0,0
75.1997,-2.5864,-0.3325,0.1000,1.0943,0.0000,0.0000,-2628.1000,-403.9000,0.1000,1.0853,0.0000,0.0000,2656.3487,0.0000,9,0,0
75.2012,-2.5576,-0.2519,0.1000,1.0959,0.0000,0.0000,-2628.1000,-403.9000,0.1000,1.0922,0.0000,0.0000,2656.3894,0.0000,9,0,0
75.2026,-2.5289,-0.1712,0.1000,1.0976,0.0000,0.0000,-2628.1000,-403.9000,0.1000,1.0922,0.0000,0.0000,2656.4301,0.0000,9,0,0
75.2040,-2.5144,-0.0856,0.1000,1.0994,0.0000,0.0000,-2628.1000,-403.9000,0.1000,1.0922,0.0000,0.0000,2656.4573,0.0000,9,0,0
75.2055,-2.5000,-0.0000,0.1000,1.1011,0.0000,0.0000,-2500.0000,11.2000,0.1000,1.0922,0.0000,0.0000,2497.5251,0.0000,9,0,0
75.2070,-2.5008,0.0880,0.1000,1.1028,0.0000,0.0000,-2500.0000,11.2000,0.1000,1.0986,0.0000,0.0000,2497.5240,0.0000,9,0,0
75.2084,-2.5015,0.1761,0.1000,1.1046,0.0000,0.0000,-2500.0000,11.2000,0.1000,1.0986,0.0000,0.0000,2497.5228,0.0000,9,0,0
75.2099,-2.5179,0.2638,0.1000,1.1064,0.0000,0.0000,-2500.0000,11.2000,0.1000,1.0986,0.0000,0.0000,2497.5061,0.0000,9,0,0
75.2114,-2.5342,0.3515,0.1000,1.1081,0.0000,0.0000,-2518.9000,263.4000,0.1000,1.0986,0.0000,0.0000,2530.0773,0.0000,9,0,0
75.2129,-2.5660,0.4362,0.1000,1.1099,0.0000,0.0000,-2518.9000,263.4000,0.1000,1.1057,0.0000,0.0000,2530.0369,0.0000,9,0,0
75.2145,-2.5979,0.5208,0.1000,1.1117,0.0000,0.0000,-2518.9000,263.4000,0.1000,1.1057,0.0000,0.0000,2529.9964,0.0000,9,0,0
75.2160,-2.6446,0.5997,0.1000,1.1135,0.0000,0.0000,-2645.0000,602.3000,0.1000,1.1057,0.0000,0.0000,2709.9973,0.0000,9,0,0
75.2175,-2.6914,0.6785,0.1000,1.1153,0.0000,0.0000,-2645.0000,602.3000,0.1000,1.1108,0.0000,0.0000,2709.9342,0.0000,9,0,0
75.2191,-2.7520,0.7489,0.1000,1.1172,0.0000,0.0000,-2645.0000,602.3000,0.1000,1.1108,0.0000,0.0000,2709.8595,0.0000,9,0,0
75.2206,-2.8126,0.8192,0.1000,1.1190,0.0000,0.0000,-2824.6000,836.7000,0.1000,1.1108,0.0000,0.0000,2942.9884,0.0000,9,0,0
75.2222,-2.8855,0.8787,0.1000,1.1209,0.0000,0.0000,-2824.6000,836.7000,0.1000,1.1168,0.0000,0.0000,2942.9017,0.0000,9,0,0
75.2238,-2.9583,0.9382,0.1000,1.1228,0.0000,0.0000,-2824.6000,836.7000,0.1000,1.1168,0.0000,0.0000,2942.8149,0.0000,9,0,0
75.2254,-3.0415,0.9846,0.1000,1.1246,0.0000,0.0000,-2824.6000,836.7000,0.1000,1.1168,0.0000,0.0000,2942.7219,0.0000,9,0,0
75.2270,-3.1247,1.0311,0.1000,1.1265,0.0000,0.0000,-3045.6000,984.5000,0.1000,1.1168,0.0000,0.0000,3197.4782,0.0000,9,0,0
75.2286,-3.2159,1.0626,0.1000,1.1284,0.0000,0.0000,-3045.6000,984.5000,0.1000,1.1238,0.0000,0.0000,3197.3818,0.0000,9,0,0
75.2302,-3.3071,1.0942,0.1000,1.1304,0.0000,0.0000,-3045.6000,984.5000,0.1000,1.1238,0.0000,0.0000,3197.2853,0.0000,9,0,0
75.2319,-3.4035,1.1096,0.1000,1.1323,0.0000,0.0000,-3400.4000,1110.0000,0.1000,1.1238,0.0000,0.0000,3573.4049,0.0000,9,0,0
75.2335,-3.5000,1.1250,0.1000,1.1342,0.0000,0.0000,-3400.4000,1110.0000,0.1000,1.1296,0.0000,0.0000,3573.3085,0.0000,9,0,0
75.2351,-3.5989,1.1233,0.1000,1.1362,0.0000,0.0000,-3400.4000,1110.0000,0.1000,1.1296,0.0000,0.0000,3573.2150,0.0000,9,0,0
75.2368,-3.6978,1.1216,0.1000,1.1382,0.0000,0.0000,-3400.4000,1110.0000,0.1000,1.1296,0.0000,0.0000,3573.1215,0.0000,9,0,0
75.2385,-3.7960,1.1024,0.1000,1.1401,0.0000,0.0000,-3817.2000,1122.0000,0.1000,1.1296,0.0000,0.0000,3974.7278,0.0000,9,0,0
75.2402,-3.8943,1.0833,0.1000,1.1421,0.0000,0.0000,-3817.2000,1122.0000,0.1000,1.1376,0.0000,0.0000,3974.6390,0.0000,9,0,0
75.2418,-3.9888,1.0468,0.1000,1.1441,0.0000,0.0000,-3817.2000,1122.0000,0.1000,1.1376,0.0000,0.0000,3974.5586,0.0000,9,0,0
75.2435,-4.0833,1.0104,0.1000,1.1461,0.0000,0.0000,-3817.2000,1122.0000,0.1000,1.1376,0.0000,0.0000,3974.4781,0.0000,9,0,0
75.2453,-4.1711,0.9574,0.1000,1.1482,0.0000,0.0000,-4043.2000,1010.0000,0.1000,1.1376,0.0000,0.0000,4163.1624,0.0000,9,0,0
75.2470,-4.2588,0.9044,0.1000,1.1502,0.0000,0.0000,-4043.2000,1010.0000,0.1000,1.1449,0.0000,0.0000,4163.0902,0.0000,9,0,0
75.2487,-4.3369,0.8361,0.1000,1.1523,0.0000,0.0000,-4043.2000,1010.0000,0.1000,1.1449,0.0000,0.0000,4163.0310,0.0000,9,0,0
75.2505,-4.4150,0.7678,0.1000,1.1543,0.0000,0.0000,-4043.2000,1010.0000,0.1000,1.1449,0.0000,0.0000,4162.9718,0.0000,9,0,0
75.2522,-4.4807,0.6860,0.1000,1.1564,0.0000,0.0000,-4521.5000,639.9000,0.1000,1.1449,0.0000,0.0000,4562.0234,0.0000,9,0,0
75.2540,-4.5464,0.6042,0.1000,1.1585,0.0000,0.0000,-4521.5000,639.9000,0.1000,1.1537,0.0000,0.0000,4561.9698,0.0000,9,0,0
75.2557,-4.5975,0.5111,0.1000,1.1606,0.0000,0.0000,-4521.5000,639.9000,0.1000,1.1537,0.0000,0.0000,4561.9323,0.0000,9,0,0
75.2575,-4.6485,0.4180,0.1000,1.1627,0.0000,0.0000,-4653.2000,415.7000,0.1000,1.1537,0.0000,0.0000,4667.0644,0.0000,9,0,0
75.2593,-4.6829,0.3163,0.1000,1.1648,0.0000,0.0000,-4653.2000,415.7000,0.1000,1.1602,0.0000,0.0000,4667.0392,0.0000,9,0,0
75.2611,-4.7173,0.2146,0.1000,1.1670,0.0000,0.0000,-4653.2000,415.7000,0.1000,1.1602,0.0000,0.0000,4667.0139,0.0000,9,0,0
75.2629,-4.7337,0.1073,0.1000,1.1691,0.0000,0.0000,-4732.4000,173.1000,0.1000,1.1602,0.0000,0.0000,4730.8303,0.0000,9,0,0
75.2648,-4.7500,0.0000,0.1000,1.1713,0.0000,0.0000,-4732.4000,173.1000,0.1000,1.1664,0.0000,0.0000,4730.8179,0.0000,9,0,0
75.2666,-4.7473,-0.1097,0.1000,1.1734,0.0000,0.0000,-4732.4000,173.1000,0.1000,1.1664,0.0000,0.0000,4730.8246,0.0000,9,0,0
75.2684,-4.7447,-0.2195,0.1000,1.1756,0.0000,0.0000,-4732.4000,173.1000,0.1000,1.1664,0.0000,0.0000,4730.8313,0.0000,9,0,0
75.2703,-4.7227,-0.3282,0.1000,1.1778,0.0000,0.0000,-4723.0000,-323.2000,0.1000,1.1664,0.0000,0.0000,4729.3115,0.0000,9,0,0
75.2721,-4.7007,-0.4370,0.1000,1.1800,0.0000,0.0000,-4723.0000,-323.2000,0.1000,1.1746,0.0000,0.0000,4729.3260,0.0000,9,0,0
75.2740,-4.6597,-0.5414,0.1000,1.1822,0.0000,0.0000,-4723.0000,-323.2000,0.1000,1.1746,0.0000,0.0000,4729.3598,0.0000,9,0,0
75.2759,-4.6186,-0.6458,0.1000,1.1845,0.0000,0.0000,-4723.0000,-323.2000,0.1000,1.1746,0.0000,0.0000,4729.3936,0.0000,9,0,0
75.2778,-4.5594,-0.7425,0.1000,1.1867,0.0000,0.0000,-4619.0000,-650.5000,0.1000,1.1815,0.0000,0.0000,4659.9621,0.0000,9,0,0
75.2797,-4.5001,-0.8392,0.1000,1.1890,0.0000,0.0000,-4619.0000,-650.5000,0.1000,1.1815,0.0000,0.0000,4660.0073,0.0000,9,0,0
75.2816,-4.4241,-0.9250,0.1000,1.1912,0.0000,0.0000,-4418.2000,-975.7000,0.1000,1.1815,0.0000,0.0000,4520.1332,0.0000,9,0,0
75.2835,-4.3481,-1.0108,0.1000,1.1935,0.0000,0.0000,-4418.2000,-975.7000,0.1000,1.1881,0.0000,0.0000,4520.1889,0.0000,9,0,0
75.2855,-4.2574,-1.0827,0.1000,1.1958,0.0000,0.0000,-4418.2000,-975.7000,0.1000,1.1881,0.0000,0.0000,4520.2620,0.0000,9,0,0
75.2874,-4.1667,-1.1547,0.1000,1.1981,0.0000,0.0000,-4167.0000,-1152.0000,0.1000,1.1881,0.0000,0.0000,4318.9844,0.0000,9,0,0
75.2894,-4.0637,-1.2103,0.1000,1.2004,0.0000,0.0000,-4167.0000,-1152.0000,0.1000,1.1952,0.0000,0.0000,4319.0688,0.0000,9,0,0
75.2913,-3.9608,-1.2660,0.1000,1.2027,0.0000,0.0000,-4167.0000,-1152.0000,0.1000,1.1952,0.0000,0.0000,4319.1532,0.0000,9,0,0
75.2933,-3.8486,-1.3032,0.1000,1.2051,0.0000,0.0000,-4167.0000,-1152.0000,0.1000,1.1952,0.0000,0.0000,4319.2514,0.0000,9,0,0
75.2953,-3.7364,-1.3404,0.1000,1.2074,0.0000,0.0000,-3888.6000,-1295.1000,0.1000,1.1952,0.0000,0.0000,4094.6281,0.0000,9,0,0
75.2973,-3.6182,-1.3577,0.1000,1.2098,0.0000,0.0000,-3888.6000,-1295.1000,0.1000,1.2041,0.0000,0.0000,4094.7348,0.0000,9,0,0
75.2993,-3.5000,-1.3750,0.1000,1.2122,0.0000,0.0000,-3888.6000,-1295.1000,0.1000,1.2041,0.0000,0.0000,4094.8414,0.0000,9,0,0
75.3013,-3.3794,-1.3714,0.1000,1.2146,0.0000,0.0000,-3888.6000,-1295.1000,0.1000,1.2041,0.0000,0.0000,4094.9570,0.0000,9,0,0
75.3033,-3.2588,-1.3678,0.1000,1.2169,0.0000,0.0000,-3382.8000,-1371.0000,0.1000,1.2115,0.0000,0.0000,3646.5314,0.0000,9,0,0
75.3054,-3.1395,-1.3430,0.1000,1.2194,0.0000,0.0000,-3382.8000,-1371.0000,0.1000,1.2115,0.0000,0.0000,3646.6512,0.0000,9,0,0
75.3074,-3.0202,-1.3182,0.1000,1.2218,0.0000,0.0000,-3382.8000,-1371.0000,0.1000,1.2115,0.0000,0.0000,3646.7711,0.0000,9,0,0
75.3095,-2.9059,-1.2725,0.1000,1.2242,0.0000,0.0000,-2970.7000,-1317.0000,0.1000,1.2187,0.0000,0.0000,3246.3734,0.0000,9,0,0
75.3115,-2.7917,-1.2269,0.1000,1.2267,0.0000,0.0000,-2970.7000,-1317.0000,0.1000,1.2187,0.0000,0.0000,3246.4964,0.0000,9,0,0
75.3136,-2.6861,-1.1614,0.1000,1.2291,0.0000,0.0000,-2970.7000,-1317.0000,0.1000,1.2187,0.0000,0.0000,3246.6195,0.0000,9,0,0
75.3157,-2.5805,-1.0959,0.1000,1.2316,0.0000,0.0000,-2517.3000,-1085.6000,0.1000,1.2258,0.0000,0.0000,2738.6061,0.0000,9,0,0
75.3178,-2.4870,-1.0122,0.1000,1.2341,0.0000,0.0000,-2517.3000,-1085.6000,0.1000,1.2258,0.0000,0.0000,2738.7251,0.0000,9,0,0
75.3199,-2.3935,-0.9285,0.1000,1.2366,0.0000,0.0000,-2517.3000,-1085.6000,0.1000,1.2258,0.0000,0.0000,2738.8441,0.0000,9,0,0
75.3220,-2.3153,-0.8288,0.1000,1.2391,0.0000,0.0000,-2393.0000,-928.0000,0.1000,1.2258,0.0000,0.0000,2564.1802,0.0000,9,0,0
75.3241,-2.2370,-0.7292,0.1000,1.2416,0.0000,0.0000,-2393.0000,-928.0000,0.1000,1.2356,0.0000,0.0000,2564.2891,0.0000,9,0,0
75.3263,-2.1768,-0.6163,0.1000,1.2441,0.0000,0.0000,-2393.0000,-928.0000,0.1000,1.2356,0.0000,0.0000,2564.3861,0.0000,9,0,0
75.3284,-2.1166,-0.5035,0.1000,1.2467,0.0000,0.0000,-2117.1000,-489.4000,0.1000,1.2356,0.0000,0.0000,2170.7544,0.0000,9,0,0
75.3306,-2.0765,-0.3808,0.1000,1.2492,0.0000,0.0000,-2117.1000,-489.4000,0.1000,1.2431,0.0000,0.0000,2170.8211,0.0000,9,0,0
75.3328,-2.0365,-0.2581,0.1000,1.2518,0.0000,0.0000,-2117.1000,-489.4000,0.1000,1.2431,0.0000,0.0000,2170.8877,0.0000,9,0,0
75.3349,-2.0182,-0.1290,0.1000,1.2544,0.0000,0.0000,-2018.1000,-173.4000,0.1000,1.2431,0.0000,0.0000,2023.5139,0.0000,9,0,0
75.3371,-2.0000,-0.0000,0.1000,1.2569,0.0000,0.0000,-2018.1000,-173.4000,0.1000,1.2505,0.0000,0.0000,2023.5431,0.0000,9,0,0
75.3626,-1.8750,-1.5155,0.1000,1.2871,0.0000,0.0000,-2018.1000,-173.4000,0.1000,1.2505,0.0000,0.0000,2023.5384,0.0000,9,0,0
75.3880,-1.7500,-3.0311,0.1000,1.3173,0.0000,0.0000,-1812.1000,-2059.8000,0.1000,1.2505,0.0000,0.0000,2740.0119,0.0000,9,0,0
75.3882,-1.7432,-3.0299,0.1000,1.3174,0.0000,0.0000,-1812.1000,-2059.8000,0.1000,1.2920,0.0000,0.0000,2740.0174,0.0000,9,0,0
75.3883,-1.7363,-3.0287,0.1000,1.3175,0.0000,0.0000,-1812.1000,-2059.8000,0.1000,1.2920,0.0000,0.0000,2740.0228,0.0000,9,0,0
75.3884,-1.7301,-3.0251,0.1000,1.3177,0.0000,0.0000,-1812.1000,-2059.8000,0.1000,1.2920,0.0000,0.0000,2740.0296,0.0000,9,0,0
75.3885,-1.7239,-3.0216,0.1000,1.3178,0.0000,0.0000,-1699.2000,-3042.0000,0.1000,1.2920,0.0000,0.0000,3480.9216,0.0000,9,0,0
75.3886,-1.7189,-3.0159,0.1000,1.3180,0.0000,0.0000,-1699.2000,-3042.0000,0.1000,1.3169,0.0000,0.0000,3480.9289,0.0000,9,0,0
75.3888,-1.7139,-3.0103,0.1000,1.3181,0.0000,0.0000,-1699.2000,-3042.0000,0.1000,1.3169,0.0000,0.0000,3480.9363,0.0000,9,0,0
75.3889,-1.7107,-3.0028,0.1000,1.3183,0.0000,0.0000,-1699.2000,-3042.0000,0.1000,1.3169,0.0000,0.0000,3480.9444,0.0000,9,0,0
75.3890,-1.7074,-2.9954,0.1000,1.3184,0.0000,0.0000,-1703.7000,-3003.0000,0.1000,1.3169,0.0000,0.0000,3449.1747,0.0000,9,0,0
75.3892,-1.7064,-2.9866,0.1000,1.3186,0.0000,0.0000,-1703.7000,-3003.0000,0.1000,1.3182,0.0000,0.0000,3449.1829,0.0000,9,0,0
75.3893,-1.7054,-2.9779,0.1000,1.3188,0.0000,0.0000,-1703.7000,-3003.0000,0.1000,1.3182,0.0000,0.0000,3449.1910,0.0000,9,0,0
75.3895,-1.7068,-2.9684,0.1000,1.3190,0.0000,0.0000,-1703.7000,-3003.0000,0.1000,1.3182,0.0000,0.0000,3449.1985,0.0000,9,0,0
75.3897,-1.7083,-2.9589,0.1000,1.3192,0.0000,0.0000,-1703.7000,-3003.0000,0.1000,1.3182,0.0000,0.0000,3449.2060,0.0000,9,0,0
75.3898,-1.7125,-2.9493,0.1000,1.3194,0.0000,0.0000,-1703.7000,-3003.0000,0.1000,1.3182,0.0000,0.0000,3449.2123,0.0000,9,0,0
75.3900,-1.7167,-2.9397,0.1000,1.3196,0.0000,0.0000,-1712.0000,-2945.6000,0.1000,1.3190,0.0000,0.0000,3403.5743,0.0000,9,0,0
75.3902,-1.7237,-2.9307,0.1000,1.3198,0.0000,0.0000,-1712.0000,-2945.6000,0.1000,1.3190,0.0000,0.0000,3403.5786,0.0000,9,0,0
75.3904,-1.7307,-2.9217,0.1000,1.3200,0.0000,0.0000,-1712.0000,-2945.6000,0.1000,1.3190,0.0000,0.0000,3403.5829,0.0000,9,0,0
75.3906,-1.7404,-2.9139,0.1000,1.3203,0.0000,0.0000,-1712.0000,-2945.6000,0.1000,1.3190,0.0000,0.0000,3403.5848,0.0000,9,0,0
75.3908,-1.7500,-2.9061,0.1000,1.3205,0.0000,0.0000,-1674.7000,-3001.4000,0.1000,1.3199,0.0000,0.0000,3433.6173,0.0000,9,0,0
75.3910,-1.7621,-2.9002,0.1000,1.3208,0.0000,0.0000,-1674.7000,-3001.4000,0.1000,1.3199,0.0000,0.0000,3433.6165,0.0000,9,0,0
75.3913,-1.7741,-2.8943,0.1000,1.3211,0.0000,0.0000,-1674.7000,-3001.4000,0.1000,1.3199,0.0000,0.0000,3433.6158,0.0000,9,0,0
75.3915,-1.7882,-2.8909,0.1000,1.3213,0.0000,0.0000,-1770.4000,-2894.0000,0.1000,1.3199,0.0000,0.0000,3389.1739,0.0000,9,0,0
75.3917,-1.8023,-2.8875,0.1000,1.3216,0.0000,0.0000,-1770.4000,-2894.0000,0.1000,1.3210,0.0000,0.0000,3389.1694,0.0000,9,0,0
75.3920,-1.8178,-2.8871,0.1000,1.3219,0.0000,0.0000,-1770.4000,-2894.0000,0.1000,1.3210,0.0000,0.0000,3389.1616,0.0000,9,0,0
75.3923,-1.8333,-2.8868,0.1000,1.3222,0.0000,0.0000,-1770.4000,-2894.0000,0.1000,1.3210,0.0000,0.0000,3389.1539,0.0000,9,0,0
75.3925,-1.8497,-2.8898,0.1000,1.3226,0.0000,0.0000,-1797.8000,-2887.0000,0.1000,1.3218,0.0000,0.0000,3397.5770,0.0000,9,0,0
75.3928,-1.8661,-2.8928,0.1000,1.3229,0.0000,0.0000,-1797.8000,-2887.0000,0.1000,1.3218,0.0000,0.0000,3397.5658,0.0000,9,0,0
75.3931,-1.8825,-2.8994,0.1000,1.3233,0.0000,0.0000,-1875.9000,-2898.8000,0.1000,1.3218,0.0000,0.0000,3449.3741,0.0000,9,0,0
75.3934,-1.8990,-2.9061,0.1000,1.3236,0.0000,0.0000,-1875.9000,-2898.8000,0.1000,1.3228,0.0000,0.0000,3449.3596,0.0000,9,0,0
75.3937,-1.9147,-2.9165,0.1000,1.3240,0.0000,0.0000,-1875.9000,-2898.8000,0.1000,1.3228,0.0000,0.0000,3449.3423,0.0000,9,0,0
75.3940,-1.9304,-2.9269,0.1000,1.3244,0.0000,0.0000,-1916.3000,-2927.0000,0.1000,1.3228,0.0000,0.0000,3494.9985,0.0000,9,0,0
75.3944,-1.9446,-2.9410,0.1000,1.3248,0.0000,0.0000,-1916.3000,-2927.0000,0.1000,1.3238,0.0000,0.0000,3494.9789,0.0000,9,0,0
75.3947,-1.9588,-2.9551,0.1000,1.3252,0.0000,0.0000,-1916.3000,-2927.0000,0.1000,1.3238,0.0000,0.0000,3494.9593,0.0000,9,0,0
75.3951,-1.9707,-2.9726,0.1000,1.3256,0.0000,0.0000,-1916.3000,-2927.0000,0.1000,1.3238,0.0000,0.0000,3494.9382,0.0000,9,0,0
75.3954,-1.9825,-2.9901,0.1000,1.3260,0.0000,0.0000,-1997.8000,-3014.2000,0.1000,1.3238,0.0000,0.0000,3612.5715,0.0000,9,0,0
75.3958,-1.9913,-3.0106,0.1000,1.3264,0.0000,0.0000,-1997.8000,-3014.2000,0.1000,1.3253,0.0000,0.0000,3612.5495,0.0000,9,0,0
75.3962,-2.0000,-3.0311,0.1000,1.3269,0.0000,0.0000,-1997.8000,-3014.2000,0.1000,1.3253,0.0000,0.0000,3612.5276,0.0000,9,0,0
75.3966,-2.0049,-3.0540,0.1000,1.3273,0.0000,0.0000,-1997.8000,-3014.2000,0.1000,1.3253,0.0000,0.0000,3612.5058,0.0000,9,0,0
75.3970,-2.0099,-3.0769,0.1000,1.3278,0.0000,0.0000,-2005.7000,-2942.5000,0.1000,1.3253,0.0000,0.0000,3557.3842,0.0000,9,0,0
75.3974,-2.0105,-3.1015,0.1000,1.3283,0.0000,0.0000,-2005.7000,-2942.5000,0.1000,1.3272,0.0000,0.0000,3557.3635,0.0000,9,0,0
75.3978,-2.0110,-3.1261,0.1000,1.3288,0.0000,0.0000,-2005.7000,-2942.5000,0.1000,1.3272,0.0000,0.0000,3557.3429,0.0000,9,0,0
75.3982,-2.0068,-3.1515,0.1000,1.3293,0.0000,0.0000,-2008.4000,-3149.8000,0.1000,1.3272,0.0000,0.0000,3731.8910,0.0000,9,0,0
75.3986,-2.0026,-3.1769,0.1000,1.3298,0.0000,0.0000,-2008.4000,-3149.8000,0.1000,1.3286,0.0000,0.0000,3731.8718,0.0000,9,0,0
75.3991,-1.9933,-3.2022,0.1000,1.3303,0.0000,0.0000,-2008.4000,-3149.8000,0.1000,1.3286,0.0000,0.0000,3731.8555,0.0000,9,0,0
75.3995,-1.9841,-3.2275,0.1000,1.3309,0.0000,0.0000,-2008.4000,-3149.8000,0.1000,1.3286,0.0000,0.0000,3731.8391,0.0000,9,0,0
75.4000,-1.9697,-3.2516,0.1000,1.3314,0.0000,0.0000,-1984.0000,-3201.1000,0.1000,1.3301,0.0000,0.0000,3762.2704,0.0000,9,0,0
75.4005,-1.9553,-3.2758,0.1000,1.3320,0.0000,0.0000,-1984.0000,-3201.1000,0.1000,1.3301,0.0000,0.0000,3762.2574,0.0000,9,0,0
75.4010,-1.9360,-3.2978,0.1000,1.3326,0.0000,0.0000,-1984.0000,-3201.1000,0.1000,1.3301,0.0000,0.0000,3762.2489,0.0000,9,0,0
75.4015,-1.9167,-3.3198,0.1000,1.3331,0.0000,0.0000,-1984.0000,-3201.1000,0.1000,1.3301,0.0000,0.0000,3762.2404,0.0000,9,0,0
75.4020,-1.8927,-3.3386,0.1000,1.3337,0.0000,0.0000,-1914.5000,-3320.0000,0.1000,1.3324,0.0000,0.0000,3828.6172,0.0000,9,0,0
75.4025,-1.8688,-3.3574,0.1000,1.3344,0.0000,0.0000,-1914.5000,-3320.0000,0.1000,1.3324,0.0000,0.0000,3828.6129,0.0000,9,0,0
75.4030,-1.8407,-3.3720,0.1000,1.3350,0.0000,0.0000,-1914.5000,-3320.0000,0.1000,1.3324,0.0000,0.0000,3828.6142,0.0000,9,0,0
75.4035,-1.8127,-3.3867,0.1000,1.3356,0.0000,0.0000,-1914.5000,-3320.0000,0.1000,1.3324,0.0000,0.0000,3828.6155,0.0000,9,0,0
75.4041,-1.7814,-3.3964,0.1000,1.3363,0.0000,0.0000,-1816.4000,-3388.4000,0.1000,1.3324,0.0000,0.0000,3840.7148,0.0000,9,0,0
75.4046,-1.7500,-3.4061,0.1000,1.3369,0.0000,0.0000,-1816.4000,-3388.4000,0.1000,1.3351,0.0000,0.0000,3840.7211,0.0000,9,0,0
75.4052,-1.7162,-3.4101,0.1000,1.3376,0.0000,0.0000,-1816.4000,-3388.4000,0.1000,1.3351,0.0000,0.0000,3840.7335,0.0000,9,0,0
75.4058,-1.6825,-3.4141,0.1000,1.3383,0.0000,0.0000,-1816.4000,-3388.4000,0.1000,1.3351,0.0000,0.0000,3840.7460,0.0000,9,0,0
75.4064,-1.6474,-3.4118,0.1000,1.3390,0.0000,0.0000,-1623.6000,-3424.3000,0.1000,1.3351,0.0000,0.0000,3785.9221,0.0000,9,0,0
75.4070,-1.6122,-3.4096,0.1000,1.3397,0.0000,0.0000,-1623.6000,-3424.3000,0.1000,1.3380,0.0000,0.0000,3785.9392,0.0000,9,0,0
75.4076,-1.5770,-3.4008,0.1000,1.3404,0.0000,0.0000,-1623.6000,-3424.3000,0.1000,1.3380,0.0000,0.0000,3785.9623,0.0000,9,0,0
75.4082,-1.5417,-3.3919,0.1000,1.3411,0.0000,0.0000,-1530.4000,-3391.9000,0.1000,1.3380,0.0000,0.0000,3717.4446,0.0000,9,0,0
75.4088,-1.5075,-3.3764,0.1000,1.3418,0.0000,0.0000,-1530.4000,-3391.9000,0.1000,1.3401,0.0000,0.0000,3717.4729,0.0000,9,0,0
75.4094,-1.4732,-3.3609,0.1000,1.3426,0.0000,0.0000,-1530.4000,-3391.9000,0.1000,1.3401,0.0000,0.0000,3717.5011,0.0000,9,0,0
75.4101,-1.4414,-3.3388,0.1000,1.3434,0.0000,0.0000,-1444.8000,-3339.2000,0.1000,1.3401,0.0000,0.0000,3634.7288,0.0000,9,0,0
75.4107,-1.4095,-3.3168,0.1000,1.3441,0.0000,0.0000,-1444.8000,-3339.2000,0.1000,1.3424,0.0000,0.0000,3634.7617,0.0000,9,0,0
75.4114,-1.3813,-3.2885,0.1000,1.3449,0.0000,0.0000,-1444.8000,-3339.2000,0.1000,1.3424,0.0000,0.0000,3634.7989,0.0000,9,0,0
75.4121,-1.3531,-3.2603,0.1000,1.3457,0.0000,0.0000,-1444.8000,-3339.2000,0.1000,1.3424,0.0000,0.0000,3634.8360,0.0000,9,0,0
75.4128,-1.3297,-3.2264,0.1000,1.3465,0.0000,0.0000,-1352.8000,-3267.3000,0.1000,1.3424,0.0000,0.0000,3532.7961,0.0000,9,0,0
75.4135,-1.3063,-3.1926,0.1000,1.3473,0.0000,0.0000,-1352.8000,-3267.3000,0.1000,1.3454,0.0000,0.0000,3532.8363,0.0000,9,0,0
75.4142,-1.2888,-3.1540,0.1000,1.3482,0.0000,0.0000,-1352.8000,-3267.3000,0.1000,1.3454,0.0000,0.0000,3532.8786,0.0000,9,0,0
75.4149,-1.2713,-3.1155,0.1000,1.3490,0.0000,0.0000,-1352.8000,-3267.3000,0.1000,1.3454,0.0000,0.0000,3532.9209,0.0000,9,0,0
75.4156,-1.2606,-3.0733,0.1000,1.3499,0.0000,0.0000,-1270.6000,-2896.4000,0.1000,1.3481,0.0000,0.0000,3159.5192,0.0000,9,0,0
75.4163,-1.2500,-3.0311,0.1000,1.3507,0.0000,0.0000,-1270.6000,-2896.4000,0.1000,1.3481,0.0000,0.0000,3159.5622,0.0000,9,0,0
75.4171,-1.2470,-2.9865,0.1000,1.3516,0.0000,0.0000,-1270.6000,-2896.4000,0.1000,1.3481,0.0000,0.0000,3159.6042,0.0000,9,0,0
75.4178,-1.2439,-2.9419,0.1000,1.3525,0.0000,0.0000,-1270.6000,-2896.4000,0.1000,1.3481,0.0000,0.0000,3159.6463,0.0000,9,0,0
75.4186,-1.2490,-2.8962,0.1000,1.3534,0.0000,0.0000,-1247.6000,-2912.4000,0.1000,1.3481,0.0000,0.0000,3165.2177,0.0000,9,0,0
75.4194,-1.2541,-2.8506,0.1000,1.3543,0.0000,0.0000,-1247.6000,-2912.4000,0.1000,1.3521,0.0000,0.0000,3165.2577,0.0000,9,0,0
75.4202,-1.2675,-2.8054,0.1000,1.3553,0.0000,0.0000,-1247.6000,-2912.4000,0.1000,1.3521,0.0000,0.0000,3165.2939,0.0000,9,0,0
75.4209,-1.2809,-2.7603,0.1000,1.3562,0.0000,0.0000,-1281.1000,-2736.9000,0.1000,1.3521,0.0000,0.0000,3018.8503,0.0000,9,0,0
75.4217,-1.3027,-2.7171,0.1000,1.3572,0.0000,0.0000,-1281.1000,-2736.9000,0.1000,1.3549,0.0000,0.0000,3018.8801,0.0000,9,0,0
75.4226,-1.3244,-2.6740,0.1000,1.3581,0.0000,0.0000,-1281.1000,-2736.9000,0.1000,1.3549,0.0000,0.0000,3018.9100,0.0000,9,0,0
75.4234,-1.3542,-2.6344,0.1000,1.3591,0.0000,0.0000,-1281.1000,-2736.9000,0.1000,1.3549,0.0000,0.0000,3018.9332,0.0000,9,0,0
75.4242,-1.3840,-2.5949,0.1000,1.3601,0.0000,0.0000,-1351.2000,-2630.9000,0.1000,1.3549,0.0000,0.0000,2954.6558,0.0000,9,0,0
75.4251,-1.4212,-2.5604,0.1000,1.3611,0.0000,0.0000,-1351.2000,-2630.9000,0.1000,1.3587,0.0000,0.0000,2954.6695,0.0000,9,0,0
75.4259,-1.4583,-2.5259,0.1000,1.3621,0.0000,0.0000,-1351.2000,-2630.9000,0.1000,1.3587,0.0000,0.0000,2954.6832,0.0000,9,0,0
75.4268,-1.5020,-2.4979,0.1000,1.3631,0.0000,0.0000,-1502.0000,-2490.2000,0.1000,1.3587,0.0000,0.0000,2905.1946,0.0000,9,0,0
75.4277,-1.5457,-2.4699,0.1000,1.3642,0.0000,0.0000,-1502.0000,-2490.2000,0.1000,1.3619,0.0000,0.0000,2905.1961,0.0000,9,0,0
75.4285,-1.5948,-2.4496,0.1000,1.3652,0.0000,0.0000,-1502.0000,-2490.2000,0.1000,1.3619,0.0000,0.0000,2905.1881,0.0000,9,0,0
75.4294,-1.6439,-2.4293,0.1000,1.3663,0.0000,0.0000,-1502.0000,-2490.2000,0.1000,1.3619,0.0000,0.0000,2905.1802,0.0000,9,0,0
75.4303,-1.6969,-2.4177,0.1000,1.3673,0.0000,0.0000,-1795.6000,-2428.6000,0.1000,1.3619,0.0000,0.0000,3017.3579,0.0000,9,0,0
75.4313,-1.7500,-2.4061,0.1000,1.3684,0.0000,0.0000,-1795.6000,-2428.6000,0.1000,1.3658,0.0000,0.0000,3017.3357,0.0000,9,0,0
75.4322,-1.8055,-2.4040,0.1000,1.3695,0.0000,0.0000,-1795.6000,-2428.6000,0.1000,1.3658,0.0000,0.0000,3017.3044,0.0000,9,0,0
75.4331,-1.8609,-2.4019,0.1000,1.3706,0.0000,0.0000,-1795.6000,-2428.6000,0.1000,1.3658,0.0000,0.0000,3017.2731,0.0000,9,0,0
75.4341,-1.9171,-2.4098,0.1000,1.3717,0.0000,0.0000,-1955.8000,-2410.0000,0.1000,1.3658,0.0000,0.0000,3100.6691,0.0000,9,0,0
75.4350,-1.9733,-2.4177,0.1000,1.3729,0.0000,0.0000,-1955.8000,-2410.0000,0.1000,1.3700,0.0000,0.0000,3100.6276,0.0000,9,0,0
75.4360,-2.0283,-2.4357,0.1000,1.3740,0.0000,0.0000,-1955.8000,-2410.0000,0.1000,1.3700,0.0000,0.0000,3100.5789,0.0000,9,0,0
75.4369,-2.0833,-2.4537,0.1000,1.3752,0.0000,0.0000,-2091.8000,-2454.0000,0.1000,1.3700,0.0000,0.0000,3221.3343,0.0000,9,0,0
75.4379,-2.1354,-2.4817,0.1000,1.3763,0.0000,0.0000,-2091.8000,-2454.0000,0.1000,1.3737,0.0000,0.0000,3221.2792,0.0000,9,0,0
75.4389,-2.1875,-2.5098,0.1000,1.3775,0.0000,0.0000,-2091.8000,-2454.0000,0.1000,1.3737,0.0000,0.0000,3221.2242,0.0000,9,0,0
75.4399,-2.2347,-2.5472,0.1000,1.3787,0.0000,0.0000,-2091.8000,-2454.0000,0.1000,1.3737,0.0000,0.0000,3221.1650,0.0000,9,0,0
75.4409,-2.2820,-2.5847,0.1000,1.3799,0.0000,0.0000,-2235.0000,-2552.0000,0.1000,1.3773,0.0000,0.0000,3388.8860,0.0000,9,0,0
75.4420,-2.3227,-2.6308,0.1000,1.3811,0.0000,0.0000,-2235.0000,-2552.0000,0.1000,1.3773,0.0000,0.0000,3388.8244,0.0000,9,0,0
75.4430,-2.3634,-2.6769,0.1000,1.3823,0.0000,0.0000,-2235.0000,-2552.0000,0.1000,1.3773,0.0000,0.0000,3388.7629,0.0000,9,0,0
75.4441,-2.3961,-2.7305,0.1000,1.3836,0.0000,0.0000,-2363.0000,-2669.1000,0.1000,1.3808,0.0000,0.0000,3561.1764,0.0000,9,0,0
75.4451,-2.4287,-2.7841,0.1000,1.3848,0.0000,0.0000,-2363.0000,-2669.1000,0.1000,1.3808,0.0000,0.0000,3561.1147,0.0000,9,0,0
75.4462,-2.4518,-2.8437,0.1000,1.3861,0.0000,0.0000,-2363.0000,-2669.1000,0.1000,1.3808,0.0000,0.0000,3561.0547,0.0000,9,0,0
75.4473,-2.4749,-2.9033,0.1000,1.3874,0.0000,0.0000,-2451.8000,-2840.1000,0.1000,1.3808,0.0000,0.0000,3748.1834,0.0000,9,0,0
75.4483,-2.4875,-2.9672,0.1000,1.3887,0.0000,0.0000,-2451.8000,-2840.1000,0.1000,1.3856,0.0000,0.0000,3748.1268,0.0000,9,0,0
75.4494,-2.5000,-3.0311,0.1000,1.3899,0.0000,0.0000,-2451.8000,-2840.1000,0.1000,1.3856,0.0000,0.0000,3748.0702,0.0000,9,0,0
75.4505,-2.5011,-3.0974,0.1000,1.3913,0.0000,0.0000,-2451.8000,-2840.1000,0.1000,1.3856,0.0000,0.0000,3748.0193,0.0000,9,0,0
75.4517,-2.5023,-3.1637,0.1000,1.3926,0.0000,0.0000,-2502.0000,-3159.8000,0.1000,1.3856,0.0000,0.0000,4026.3931,0.0000,9,0,0
75.4528,-2.4916,-3.2304,0.1000,1.3939,0.0000,0.0000,-2502.0000,-3159.8000,0.1000,1.3903,0.0000,0.0000,4026.3475,0.0000,9,0,0
75.4539,-2.4809,-3.2971,0.1000,1.3953,0.0000,0.0000,-2502.0000,-3159.8000,0.1000,1.3903,0.0000,0.0000,4026.3018,0.0000,9,0,0
75.4551,-2.4582,-3.3620,0.1000,1.3966,0.0000,0.0000,-2502.0000,-3159.8000,0.1000,1.3903,0.0000,0.0000,4026.2650,0.0000,9,0,0
75.4562,-2.4356,-3.4269,0.1000,1.3980,0.0000,0.0000,-2502.0000,-3159.8000,0.1000,1.3903,0.0000,0.0000,4026.2282,0.0000,9,0,0
75.4574,-2.4013,-3.4879,0.1000,1.3994,0.0000,0.0000,-2436.0000,-3428.7000,0.1000,1.3903,0.0000,0.0000,4201.7235,0.0000,9,0,0
75.4586,-2.3671,-3.5489,0.1000,1.4008,0.0000,0.0000,-2436.0000,-3428.7000,0.1000,1.3974,0.0000,0.0000,4201.6936,0.0000,9,0,0
75.4598,-2.3219,-3.6039,0.1000,1.4022,0.0000,0.0000,-2436.0000,-3428.7000,0.1000,1.3974,0.0000,0.0000,4201.6750,0.0000,9,0,0
75.4609,-2.2767,-3.6588,0.1000,1.4036,0.0000,0.0000,-2436.0000,-3428.7000,0.1000,1.3974,0.0000,0.0000,4201.6563,0.0000,9,0,0
75.4622,-2.2217,-3.7058,0.1000,1.4050,0.0000,0.0000,-2274.9000,-3764.1000,0.1000,1.4018,0.0000,0.0000,4393.8174,0.0000,9,0,0
75.4634,-2.1667,-3.7528,0.1000,1.4064,0.0000,0.0000,-2274.9000,-3764.1000,0.1000,1.4018,0.0000,0.0000,4393.8056,0.0000,9,0,0
75.4646,-2.1032,-3.7900,0.1000,1.4079,0.0000,0.0000,-2059.6000,-3791.7000,0.1000,1.4018,0.0000,0.0000,4310.6328,0.0000,9,0,0
75.4658,-2.0398,-3.8272,0.1000,1.4094,0.0000,0.0000,-2059.6000,-3791.7000,0.1000,1.4059,0.0000,0.0000,4310.6304,0.0000,9,0,0
75.4671,-1.9696,-3.8532,0.1000,1.4108,0.0000,0.0000,-2059.6000,-3791.7000,0.1000,1.4059,0.0000,0.0000,4310.6411,0.0000,9,0,0
75.4683,-1.8995,-3.8791,0.1000,1.4123,0.0000,0.0000,-1908.9000,-3879.0000,0.1000,1.4059,0.0000,0.0000,4318.9365,0.0000,9,0,0
75.4696,-1.8248,-3.8926,0.1000,1.4138,0.0000,0.0000,-1908.9000,-3879.0000,0.1000,1.4102,0.0000,0.0000,4318.9574,0.0000,9,0,0
75.4709,-1.7500,-3.9061,0.1000,1.4153,0.0000,0.0000,-1908.9000,-3879.0000,0.1000,1.4102,0.0000,0.0000,4318.9783,0.0000,9,0,0
75.4722,-1.6728,-3.9063,0.1000,1.4169,0.0000,0.0000,-1908.9000,-3879.0000,0.1000,1.4102,0.0000,0.0000,4319.0123,0.0000,9,0,0
75.4735,-1.5956,-3.9065,0.1000,1.4184,0.0000,0.0000,-1684.4000,-3906.0000,0.1000,1.4102,0.0000,0.0000,4249.4899,0.0000,9,0,0
75.4748,-1.5184,-3.8929,0.1000,1.4200,0.0000,0.0000,-1684.4000,-3906.0000,0.1000,1.4102,0.0000,0.0000,4249.5329,0.0000,9,0,0
75.4761,-1.4412,-3.8794,0.1000,1.4215,0.0000,0.0000,-1684.4000,-3906.0000,0.1000,1.4102,0.0000,0.0000,4249.5759,0.0000,9,0,0
75.4774,-1.3664,-3.8522,0.1000,1.4231,0.0000,0.0000,-1353.4000,-3852.0000,0.1000,1.4102,0.0000,0.0000,4078.7543,0.0000,9,0,0
75.4788,-1.2917,-3.8249,0.1000,1.4247,0.0000,0.0000,-1353.4000,-3852.0000,0.1000,1.4170,0.0000,0.0000,4078.8048,0.0000,9,0,0
75.4801,-1.2218,-3.7844,0.1000,1.4263,0.0000,0.0000,-1353.4000,-3852.0000,0.1000,1.4170,0.0000,0.0000,4078.8661,0.0000,9,0,0
75.4815,-1.1519,-3.7439,0.1000,1.4279,0.0000,0.0000,-1087.2000,-3739.8000,0.1000,1.4170,0.0000,0.0000,3890.7089,0.0000,9,0,0
75.4828,-1.0892,-3.6911,0.1000,1.4295,0.0000,0.0000,-1087.2000,-3739.8000,0.1000,1.4259,0.0000,0.0000,3890.7771,0.0000,9,0,0
75.4842,-1.0265,-3.6382,0.1000,1.4311,0.0000,0.0000,-1087.2000,-3739.8000,0.1000,1.4259,0.0000,0.0000,3890.8454,0.0000,9,0,0
75.4856,-0.9733,-3.5742,0.1000,1.4328,0.0000,0.0000,-1048.5000,-3662.7000,0.1000,1.4259,0.0000,0.0000,3806.1153,0.0000,9,0,0
75.4870,-0.9201,-3.5103,0.1000,1.4344,0.0000,0.0000,-1048.5000,-3662.7000,0.1000,1.4306,0.0000,0.0000,3806.1914,0.0000,9,0,0
75.4884,-0.8782,-3.4369,0.1000,1.4361,0.0000,0.0000,-1048.5000,-3662.7000,0.1000,1.4306,0.0000,0.0000,3806.2734,0.0000,9,0,0
75.4898,-0.8364,-3.3636,0.1000,1.4378,0.0000,0.0000,-1048.5000,-3662.7000,0.1000,1.4306,0.0000,0.0000,3806.3555,0.0000,9,0,0
75.4913,-0.8076,-3.2830,0.1000,1.4395,0.0000,0.0000,-808.0000,-3283.0000,0.1000,1.4306,0.0000,0.0000,3377.5884,0.0000,9,0,0
75.4927,-0.7789,-3.2023,0.1000,1.4412,0.0000,0.0000,-808.0000,-3283.0000,0.1000,1.4368,0.0000,0.0000,3377.6736,0.0000,9,0,0
75.4941,-0.7644,-3.1167,0.1000,1.4429,0.0000,0.0000,-808.0000,-3283.0000,0.1000,1.4368,0.0000,0.0000,3377.7602,0.0000,9,0,0
75.4956,-0.7500,-3.0311,0.1000,1.4446,0.0000,0.0000,-808.0000,-3283.0000,0.1000,1.4368,0.0000,0.0000,3377.8467,0.0000,9,0,0
75.4971,-0.7508,-2.9431,0.1000,1.4464,0.0000,0.0000,-750.0000,-3015.2000,0.1000,1.4424,0.0000,0.0000,3104.0403,0.0000,9,0,0
75.4985,-0.7515,-2.8550,0.1000,1.4481,0.0000,0.0000,-750.0000,-3015.2000,0.1000,1.4424,0.0000,0.0000,3104.1256,0.0000,9,0,0
75.5000,-0.7679,-2.7673,0.1000,1.4499,0.0000,0.0000,-750.0000,-3015.2000,0.1000,1.4424,0.0000,0.0000,3104.2068,0.0000,9,0,0
75.5015,-0.7842,-2.6796,0.1000,1.4516,0.0000,0.0000,-771.7000,-2604.0000,0.1000,1.4424,0.0000,0.0000,2713.1493,0.0000,9,0,0
75.5030,-0.8160,-2.5949,0.1000,1.4534,0.0000,0.0000,-771.7000,-2604.0000,0.1000,1.4495,0.0000,0.0000,2713.2214,0.0000,9,0,0
75.5046,-0.8479,-2.5103,0.1000,1.4552,0.0000,0.0000,-771.7000,-2604.0000,0.1000,1.4495,0.0000,0.0000,2713.2935,0.0000,9,0,0
75.5061,-0.8946,-2.4314,0.1000,1.4570,0.0000,0.0000,-895.0000,-2435.0000,0.1000,1.4495,0.0000,0.0000,2591.6817,0.0000,9,0,0
75.5076,-0.9414,-2.3526,0.1000,1.4589,0.0000,0.0000,-895.0000,-2435.0000,0.1000,1.4548,0.0000,0.0000,2591.7396,0.0000,9,0,0
75.5092,-1.0020,-2.2822,0.1000,1.4607,0.0000,0.0000,-895.0000,-2435.0000,0.1000,1.4548,0.0000,0.0000,2591.7848,0.0000,9,0,0
75.5107,-1.0626,-2.2118,0.1000,1.4625,0.0000,0.0000,-895.0000,-2435.0000,0.1000,1.4548,0.0000,0.0000,2591.8299,0.0000,9,0,0
75.5123,-1.1355,-2.1524,0.1000,1.4644,0.0000,0.0000,-1068.9000,-2219.3000,0.1000,1.4548,0.0000,0.0000,2460.8667,0.0000,9,0,0
75.5139,-1.2083,-2.0929,0.1000,1.4663,0.0000,0.0000,-1068.9000,-2219.3000,0.1000,1.4616,0.0000,0.0000,2460.8886,0.0000,9,0,0
75.5155,-1.2915,-2.0465,0.1000,1.4682,0.0000,0.0000,-1068.9000,-2219.3000,0.1000,1.4616,0.0000,0.0000,2460.8944,0.0000,9,0,0
75.5171,-1.3747,-2.0000,0.1000,1.4700,0.0000,0.0000,-1321.9000,-2006.0000,0.1000,1.4616,0.0000,0.0000,2399.9589,0.0000,9,0,0
75.5187,-1.4659,-1.9684,0.1000,1.4720,0.0000,0.0000,-1321.9000,-2006.0000,0.1000,1.4675,0.0000,0.0000,2399.9351,0.0000,9,0,0
75.5203,-1.5571,-1.9369,0.1000,1.4739,0.0000,0.0000,-1321.9000,-2006.0000,0.1000,1.4675,0.0000,0.0000,2399.9114,0.0000,9,0,0
75.5219,-1.6535,-1.9215,0.1000,1.4758,0.0000,0.0000,-1656.8000,-1921.0000,0.1000,1.4675,0.0000,0.0000,2534.2400,0.0000,9,0,0
75.5236,-1.7500,-1.9061,0.1000,1.4777,0.0000,0.0000,-1656.8000,-1921.0000,0.1000,1.4731,0.0000,0.0000,2534.1886,0.0000,9,0,0
75.5252,-1.8489,-1.9078,0.1000,1.4797,0.0000,0.0000,-1656.8000,-1921.0000,0.1000,1.4731,0.0000,0.0000,2534.1227,0.0000,9,0,0
75.5269,-1.9478,-1.9095,0.1000,1.4817,0.0000,0.0000,-1656.8000,-1921.0000,0.1000,1.4731,0.0000,0.0000,2534.0569,0.0000,9,0,0
75.5286,-2.0460,-1.9287,0.1000,1.4837,0.0000,0.0000,-1943.1000,-1910.0000,0.1000,1.4790,0.0000,0.0000,2721.8425,0.0000,9,0,0
75.5303,-2.1443,-1.9478,0.1000,1.4856,0.0000,0.0000,-1943.1000,-1910.0000,0.1000,1.4790,0.0000,0.0000,2721.7590,0.0000,9,0,0
75.5319,-2.2388,-1.9843,0.1000,1.4877,0.0000,0.0000,-1943.1000,-1910.0000,0.1000,1.4790,0.0000,0.0000,2721.6661,0.0000,9,0,0
75.5336,-2.3333,-2.0207,0.1000,1.4897,0.0000,0.0000,-2439.5000,-2023.8000,0.1000,1.4790,0.0000,0.0000,3166.6027,0.0000,9,0,0
75.5354,-2.4211,-2.0737,0.1000,1.4917,0.0000,0.0000,-2439.5000,-2023.8000,0.1000,1.4860,0.0000,0.0000,3166.5013,0.0000,9,0,0
75.5371,-2.5088,-2.1267,0.1000,1.4937,0.0000,0.0000,-2439.5000,-2023.8000,0.1000,1.4860,0.0000,0.0000,3166.4000,0.0000,9,0,0
75.5388,-2.5869,-2.1950,0.1000,1.4958,0.0000,0.0000,-2622.2000,-2216.0000,0.1000,1.4860,0.0000,0.0000,3429.7675,0.0000,9,0,0
75.5406,-2.6650,-2.2633,0.1000,1.4978,0.0000,0.0000,-2622.2000,-2216.0000,0.1000,1.4931,0.0000,0.0000,3429.6638,0.0000,9,0,0
75.5423,-2.7307,-2.3451,0.1000,1.4999,0.0000,0.0000,-2622.2000,-2216.0000,0.1000,1.4931,0.0000,0.0000,3429.5608,0.0000,9,0,0
75.5441,-2.7964,-2.4269,0.1000,1.5020,0.0000,0.0000,-2622.2000,-2216.0000,0.1000,1.4931,0.0000,0.0000,3429.4578,0.0000,9,0,0
75.5458,-2.8475,-2.5200,0.1000,1.5041,0.0000,0.0000,-2790.8000,-2412.8000,0.1000,1.4995,0.0000,0.0000,3685.3940,0.0000,9,0,0
75.5476,-2.8985,-2.6131,0.1000,1.5062,0.0000,0.0000,-2790.8000,-2412.8000,0.1000,1.4995,0.0000,0.0000,3685.2945,0.0000,9,0,0
75.5494,-2.9329,-2.7148,0.1000,1.5083,0.0000,0.0000,-2790.8000,-2412.8000,0.1000,1.4995,0.0000,0.0000,3685.2020,0.0000,9,0,0
75.5512,-2.9673,-2.8164,0.1000,1.5105,0.0000,0.0000,-2933.0000,-2664.6000,0.1000,1.4995,0.0000,0.0000,3958.5582,0.0000,9,0,0
75.5530,-2.9837,-2.9238,0.1000,1.5126,0.0000,0.0000,-2933.0000,-2664.6000,0.1000,1.5073,0.0000,0.0000,3958.4740,0.0000,9,0,0
75.5549,-3.0000,-3.0311,0.1000,1.5148,0.0000,0.0000,-2933.0000,-2664.6000,0.1000,1.5073,0.0000,0.0000,3958.3897,0.0000,9,0,0
75.5567,-2.9973,-3.1408,0.1000,1.5169,0.0000,0.0000,-2997.0000,-3192.8000,0.1000,1.5073,0.0000,0.0000,4374.6974,0.0000,9,0,0
75.5585,-2.9947,-3.2506,0.1000,1.5191,0.0000,0.0000,-2997.0000,-3192.8000,0.1000,1.5138,0.0000,0.0000,4374.6192,0.0000,9,0,0
75.5604,-2.9727,-3.3593,0.1000,1.5213,0.0000,0.0000,-2997.0000,-3192.8000,0.1000,1.5138,0.0000,0.0000,4374.5550,0.0000,9,0,0
75.5622,-2.9507,-3.4681,0.1000,1.5235,0.0000,0.0000,-2951.0000,-3458.5000,0.1000,1.5138,0.0000,0.0000,4541.8322,0.0000,9,0,0
75.5641,-2.9097,-3.5725,0.1000,1.5258,0.0000,0.0000,-2951.0000,-3458.5000,0.1000,1.5207,0.0000,0.0000,4541.7794,0.0000,9,0,0
75.5660,-2.8686,-3.6769,0.1000,1.5280,0.0000,0.0000,-2951.0000,-3458.5000,0.1000,1.5207,0.0000,0.0000,4541.7267,0.0000,9,0,0
75.5679,-2.8094,-3.7736,0.1000,1.5302,0.0000,0.0000,-2951.0000,-3458.5000,0.1000,1.5207,0.0000,0.0000,4541.6916,0.0000,9,0,0
75.5698,-2.7501,-3.8703,0.1000,1.5325,0.0000,0.0000,-2826.7000,-3832.7000,0.1000,1.5207,0.0000,0.0000,4757.5866,0.0000,9,0,0
75.5717,-2.6741,-3.9561,0.1000,1.5347,0.0000,0.0000,-2826.7000,-3832.7000,0.1000,1.5293,0.0000,0.0000,4757.5626,0.0000,9,0,0
75.5736,-2.5981,-4.0418,0.1000,1.5370,0.0000,0.0000,-2826.7000,-3832.7000,0.1000,1.5293,0.0000,0.0000,4757.5387,0.0000,9,0,0
75.5756,-2.5074,-4.1138,0.1000,1.5393,0.0000,0.0000,-2826.7000,-3832.7000,0.1000,1.5293,0.0000,0.0000,4757.5347,0.0000,9,0,0
75.5775,-2.4167,-4.1858,0.1000,1.5416,0.0000,0.0000,-2507.5000,-4113.7000,0.1000,1.5293,0.0000,0.0000,4812.8525,0.0000,9,0,0
75.5795,-2.3137,-4.2414,0.1000,1.5439,0.0000,0.0000,-2507.5000,-4113.7000,0.1000,1.5293,0.0000,0.0000,4812.8586,0.0000,9,0,0
75.5814,-2.2108,-4.2971,0.1000,1.5463,0.0000,0.0000,-2507.5000,-4113.7000,0.1000,1.5293,0.0000,0.0000,4812.8647,0.0000,9,0,0
75.5834,-2.0986,-4.3343,0.1000,1.5486,0.0000,0.0000,-2050.1000,-4334.1000,0.1000,1.5293,0.0000,0.0000,4789.6953,0.0000,9,0,0
75.5854,-1.9864,-4.3715,0.1000,1.5509,0.0000,0.0000,-2050.1000,-4334.1000,0.1000,1.5374,0.0000,0.0000,4789.7096,0.0000,9,0,0
75.5874,-1.8682,-4.3888,0.1000,1.5533,0.0000,0.0000,-2050.1000,-4334.1000,0.1000,1.5374,0.0000,0.0000,4789.7445,0.0000,9,0,0
75.5894,-1.7500,-4.4061,0.1000,1.5557,0.0000,0.0000,-2050.1000,-4334.1000,0.1000,1.5374,0.0000,0.0000,4789.7794,0.0000,9,0,0
75.5914,-1.6294,-4.4025,0.1000,1.5581,0.0000,0.0000,-1607.9000,-4406.3000,0.1000,1.5527,0.0000,0.0000,4685.8091,0.0000,9,0,0
75.5934,-1.5088,-4.3989,0.1000,1.5605,0.0000,0.0000,-1607.9000,-4406.3000,0.1000,1.5527,0.0000,0.0000,4685.8538,0.0000,9,0,0
75.5955,-1.3895,-4.3741,0.1000,1.5629,0.0000,0.0000,-1607.9000,-4406.3000,0.1000,1.5527,0.0000,0.0000,4685.9180,0.0000,9,0,0
75.5975,-1.2702,-4.3493,0.1000,1.5653,0.0000,0.0000,-1380.4000,-4364.4000,0.1000,1.5527,0.0000,0.0000,4572.9685,0.0000,9,0,0
75.5996,-1.1559,-4.3036,0.1000,1.5677,0.0000,0.0000,-1380.4000,-4364.4000,0.1000,1.5623,0.0000,0.0000,4573.0465,0.0000,9,0,0
75.6016,-1.0417,-4.2580,0.1000,1.5702,0.0000,0.0000,-1380.4000,-4364.4000,0.1000,1.5623,0.0000,0.0000,4573.1245,0.0000,9,0,0
75.6037,-0.9361,-4.1925,0.1000,1.5726,0.0000,0.0000,-1380.4000,-4364.4000,0.1000,1.5623,0.0000,0.0000,4573.2188,0.0000,9,0,0
75.6058,-0.8305,-4.1270,0.1000,1.5751,0.0000,0.0000,-935.0000,-4189.6000,0.1000,1.5623,0.0000,0.0000,4288.4563,0.0000,9,0,0
75.6079,-0.7370,-4.0433,0.1000,1.5776,0.0000,0.0000,-935.0000,-4189.6000,0.1000,1.5715,0.0000,0.0000,4288.5583,0.0000,9,0,0
75.6100,-0.6435,-3.9596,0.1000,1.5801,0.0000,0.0000,-935.0000,-4189.6000,0.1000,1.5715,0.0000,0.0000,4288.6604,0.0000,9,0,0
75.6121,-0.5653,-3.8599,0.1000,1.5826,0.0000,0.0000,-566.9000,-3777.8000,0.1000,1.5715,0.0000,0.0000,3816.1969,0.0000,9,0,0
75.6142,-0.4870,-3.7603,0.1000,1.5851,0.0000,0.0000,-566.9000,-3777.8000,0.1000,1.5790,0.0000,0.0000,3816.3071,0.0000,9,0,0
75.6164,-0.4268,-3.6474,0.1000,1.5876,0.0000,0.0000,-566.9000,-3777.8000,0.1000,1.5790,0.0000,0.0000,3816.4276,0.0000,9,0,0
75.6185,-0.3666,-3.5346,0.1000,1.5902,0.0000,0.0000,-566.9000,-3777.8000,0.1000,1.5790,0.0000,0.0000,3816.5481,0.0000,9,0,0
75.6207,-0.3265,-3.4119,0.1000,1.5927,0.0000,0.0000,-367.0000,-3535.0000,0.1000,1.5790,0.0000,0.0000,3550.5724,0.0000,9,0,0
75.6229,-0.2865,-3.2891,0.1000,1.5953,0.0000,0.0000,-367.0000,-3535.0000,0.1000,1.5790,0.0000,0.0000,3550.6986,0.0000,9,0,0
75.6250,-0.2682,-3.1601,0.1000,1.5979,0.0000,0.0000,-367.0000,-3535.0000,0.1000,1.5790,0.0000,0.0000,3550.8288,0.0000,9,0,0
75.6272,-0.2500,-3.0311,0.1000,1.6005,0.0000,0.0000,-250.0000,-3031.0000,0.1000,1.5790,0.0000,0.0000,3038.2513,0.0000,9,0,0
75.6440,0.7500,-3.0311,0.1000,1.6203,0.0000,0.0000,-250.0000,-3031.0000,0.1000,1.5860,0.0000,0.0000,3038.3336,0.0000,9,0,0
75.6607,1.7500,-3.0311,0.1000,1.6401,0.0000,0.0000,-250.0000,-3031.0000,0.1000,1.5860,0.0000,0.0000,3038.4163,0.0000,9,0,0
75.6608,1.7568,-3.0299,0.1000,1.6403,0.0000,0.0000,-250.0000,-3031.0000,0.1000,1.5860,0.0000,0.0000,3038.4181,0.0000,9,0,0
75.6609,1.7637,-3.0287,0.1000,1.6404,0.0000,0.0000,2019.2000,-3029.2000,0.1000,1.5860,0.0000,0.0000,3636.9991,0.0000,9,0,0
75.6611,1.7699,-3.0251,0.1000,1.6405,0.0000,0.0000,2019.2000,-3029.2000,0.1000,1.6389,0.0000,0.0000,3636.9986,0.0000,9,0,0
75.6612,1.7761,-3.0216,0.1000,1.6407,0.0000,0.0000,1779.8000,-3021.4000,0.1000,1.6389,0.0000,0.0000,3503.1382,0.0000,9,0,0
75.6613,1.7811,-3.0159,0.1000,1.6408,0.0000,0.0000,1779.8000,-3021.4000,0.1000,1.6405,0.0000,0.0000,3503.1405,0.0000,9,0,0
75.6614,1.7861,-3.0103,0.1000,1.6410,0.0000,0.0000,1779.8000,-3021.4000,0.1000,1.6405,0.0000,0.0000,3503.1429,0.0000,9,0,0
75.6616,1.7893,-3.0028,0.1000,1.6411,0.0000,0.0000,1790.8000,-3003.0000,0.1000,1.6405,0.0000,0.0000,3492.9275,0.0000,9,0,0
75.6617,1.7926,-2.9954,0.1000,1.6413,0.0000,0.0000,1790.8000,-3003.0000,0.1000,1.6409,0.0000,0.0000,3492.9322,0.0000,9,0,0
75.6619,1.7936,-2.9866,0.1000,1.6415,0.0000,0.0000,1790.8000,-3003.0000,0.1000,1.6409,0.0000,0.0000,3492.9392,0.0000,9,0,0
75.6620,1.7946,-2.9779,0.1000,1.6416,0.0000,0.0000,1790.8000,-3003.0000,0.1000,1.6409,0.0000,0.0000,3492.9462,0.0000,9,0,0
75.6622,1.7932,-2.9684,0.1000,1.6418,0.0000,0.0000,1795.0000,-2968.2000,0.1000,1.6414,0.0000,0.0000,3465.2834,0.0000,9,0,0
75.6623,1.7917,-2.9589,0.1000,1.6420,0.0000,0.0000,1795.0000,-2968.2000,0.1000,1.6414,0.0000,0.0000,3465.2923,0.0000,9,0,0
75.6625,1.7875,-2.9493,0.1000,1.6422,0.0000,0.0000,1795.0000,-2968.2000,0.1000,1.6414,0.0000,0.0000,3465.3027,0.0000,9,0,0
75.6627,1.7833,-2.9397,0.1000,1.6424,0.0000,0.0000,1785.2000,-2948.1000,0.1000,1.6420,0.0000,0.0000,3443.0429,0.0000,9,0,0
75.6629,1.7763,-2.9307,0.1000,1.6427,0.0000,0.0000,1785.2000,-2948.1000,0.1000,1.6420,0.0000,0.0000,3443.0542,0.0000,9,0,0
75.6631,1.7693,-2.9217,0.1000,1.6429,0.0000,0.0000,1761.6000,-2922.3000,0.1000,1.6420,0.0000,0.0000,3408.7790,0.0000,9,0,0
75.6633,1.7596,-2.9139,0.1000,1.6431,0.0000,0.0000,1761.6000,-2922.3000,0.1000,1.6420,0.0000,0.0000,3408.7906,0.0000,9,0,0
75.6635,1.7500,-2.9061,0.1000,1.6434,0.0000,0.0000,1761.6000,-2922.3000,0.1000,1.6426,0.0000,0.0000,3408.8023,0.0000,9,0,0
75.6637,1.7379,-2.9002,0.1000,1.6437,0.0000,0.0000,1761.6000,-2922.3000,0.1000,1.6426,0.0000,0.0000,3408.8135,0.0000,9,0,0
75.6639,1.7259,-2.8943,0.1000,1.6439,0.0000,0.0000,1761.6000,-2922.3000,0.1000,1.6426,0.0000,0.0000,3408.8248,0.0000,9,0,0
75.6642,1.7118,-2.8909,0.1000,1.6442,0.0000,0.0000,1569.5000,-2893.9000,0.1000,1.6426,0.0000,0.0000,3288.7525,0.0000,9,0,0
75.6644,1.6977,-2.8875,0.1000,1.6445,0.0000,0.0000,1569.5000,-2893.9000,0.1000,1.6426,0.0000,0.0000,3288.7622,0.0000,9,0,0
75.6647,1.6822,-2.8871,0.1000,1.6448,0.0000,0.0000,1569.5000,-2893.9000,0.1000,1.6426,0.0000,0.0000,3288.7700,0.0000,9,0,0
75.6649,1.6667,-2.8868,0.1000,1.6451,0.0000,0.0000,1569.5000,-2893.9000,0.1000,1.6426,0.0000,0.0000,3288.7777,0.0000,9,0,0
75.6652,1.6503,-2.8898,0.1000,1.6454,0.0000,0.0000,1568.2000,-2904.4000,0.1000,1.6426,0.0000,0.0000,3297.3989,0.0000,9,0,0
75.6655,1.6339,-2.8928,0.1000,1.6458,0.0000,0.0000,1568.2000,-2904.4000,0.1000,1.6439,0.0000,0.0000,3297.4040,0.0000,9,0,0
75.6658,1.6175,-2.8994,0.1000,1.6461,0.0000,0.0000,1568.2000,-2904.4000,0.1000,1.6439,0.0000,0.0000,3297.4060,0.0000,9,0,0
75.6661,1.6010,-2.9061,0.1000,1.6465,0.0000,0.0000,1601.4000,-2903.7000,0.1000,1.6439,0.0000,0.0000,3312.6971,0.0000,9,0,0
75.6664,1.5853,-2.9165,0.1000,1.6469,0.0000,0.0000,1601.4000,-2903.7000,0.1000,1.6460,0.0000,0.0000,3312.6956,0.0000,9,0,0
75.6667,1.5696,-2.9269,0.1000,1.6472,0.0000,0.0000,1601.4000,-2903.7000,0.1000,1.6460,0.0000,0.0000,3312.6940,0.0000,9,0,0
75.6670,1.5554,-2.9410,0.1000,1.6476,0.0000,0.0000,1601.4000,-2903.7000,0.1000,1.6460,0.0000,0.0000,3312.6886,0.0000,9,0,0
75.6674,1.5412,-2.9551,0.1000,1.6480,0.0000,0.0000,1557.7000,-2939.4000,0.1000,1.6460,0.0000,0.0000,3323.3024,0.0000,9,0,0
75.6677,1.5293,-2.9726,0.1000,1.6484,0.0000,0.0000,1557.7000,-2939.4000,0.1000,1.6475,0.0000,0.0000,3323.2925,0.0000,9,0,0
75.6681,1.5175,-2.9901,0.1000,1.6489,0.0000,0.0000,1557.7000,-2939.4000,0.1000,1.6475,0.0000,0.0000,3323.2826,0.0000,9,0,0
75.6685,1.5087,-3.0106,0.1000,1.6493,0.0000,0.0000,1508.8000,-3014.3000,0.1000,1.6475,0.0000,0.0000,3367.4606,0.0000,9,0,0
75.6688,1.5000,-3.0311,0.1000,1.6497,0.0000,0.0000,1508.8000,-3014.3000,0.1000,1.6487,0.0000,0.0000,3367.4462,0.0000,9,0,0
75.6692,1.4951,-3.0540,0.1000,1.6502,0.0000,0.0000,1508.8000,-3014.3000,0.1000,1.6487,0.0000,0.0000,3367.4279,0.0000,9,0,0
75.6696,1.4901,-3.0769,0.1000,1.6507,0.0000,0.0000,1490.0000,-3080.0000,0.1000,1.6487,0.0000,0.0000,3418.0575,0.0000,9,0,0
75.6700,1.4895,-3.1015,0.1000,1.6512,0.0000,0.0000,1490.0000,-3080.0000,0.1000,1.6501,0.0000,0.0000,3418.0357,0.0000,9,0,0
75.6704,1.4890,-3.1261,0.1000,1.6516,0.0000,0.0000,1490.0000,-3080.0000,0.1000,1.6501,0.0000,0.0000,3418.0138,0.0000,9,0,0
75.6709,1.4932,-3.1515,0.1000,1.6522,0.0000,0.0000,1491.9000,-3110.2000,0.1000,1.6501,0.0000,0.0000,3446.0213,0.0000,9,0,0
75.6713,1.4974,-3.1769,0.1000,1.6527,0.0000,0.0000,1491.9000,-3110.2000,0.1000,1.6515,0.0000,0.0000,3445.9966,0.0000,9,0,0
75.6718,1.5067,-3.2022,0.1000,1.6532,0.0000,0.0000,1491.9000,-3110.2000,0.1000,1.6515,0.0000,0.0000,3445.9698,0.0000,9,0,0
75.6722,1.5159,-3.2275,0.1000,1.6537,0.0000,0.0000,1516.1000,-3222.2000,0.1000,1.6515,0.0000,0.0000,3557.4919,0.0000,9,0,0
75.6727,1.5303,-3.2516,0.1000,1.6543,0.0000,0.0000,1516.1000,-3222.2000,0.1000,1.6530,0.0000,0.0000,3557.4640,0.0000,9,0,0
75.6731,1.5447,-3.2758,0.1000,1.6548,0.0000,0.0000,1516.1000,-3222.2000,0.1000,1.6530,0.0000,0.0000,3557.4360,0.0000,9,0,0
75.6736,1.5640,-3.2978,0.1000,1.6554,0.0000,0.0000,1516.1000,-3222.2000,0.1000,1.6530,0.0000,0.0000,3557.4079,0.0000,9,0,0
75.6741,1.5833,-3.3198,0.1000,1.6560,0.0000,0.0000,1564.2000,-3299.3000,0.1000,1.6530,0.0000,0.0000,3647.6371,0.0000,9,0,0
75.6746,1.6073,-3.3386,0.1000,1.6566,0.0000,0.0000,1564.2000,-3299.3000,0.1000,1.6555,0.0000,0.0000,3647.6099,0.0000,9,0,0
75.6751,1.6312,-3.3574,0.1000,1.6572,0.0000,0.0000,1564.2000,-3299.3000,0.1000,1.6555,0.0000,0.0000,3647.5826,0.0000,9,0,0
75.6757,1.6593,-3.3720,0.1000,1.6578,0.0000,0.0000,1564.2000,-3299.3000,0.1000,1.6555,0.0000,0.0000,3647.5574,0.0000,9,0,0
75.6762,1.6873,-3.3867,0.1000,1.6585,0.0000,0.0000,1654.3000,-3372.0000,0.1000,1.6555,0.0000,0.0000,3752.1573,0.0000,9,0,0
75.6768,1.7186,-3.3964,0.1000,1.6591,0.0000,0.0000,1654.3000,-3372.0000,0.1000,1.6576,0.0000,0.0000,3752.1348,0.0000,9,0,0
75.6773,1.7500,-3.4061,0.1000,1.6598,0.0000,0.0000,1654.3000,-3372.0000,0.1000,1.6576,0.0000,0.0000,3752.1123,0.0000,9,0,0
75.6779,1.7838,-3.4101,0.1000,1.6604,0.0000,0.0000,1654.3000,-3372.0000,0.1000,1.6576,0.0000,0.0000,3752.0938,0.0000,9,0,0
75.6784,1.8175,-3.4141,0.1000,1.6611,0.0000,0.0000,1817.0000,-3414.0000,0.1000,1.6576,0.0000,0.0000,3863.5455,0.0000,9,0,0
75.6790,1.8526,-3.4118,0.1000,1.6618,0.0000,0.0000,1817.0000,-3414.0000,0.1000,1.6597,0.0000,0.0000,3863.5310,0.0000,9,0,0
75.6796,1.8878,-3.4096,0.1000,1.6625,0.0000,0.0000,1817.0000,-3414.0000,0.1000,1.6597,0.0000,0.0000,3863.5165,0.0000,9,0,0
75.6802,1.9230,-3.4008,0.1000,1.6632,0.0000,0.0000,1817.0000,-3414.0000,0.1000,1.6597,0.0000,0.0000,3863.5077,0.0000,9,0,0
75.6808,1.9583,-3.3919,0.1000,1.6640,0.0000,0.0000,2025.8000,-3400.2000,0.1000,1.6623,0.0000,0.0000,3954.0157,0.0000,9,0,0
75.6815,1.9925,-3.3764,0.1000,1.6647,0.0000,0.0000,2025.8000,-3400.2000,0.1000,1.6623,0.0000,0.0000,3954.0115,0.0000,9,0,0
75.6821,2.0268,-3.3609,0.1000,1.6654,0.0000,0.0000,2025.8000,-3400.2000,0.1000,1.6623,0.0000,0.0000,3954.0073,0.0000,9,0,0
75.6827,2.0586,-3.3388,0.1000,1.6662,0.0000,0.0000,2154.1000,-3307.8000,0.1000,1.6623,0.0000,0.0000,3943.4434,0.0000,9,0,0
75.6834,2.0905,-3.3168,0.1000,1.6670,0.0000,0.0000,2154.1000,-3307.8000,0.1000,1.6650,0.0000,0.0000,3943.4445,0.0000,9,0,0
75.6841,2.1187,-3.2885,0.1000,1.6678,0.0000,0.0000,2154.1000,-3307.8000,0.1000,1.6650,0.0000,0.0000,3943.4528,0.0000,9,0,0
75.6847,2.1469,-3.2603,0.1000,1.6686,0.0000,0.0000,2147.0000,-3260.0000,0.1000,1.6650,0.0000,0.0000,3899.5831,0.0000,9,0,0
75.6854,2.1703,-3.2264,0.1000,1.6694,0.0000,0.0000,2147.0000,-3260.0000,0.1000,1.6676,0.0000,0.0000,3899.5985,0.0000,9,0,0
75.6861,2.1937,-3.1926,0.1000,1.6702,0.0000,0.0000,2147.0000,-3260.0000,0.1000,1.6676,0.0000,0.0000,3899.6139,0.0000,9,0,0
75.6868,2.2112,-3.1540,0.1000,1.6710,0.0000,0.0000,2210.7000,-3121.4000,0.1000,1.6676,0.0000,0.0000,3821.1098,0.0000,9,0,0
75.6875,2.2287,-3.1155,0.1000,1.6719,0.0000,0.0000,2210.7000,-3121.4000,0.1000,1.6699,0.0000,0.0000,3821.1312,0.0000,9,0,0
75.6883,2.2394,-3.0733,0.1000,1.6727,0.0000,0.0000,2210.7000,-3121.4000,0.1000,1.6699,0.0000,0.0000,3821.1595,0.0000,9,0,0
75.6890,2.2500,-3.0311,0.1000,1.6736,0.0000,0.0000,2210.7000,-3121.4000,0.1000,1.6699,0.0000,0.0000,3821.1878,0.0000,9,0,0
75.6897,2.2530,-2.9865,0.1000,1.6745,0.0000,0.0000,2253.1000,-2975.9000,0.1000,1.6699,0.0000,0.0000,3728.8774,0.0000,9,0,0
75.6905,2.2561,-2.9419,0.1000,1.6754,0.0000,0.0000,2253.1000,-2975.9000,0.1000,1.6729,0.0000,0.0000,3728.9112,0.0000,9,0,0
75.6913,2.2510,-2.8962,0.1000,1.6763,0.0000,0.0000,2253.1000,-2975.9000,0.1000,1.6729,0.0000,0.0000,3728.9506,0.0000,9,0,0
75.6920,2.2459,-2.8506,0.1000,1.6772,0.0000,0.0000,2253.1000,-2975.9000,0.1000,1.6729,0.0000,0.0000,3728.9901,0.0000,9,0,0
75.6928,2.2325,-2.8054,0.1000,1.6781,0.0000,0.0000,2246.0000,-2851.0000,0.1000,1.6729,0.0000,0.0000,3625.8385,0.0000,9,0,0
75.6936,2.2191,-2.7603,0.1000,1.6791,0.0000,0.0000,2246.0000,-2851.0000,0.1000,1.6770,0.0000,0.0000,3625.8823,0.0000,9,0,0
75.6944,2.1973,-2.7171,0.1000,1.6800,0.0000,0.0000,2246.0000,-2851.0000,0.1000,1.6770,0.0000,0.0000,3625.9296,0.0000,9,0,0
75.6952,2.1756,-2.6740,0.1000,1.6810,0.0000,0.0000,2176.0000,-2657.8000,0.1000,1.6770,0.0000,0.0000,3431.5021,0.0000,9,0,0
75.6960,2.1458,-2.6344,0.1000,1.6820,0.0000,0.0000,2176.0000,-2657.8000,0.1000,1.6799,0.0000,0.0000,3431.5516,0.0000,9,0,0
75.6969,2.1160,-2.5949,0.1000,1.6829,0.0000,0.0000,2176.0000,-2657.8000,0.1000,1.6799,0.0000,0.0000,3431.6011,0.0000,9,0,0
75.6977,2.0788,-2.5604,0.1000,1.6840,0.0000,0.0000,2176.0000,-2657.8000,0.1000,1.6799,0.0000,0.0000,3431.6513,0.0000,9,0,0
75.6986,2.0417,-2.5259,0.1000,1.6850,0.0000,0.0000,2176.0000,-2657.8000,0.1000,1.6799,0.0000,0.0000,3431.7015,0.0000,9,0,0
75.6994,1.9980,-2.4979,0.1000,1.6860,0.0000,0.0000,2023.5000,-2526.9000,0.1000,1.6836,0.0000,0.0000,3234.0495,0.0000,9,0,0
75.7003,1.9543,-2.4699,0.1000,1.6870,0.0000,0.0000,2023.5000,-2526.9000,0.1000,1.6836,0.0000,0.0000,3234.0987,0.0000,9,0,0
75.7012,1.9052,-2.4496,0.1000,1.6881,0.0000,0.0000,2023.5000,-2526.9000,0.1000,1.6836,0.0000,0.0000,3234.1453,0.0000,9,0,0
75.7021,1.8561,-2.4293,0.1000,1.6891,0.0000,0.0000,1897.1000,-2442.1000,0.1000,1.6836,0.0000,0.0000,3089.3272,0.0000,9,0,0
75.7030,1.8031,-2.4177,0.1000,1.6902,0.0000,0.0000,1897.1000,-2442.1000,0.1000,1.6868,0.0000,0.0000,3089.3689,0.0000,9,0,0
75.7039,1.7500,-2.4061,0.1000,1.6913,0.0000,0.0000,1897.1000,-2442.1000,0.1000,1.6868,0.0000,0.0000,3089.4106,0.0000,9,0,0
75.7048,1.6945,-2.4040,0.1000,1.6924,0.0000,0.0000,1897.1000,-2442.1000,0.1000,1.6868,0.0000,0.0000,3089.4463,0.0000,9,0,0
75.7058,1.6391,-2.4019,0.1000,1.6935,0.0000,0.0000,1897.1000,-2442.1000,0.1000,1.6868,0.0000,0.0000,3089.4820,0.0000,9,0,0
75.7067,1.5829,-2.4098,0.1000,1.6946,0.0000,0.0000,1457.2000,-2419.7000,0.1000,1.6868,0.0000,0.0000,2821.7217,0.0000,9,0,0
75.7077,1.5267,-2.4177,0.1000,1.6957,0.0000,0.0000,1457.2000,-2419.7000,0.1000,1.6924,0.0000,0.0000,2821.7439,0.0000,9,0,0
75.7086,1.4717,-2.4357,0.1000,1.6969,0.0000,0.0000,1457.2000,-2419.7000,0.1000,1.6924,0.0000,0.0000,2821.7568,0.0000,9,0,0
75.7096,1.4167,-2.4537,0.1000,1.6980,0.0000,0.0000,1457.2000,-2419.7000,0.1000,1.6924,0.0000,0.0000,2821.7698,0.0000,9,0,0
75.7106,1.3646,-2.4817,0.1000,1.6992,0.0000,0.0000,1419.1000,-2453.1000,0.1000,1.6924,0.0000,0.0000,2831.1665,0.0000,9,0,0
75.7116,1.3125,-2.5098,0.1000,1.7004,0.0000,0.0000,1419.1000,-2453.1000,0.1000,1.6975,0.0000,0.0000,2831.1683,0.0000,9,0,0
75.7126,1.2653,-2.5472,0.1000,1.7016,0.0000,0.0000,1419.1000,-2453.1000,0.1000,1.6975,0.0000,0.0000,2831.1595,0.0000,9,0,0
75.7136,1.2180,-2.5847,0.1000,1.7028,0.0000,0.0000,1217.3000,-2587.1000,0.1000,1.6975,0.0000,0.0000,2856.3219,0.0000,9,0,0
75.7146,1.1773,-2.6308,0.1000,1.7040,0.0000,0.0000,1217.3000,-2587.1000,0.1000,1.7010,0.0000,0.0000,2856.2975,0.0000,9,0,0
75.7157,1.1366,-2.6769,0.1000,1.7052,0.0000,0.0000,1217.3000,-2587.1000,0.1000,1.7010,0.0000,0.0000,2856.2731,0.0000,9,0,0
75.7167,1.1039,-2.7305,0.1000,1.7064,0.0000,0.0000,1106.2000,-2729.9000,0.1000,1.7010,0.0000,0.0000,2942.5653,0.0000,9,0,0
75.7178,1.0713,-2.7841,0.1000,1.7077,0.0000,0.0000,1106.2000,-2729.9000,0.1000,1.7049,0.0000,0.0000,2942.5279,0.0000,9,0,0
75.7188,1.0482,-2.8437,0.1000,1.7090,0.0000,0.0000,1106.2000,-2729.9000,0.1000,1.7049,0.0000,0.0000,2942.4814,0.0000,9,0,0
75.7199,1.0251,-2.9033,0.1000,1.7102,0.0000,0.0000,1106.2000,-2729.9000,0.1000,1.7049,0.0000,0.0000,2942.4348,0.0000,9,0,0
75.7210,1.0125,-2.9672,0.1000,1.7115,0.0000,0.0000,1106.2000,-2729.9000,0.1000,1.7049,0.0000,0.0000,2942.3803,0.0000,9,0,0
75.7221,1.0000,-3.0311,0.1000,1.7128,0.0000,0.0000,1013.0000,-2960.9000,0.1000,1.7094,0.0000,0.0000,3126.2010,0.0000,9,0,0
75.7232,0.9989,-3.0974,0.1000,1.7141,0.0000,0.0000,1013.0000,-2960.9000,0.1000,1.7094,0.0000,0.0000,3126.1386,0.0000,9,0,0
75.7243,0.9977,-3.1637,0.1000,1.7154,0.0000,0.0000,1013.0000,-2960.9000,0.1000,1.7094,0.0000,0.0000,3126.0762,0.0000,9,0,0
75.7254,1.0084,-3.2304,0.1000,1.7168,0.0000,0.0000,1013.0000,-2960.9000,0.1000,1.7094,0.0000,0.0000,3126.0096,0.0000,9,0,0
75.7266,1.0191,-3.2971,0.1000,1.7181,0.0000,0.0000,1007.9000,-3237.7000,0.1000,1.7146,0.0000,0.0000,3387.5022,0.0000,9,0,0
75.7277,1.0418,-3.3620,0.1000,1.7195,0.0000,0.0000,1007.9000,-3237.7000,0.1000,1.7146,0.0000,0.0000,3387.4335,0.0000,9,0,0
75.7289,1.0644,-3.4269,0.1000,1.7208,0.0000,0.0000,1007.9000,-3237.7000,0.1000,1.7146,0.0000,0.0000,3387.3648,0.0000,9,0,0
75.7300,1.0987,-3.4879,0.1000,1.7222,0.0000,0.0000,1063.9000,-3418.3000,0.1000,1.7146,0.0000,0.0000,3576.3792,0.0000,9,0,0
75.7312,1.1329,-3.5489,0.1000,1.7236,0.0000,0.0000,1063.9000,-3418.3000,0.1000,1.7205,0.0000,0.0000,3576.3108,0.0000,9,0,0
75.7324,1.1781,-3.6039,0.1000,1.7250,0.0000,0.0000,1063.9000,-3418.3000,0.1000,1.7205,0.0000,0.0000,3576.2449,0.0000,9,0,0
75.7336,1.2233,-3.6588,0.1000,1.7264,0.0000,0.0000,1230.4000,-3681.1000,0.1000,1.7205,0.0000,0.0000,3877.4282,0.0000,9,0,0
75.7348,1.2783,-3.7058,0.1000,1.7279,0.0000,0.0000,1230.4000,-3681.1000,0.1000,1.7252,0.0000,0.0000,3877.3662,0.0000,9,0,0
75.7360,1.3333,-3.7528,0.1000,1.7293,0.0000,0.0000,1230.4000,-3681.1000,0.1000,1.7252,0.0000,0.0000,3877.3041,0.0000,9,0,0
75.7373,1.3968,-3.7900,0.1000,1.7308,0.0000,0.0000,1230.4000,-3681.1000,0.1000,1.7252,0.0000,0.0000,3877.2487,0.0000,9,0,0
75.7385,1.4602,-3.8272,0.1000,1.7322,0.0000,0.0000,1418.5000,-3810.1000,0.1000,1.7252,0.0000,0.0000,4061.4916,0.0000,9,0,0
75.7397,1.5304,-3.8532,0.1000,1.7337,0.0000,0.0000,1418.5000,-3810.1000,0.1000,1.7301,0.0000,0.0000,4061.4428,0.0000,9,0,0
75.7410,1.6005,-3.8791,0.1000,1.7352,0.0000,0.0000,1418.5000,-3810.1000,0.1000,1.7301,0.0000,0.0000,4061.3941,0.0000,9,0,0
75.7423,1.6752,-3.8926,0.1000,1.7367,0.0000,0.0000,1708.1000,-3893.2000,0.1000,1.7301,0.0000,0.0000,4247.1870,0.0000,9,0,0
75.7435,1.7500,-3.9061,0.1000,1.7382,0.0000,0.0000,1708.1000,-3893.2000,0.1000,1.7345,0.0000,0.0000,4247.1446,0.0000,9,0,0
75.7448,1.8272,-3.9063,0.1000,1.7397,0.0000,0.0000,1708.1000,-3893.2000,0.1000,1.7345,0.0000,0.0000,4247.1134,0.0000,9,0,0
75.7461,1.9044,-3.9065,0.1000,1.7413,0.0000,0.0000,1708.1000,-3893.2000,0.1000,1.7345,0.0000,0.0000,4247.0823,0.0000,9,0,0
75.7474,1.9816,-3.8929,0.1000,1.7428,0.0000,0.0000,2107.9000,-3887.7000,0.1000,1.7345,0.0000,0.0000,4418.0142,0.0000,9,0,0
75.7487,2.0588,-3.8794,0.1000,1.7444,0.0000,0.0000,2107.9000,-3887.7000,0.1000,1.7405,0.0000,0.0000,4417.9893,0.0000,9,0,0
75.7501,2.1336,-3.8522,0.1000,1.7460,0.0000,0.0000,2107.9000,-3887.7000,0.1000,1.7405,0.0000,0.0000,4417.9776,0.0000,9,0,0
75.7514,2.2083,-3.8249,0.1000,1.7475,0.0000,0.0000,2107.9000,-3887.7000,0.1000,1.7405,0.0000,0.0000,4417.9659,0.0000,9,0,0
75.7528,2.2782,-3.7844,0.1000,1.7491,0.0000,0.0000,2213.9000,-3825.1000,0.1000,1.7453,0.0000,0.0000,4415.1697,0.0000,9,0,0
75.7541,2.3481,-3.7439,0.1000,1.7507,0.0000,0.0000,2213.9000,-3825.1000,0.1000,1.7453,0.0000,0.0000,4415.1697,0.0000,9,0,0
75.7555,2.4108,-3.6911,0.1000,1.7524,0.0000,0.0000,2406.1000,-3691.0000,0.1000,1.7453,0.0000,0.0000,4401.5871,0.0000,9,0,0
75.7569,2.4735,-3.6382,0.1000,1.7540,0.0000,0.0000,2406.1000,-3691.0000,0.1000,1.7504,0.0000,0.0000,4401.5972,0.0000,9,0,0
75.7583,2.5267,-3.5742,0.1000,1.7556,0.0000,0.0000,2406.1000,-3691.0000,0.1000,1.7504,0.0000,0.0000,4401.6217,0.0000,9,0,0
75.7597,2.5799,-3.5103,0.1000,1.7573,0.0000,0.0000,2582.8000,-3497.0000,0.1000,1.7504,0.0000,0.0000,4343.0411,0.0000,9,0,0
75.7611,2.6218,-3.4369,0.1000,1.7590,0.0000,0.0000,2582.8000,-3497.0000,0.1000,1.7550,0.0000,0.0000,4343.0753,0.0000,9,0,0
75.7625,2.6636,-3.3636,0.1000,1.7606,0.0000,0.0000,2582.8000,-3497.0000,0.1000,1.7550,0.0000,0.0000,4343.1094,0.0000,9,0,0
75.7639,2.6924,-3.2830,0.1000,1.7623,0.0000,0.0000,2582.8000,-3497.0000,0.1000,1.7550,0.0000,0.0000,4343.1572,0.0000,9,0,0
75.7653,2.7211,-3.2023,0.1000,1.7640,0.0000,0.0000,2715.3000,-3241.3000,0.1000,1.7550,0.0000,0.0000,4224.1402,0.0000,9,0,0
75.7668,2.7356,-3.1167,0.1000,1.7657,0.0000,0.0000,2715.3000,-3241.3000,0.1000,1.7616,0.0000,0.0000,4224.1966,0.0000,9,0,0
75.7683,2.7500,-3.0311,0.1000,1.7675,0.0000,0.0000,2715.3000,-3241.3000,0.1000,1.7616,0.0000,0.0000,4224.2530,0.0000,9,0,0
75.7697,2.7492,-2.9431,0.1000,1.7692,0.0000,0.0000,2749.0000,-2901.9000,0.1000,1.7616,0.0000,0.0000,3993.2248,0.0000,9,0,0
75.7712,2.7485,-2.8550,0.1000,1.7710,0.0000,0.0000,2749.0000,-2901.9000,0.1000,1.7669,0.0000,0.0000,3993.2893,0.0000,9,0,0
75.7727,2.7321,-2.7673,0.1000,1.7727,0.0000,0.0000,2749.0000,-2901.9000,0.1000,1.7669,0.0000,0.0000,3993.3642,0.0000,9,0,0
75.7742,2.7158,-2.6796,0.1000,1.7745,0.0000,0.0000,2715.5000,-2518.3000,0.1000,1.7669,0.0000,0.0000,3699.6681,0.0000,9,0,0
75.7757,2.6840,-2.5949,0.1000,1.7763,0.0000,0.0000,2715.5000,-2518.3000,0.1000,1.7720,0.0000,0.0000,3699.7490,0.0000,9,0,0
75.7772,2.6521,-2.5103,0.1000,1.7781,0.0000,0.0000,2715.5000,-2518.3000,0.1000,1.7720,0.0000,0.0000,3699.8300,0.0000,9,0,0
75.7788,2.6054,-2.4314,0.1000,1.7799,0.0000,0.0000,2715.5000,-2518.3000,0.1000,1.7720,0.0000,0.0000,3699.9178,0.0000,9,0,0
75.7803,2.5586,-2.3526,0.1000,1.7817,0.0000,0.0000,2598.2000,-2437.5000,0.1000,1.7720,0.0000,0.0000,3559.1147,0.0000,9,0,0
75.7818,2.4980,-2.2822,0.1000,1.7836,0.0000,0.0000,2598.2000,-2437.5000,0.1000,1.7792,0.0000,0.0000,3559.2070,0.0000,9,0,0
75.7834,2.4374,-2.2118,0.1000,1.7854,0.0000,0.0000,2598.2000,-2437.5000,0.1000,1.7792,0.0000,0.0000,3559.2993,0.0000,9,0,0
75.7850,2.3645,-2.1524,0.1000,1.7873,0.0000,0.0000,2416.4000,-2151.9000,0.1000,1.7792,0.0000,0.0000,3232.4885,0.0000,9,0,0
75.7866,2.2917,-2.0929,0.1000,1.7891,0.0000,0.0000,2416.4000,-2151.9000,0.1000,1.7849,0.0000,0.0000,3232.5825,0.0000,9,0,0
75.7881,2.2085,-2.0465,0.1000,1.7910,0.0000,0.0000,2416.4000,-2151.9000,0.1000,1.7849,0.0000,0.0000,3232.6755,0.0000,9,0,0
75.7897,2.1253,-2.0000,0.1000,1.7929,0.0000,0.0000,1990.9000,-1949.3000,0.1000,1.7849,0.0000,0.0000,2783.3796,0.0000,9,0,0
75.7914,2.0341,-1.9684,0.1000,1.7948,0.0000,0.0000,1990.9000,-1949.3000,0.1000,1.7904,0.0000,0.0000,2783.4669,0.0000,9,0,0
75.7930,1.9429,-1.9369,0.1000,1.7967,0.0000,0.0000,1990.9000,-1949.3000,0.1000,1.7904,0.0000,0.0000,2783.5541,0.0000,9,0,0
75.7946,1.8465,-1.9215,0.1000,1.7987,0.0000,0.0000,1990.9000,-1949.3000,0.1000,1.7904,0.0000,0.0000,2783.6338,0.0000,9,0,0
75.7962,1.7500,-1.9061,0.1000,1.8006,0.0000,0.0000,1846.0000,-1921.0000,0.1000,1.7904,0.0000,0.0000,2661.6122,0.0000,9,0,0
75.7979,1.6511,-1.9078,0.1000,1.8026,0.0000,0.0000,1846.0000,-1921.0000,0.1000,1.7982,0.0000,0.0000,2661.6795,0.0000,9,0,0
75.7996,1.5522,-1.9095,0.1000,1.8045,0.0000,0.0000,1846.0000,-1921.0000,0.1000,1.7982,0.0000,0.0000,2661.7468,0.0000,9,0,0
75.8012,1.4540,-1.9287,0.1000,1.8065,0.0000,0.0000,1451.3000,-1929.0000,0.1000,1.7982,0.0000,0.0000,2411.5674,0.0000,9,0,0
75.8029,1.3557,-1.9478,0.1000,1.8085,0.0000,0.0000,1451.3000,-1929.0000,0.1000,1.8040,0.0000,0.0000,2411.6112,0.0000,9,0,0
75.8046,1.2612,-1.9843,0.1000,1.8105,0.0000,0.0000,1451.3000,-1929.0000,0.1000,1.8040,0.0000,0.0000,2411.6389,0.0000,9,0,0
75.8063,1.1667,-2.0207,0.1000,1.8125,0.0000,0.0000,1451.3000,-1929.0000,0.1000,1.8040,0.0000,0.0000,2411.6666,0.0000,9,0,0
75.8080,1.0789,-2.0737,0.1000,1.8146,0.0000,0.0000,1153.5000,-2023.7000,0.1000,1.8099,0.0000,0.0000,2327.0254,0.0000,9,0,0
75.8097,0.9912,-2.1267,0.1000,1.8166,0.0000,0.0000,1153.5000,-2023.7000,0.1000,1.8099,0.0000,0.0000,2327.0228,0.0000,9,0,0
75.8115,0.9131,-2.1950,0.1000,1.8186,0.0000,0.0000,1153.5000,-2023.7000,0.1000,1.8099,0.0000,0.0000,2327.0021,0.0000,9,0,0
75.8132,0.8350,-2.2633,0.1000,1.8207,0.0000,0.0000,893.1000,-2219.2000,0.1000,1.8099,0.0000,0.0000,2389.7584,0.0000,9,0,0
75.8150,0.7693,-2.3451,0.1000,1.8228,0.0000,0.0000,893.1000,-2219.2000,0.1000,1.8178,0.0000,0.0000,2389.7070,0.0000,9,0,0
75.8167,0.7036,-2.4269,0.1000,1.8249,0.0000,0.0000,893.1000,-2219.2000,0.1000,1.8178,0.0000,0.0000,2389.6557,0.0000,9,0,0
75.8185,0.6525,-2.5200,0.1000,1.8270,0.0000,0.0000,644.5000,-2675.7000,0.1000,1.8178,0.0000,0.0000,2749.6238,0.0000,9,0,0
75.8203,0.6015,-2.6131,0.1000,1.8291,0.0000,0.0000,644.5000,-2675.7000,0.1000,1.8244,0.0000,0.0000,2749.5452,0.0000,9,0,0
75.8221,0.5671,-2.7148,0.1000,1.8312,0.0000,0.0000,644.5000,-2675.7000,0.1000,1.8244,0.0000,0.0000,2749.4544,0.0000,9,0,0
75.8239,0.5327,-2.8164,0.1000,1.8333,0.0000,0.0000,644.5000,-2675.7000,0.1000,1.8244,0.0000,0.0000,2749.3636,0.0000,9,0,0
75.8257,0.5163,-2.9238,0.1000,1.8355,0.0000,0.0000,516.1000,-2988.6000,0.1000,1.8244,0.0000,0.0000,3029.8662,0.0000,9,0,0
75.8275,0.5000,-3.0311,0.1000,1.8376,0.0000,0.0000,516.1000,-2988.6000,0.1000,1.8326,0.0000,0.0000,3029.7632,0.0000,9,0,0
75.8293,0.5027,-3.1408,0.1000,1.8398,0.0000,0.0000,516.1000,-2988.6000,0.1000,1.8326,0.0000,0.0000,3029.6546,0.0000,9,0,0
75.8312,0.5053,-3.2506,0.1000,1.8420,0.0000,0.0000,505.1000,-3418.0000,0.1000,1.8326,0.0000,0.0000,3451.8299,0.0000,9,0,0
75.8330,0.5273,-3.3593,0.1000,1.8442,0.0000,0.0000,505.1000,-3418.0000,0.1000,1.8393,0.0000,0.0000,3451.7191,0.0000,9,0,0
75.8349,0.5493,-3.4681,0.1000,1.8464,0.0000,0.0000,505.1000,-3418.0000,0.1000,1.8393,0.0000,0.0000,3451.6082,0.0000,9,0,0
75.8368,0.5903,-3.5725,0.1000,1.8486,0.0000,0.0000,505.1000,-3418.0000,0.1000,1.8393,0.0000,0.0000,3451.4990,0.0000,9,0,0
75.8387,0.6314,-3.6769,0.1000,1.8508,0.0000,0.0000,600.6000,-3583.6000,0.1000,1.8393,0.0000,0.0000,3629.8501,0.0000,9,0,0
75.8406,0.6906,-3.7736,0.1000,1.8531,0.0000,0.0000,600.6000,-3583.6000,0.1000,1.8468,0.0000,0.0000,3629.7449,0.0000,9,0,0
75.8425,0.7499,-3.8703,0.1000,1.8553,0.0000,0.0000,600.6000,-3583.6000,0.1000,1.8468,0.0000,0.0000,3629.6398,0.0000,9,0,0
75.8444,0.8259,-3.9561,0.1000,1.8576,0.0000,0.0000,600.6000,-3583.6000,0.1000,1.8468,0.0000,0.0000,3629.5426,0.0000,9,0,0
75.8463,0.9019,-4.0418,0.1000,1.8599,0.0000,0.0000,970.4000,-4030.0000,0.1000,1.8545,0.0000,0.0000,4141.0464,0.0000,9,0,0
75.8482,0.9926,-4.1138,0.1000,1.8622,0.0000,0.0000,970.4000,-4030.0000,0.1000,1.8545,0.0000,0.0000,4140.9552,0.0000,9,0,0
75.8502,1.0833,-4.1858,0.1000,1.8645,0.0000,0.0000,1081.8000,-4187.0000,0.1000,1.8545,0.0000,0.0000,4320.1717,0.0000,9,0,0
75.8521,1.1863,-4.2414,0.1000,1.8668,0.0000,0.0000,1081.8000,-4187.0000,0.1000,1.8616,0.0000,0.0000,4320.0920,0.0000,9,0,0
75.8541,1.2892,-4.2971,0.1000,1.8691,0.0000,0.0000,1081.8000,-4187.0000,0.1000,1.8616,0.0000,0.0000,4320.0124,0.0000,9,0,0
75.8561,1.4014,-4.3343,0.1000,1.8715,0.0000,0.0000,1081.8000,-4187.0000,0.1000,1.8616,0.0000,0.0000,4319.9483,0.0000,9,0,0
75.8581,1.5136,-4.3715,0.1000,1.8738,0.0000,0.0000,1382.7000,-4335.2000,0.1000,1.8616,0.0000,0.0000,4545.7399,0.0000,9,0,0
75.8601,1.6318,-4.3888,0.1000,1.8762,0.0000,0.0000,1382.7000,-4335.2000,0.1000,1.8706,0.0000,0.0000,4545.6875,0.0000,9,0,0
75.8621,1.7500,-4.4061,0.1000,1.8785,0.0000,0.0000,1382.7000,-4335.2000,0.1000,1.8706,0.0000,0.0000,4545.6351,0.0000,9,0,0
75.8641,1.8706,-4.4025,0.1000,1.8809,0.0000,0.0000,1898.6000,-4401.9000,0.1000,1.8706,0.0000,0.0000,4789.1092,0.0000,9,0,0
75.8661,1.9912,-4.3989,0.1000,1.8833,0.0000,0.0000,1898.6000,-4401.9000,0.1000,1.8779,0.0000,0.0000,4789.0647,0.0000,9,0,0
75.8681,2.1105,-4.3741,0.1000,1.8857,0.0000,0.0000,1898.6000,-4401.9000,0.1000,1.8779,0.0000,0.0000,4789.0403,0.0000,9,0,0
75.8702,2.2298,-4.3493,0.1000,1.8882,0.0000,0.0000,1898.6000,-4401.9000,0.1000,1.8779,0.0000,0.0000,4789.0158,0.0000,9,0,0
75.8722,2.3441,-4.3036,0.1000,1.8906,0.0000,0.0000,2448.4000,-4348.6000,0.1000,1.8779,0.0000,0.0000,4985.5893,0.0000,9,0,0
75.8743,2.4583,-4.2580,0.1000,1.8930,0.0000,0.0000,2448.4000,-4348.6000,0.1000,1.8871,0.0000,0.0000,4985.5730,0.0000,9,0,0
75.8764,2.5639,-4.1925,0.1000,1.8955,0.0000,0.0000,2448.4000,-4348.6000,0.1000,1.8871,0.0000,0.0000,4985.5783,0.0000,9,0,0
75.8785,2.6695,-4.1270,0.1000,1.8980,0.0000,0.0000,2637.7000,-4135.8000,0.1000,1.8871,0.0000,0.0000,4900.4191,0.0000,9,0,0
75.8806,2.7630,-4.0433,0.1000,1.9005,0.0000,0.0000,2637.7000,-4135.8000,0.1000,1.8949,0.0000,0.0000,4900.4394,0.0000,9,0,0
75.8827,2.8565,-3.9596,0.1000,1.9029,0.0000,0.0000,2637.7000,-4135.8000,0.1000,1.8949,0.0000,0.0000,4900.4597,0.0000,9,0,0
75.8848,2.9347,-3.8599,0.1000,1.9055,0.0000,0.0000,2881.1000,-3979.4000,0.1000,1.8949,0.0000,0.0000,4908.0296,0.0000,9,0,0
75.8869,3.0130,-3.7603,0.1000,1.9080,0.0000,0.0000,2881.1000,-3979.4000,0.1000,1.9019,0.0000,0.0000,4908.0644,0.0000,9,0,0
75.8890,3.0732,-3.6474,0.1000,1.9105,0.0000,0.0000,2881.1000,-3979.4000,0.1000,1.9019,0.0000,0.0000,4908.1205,0.0000,9,0,0
75.8912,3.1334,-3.5346,0.1000,1.9130,0.0000,0.0000,2881.1000,-3979.4000,0.1000,1.9019,0.0000,0.0000,4908.1766,0.0000,9,0,0
75.8933,3.1735,-3.4119,0.1000,1.9156,0.0000,0.0000,3132.9000,-3539.1000,0.1000,1.9098,0.0000,0.0000,4721.8935,0.0000,9,0,0
75.8955,3.2135,-3.2891,0.1000,1.9182,0.0000,0.0000,3132.9000,-3539.1000,0.1000,1.9098,0.0000,0.0000,4721.9589,0.0000,9,0,0
75.8977,3.2318,-3.1601,0.1000,1.9207,0.0000,0.0000,3132.9000,-3539.1000,0.1000,1.9098,0.0000,0.0000,4722.0434,0.0000,9,0,0
75.8999,3.2500,-3.0311,0.1000,1.9233,0.0000,0.0000,3232.0000,-3115.6000,0.1000,1.9175,0.0000,0.0000,4484.7421,0.0000,9,0,0
75.9520,3.2500,-3.0311,0.1000,1.9067,0.0000,0.0000,3232.0000,-3115.6000,0.1000,1.9175,0.0000,0.0000,4484.7421,0.0000,9,0,1
76.0040,3.2500,-3.0311,0.1000,1.8555,0.0000,0.0000,3232.0000,-3115.6000,0.1000,1.9175,0.0000,0.0000,4484.7421,0.0000,9,0,1
76.0561,3.2500,-3.0311,0.1000,1.7948,0.0000,0.0000,3252.3000,-3031.0000,0.1000,1.9175,0.0000,0.0000,4441.2748,0.0000,9,0,1
76.1082,3.2500,-3.0311,0.1000,1.7340,0.0000,0.0000,3252.3000,-3031.0000,0.1000,1.9175,0.0000,0.0000,4441.2748,0.0000,9,0,1
76.1603,3.2500,-3.0311,0.1000,1.6733,0.0000,0.0000,3252.3000,-3031.0000,0.1000,1.9175,0.0000,0.0000,4441.2748,0.0000,9,0,1
76.2124,3.2500,-3.0311,0.1000,1.6126,0.0000,0.0000,3250.0000,-3031.0000,0.1000,1.9175,0.0000,0.0000,4439.5925,0.0000,9,0,1
76.2645,3.2500,-3.0311,0.1000,1.5519,0.0000,0.0000,3250.0000,-3031.0000,0.1000,1.9175,0.0000,0.0000,4439.5925,0.0000,9,0,1
76.3165,3.2500,-3.0311,0.1000,1.4912,0.0000,0.0000,3250.0000,-3031.0000,0.1000,1.9004,0.0000,0.0000,4439.5925,0.0000,9,0,1
76.3686,3.2500,-3.0311,0.1000,1.4400,0.0000,0.0000,3250.0000,-3031.0000,0.1000,1.9004,0.0000,0.0000,4439.5925,0.0000,9,0,1
76.4207,3.2500,-3.0311,0.1000,1.4233,0.0000,0.0000,3250.0000,-3031.0000,0.1000,1.9004,0.0000,0.0000,4439.5925,0.0000,9,0,1
76.6795,3.2500,-3.0311,0.1381,1.4233,0.0000,0.0000,3250.0000,-3031.0000,0.1000,1.9004,0.0000,0.0000,4439.5925,0.0381,9,1,0
76.9383,3.2500,-3.0311,0.2522,1.4233,0.0000,0.0000,3250.0000,-3031.0000,0.1000,1.9004,0.0000,0.0000,4439.5925,0.1522,9,1,0
77.1972,3.2500,-3.0311,0.4426,1.4233,0.0000,0.0000,3250.0000,-3031.0000,0.1000,1.9004,0.0000,0.0000,4439.5925,0.3426,9,1,0
77.4560,3.2500,-3.0311,0.7470,1.4233,0.0000,0.0000,3250.0000,-3031.0000,0.1000,1.9004,0.0000,0.0000,4439.5925,0.6470,9,1,0
77.7148,3.2500,-3.0311,1.0921,1.4233,0.0000,0.0000,3250.0000,-3031.0000,0.1000,1.9004,0.0000,0.0000,4439.5925,0.9921,9,1,0
77.9736,3.2500,-3.0311,1.4372,1.4233,0.0000,0.0000,3250.0000,-3031.0000,0.5034,1.4358,0.0000,0.0000,4439.5925,0.9338,9,1,0
78.2324,3.2500,-3.0311,1.7823,1.4233,0.0000,0.0000,3250.0000,-3031.0000,0.5034,1.4358,0.0000,0.0000,4439.5925,1.2789,9,1,0
78.4913,3.2500,-3.0311,2.1274,1.4233,0.0000,0.0000,3250.0000,-3031.0000,0.5034,1.4358,0.0000,0.0000,4439.5925,1.6240,9,1,0
78.7501,3.2500,-3.0311,2.4725,1.4233,0.0000,0.0000,3250.0000,-3031.0000,0.5034,1.4358,0.0000,0.0000,4439.5925,1.9691,9,1,0
79.0089,3.2500,-3.0311,2.8176,1.4233,0.0000,0.0000,3250.0000,-3031.0000,0.5034,1.4358,0.0000,0.0000,4439.5925,2.3142,9,1,0
79.2677,3.2500,-3.0311,3.1627,1.4233,0.0000,0.0000,3250.0000,-3031.0000,0.5034,1.4358,0.0000,0.0000,4439.5925,2.6593,9,1,0
79.5265,3.2500,-3.0311,3.5078,1.4233,0.0000,0.0000,3250.0000,-3031.0000,0.5034,1.4358,0.0000,0.0000,4439.5925,3.0044,9,1,0
79.7853,3.2500,-3.0311,3.8529,1.4233,0.0000,0.0000,3250.0000,-3031.0000,0.5034,1.4358,0.0000,0.0000,4439.5925,3.3495,9,1,0
80.0442,3.2500,-3.0311,4.1573,1.4233,0.0000,0.0000,3250.0000,-3031.0000,0.5034,1.4358,0.0000,0.0000,4439.5925,3.6539,9,1,0
80.3030,3.2500,-3.0311,4.3477,1.4233,0.0000,0.0000,3250.0000,-3031.0000,3.4701,1.4235,0.0000,0.0000,4439.5925,0.8776,9,1,0
80.5618,3.2500,-3.0311,4.4618,1.4233,0.0000,0.0000,3250.0000,-3031.0000,3.4701,1.4235,0.0000,0.0000,4439.5925,0.9917,9,1,0
80.8206,3.2500,-3.0311,4.4999,1.4233,0.0000,0.0000,3250.0000,-3031.0000,3.4701,1.4235,0.0000,0.0000,4439.5925,1.0298,9,1,0
80.9456,3.2500,-3.0311,4.7500,1.4233,0.0000,0.0000,3250.0000,-3031.0000,3.4701,1.4235,0.0000,0.0000,4439.5925,1.2799,9,1,0
81.0707,3.2500,-3.0311,5.0000,1.4233,0.0000,0.0000,3250.0000,-3031.0000,3.4701,1.4235,0.0000,0.0000,4439.5925,1.5299,9,1,0
81.3494,13.0694,3.1720,5.0000,1.4233,0.0000,0.0000,3250.0000,-3031.0000,3.4701,1.4235,0.0000,0.0000,4436.6563,1.5299,11,1,0
81.6282,28.7806,13.0969,5.0000,1.4233,0.0000,0.0000,4906.5000,-1768.3000,3.4701,1.4235,0.0000,0.0000,5192.8337,1.5299,11,1,0
81.9069,38.6000,19.3000,5.0000,1.4233,0.0000,0.0000,4906.5000,-1768.3000,4.9219,1.4233,0.0000,0.0000,5185.7463,0.0781,11,1,0
82.2069,38.6000,19.3000,5.0000,1.4233,0.0000,0.0000,4906.5000,-1768.3000,4.9219,1.4233,0.0000,0.0000,5185.7463,0.0781,11,0,0
