t,planned_x,planned_y,planned_z,planned_p1,planned_p2,planned_p3,actual_x,actual_y,actual_z,actual_p1,actual_p2,actual_p3,tracking_error_xy,tracking_error_z,segment_id,is_travel,is_retract
0.0000,0.0000,0.0000,5.0000,0.0000,0.0000,0.0000,0.0000,0.0000,0.0000,0.0000,0.0000,0.0000,0.0000,5.0000,0,0,0
0.1930,9.6500,0.0000,5.0000,0.0000,0.0000,0.0000,0.0000,0.0000,3.1884,0.0000,0.0000,0.0000,9.6500,1.8116,1,1,0
0.3860,19.3000,0.0000,5.0000,0.0000,0.0000,0.0000,0.0000,0.0000,3.1884,0.0000,0.0000,0.0000,19.3000,1.8116,1,1,0
0.5110,19.3000,0.0000,4.7500,0.0000,0.0000,0.0000,2114.0000,0.0000,4.9553,0.0000,0.0000,0.0000,2094.7000,0.2054,1,1,0
0.6360,19.3000,0.0000,4.4999,0.0000,0.0000,0.0000,2114.0000,0.0000,4.9553,0.0000,0.0000,0.0000,2094.7000,0.4554,1,1,0
0.8949,19.3000,0.0000,4.4618,0.0000,0.0000,0.0000,2121.8000,0.0000,4.5375,0.0000,0.0000,0.0000,2102.5000,0.0757,1,1,0
1.1537,19.3000,0.0000,4.3477,0.0000,0.0000,0.0000,3330.0000,0.0000,4.5375,0.0000,0.0000,0.0000,3310.7000,0.1898,1,1,0
1.4125,19.3000,0.0000,4.1573,0.0000,0.0000,0.0000,3330.0000,0.0000,4.4663,0.0000,0.0000,0.0000,3310.7000,0.3090,1,1,0
1.6713,19.3000,0.0000,3.8529,0.0000,0.0000,0.0000,3606.2000,0.0000,4.2272,0.0000,0.0000,0.0000,3586.9000,0.3743,1,1,0
1.9301,19.3000,0.0000,3.5078,0.0000,0.0000,0.0000,5146.6000,0.0000,3.9606,0.0000,0.0000,0.0000,5127.3000,0.4528,1,1,0
2.1890,19.3000,0.0000,3.1627,0.0000,0.0000,0.0000,5428.9000,0.0000,3.9606,0.0000,0.0000,0.0000,5409.6000,0.7979,1,1,0
2.4478,19.3000,0.0000,2.8176,0.0000,0.0000,0.0000,5784.9000,0.0000,3.5507,0.0000,0.0000,0.0000,5765.6000,0.7331,1,1,0
2.7066,19.3000,0.0000,2.4725,0.0000,0.0000,0.0000,5784.9000,0.0000,3.1692,0.0000,0.0000,0.0000,5765.6000,0.6967,1,1,0
2.9654,19.3000,0.0000,2.1274,0.0000,0.0000,0.0000,7155.6000,0.0000,2.5761,0.0000,0.0000,0.0000,7136.3000,0.4487,1,1,0
3.2242,19.3000,0.0000,1.7823,0.0000,0.0000,0.0000,7155.6000,0.0000,2.1616,0.0000,0.0000,0.0000,7136.3000,0.3793,1,1,0
3.4830,19.3000,0.0000,1.4372,0.0000,0.0000,0.0000,8194.2000,0.0000,2.1616,0.0000,0.0000,0.0000,8174.9000,0.7244,1,1,0
3.7419,19.3000,0.0000,1.0921,0.0000,0.0000,0.0000,8194.2000,0.0000,1.8128,0.0000,0.0000,0.0000,8174.9000,0.7207,1,1,0
4.0007,19.3000,0.0000,0.7470,0.0000,0.0000,0.0000,8490.0000,0.0000,1.2053,0.0000,0.0000,0.0000,8470.7000,0.4583,1,1,0
4.2595,19.3000,0.0000,0.4426,0.0000,0.0000,0.0000,9917.9000,0.0000,0.8610,0.0000,0.0000,0.0000,9898.6000,0.4184,1,1,0
4.5183,19.3000,0.0000,0.2522,0.0000,0.0000,0.0000,10234.2000,0.0000,0.8610,0.0000,0.0000,0.0000,10214.9000,0.6088,1,1,0
4.7771,19.3000,0.0000,0.1381,0.0000,0.0000,0.0000,11099.9000,0.0000,0.4735,0.0000,0.0000,0.0000,11080.6000,0.3354,1,1,0
5.0360,19.3000,0.0000,0.1000,0.0000,0.0000,0.0000,11099.9000,0.0000,0.2585,0.0000,0.0000,0.0000,11080.6000,0.1585,1,1,0
5.0873,19.3000,0.0000,0.1000,-0.0137,0.0000,0.0000,13937.5000,0.0000,0.2585,0.0000,0.0000,0.0000,13918.2000,0.1585,1,0,0
5.1387,19.3000,0.0000,0.1000,-0.0564,0.0000,0.0000,13937.5000,0.0000,0.1128,-0.0018,0.0000,0.0000,13918.2000,0.0128,1,0,0
5.1901,19.3000,0.0000,0.1000,-0.1163,0.0000,0.0000,13937.5000,0.0000,0.1128,-0.0018,0.0000,0.0000,13918.2000,0.0128,1,0,0
5.2415,19.3000,0.0000,0.1000,-0.1762,0.0000,0.0000,19345.0000,0.0000,0.1128,-0.0018,0.0000,0.0000,19325.7000,0.0128,1,0,0
5.2929,19.3000,0.0000,0.1000,-0.2361,0.0000,0.0000,19345.0000,0.0000,0.1003,-0.1024,0.0000,0.0000,19325.7000,0.0003,1,0,0
5.3443,19.3000,0.0000,0.1000,-0.2960,0.0000,0.0000,19345.0000,0.0000,0.1003,-0.1024,0.0000,0.0000,19325.7000,0.0003,1,0,0
5.3957,19.3000,0.0000,0.1000,-0.3559,0.0000,0.0000,19345.0000,0.0000,0.1003,-0.1024,0.0000,0.0000,19325.7000,0.0003,1,0,0
5.4471,19.3000,0.0000,0.1000,-0.4159,0.0000,0.0000,19345.0000,0.0000,0.1003,-0.1024,0.0000,0.0000,19325.7000,0.0003,1,0,0
5.4985,19.3000,0.0000,0.1000,-0.4758,0.0000,0.0000,19345.0000,0.0000,0.1003,-0.1024,0.0000,0.0000,19325.7000,0.0003,1,0,0
5.5499,19.3000,0.0000,0.1000,-0.5357,0.0000,0.0000,19345.0000,0.0000,0.1003,-0.1024,0.0000,0.0000,19325.7000,0.0003,1,0,0
5.6013,19.3000,0.0000,0.1000,-0.5784,0.0000,0.0000,19345.0000,0.0000,0.1003,-0.1024,0.0000,0.0000,19325.7000,0.0003,1,0,0
5.6527,19.3000,0.0000,0.1000,-0.5921,0.0000,0.0000,19345.0000,0.0000,0.1003,-0.1024,0.0000,0.0000,19325.7000,0.0003,1,0,0
6.6527,19.3000,0.0000,0.1000,-0.5921,0.0000,0.0000,19300.0000,0.0000,0.1000,-0.5919,0.0000,0.0000,19280.7000,0.0000,1,0,0
6.9115,19.3000,0.0000,0.1381,-0.5921,0.0000,0.0000,19300.0000,0.0000,0.1000,-0.5921,0.0000,0.0000,19280.7000,0.0381,1,1,0
7.1703,19.3000,0.0000,0.2522,-0.5921,0.0000,0.0000,19300.0000,0.0000,0.1000,-0.5921,0.0000,0.0000,19280.7000,0.1522,1,1,0
7.4291,19.3000,0.0000,0.4426,-0.5921,0.0000,0.0000,19300.0000,0.0000,0.1501,-0.5921,0.0000,0.0000,19280.7000,0.2925,1,1,0
7.6880,19.3000,0.0000,0.7470,-0.5921,0.0000,0.0000,19300.0000,0.0000,0.3604,-0.5921,0.0000,0.0000,19280.7000,0.3866,1,1,0
7.9468,19.3000,0.0000,1.0921,-0.5921,0.0000,0.0000,19300.0000,0.0000,0.6780,-0.5921,0.0000,0.0000,19280.7000,0.4141,1,1,0
8.2056,19.3000,0.0000,1.4372,-0.5921,0.0000,0.0000,19300.0000,0.0000,1.0490,-0.5921,0.0000,0.0000,19280.7000,0.3882,1,1,0
8.4644,19.3000,0.0000,1.7823,-0.5921,0.0000,0.0000,19300.0000,0.0000,1.0490,-0.5921,0.0000,0.0000,19280.7000,0.7333,1,1,0
8.7232,19.3000,0.0000,2.1274,-0.5921,0.0000,0.0000,19300.0000,0.0000,1.4531,-0.5921,0.0000,0.0000,19280.7000,0.6743,1,1,0
8.9820,19.3000,0.0000,2.4725,-0.5921,0.0000,0.0000,19300.0000,0.0000,1.9708,-0.5921,0.0000,0.0000,19280.7000,0.5017,1,1,0
9.2409,19.3000,0.0000,2.8176,-0.5921,0.0000,0.0000,19300.0000,0.0000,2.3884,-0.5921,0.0000,0.0000,19280.7000,0.4292,1,1,0
9.4997,19.3000,0.0000,3.1627,-0.5921,0.0000,0.0000,19300.0000,0.0000,2.7774,-0.5921,0.0000,0.0000,19280.7000,0.3853,1,1,0
9.7585,19.3000,0.0000,3.5078,-0.5921,0.0000,0.0000,19300.0000,0.0000,2.7774,-0.5921,0.0000,0.0000,19280.7000,0.7304,1,1,0
10.0173,19.3000,0.0000,3.8529,-0.5921,0.0000,0.0000,19300.0000,0.0000,3.1848,-0.5921,0.0000,0.0000,19280.7000,0.6681,1,1,0
10.2761,19.3000,0.0000,4.1573,-0.5921,0.0000,0.0000,19300.0000,0.0000,3.7063,-0.5921,0.0000,0.0000,19280.7000,0.4510,1,1,0
10.5350,19.3000,0.0000,4.3477,-0.5921,0.0000,0.0000,19300.0000,0.0000,4.0863,-0.5921,0.0000,0.0000,19280.7000,0.2614,1,1,0
10.7938,19.3000,0.0000,4.4618,-0.5921,0.0000,0.0000,19300.0000,0.0000,4.3270,-0.5921,0.0000,0.0000,19280.7000,0.1348,1,1,0
11.0526,19.3000,0.0000,4.4999,-0.5921,0.0000,0.0000,19300.0000,0.0000,4.3270,-0.5921,0.0000,0.0000,19280.7000,0.1729,1,1,0
11.1776,19.3000,0.0000,4.7500,-0.5921,0.0000,0.0000,19300.0000,0.0000,4.4585,-0.5921,0.0000,0.0000,19280.7000,0.2915,1,1,0
11.3026,19.3000,0.0000,5.0000,-0.5921,0.0000,0.0000,19300.0000,0.0000,4.4585,-0.5921,0.0000,0.0000,19280.7000,0.5415,1,1,0
11.4956,9.6500,0.0000,5.0000,-0.5921,0.0000,0.0000,19300.0000,0.0000,4.8850,-0.5921,0.0000,0.0000,19290.3500,0.1150,3,1,0
11.6886,0.0000,0.0000,5.0000,-0.5921,0.0000,0.0000,19300.0000,0.0000,4.8850,-0.5921,0.0000,0.0000,19300.0000,0.1150,3,1,0
11.8137,0.0000,0.0000,4.7500,-0.5921,0.0000,0.0000,19207.9000,0.0000,4.9964,-0.5921,0.0000,0.0000,19207.9000,0.2465,3,1,0
11.9387,0.0000,0.0000,4.4999,-0.5921,0.0000,0.0000,17955.0000,0.0000,4.9964,-0.5921,0.0000,0.0000,17955.0000,0.4965,3,1,0
12.1975,0.0000,0.0000,4.4618,-0.5921,0.0000,0.0000,17955.0000,0.0000,4.7390,-0.5921,0.0000,0.0000,17955.0000,0.2772,3,1,0
12.4563,0.0000,0.0000,4.3477,-0.5921,0.0000,0.0000,16197.0000,0.0000,4.4812,-0.5921,0.0000,0.0000,16197.0000,0.1335,3,1,0
12.7151,0.0000,0.0000,4.1573,-0.5921,0.0000,0.0000,16126.4000,0.0000,4.3596,-0.5921,0.0000,0.0000,16126.4000,0.2023,3,1,0
12.9740,0.0000,0.0000,3.8529,-0.5921,0.0000,0.0000,14657.1000,0.0000,4.3596,-0.5921,0.0000,0.0000,14657.1000,0.5067,3,1,0
13.2328,0.0000,0.0000,3.5078,-0.5921,0.0000,0.0000,14657.1000,0.0000,4.1427,-0.5921,0.0000,0.0000,14657.1000,0.6349,3,1,0
13.4916,0.0000,0.0000,3.1627,-0.5921,0.0000,0.0000,14434.7000,0.0000,3.6166,-0.5921,0.0000,0.0000,14434.7000,0.4539,3,1,0
13.7504,0.0000,0.0000,2.8176,-0.5921,0.0000,0.0000,13397.6000,0.0000,3.2616,-0.5921,0.0000,0.0000,13397.6000,0.4440,3,1,0
14.0092,0.0000,0.0000,2.4725,-0.5921,0.0000,0.0000,13200.5000,0.0000,2.8274,-0.5921,0.0000,0.0000,13200.5000,0.3549,3,1,0
14.2680,0.0000,0.0000,2.1274,-0.5921,0.0000,0.0000,13200.5000,0.0000,2.8274,-0.5921,0.0000,0.0000,13200.5000,0.7000,3,1,0
14.5269,0.0000,0.0000,1.7823,-0.5921,0.0000,0.0000,11136.6000,0.0000,2.2404,-0.5921,0.0000,0.0000,11136.6000,0.4581,3,1,0
14.7857,0.0000,0.0000,1.4372,-0.5921,0.0000,0.0000,11105.2000,0.0000,1.8237,-0.5921,0.0000,0.0000,11105.2000,0.3865,3,1,0
15.0445,0.0000,0.0000,1.0921,-0.5921,0.0000,0.0000,9236.0000,0.0000,1.8237,-0.5921,0.0000,0.0000,9236.0000,0.7316,3,1,0
15.3033,0.0000,0.0000,0.7470,-0.5921,0.0000,0.0000,9236.0000,0.0000,1.4722,-0.5921,0.0000,0.0000,9236.0000,0.7252,3,1,0
15.5621,0.0000,0.0000,0.4426,-0.5921,0.0000,0.0000,9005.1000,0.0000,0.8449,-0.5921,0.0000,0.0000,9005.1000,0.4023,3,1,0
15.8210,0.0000,0.0000,0.2522,-0.5921,0.0000,0.0000,7434.8000,0.0000,0.5289,-0.5921,0.0000,0.0000,7434.8000,0.2767,3,1,0
16.0798,0.0000,0.0000,0.1381,-0.5921,0.0000,0.0000,6975.2000,0.0000,0.5289,-0.5921,0.0000,0.0000,6975.2000,0.3908,3,1,0
16.3386,0.0000,0.0000,0.1000,-0.5921,0.0000,0.0000,5566.4000,0.0000,0.2714,-0.5921,0.0000,0.0000,5566.4000,0.1714,3,1,0
16.3907,0.0000,0.0000,0.1000,-0.5754,0.0000,0.0000,5566.4000,0.0000,0.1359,-0.5921,0.0000,0.0000,5566.4000,0.0359,3,0,0
16.4428,0.0000,0.0000,0.1000,-0.5242,0.0000,0.0000,5566.4000,0.0000,0.1359,-0.5921,0.0000,0.0000,5566.4000,0.0359,3,0,0
16.4948,0.0000,0.0000,0.1000,-0.4635,0.0000,0.0000,5566.4000,0.0000,0.1359,-0.5921,0.0000,0.0000,5566.4000,0.0359,3,0,0
16.5469,0.0000,0.0000,0.1000,-0.4028,0.0000,0.0000,-285.3000,0.0000,0.1359,-0.5921,0.0000,0.0000,285.3000,0.0359,3,0,0
16.5990,0.0000,0.0000,0.1000,-0.3421,0.0000,0.0000,-285.3000,0.0000,0.1003,-0.4875,0.0000,0.0000,285.3000,0.0003,3,0,0
16.6511,0.0000,0.0000,0.1000,-0.2814,0.0000,0.0000,-285.3000,0.0000,0.1003,-0.4875,0.0000,0.0000,285.3000,0.0003,3,0,0
16.7032,0.0000,0.0000,0.1000,-0.2206,0.0000,0.0000,-285.3000,0.0000,0.1003,-0.4875,0.0000,0.0000,285.3000,0.0003,3,0,0
16.7553,0.0000,0.0000,0.1000,-0.1599,0.0000,0.0000,-285.3000,0.0000,0.1003,-0.4875,0.0000,0.0000,285.3000,0.0003,3,0,0
16.8073,0.0000,0.0000,0.1000,-0.1087,0.0000,0.0000,-285.3000,0.0000,0.1003,-0.4875,0.0000,0.0000,285.3000,0.0003,3,0,0
16.8594,0.0000,0.0000,0.1000,-0.0921,0.0000,0.0000,-285.3000,0.0000,0.1003,-0.4875,0.0000,0.0000,285.3000,0.0003,3,0,0
17.2094,1.7500,0.0000,0.1000,-0.0921,0.0000,0.0000,0.0000,0.0000,0.1000,-0.2335,0.0000,0.0000,1.7500,0.0000,3,0,0
17.5594,3.5000,0.0000,0.1000,-0.0921,0.0000,0.0000,0.0000,0.0000,0.1000,-0.0952,0.0000,0.0000,3.5000,0.0000,3,0,0
17.5608,3.5068,0.0012,0.1000,-0.0918,0.0000,0.0000,0.0000,0.0000,0.1000,-0.0952,0.0000,0.0000,3.5068,0.0000,3,0,0
17.5622,3.5137,0.0024,0.1000,-0.0915,0.0000,0.0000,0.0000,0.0000,0.1000,-0.0952,0.0000,0.0000,3.5137,0.0000,3,0,0
17.5636,3.5199,0.0060,0.1000,-0.0912,0.0000,0.0000,3689.3000,6.2000,0.1000,-0.0952,0.0000,0.0000,3685.7853,0.0000,3,0,0
17.5651,3.5261,0.0095,0.1000,-0.0909,0.0000,0.0000,3689.3000,6.2000,0.1000,-0.0917,0.0000,0.0000,3685.7791,0.0000,3,0,0
17.5666,3.5311,0.0152,0.1000,-0.0905,0.0000,0.0000,3689.3000,6.2000,0.1000,-0.0917,0.0000,0.0000,3685.7741,0.0000,3,0,0
17.5681,3.5361,0.0208,0.1000,-0.0902,0.0000,0.0000,3562.0000,10.3000,0.1000,-0.0917,0.0000,0.0000,3558.4788,0.0000,3,0,0
17.5697,3.5393,0.0283,0.1000,-0.0899,0.0000,0.0000,3562.0000,10.3000,0.1000,-0.0907,0.0000,0.0000,3558.4755,0.0000,3,0,0
17.5713,3.5426,0.0357,0.1000,-0.0895,0.0000,0.0000,3562.0000,10.3000,0.1000,-0.0907,0.0000,0.0000,3558.4722,0.0000,3,0,0
17.5731,3.5436,0.0445,0.1000,-0.0892,0.0000,0.0000,3562.0000,10.3000,0.1000,-0.0907,0.0000,0.0000,3558.4712,0.0000,3,0,0
17.5748,3.5446,0.0532,0.1000,-0.0888,0.0000,0.0000,3562.0000,10.3000,0.1000,-0.0907,0.0000,0.0000,3558.4701,0.0000,3,0,0
17.5768,3.5432,0.0627,0.1000,-0.0884,0.0000,0.0000,3562.0000,10.3000,0.1000,-0.0907,0.0000,0.0000,3558.4716,0.0000,3,0,0
17.5787,3.5417,0.0722,0.1000,-0.0880,0.0000,0.0000,3542.3000,74.8000,0.1000,-0.0907,0.0000,0.0000,3539.5473,0.0000,3,0,0
17.5808,3.5375,0.0818,0.1000,-0.0875,0.0000,0.0000,3542.3000,74.8000,0.1000,-0.0889,0.0000,0.0000,3539.5513,0.0000,3,0,0
17.5829,3.5333,0.0914,0.1000,-0.0871,0.0000,0.0000,3542.3000,74.8000,0.1000,-0.0889,0.0000,0.0000,3539.5553,0.0000,3,0,0
17.5852,3.5263,0.1004,0.1000,-0.0866,0.0000,0.0000,3496.6000,82.0000,0.1000,-0.0889,0.0000,0.0000,3494.0337,0.0000,3,0,0
17.5874,3.5193,0.1094,0.1000,-0.0861,0.0000,0.0000,3496.6000,82.0000,0.1000,-0.0873,0.0000,0.0000,3494.0405,0.0000,3,0,0
17.5899,3.5096,0.1172,0.1000,-0.0856,0.0000,0.0000,3496.6000,82.0000,0.1000,-0.0873,0.0000,0.0000,3494.0499,0.0000,3,0,0
17.5924,3.5000,0.1250,0.1000,-0.0851,0.0000,0.0000,3496.6000,82.0000,0.1000,-0.0873,0.0000,0.0000,3494.0594,0.0000,3,0,0
17.5951,3.4879,0.1309,0.1000,-0.0845,0.0000,0.0000,3502.0000,126.0000,0.1000,-0.0857,0.0000,0.0000,3500.7756,0.0000,3,0,0
17.5978,3.4759,0.1368,0.1000,-0.0839,0.0000,0.0000,3502.0000,126.0000,0.1000,-0.0857,0.0000,0.0000,3500.7874,0.0000,3,0,0
17.6007,3.4618,0.1402,0.1000,-0.0833,0.0000,0.0000,3502.0000,126.0000,0.1000,-0.0857,0.0000,0.0000,3500.8014,0.0000,3,0,0
17.6036,3.4477,0.1436,0.1000,-0.0827,0.0000,0.0000,3502.0000,126.0000,0.1000,-0.0857,0.0000,0.0000,3500.8153,0.0000,3,0,0
17.6067,3.4322,0.1440,0.1000,-0.0820,0.0000,0.0000,3502.0000,126.0000,0.1000,-0.0857,0.0000,0.0000,3500.8308,0.0000,3,0,0
17.6098,3.4167,0.1443,0.1000,-0.0814,0.0000,0.0000,3439.4000,144.0000,0.1000,-0.0857,0.0000,0.0000,3438.9934,0.0000,3,0,0
17.6131,3.4003,0.1413,0.1000,-0.0807,0.0000,0.0000,3439.4000,144.0000,0.1000,-0.0828,0.0000,0.0000,3439.0099,0.0000,3,0,0
17.6164,3.3839,0.1383,0.1000,-0.0799,0.0000,0.0000,3439.4000,144.0000,0.1000,-0.0828,0.0000,0.0000,3439.0264,0.0000,3,0,0
17.6200,3.3675,0.1317,0.1000,-0.0792,0.0000,0.0000,3439.4000,144.0000,0.1000,-0.0828,0.0000,0.0000,3439.0431,0.0000,3,0,0
17.6235,3.3510,0.1250,0.1000,-0.0784,0.0000,0.0000,3374.7000,125.5000,0.1000,-0.0828,0.0000,0.0000,3373.6794,0.0000,3,0,0
17.6273,3.3353,0.1146,0.1000,-0.0776,0.0000,0.0000,3374.7000,125.5000,0.1000,-0.0795,0.0000,0.0000,3373.6955,0.0000,3,0,0
17.6311,3.3196,0.1042,0.1000,-0.0768,0.0000,0.0000,3374.7000,125.5000,0.1000,-0.0795,0.0000,0.0000,3373.7116,0.0000,3,0,0
17.6351,3.3054,0.0901,0.1000,-0.0760,0.0000,0.0000,3374.7000,125.5000,0.1000,-0.0795,0.0000,0.0000,3373.7263,0.0000,3,0,0
17.6391,3.2912,0.0760,0.1000,-0.0751,0.0000,0.0000,3305.0000,90.0000,0.1000,-0.0795,0.0000,0.0000,3302.9332,0.0000,3,0,0
17.6433,3.2793,0.0585,0.1000,-0.0742,0.0000,0.0000,3305.0000,90.0000,0.1000,-0.0771,0.0000,0.0000,3302.9455,0.0000,3,0,0
17.6475,3.2675,0.0410,0.1000,-0.0733,0.0000,0.0000,3305.0000,90.0000,0.1000,-0.0771,0.0000,0.0000,3302.9578,0.0000,3,0,0
17.6520,3.2587,0.0205,0.1000,-0.0724,0.0000,0.0000,3259.0000,48.4000,0.1000,-0.0771,0.0000,0.0000,3256.1007,0.0000,3,0,0
17.6564,3.2500,0.0000,0.1000,-0.0714,0.0000,0.0000,3259.0000,48.4000,0.1000,-0.0737,0.0000,0.0000,3256.1097,0.0000,3,0,0
17.6611,3.2451,-0.0229,0.1000,-0.0704,0.0000,0.0000,3259.0000,48.4000,0.1000,-0.0737,0.0000,0.0000,3256.1150,0.0000,3,0,0
17.6658,3.2401,-0.0458,0.1000,-0.0695,0.0000,0.0000,3259.0000,48.4000,0.1000,-0.0737,0.0000,0.0000,3256.1203,0.0000,3,0,0
17.6707,3.2395,-0.0704,0.1000,-0.0684,0.0000,0.0000,3259.0000,48.4000,0.1000,-0.0737,0.0000,0.0000,3256.1212,0.0000,3,0,0
17.6757,3.2390,-0.0950,0.1000,-0.0674,0.0000,0.0000,3239.0000,-100.1000,0.1000,-0.0737,0.0000,0.0000,3237.3060,0.0000,3,0,0
17.6808,3.2432,-0.1204,0.1000,-0.0663,0.0000,0.0000,3239.0000,-100.1000,0.1000,-0.0689,0.0000,0.0000,3237.3010,0.0000,3,0,0
17.6860,3.2474,-0.1458,0.1000,-0.0652,0.0000,0.0000,3239.0000,-100.1000,0.1000,-0.0689,0.0000,0.0000,3237.2960,0.0000,3,0,0
17.6913,3.2567,-0.1711,0.1000,-0.0640,0.0000,0.0000,3239.0000,-100.1000,0.1000,-0.0689,0.0000,0.0000,3237.2860,0.0000,3,0,0
17.6967,3.2659,-0.1964,0.1000,-0.0629,0.0000,0.0000,3265.9000,-245.7000,0.1000,-0.0689,0.0000,0.0000,3271.8577,0.0000,3,0,0
17.7024,3.2803,-0.2206,0.1000,-0.0617,0.0000,0.0000,3265.9000,-245.7000,0.1000,-0.0648,0.0000,0.0000,3271.8416,0.0000,3,0,0
17.7080,3.2947,-0.2447,0.1000,-0.0605,0.0000,0.0000,3265.9000,-245.7000,0.1000,-0.0648,0.0000,0.0000,3271.8255,0.0000,3,0,0
17.7138,3.3140,-0.2667,0.1000,-0.0592,0.0000,0.0000,3265.9000,-245.7000,0.1000,-0.0648,0.0000,0.0000,3271.8045,0.0000,3,0,0
17.7197,3.3333,-0.2887,0.1000,-0.0580,0.0000,0.0000,3310.9000,-266.9000,0.1000,-0.0648,0.0000,0.0000,3318.2946,0.0000,3,0,0
17.7258,3.3573,-0.3075,0.1000,-0.0567,0.0000,0.0000,3310.9000,-266.9000,0.1000,-0.0598,0.0000,0.0000,3318.2692,0.0000,3,0,0
17.7319,3.3812,-0.3263,0.1000,-0.0554,0.0000,0.0000,3310.9000,-266.9000,0.1000,-0.0598,0.0000,0.0000,3318.2438,0.0000,3,0,0
17.7382,3.4093,-0.3410,0.1000,-0.0541,0.0000,0.0000,3445.6000,-345.7000,0.1000,-0.0598,0.0000,0.0000,3459.4725,0.0000,3,0,0
17.7445,3.4373,-0.3556,0.1000,-0.0527,0.0000,0.0000,3445.6000,-345.7000,0.1000,-0.0559,0.0000,0.0000,3459.4431,0.0000,3,0,0
17.7511,3.4686,-0.3653,0.1000,-0.0513,0.0000,0.0000,3445.6000,-345.7000,0.1000,-0.0559,0.0000,0.0000,3459.4110,0.0000,3,0,0
17.7576,3.5000,-0.3750,0.1000,-0.0499,0.0000,0.0000,3445.6000,-345.7000,0.1000,-0.0559,0.0000,0.0000,3459.3788,0.0000,3,0,0
17.7644,3.5338,-0.3790,0.1000,-0.0485,0.0000,0.0000,3499.8000,-365.1000,0.1000,-0.0559,0.0000,0.0000,3515.2381,0.0000,3,0,0
17.7712,3.5675,-0.3830,0.1000,-0.0470,0.0000,0.0000,3499.8000,-365.1000,0.1000,-0.0506,0.0000,0.0000,3515.2041,0.0000,3,0,0
17.7783,3.6026,-0.3807,0.1000,-0.0455,0.0000,0.0000,3499.8000,-365.1000,0.1000,-0.0506,0.0000,0.0000,3515.1694,0.0000,3,0,0
17.7853,3.6378,-0.3785,0.1000,-0.0441,0.0000,0.0000,3499.8000,-365.1000,0.1000,-0.0506,0.0000,0.0000,3515.1347,0.0000,3,0,0
17.7926,3.6730,-0.3697,0.1000,-0.0425,0.0000,0.0000,3669.1000,-370.0000,0.1000,-0.0506,0.0000,0.0000,3684.0170,0.0000,3,0,0
17.7999,3.7083,-0.3608,0.1000,-0.0410,0.0000,0.0000,3669.1000,-370.0000,0.1000,-0.0448,0.0000,0.0000,3683.9828,0.0000,3,0,0
17.8074,3.7425,-0.3453,0.1000,-0.0394,0.0000,0.0000,3669.1000,-370.0000,0.1000,-0.0448,0.0000,0.0000,3683.9503,0.0000,3,0,0
17.8149,3.7768,-0.3298,0.1000,-0.0378,0.0000,0.0000,3669.1000,-370.0000,0.1000,-0.0448,0.0000,0.0000,3683.9178,0.0000,3,0,0
17.8226,3.8086,-0.3078,0.1000,-0.0361,0.0000,0.0000,3831.9000,-281.5000,0.1000,-0.0448,0.0000,0.0000,3838.4050,0.0000,3,0,0
17.8304,3.8405,-0.2857,0.1000,-0.0345,0.0000,0.0000,3831.9000,-281.5000,0.1000,-0.0386,0.0000,0.0000,3838.3748,0.0000,3,0,0
17.8384,3.8687,-0.2574,0.1000,-0.0328,0.0000,0.0000,3831.9000,-281.5000,0.1000,-0.0386,0.0000,0.0000,3838.3487,0.0000,3,0,0
17.8464,3.8969,-0.2292,0.1000,-0.0311,0.0000,0.0000,3897.9000,-231.6000,0.1000,-0.0386,0.0000,0.0000,3900.8707,0.0000,3,0,0
17.8546,3.9203,-0.1953,0.1000,-0.0293,0.0000,0.0000,3897.9000,-231.6000,0.1000,-0.0336,0.0000,0.0000,3900.8494,0.0000,3,0,0
17.8628,3.9437,-0.1615,0.1000,-0.0276,0.0000,0.0000,3897.9000,-231.6000,0.1000,-0.0336,0.0000,0.0000,3900.8280,0.0000,3,0,0
17.8713,3.9612,-0.1230,0.1000,-0.0258,0.0000,0.0000,3897.9000,-231.6000,0.1000,-0.0336,0.0000,0.0000,3900.8128,0.0000,3,0,0
17.8798,3.9787,-0.0844,0.1000,-0.0240,0.0000,0.0000,3961.0000,-126.7000,0.1000,-0.0336,0.0000,0.0000,3959.0465,0.0000,3,0,0
17.8885,3.9894,-0.0422,0.1000,-0.0221,0.0000,0.0000,3961.0000,-126.7000,0.1000,-0.0266,0.0000,0.0000,3959.0372,0.0000,3,0,0
17.8972,4.0000,-0.0000,0.1000,-0.0203,0.0000,0.0000,3961.0000,-126.7000,0.1000,-0.0266,0.0000,0.0000,3959.0279,0.0000,3,0,0
17.9061,4.0030,0.0446,0.1000,-0.0184,0.0000,0.0000,3961.0000,-126.7000,0.1000,-0.0266,0.0000,0.0000,3959.0263,0.0000,3,0,0
17.9151,4.0061,0.0892,0.1000,-0.0165,0.0000,0.0000,3961.0000,-126.7000,0.1000,-0.0266,0.0000,0.0000,3959.0247,0.0000,3,0,0
17.9242,4.0010,0.1349,0.1000,-0.0145,0.0000,0.0000,4006.0000,89.0000,0.1000,-0.0266,0.0000,0.0000,4002.9855,0.0000,3,0,0
17.9334,3.9959,0.1805,0.1000,-0.0126,0.0000,0.0000,4006.0000,89.0000,0.1000,-0.0186,0.0000,0.0000,4002.9895,0.0000,3,0,0
17.9429,3.9825,0.2257,0.1000,-0.0106,0.0000,0.0000,4006.0000,89.0000,0.1000,-0.0186,0.0000,0.0000,4003.0020,0.0000,3,0,0
17.9523,3.9691,0.2708,0.1000,-0.0086,0.0000,0.0000,4006.0000,89.0000,0.1000,-0.0186,0.0000,0.0000,4003.0144,0.0000,3,0,0
17.9619,3.9473,0.3140,0.1000,-0.0065,0.0000,0.0000,3947.1000,304.6000,0.1000,-0.0186,0.0000,0.0000,3954.8758,0.0000,3,0,0
17.9716,3.9256,0.3571,0.1000,-0.0045,0.0000,0.0000,3947.1000,304.6000,0.1000,-0.0186,0.0000,0.0000,3954.8942,0.0000,3,0,0
17.9815,3.8958,0.3967,0.1000,-0.0024,0.0000,0.0000,3947.1000,304.6000,0.1000,-0.0186,0.0000,0.0000,3954.9209,0.0000,3,0,0
17.9914,3.8660,0.4362,0.1000,-0.0002,0.0000,0.0000,3947.1000,304.6000,0.1000,-0.0186,0.0000,0.0000,3954.9475,0.0000,3,0,0
18.0015,3.8288,0.4707,0.1000,0.0019,0.0000,0.0000,3869.9000,434.1000,0.1000,-0.0087,0.0000,0.0000,3890.3137,0.0000,3,0,0
18.0117,3.7917,0.5052,0.1000,0.0041,0.0000,0.0000,3869.9000,434.1000,0.1000,-0.0087,0.0000,0.0000,3890.3468,0.0000,3,0,0
18.0221,3.7480,0.5332,0.1000,0.0063,0.0000,0.0000,3748.9000,400.3000,0.1000,-0.0087,0.0000,0.0000,3766.4277,0.0000,3,0,0
18.0325,3.7043,0.5612,0.1000,0.0085,0.0000,0.0000,3748.9000,400.3000,0.1000,0.0032,0.0000,0.0000,3766.4681,0.0000,3,0,0
18.0431,3.6552,0.5815,0.1000,0.0107,0.0000,0.0000,3748.9000,400.3000,0.1000,0.0032,0.0000,0.0000,3766.5148,0.0000,3,0,0
18.0537,3.6061,0.6018,0.1000,0.0130,0.0000,0.0000,3602.6000,602.0000,0.1000,0.0032,0.0000,0.0000,3648.8953,0.0000,3,0,0
18.0646,3.5531,0.6134,0.1000,0.0153,0.0000,0.0000,3602.6000,602.0000,0.1000,0.0098,0.0000,0.0000,3648.9457,0.0000,3,0,0
18.0754,3.5000,0.6250,0.1000,0.0176,0.0000,0.0000,3602.6000,602.0000,0.1000,0.0098,0.0000,0.0000,3648.9961,0.0000,3,0,0
18.0865,3.4445,0.6271,0.1000,0.0200,0.0000,0.0000,3471.6000,626.9000,0.1000,0.0098,0.0000,0.0000,3524.2475,0.0000,3,0,0
18.0976,3.3891,0.6292,0.1000,0.0223,0.0000,0.0000,3471.6000,626.9000,0.1000,0.0167,0.0000,0.0000,3524.3017,0.0000,3,0,0
18.1090,3.3329,0.6213,0.1000,0.0247,0.0000,0.0000,3471.6000,626.9000,0.1000,0.0167,0.0000,0.0000,3524.3583,0.0000,3,0,0
18.1203,3.2767,0.6134,0.1000,0.0272,0.0000,0.0000,3296.9000,613.0000,0.1000,0.0167,0.0000,0.0000,3350.0704,0.0000,3,0,0
18.1319,3.2217,0.5954,0.1000,0.0296,0.0000,0.0000,3296.9000,613.0000,0.1000,0.0238,0.0000,0.0000,3350.1278,0.0000,3,0,0
18.1435,3.1667,0.5774,0.1000,0.0321,0.0000,0.0000,3296.9000,613.0000,0.1000,0.0238,0.0000,0.0000,3350.1852,0.0000,3,0,0
18.1553,3.1146,0.5493,0.1000,0.0346,0.0000,0.0000,3296.9000,613.0000,0.1000,0.0238,0.0000,0.0000,3350.2415,0.0000,3,0,0
18.1671,3.0625,0.5213,0.1000,0.0371,0.0000,0.0000,2985.5000,475.9000,0.1000,0.0238,0.0000,0.0000,3020.0858,0.0000,3,0,0
18.1792,3.0153,0.4839,0.1000,0.0397,0.0000,0.0000,2985.5000,475.9000,0.1000,0.0339,0.0000,0.0000,3020.1383,0.0000,3,0,0
18.1912,2.9680,0.4464,0.1000,0.0422,0.0000,0.0000,2985.5000,475.9000,0.1000,0.0339,0.0000,0.0000,3020.1909,0.0000,3,0,0
18.2035,2.9273,0.4003,0.1000,0.0448,0.0000,0.0000,2985.5000,475.9000,0.1000,0.0339,0.0000,0.0000,3020.2384,0.0000,3,0,0
18.2159,2.8866,0.3542,0.1000,0.0475,0.0000,0.0000,2985.5000,475.9000,0.1000,0.0339,0.0000,0.0000,3020.2859,0.0000,3,0,0
18.2284,2.8539,0.3006,0.1000,0.0501,0.0000,0.0000,2985.5000,475.9000,0.1000,0.0339,0.0000,0.0000,3020.3265,0.0000,3,0,0
18.2409,2.8213,0.2470,0.1000,0.0528,0.0000,0.0000,2854.1000,279.0000,0.1000,0.0339,0.0000,0.0000,2864.8723,0.0000,3,0,0
18.2537,2.7982,0.1874,0.1000,0.0555,0.0000,0.0000,2854.1000,279.0000,0.1000,0.0483,0.0000,0.0000,2864.9011,0.0000,3,0,0
18.2665,2.7751,0.1278,0.1000,0.0582,0.0000,0.0000,2854.1000,279.0000,0.1000,0.0483,0.0000,0.0000,2864.9299,0.0000,3,0,0
18.2795,2.7625,0.0639,0.1000,0.0610,0.0000,0.0000,2854.1000,279.0000,0.1000,0.0483,0.0000,0.0000,2864.9486,0.0000,3,0,0
18.2926,2.7500,0.0000,0.1000,0.0638,0.0000,0.0000,2745.0000,-68.8000,0.1000,0.0483,0.0000,0.0000,2743.1129,0.0000,3,0,0
18.3058,2.7489,-0.0663,0.1000,0.0666,0.0000,0.0000,2745.0000,-68.8000,0.1000,0.0603,0.0000,0.0000,2743.1124,0.0000,3,0,0
18.3191,2.7477,-0.1326,0.1000,0.0694,0.0000,0.0000,2745.0000,-68.8000,0.1000,0.0603,0.0000,0.0000,2743.1119,0.0000,3,0,0
18.3326,2.7584,-0.1993,0.1000,0.0723,0.0000,0.0000,2745.0000,-68.8000,0.1000,0.0603,0.0000,0.0000,2743.0995,0.0000,3,0,0
18.3461,2.7691,-0.2660,0.1000,0.0751,0.0000,0.0000,2758.0000,-202.3000,0.1000,0.0603,0.0000,0.0000,2762.6283,0.0000,3,0,0
18.3599,2.7918,-0.3309,0.1000,0.0781,0.0000,0.0000,2758.0000,-202.3000,0.1000,0.0711,0.0000,0.0000,2762.6009,0.0000,3,0,0
18.3736,2.8144,-0.3958,0.1000,0.0810,0.0000,0.0000,2758.0000,-202.3000,0.1000,0.0711,0.0000,0.0000,2762.5736,0.0000,3,0,0
18.3876,2.8487,-0.4568,0.1000,0.0840,0.0000,0.0000,2758.0000,-202.3000,0.1000,0.0711,0.0000,0.0000,2762.5350,0.0000,3,0,0
18.4016,2.8829,-0.5178,0.1000,0.0869,0.0000,0.0000,2883.0000,-510.3000,0.1000,0.0711,0.0000,0.0000,2924.8850,0.0000,3,0,0
18.4158,2.9281,-0.5728,0.1000,0.0900,0.0000,0.0000,2883.0000,-510.3000,0.1000,0.0830,0.0000,0.0000,2924.8309,0.0000,3,0,0
18.4300,2.9733,-0.6277,0.1000,0.0930,0.0000,0.0000,2883.0000,-510.3000,0.1000,0.0830,0.0000,0.0000,2924.7769,0.0000,3,0,0
18.4445,3.0283,-0.6747,0.1000,0.0961,0.0000,0.0000,3021.2000,-673.5000,0.1000,0.0830,0.0000,0.0000,3092.2571,0.0000,3,0,0
18.4590,3.0833,-0.7217,0.1000,0.0991,0.0000,0.0000,3021.2000,-673.5000,0.1000,0.0922,0.0000,0.0000,3092.1932,0.0000,3,0,0
18.4737,3.1468,-0.7589,0.1000,0.1023,0.0000,0.0000,3021.2000,-673.5000,0.1000,0.0922,0.0000,0.0000,3092.1232,0.0000,3,0,0
18.4884,3.2102,-0.7961,0.1000,0.1054,0.0000,0.0000,3245.9000,-795.6000,0.1000,0.0922,0.0000,0.0000,3338.6749,0.0000,3,0,0
18.5034,3.2804,-0.8221,0.1000,0.1086,0.0000,0.0000,3245.9000,-795.6000,0.1000,0.1011,0.0000,0.0000,3338.6006,0.0000,3,0,0
18.5183,3.3505,-0.8480,0.1000,0.1118,0.0000,0.0000,3245.9000,-795.6000,0.1000,0.1011,0.0000,0.0000,3338.5263,0.0000,3,0,0
18.5335,3.4252,-0.8615,0.1000,0.1150,0.0000,0.0000,3428.9000,-862.0000,0.1000,0.1011,0.0000,0.0000,3532.0584,0.0000,3,0,0
18.5487,3.5000,-0.8750,0.1000,0.1182,0.0000,0.0000,3428.9000,-862.0000,0.1000,0.1110,0.0000,0.0000,3531.9826,0.0000,3,0,0
18.5641,3.5772,-0.8752,0.1000,0.1215,0.0000,0.0000,3428.9000,-862.0000,0.1000,0.1110,0.0000,0.0000,3531.9078,0.0000,3,0,0
18.5796,3.6544,-0.8754,0.1000,0.1248,0.0000,0.0000,3428.9000,-862.0000,0.1000,0.1110,0.0000,0.0000,3531.8329,0.0000,3,0,0
18.5953,3.7316,-0.8619,0.1000,0.1281,0.0000,0.0000,3428.9000,-862.0000,0.1000,0.1110,0.0000,0.0000,3531.7613,0.0000,3,0,0
18.6109,3.8088,-0.8483,0.1000,0.1314,0.0000,0.0000,3661.9000,-869.2000,0.1000,0.1227,0.0000,0.0000,3759.7428,0.0000,3,0,0
18.6269,3.8836,-0.8211,0.1000,0.1348,0.0000,0.0000,3661.9000,-869.2000,0.1000,0.1227,0.0000,0.0000,3759.6764,0.0000,3,0,0
18.6428,3.9583,-0.7939,0.1000,0.1382,0.0000,0.0000,3661.9000,-869.2000,0.1000,0.1227,0.0000,0.0000,3759.6099,0.0000,3,0,0
18.6589,4.0282,-0.7534,0.1000,0.1416,0.0000,0.0000,3929.1000,-794.1000,0.1000,0.1339,0.0000,0.0000,4004.4459,0.0000,3,0,0
18.6751,4.0981,-0.7128,0.1000,0.1451,0.0000,0.0000,3929.1000,-794.1000,0.1000,0.1339,0.0000,0.0000,4004.3854,0.0000,3,0,0
18.6915,4.1608,-0.6600,0.1000,0.1486,0.0000,0.0000,4155.6000,-692.2000,0.1000,0.1339,0.0000,0.0000,4208.6429,0.0000,3,0,0
18.7079,4.2235,-0.6071,0.1000,0.1520,0.0000,0.0000,4155.6000,-692.2000,0.1000,0.1443,0.0000,0.0000,4208.5898,0.0000,3,0,0
18.7245,4.2767,-0.5431,0.1000,0.1556,0.0000,0.0000,4155.6000,-692.2000,0.1000,0.1443,0.0000,0.0000,4208.5478,0.0000,3,0,0
18.7412,4.3299,-0.4792,0.1000,0.1591,0.0000,0.0000,4155.6000,-692.2000,0.1000,0.1443,0.0000,0.0000,4208.5058,0.0000,3,0,0
18.7581,4.3718,-0.4058,0.1000,0.1627,0.0000,0.0000,4393.3000,-341.8000,0.1000,0.1443,0.0000,0.0000,4402.1859,0.0000,3,0,0
18.7749,4.4136,-0.3325,0.1000,0.1663,0.0000,0.0000,4393.3000,-341.8000,0.1000,0.1565,0.0000,0.0000,4402.1499,0.0000,3,0,0
18.7921,4.4424,-0.2519,0.1000,0.1699,0.0000,0.0000,4393.3000,-341.8000,0.1000,0.1565,0.0000,0.0000,4402.1275,0.0000,3,0,0
18.8092,4.4711,-0.1712,0.1000,0.1736,0.0000,0.0000,4393.3000,-341.8000,0.1000,0.1565,0.0000,0.0000,4402.1051,0.0000,3,0,0
18.8266,4.4856,-0.0856,0.1000,0.1773,0.0000,0.0000,4471.0000,-162.3000,0.1000,0.1565,0.0000,0.0000,4469.4591,0.0000,3,0,0
18.8439,4.5000,-0.0000,0.1000,0.1810,0.0000,0.0000,4471.0000,-162.3000,0.1000,0.1725,0.0000,0.0000,4469.4478,0.0000,3,0,0
18.8615,4.4992,0.0880,0.1000,0.1847,0.0000,0.0000,4471.0000,-162.3000,0.1000,0.1725,0.0000,0.0000,4469.4517,0.0000,3,0,0
18.8791,4.4985,0.1761,0.1000,0.1884,0.0000,0.0000,4498.0000,194.8000,0.1000,0.1725,0.0000,0.0000,4497.7143,0.0000,3,0,0
18.8970,4.4821,0.2638,0.1000,0.1922,0.0000,0.0000,4498.0000,194.8000,0.1000,0.1851,0.0000,0.0000,4497.7269,0.0000,3,0,0
18.9148,4.4658,0.3515,0.1000,0.1960,0.0000,0.0000,4498.0000,194.8000,0.1000,0.1851,0.0000,0.0000,4497.7394,0.0000,3,0,0
18.9329,4.4340,0.4362,0.1000,0.1999,0.0000,0.0000,4498.0000,194.8000,0.1000,0.1851,0.0000,0.0000,4497.7676,0.0000,3,0,0
18.9510,4.4021,0.5208,0.1000,0.2037,0.0000,0.0000,4415.6000,468.5000,0.1000,0.1851,0.0000,0.0000,4435.9521,0.0000,3,0,0
18.9693,4.3554,0.5997,0.1000,0.2076,0.0000,0.0000,4415.6000,468.5000,0.1000,0.1982,0.0000,0.0000,4435.9903,0.0000,3,0,0
18.9877,4.3086,0.6785,0.1000,0.2115,0.0000,0.0000,4415.6000,468.5000,0.1000,0.1982,0.0000,0.0000,4436.0285,0.0000,3,0,0
19.0062,4.2480,0.7489,0.1000,0.2155,0.0000,0.0000,4249.0000,739.0000,0.1000,0.1982,0.0000,0.0000,4308.4724,0.0000,3,0,0
19.0248,4.1874,0.8192,0.1000,0.2194,0.0000,0.0000,4249.0000,739.0000,0.1000,0.2104,0.0000,0.0000,4308.5200,0.0000,3,0,0
19.0436,4.1145,0.8787,0.1000,0.2234,0.0000,0.0000,4249.0000,739.0000,0.1000,0.2104,0.0000,0.0000,4308.5816,0.0000,3,0,0
19.0624,4.0417,0.9382,0.1000,0.2274,0.0000,0.0000,4249.0000,739.0000,0.1000,0.2104,0.0000,0.0000,4308.6432,0.0000,3,0,0
19.0815,3.9585,0.9846,0.1000,0.2315,0.0000,0.0000,4032.6000,1029.0000,0.1000,0.2104,0.0000,0.0000,4157.7359,0.0000,3,0,0
19.1005,3.8753,1.0311,0.1000,0.2355,0.0000,0.0000,4032.6000,1029.0000,0.1000,0.2263,0.0000,0.0000,4157.8051,0.0000,3,0,0
19.1198,3.7841,1.0626,0.1000,0.2396,0.0000,0.0000,4032.6000,1029.0000,0.1000,0.2263,0.0000,0.0000,4157.8856,0.0000,3,0,0
19.1391,3.6929,1.0942,0.1000,0.2437,0.0000,0.0000,4032.6000,1029.0000,0.1000,0.2263,0.0000,0.0000,4157.9661,0.0000,3,0,0
19.1587,3.5965,1.1096,0.1000,0.2479,0.0000,0.0000,3625.5000,1110.0000,0.1000,0.2263,0.0000,0.0000,3787.8520,0.0000,3,0,0
19.1782,3.5000,1.1250,0.1000,0.2520,0.0000,0.0000,3625.5000,1110.0000,0.1000,0.2418,0.0000,0.0000,3787.9398,0.0000,3,0,0
19.1980,3.4011,1.1233,0.1000,0.2562,0.0000,0.0000,3625.5000,1110.0000,0.1000,0.2418,0.0000,0.0000,3788.0348,0.0000,3,0,0
19.2178,3.3022,1.1216,0.1000,0.2604,0.0000,0.0000,3118.4000,1122.0000,0.1000,0.2418,0.0000,0.0000,3310.6197,0.0000,3,0,0
19.2378,3.2040,1.1024,0.1000,0.2647,0.0000,0.0000,3118.4000,1122.0000,0.1000,0.2561,0.0000,0.0000,3310.7186,0.0000,3,0,0
19.2578,3.1057,1.0833,0.1000,0.2689,0.0000,0.0000,3118.4000,1122.0000,0.1000,0.2561,0.0000,0.0000,3310.8175,0.0000,3,0,0
19.2781,3.0112,1.0468,0.1000,0.2732,0.0000,0.0000,3118.4000,1122.0000,0.1000,0.2561,0.0000,0.0000,3310.9188,0.0000,3,0,0
19.2983,2.9167,1.0104,0.1000,0.2775,0.0000,0.0000,3008.2000,1047.0000,0.1000,0.2681,0.0000,0.0000,3182.1097,0.0000,3,0,0
19.3188,2.8289,0.9574,0.1000,0.2819,0.0000,0.0000,3008.2000,1047.0000,0.1000,0.2681,0.0000,0.0000,3182.2100,0.0000,3,0,0
19.3394,2.7412,0.9044,0.1000,0.2863,0.0000,0.0000,2752.2000,904.1000,0.1000,0.2681,0.0000,0.0000,2894.0087,0.0000,3,0,0
19.3601,2.6631,0.8361,0.1000,0.2907,0.0000,0.0000,2752.2000,904.1000,0.1000,0.2800,0.0000,0.0000,2894.1042,0.0000,3,0,0
19.3808,2.5850,0.7678,0.1000,0.2951,0.0000,0.0000,2752.2000,904.1000,0.1000,0.2800,0.0000,0.0000,2894.1997,0.0000,3,0,0
19.4018,2.5193,0.6860,0.1000,0.2995,0.0000,0.0000,2520.5000,684.2000,0.1000,0.2800,0.0000,0.0000,2609.1030,0.0000,3,0,0
19.4228,2.4536,0.6042,0.1000,0.3040,0.0000,0.0000,2520.5000,684.2000,0.1000,0.2939,0.0000,0.0000,2609.1878,0.0000,3,0,0
19.4440,2.4025,0.5111,0.1000,0.3085,0.0000,0.0000,2520.5000,684.2000,0.1000,0.2939,0.0000,0.0000,2609.2615,0.0000,3,0,0
19.4653,2.3515,0.4180,0.1000,0.3130,0.0000,0.0000,2350.7000,398.4000,0.1000,0.2939,0.0000,0.0000,2381.8334,0.0000,3,0,0
19.4867,2.3171,0.3163,0.1000,0.3176,0.0000,0.0000,2350.7000,398.4000,0.1000,0.3074,0.0000,0.0000,2381.8843,0.0000,3,0,0
19.5082,2.2827,0.2146,0.1000,0.3222,0.0000,0.0000,2350.7000,398.4000,0.1000,0.3074,0.0000,0.0000,2381.9353,0.0000,3,0,0
19.5299,2.2663,0.1073,0.1000,0.3268,0.0000,0.0000,2266.1000,128.2000,0.1000,0.3074,0.0000,0.0000,2267.4547,0.0000,3,0,0
19.5516,2.2500,0.0000,0.1000,0.3314,0.0000,0.0000,2266.1000,128.2000,0.1000,0.3204,0.0000,0.0000,2267.4770,0.0000,3,0,0
19.5736,2.2527,-0.1097,0.1000,0.3361,0.0000,0.0000,2266.1000,128.2000,0.1000,0.3204,0.0000,0.0000,2267.4806,0.0000,3,0,0
19.5955,2.2553,-0.2195,0.1000,0.3407,0.0000,0.0000,2266.1000,128.2000,0.1000,0.3204,0.0000,0.0000,2267.4841,0.0000,3,0,0
19.6177,2.2773,-0.3282,0.1000,0.3454,0.0000,0.0000,2276.3000,-334.4000,0.1000,0.3204,0.0000,0.0000,2298.4306,0.0000,3,0,0
19.6399,2.2993,-0.4370,0.1000,0.3502,0.0000,0.0000,2276.3000,-334.4000,0.1000,0.3360,0.0000,0.0000,2298.3930,0.0000,3,0,0
19.6624,2.3403,-0.5414,0.1000,0.3549,0.0000,0.0000,2276.3000,-334.4000,0.1000,0.3360,0.0000,0.0000,2298.3372,0.0000,3,0,0
19.6848,2.3814,-0.6458,0.1000,0.3597,0.0000,0.0000,2381.8000,-679.4000,0.1000,0.3360,0.0000,0.0000,2474.3363,0.0000,3,0,0
19.7075,2.4406,-0.7425,0.1000,0.3645,0.0000,0.0000,2381.8000,-679.4000,0.1000,0.3539,0.0000,0.0000,2474.2528,0.0000,3,0,0
19.7302,2.4999,-0.8392,0.1000,0.3693,0.0000,0.0000,2381.8000,-679.4000,0.1000,0.3539,0.0000,0.0000,2474.1693,0.0000,3,0,0
19.7531,2.5759,-0.9250,0.1000,0.3742,0.0000,0.0000,2381.8000,-679.4000,0.1000,0.3539,0.0000,0.0000,2474.0727,0.0000,3,0,0
19.7760,2.6519,-1.0108,0.1000,0.3791,0.0000,0.0000,2575.7000,-922.0000,0.1000,0.3682,0.0000,0.0000,2732.9101,0.0000,3,0,0
19.7992,2.7426,-1.0827,0.1000,0.3840,0.0000,0.0000,2575.7000,-922.0000,0.1000,0.3682,0.0000,0.0000,2732.8005,0.0000,3,0,0
19.8223,2.8333,-1.1547,0.1000,0.3889,0.0000,0.0000,2856.4000,-1168.6000,0.1000,0.3682,0.0000,0.0000,3083.1431,0.0000,3,0,0
19.8457,2.9363,-1.2103,0.1000,0.3939,0.0000,0.0000,2856.4000,-1168.6000,0.1000,0.3847,0.0000,0.0000,3083.0267,0.0000,3,0,0
19.8691,3.0392,-1.2660,0.1000,0.3989,0.0000,0.0000,2856.4000,-1168.6000,0.1000,0.3847,0.0000,0.0000,3082.9104,0.0000,3,0,0
19.8928,3.1514,-1.3032,0.1000,0.4039,0.0000,0.0000,2856.4000,-1168.6000,0.1000,0.3847,0.0000,0.0000,3082.7924,0.0000,3,0,0
19.9164,3.2636,-1.3404,0.1000,0.4089,0.0000,0.0000,3219.9000,-1329.4000,0.1000,0.3847,0.0000,0.0000,3480.0132,0.0000,3,0,0
19.9403,3.3818,-1.3577,0.1000,0.4140,0.0000,0.0000,3219.9000,-1329.4000,0.1000,0.4025,0.0000,0.0000,3479.8973,0.0000,3,0,0
19.9642,3.5000,-1.3750,0.1000,0.4191,0.0000,0.0000,3219.9000,-1329.4000,0.1000,0.4025,0.0000,0.0000,3479.7815,0.0000,3,0,0
19.9883,3.6206,-1.3714,0.1000,0.4242,0.0000,0.0000,3219.9000,-1329.4000,0.1000,0.4025,0.0000,0.0000,3479.6714,0.0000,3,0,0
20.0125,3.7412,-1.3678,0.1000,0.4293,0.0000,0.0000,3613.2000,-1371.0000,0.1000,0.4025,0.0000,0.0000,3860.5810,0.0000,3,0,0
20.0368,3.8605,-1.3430,0.1000,0.4345,0.0000,0.0000,3613.2000,-1371.0000,0.1000,0.4217,0.0000,0.0000,3860.4782,0.0000,3,0,0
20.0612,3.9798,-1.3182,0.1000,0.4397,0.0000,0.0000,3613.2000,-1371.0000,0.1000,0.4217,0.0000,0.0000,3860.3755,0.0000,3,0,0
20.0858,4.0941,-1.2725,0.1000,0.4449,0.0000,0.0000,4162.0000,-1271.2000,0.1000,0.4217,0.0000,0.0000,4347.5163,0.0000,3,0,0
20.1104,4.2083,-1.2269,0.1000,0.4502,0.0000,0.0000,4162.0000,-1271.2000,0.1000,0.4217,0.0000,0.0000,4347.4203,0.0000,3,0,0
20.1353,4.3139,-1.1614,0.1000,0.4554,0.0000,0.0000,4162.0000,-1271.2000,0.1000,0.4217,0.0000,0.0000,4347.3384,0.0000,3,0,0
20.1601,4.4195,-1.0959,0.1000,0.4607,0.0000,0.0000,4527.2000,-1090.4000,0.1000,0.4217,0.0000,0.0000,4652.1099,0.0000,3,0,0
20.1852,4.5130,-1.0122,0.1000,0.4661,0.0000,0.0000,4527.2000,-1090.4000,0.1000,0.4404,0.0000,0.0000,4652.0386,0.0000,3,0,0
20.2103,4.6065,-0.9285,0.1000,0.4714,0.0000,0.0000,4527.2000,-1090.4000,0.1000,0.4404,0.0000,0.0000,4651.9673,0.0000,3,0,0
20.2357,4.6847,-0.8288,0.1000,0.4768,0.0000,0.0000,4687.1000,-812.4000,0.1000,0.4404,0.0000,0.0000,4752.2269,0.0000,3,0,0
20.2610,4.7630,-0.7292,0.1000,0.4822,0.0000,0.0000,4687.1000,-812.4000,0.1000,0.4690,0.0000,0.0000,4752.1668,0.0000,3,0,0
20.2866,4.8232,-0.6163,0.1000,0.4876,0.0000,0.0000,4687.1000,-812.4000,0.1000,0.4690,0.0000,0.0000,4752.1268,0.0000,3,0,0
20.3122,4.8834,-0.5035,0.1000,0.4930,0.0000,0.0000,4890.7000,-440.3000,0.1000,0.4690,0.0000,0.0000,4905.5708,0.0000,3,0,0
20.3380,4.9235,-0.3808,0.1000,0.4985,0.0000,0.0000,4890.7000,-440.3000,0.1000,0.4883,0.0000,0.0000,4905.5419,0.0000,3,0,0
20.3638,4.9635,-0.2581,0.1000,0.5040,0.0000,0.0000,4890.7000,-440.3000,0.1000,0.4883,0.0000,0.0000,4905.5130,0.0000,3,0,0
20.3899,4.9818,-0.1290,0.1000,0.5095,0.0000,0.0000,4982.2000,-139.4000,0.1000,0.4883,0.0000,0.0000,4979.1664,0.0000,3,0,0
20.4159,5.0000,-0.0000,0.1000,0.5151,0.0000,0.0000,4982.2000,-139.4000,0.1000,0.5021,0.0000,0.0000,4979.1518,0.0000,3,0,0
20.4682,4.8088,0.1783,0.1000,0.5262,0.0000,0.0000,4982.2000,-139.4000,0.1000,0.5021,0.0000,0.0000,4979.3479,0.0000,3,0,0
20.5205,4.6176,0.3566,0.1000,0.5373,0.0000,0.0000,4616.4000,355.4000,0.1000,0.5021,0.0000,0.0000,4625.4289,0.0000,3,0,0
20.5728,4.4265,0.5349,0.1000,0.5484,0.0000,0.0000,4616.4000,355.4000,0.1000,0.5237,0.0000,0.0000,4625.6058,0.0000,3,0,0
20.6251,4.2353,0.7132,0.1000,0.5595,0.0000,0.0000,4616.4000,355.4000,0.1000,0.5237,0.0000,0.0000,4625.7827,0.0000,3,0,0
20.6773,4.0441,0.8915,0.1000,0.5707,0.0000,0.0000,4026.4000,907.6000,0.1000,0.5237,0.0000,0.0000,4123.2835,0.0000,3,0,0
20.7296,3.8529,1.0698,0.1000,0.5818,0.0000,0.0000,4026.4000,907.6000,0.1000,0.5563,0.0000,0.0000,4123.4308,0.0000,3,0,0
20.7819,3.6618,1.2481,0.1000,0.5929,0.0000,0.0000,4026.4000,907.6000,0.1000,0.5563,0.0000,0.0000,4123.5781,0.0000,3,0,0
20.8342,3.4706,1.4264,0.1000,0.6040,0.0000,0.0000,4026.4000,907.6000,0.1000,0.5563,0.0000,0.0000,4123.7255,0.0000,3,0,0
20.8865,3.2794,1.6047,0.1000,0.6151,0.0000,0.0000,3463.2000,1433.8000,0.1000,0.5563,0.0000,0.0000,3744.6273,0.0000,3,0,0
20.9388,3.0882,1.7830,0.1000,0.6262,0.0000,0.0000,3463.2000,1433.8000,0.1000,0.5962,0.0000,0.0000,3744.7358,0.0000,3,0,0
20.9910,2.8971,1.9613,0.1000,0.6373,0.0000,0.0000,3463.2000,1433.8000,0.1000,0.5962,0.0000,0.0000,3744.8443,0.0000,3,0,0
21.0433,2.7059,2.1396,0.1000,0.6484,0.0000,0.0000,2702.7000,2138.2000,0.1000,0.5962,0.0000,0.0000,3442.7783,0.0000,3,0,0
21.0956,2.5147,2.3179,0.1000,0.6596,0.0000,0.0000,2702.7000,2138.2000,0.1000,0.6346,0.0000,0.0000,3442.8176,0.0000,3,0,0
21.1479,2.3235,2.4962,0.1000,0.6707,0.0000,0.0000,2702.7000,2138.2000,0.1000,0.6346,0.0000,0.0000,3442.8569,0.0000,3,0,0
21.2002,2.1324,2.6745,0.1000,0.6818,0.0000,0.0000,2702.7000,2138.2000,0.1000,0.6346,0.0000,0.0000,3442.8963,0.0000,3,0,0
21.2525,1.9412,2.8528,0.1000,0.6929,0.0000,0.0000,2046.6000,2756.6000,0.1000,0.6662,0.0000,0.0000,3429.8329,0.0000,3,0,0
21.3047,1.7500,3.0311,0.1000,0.7040,0.0000,0.0000,2046.6000,2756.6000,0.1000,0.6662,0.0000,0.0000,3429.8037,0.0000,3,0,0
21.3061,1.7568,3.0323,0.1000,0.7043,0.0000,0.0000,2046.6000,2756.6000,0.1000,0.6662,0.0000,0.0000,3429.7986,0.0000,3,0,0
21.3075,1.7637,3.0335,0.1000,0.7046,0.0000,0.0000,1663.4000,3033.5000,0.1000,0.6662,0.0000,0.0000,3456.1196,0.0000,3,0,0
21.3089,1.7699,3.0370,0.1000,0.7049,0.0000,0.0000,1663.4000,3033.5000,0.1000,0.7022,0.0000,0.0000,3456.1135,0.0000,3,0,0
21.3104,1.7761,3.0406,0.1000,0.7052,0.0000,0.0000,1663.4000,3033.5000,0.1000,0.7022,0.0000,0.0000,3456.1074,0.0000,3,0,0
21.3119,1.7811,3.0463,0.1000,0.7055,0.0000,0.0000,1782.5000,3047.8000,0.1000,0.7022,0.0000,0.0000,3527.2490,0.0000,3,0,0
21.3134,1.7861,3.0519,0.1000,0.7058,0.0000,0.0000,1782.5000,3047.8000,0.1000,0.7051,0.0000,0.0000,3527.2415,0.0000,3,0,0
21.3150,1.7893,3.0594,0.1000,0.7062,0.0000,0.0000,1782.5000,3047.8000,0.1000,0.7051,0.0000,0.0000,3527.2335,0.0000,3,0,0
21.3166,1.7926,3.0668,0.1000,0.7065,0.0000,0.0000,1782.5000,3047.8000,0.1000,0.7051,0.0000,0.0000,3527.2254,0.0000,3,0,0
21.3184,1.7936,3.0755,0.1000,0.7069,0.0000,0.0000,1794.1000,3075.3000,0.1000,0.7051,0.0000,0.0000,3556.8139,0.0000,3,0,0
21.3202,1.7946,3.0843,0.1000,0.7073,0.0000,0.0000,1794.1000,3075.3000,0.1000,0.7062,0.0000,0.0000,3556.8059,0.0000,3,0,0
21.3221,1.7932,3.0938,0.1000,0.7077,0.0000,0.0000,1794.1000,3075.3000,0.1000,0.7062,0.0000,0.0000,3556.7984,0.0000,3,0,0
21.3240,1.7917,3.1033,0.1000,0.7081,0.0000,0.0000,1794.1000,3075.3000,0.1000,0.7062,0.0000,0.0000,3556.7910,0.0000,3,0,0
21.3261,1.7875,3.1129,0.1000,0.7085,0.0000,0.0000,1787.0000,3109.4000,0.1000,0.7062,0.0000,0.0000,3582.7369,0.0000,3,0,0
21.3282,1.7833,3.1224,0.1000,0.7090,0.0000,0.0000,1787.0000,3109.4000,0.1000,0.7081,0.0000,0.0000,3582.7307,0.0000,3,0,0
21.3305,1.7763,3.1315,0.1000,0.7095,0.0000,0.0000,1787.0000,3109.4000,0.1000,0.7081,0.0000,0.0000,3582.7263,0.0000,3,0,0
21.3328,1.7693,3.1405,0.1000,0.7100,0.0000,0.0000,1787.0000,3109.4000,0.1000,0.7081,0.0000,0.0000,3582.7220,0.0000,3,0,0
21.3352,1.7596,3.1483,0.1000,0.7105,0.0000,0.0000,1787.0000,3109.4000,0.1000,0.7081,0.0000,0.0000,3582.7200,0.0000,3,0,0
21.3377,1.7500,3.1561,0.1000,0.7110,0.0000,0.0000,1738.3000,3120.0000,0.1000,0.7081,0.0000,0.0000,3567.9577,0.0000,3,0,0
21.3404,1.7379,3.1620,0.1000,0.7116,0.0000,0.0000,1738.3000,3120.0000,0.1000,0.7103,0.0000,0.0000,3567.9584,0.0000,3,0,0
21.3431,1.7259,3.1679,0.1000,0.7122,0.0000,0.0000,1738.3000,3120.0000,0.1000,0.7103,0.0000,0.0000,3567.9591,0.0000,3,0,0
21.3460,1.7118,3.1713,0.1000,0.7128,0.0000,0.0000,1701.9000,3171.0000,0.1000,0.7103,0.0000,0.0000,3595.2439,0.0000,3,0,0
21.3489,1.6977,3.1747,0.1000,0.7134,0.0000,0.0000,1701.9000,3171.0000,0.1000,0.7103,0.0000,0.0000,3595.2476,0.0000,3,0,0
21.3520,1.6822,3.1750,0.1000,0.7141,0.0000,0.0000,1701.9000,3171.0000,0.1000,0.7103,0.0000,0.0000,3595.2546,0.0000,3,0,0
21.3551,1.6667,3.1754,0.1000,0.7147,0.0000,0.0000,1701.9000,3171.0000,0.1000,0.7103,0.0000,0.0000,3595.2616,0.0000,3,0,0
21.3584,1.6503,3.1724,0.1000,0.7154,0.0000,0.0000,1669.0000,3173.5000,0.1000,0.7122,0.0000,0.0000,3582.0430,0.0000,3,0,0
21.3618,1.6339,3.1694,0.1000,0.7161,0.0000,0.0000,1669.0000,3173.5000,0.1000,0.7122,0.0000,0.0000,3582.0533,0.0000,3,0,0
21.3653,1.6175,3.1627,0.1000,0.7169,0.0000,0.0000,1603.6000,3163.1000,0.1000,0.7122,0.0000,0.0000,3542.8169,0.0000,3,0,0
21.3689,1.6010,3.1561,0.1000,0.7176,0.0000,0.0000,1603.6000,3163.1000,0.1000,0.7159,0.0000,0.0000,3542.8303,0.0000,3,0,0
21.3726,1.5853,3.1457,0.1000,0.7184,0.0000,0.0000,1603.6000,3163.1000,0.1000,0.7159,0.0000,0.0000,3542.8467,0.0000,3,0,0
21.3764,1.5696,3.1353,0.1000,0.7192,0.0000,0.0000,1574.5000,3134.9000,0.1000,0.7159,0.0000,0.0000,3504.5771,0.0000,3,0,0
21.3804,1.5554,3.1212,0.1000,0.7201,0.0000,0.0000,1574.5000,3134.9000,0.1000,0.7181,0.0000,0.0000,3504.5960,0.0000,3,0,0
21.3844,1.5412,3.1071,0.1000,0.7209,0.0000,0.0000,1574.5000,3134.9000,0.1000,0.7181,0.0000,0.0000,3504.6150,0.0000,3,0,0
21.3886,1.5293,3.0896,0.1000,0.7218,0.0000,0.0000,1511.5000,3124.2000,0.1000,0.7181,0.0000,0.0000,3467.1806,0.0000,3,0,0
21.3929,1.5175,3.0721,0.1000,0.7227,0.0000,0.0000,1511.5000,3124.2000,0.1000,0.7206,0.0000,0.0000,3467.2016,0.0000,3,0,0
21.3973,1.5087,3.0516,0.1000,0.7237,0.0000,0.0000,1511.5000,3124.2000,0.1000,0.7206,0.0000,0.0000,3467.2238,0.0000,3,0,0
21.4018,1.5000,3.0311,0.1000,0.7246,0.0000,0.0000,1511.5000,3124.2000,0.1000,0.7206,0.0000,0.0000,3467.2461,0.0000,3,0,0
21.4065,1.4951,3.0082,0.1000,0.7256,0.0000,0.0000,1500.0000,3049.9000,0.1000,0.7206,0.0000,0.0000,3395.4480,0.0000,3,0,0
21.4111,1.4901,2.9853,0.1000,0.7266,0.0000,0.0000,1500.0000,3049.9000,0.1000,0.7243,0.0000,0.0000,3395.4707,0.0000,3,0,0
21.4161,1.4895,2.9607,0.1000,0.7277,0.0000,0.0000,1500.0000,3049.9000,0.1000,0.7243,0.0000,0.0000,3395.4930,0.0000,3,0,0
21.4210,1.4890,2.9361,0.1000,0.7287,0.0000,0.0000,1500.0000,3049.9000,0.1000,0.7243,0.0000,0.0000,3395.5153,0.0000,3,0,0
21.4261,1.4932,2.9107,0.1000,0.7298,0.0000,0.0000,1500.0000,3049.9000,0.1000,0.7243,0.0000,0.0000,3395.5363,0.0000,3,0,0
21.4313,1.4974,2.8853,0.1000,0.7309,0.0000,0.0000,1493.0000,2903.4000,0.1000,0.7243,0.0000,0.0000,3261.5281,0.0000,3,0,0
21.4367,1.5067,2.8600,0.1000,0.7321,0.0000,0.0000,1493.0000,2903.4000,0.1000,0.7295,0.0000,0.0000,3261.5464,0.0000,3,0,0
21.4421,1.5159,2.8347,0.1000,0.7332,0.0000,0.0000,1493.0000,2903.4000,0.1000,0.7295,0.0000,0.0000,3261.5646,0.0000,3,0,0
21.4477,1.5303,2.8105,0.1000,0.7344,0.0000,0.0000,1493.0000,2903.4000,0.1000,0.7295,0.0000,0.0000,3261.5795,0.0000,3,0,0
21.4533,1.5447,2.7864,0.1000,0.7356,0.0000,0.0000,1539.0000,2751.1000,0.1000,0.7295,0.0000,0.0000,3149.1263,0.0000,3,0,0
21.4592,1.5640,2.7644,0.1000,0.7368,0.0000,0.0000,1539.0000,2751.1000,0.1000,0.7335,0.0000,0.0000,3149.1361,0.0000,3,0,0
21.4650,1.5833,2.7424,0.1000,0.7381,0.0000,0.0000,1539.0000,2751.1000,0.1000,0.7335,0.0000,0.0000,3149.1458,0.0000,3,0,0
21.4711,1.6073,2.7236,0.1000,0.7394,0.0000,0.0000,1539.0000,2751.1000,0.1000,0.7335,0.0000,0.0000,3149.1505,0.0000,3,0,0
21.4772,1.6312,2.7048,0.1000,0.7407,0.0000,0.0000,1539.0000,2751.1000,0.1000,0.7335,0.0000,0.0000,3149.1553,0.0000,3,0,0
21.4835,1.6593,2.6901,0.1000,0.7420,0.0000,0.0000,1539.0000,2751.1000,0.1000,0.7335,0.0000,0.0000,3149.1544,0.0000,3,0,0
21.4898,1.6873,2.6755,0.1000,0.7434,0.0000,0.0000,1746.4000,2653.9000,0.1000,0.7335,0.0000,0.0000,3173.8012,0.0000,3,0,0
21.4964,1.7186,2.6658,0.1000,0.7447,0.0000,0.0000,1746.4000,2653.9000,0.1000,0.7404,0.0000,0.0000,3173.7920,0.0000,3,0,0
21.5030,1.7500,2.6561,0.1000,0.7461,0.0000,0.0000,1746.4000,2653.9000,0.1000,0.7404,0.0000,0.0000,3173.7829,0.0000,3,0,0
21.5098,1.7838,2.6521,0.1000,0.7476,0.0000,0.0000,1775.9000,2652.0000,0.1000,0.7404,0.0000,0.0000,3188.5001,0.0000,3,0,0
21.5166,1.8175,2.6481,0.1000,0.7490,0.0000,0.0000,1775.9000,2652.0000,0.1000,0.7457,0.0000,0.0000,3188.4846,0.0000,3,0,0
21.5236,1.8526,2.6504,0.1000,0.7505,0.0000,0.0000,1775.9000,2652.0000,0.1000,0.7457,0.0000,0.0000,3188.4632,0.0000,3,0,0
21.5306,1.8878,2.6526,0.1000,0.7520,0.0000,0.0000,1775.9000,2652.0000,0.1000,0.7457,0.0000,0.0000,3188.4418,0.0000,3,0,0
21.5379,1.9230,2.6614,0.1000,0.7536,0.0000,0.0000,1884.9000,2653.3000,0.1000,0.7499,0.0000,0.0000,3251.3823,0.0000,3,0,0
21.5452,1.9583,2.6702,0.1000,0.7551,0.0000,0.0000,1884.9000,2653.3000,0.1000,0.7499,0.0000,0.0000,3251.3547,0.0000,3,0,0
21.5527,1.9925,2.6858,0.1000,0.7567,0.0000,0.0000,1884.9000,2653.3000,0.1000,0.7499,0.0000,0.0000,3251.3222,0.0000,3,0,0
21.5602,2.0268,2.7013,0.1000,0.7583,0.0000,0.0000,2045.1000,2707.9000,0.1000,0.7499,0.0000,0.0000,3390.0219,0.0000,3,0,0
21.5680,2.0586,2.7233,0.1000,0.7600,0.0000,0.0000,2045.1000,2707.9000,0.1000,0.7560,0.0000,0.0000,3389.9851,0.0000,3,0,0
21.5757,2.0905,2.7454,0.1000,0.7616,0.0000,0.0000,2045.1000,2707.9000,0.1000,0.7560,0.0000,0.0000,3389.9483,0.0000,3,0,0
21.5837,2.1187,2.7737,0.1000,0.7633,0.0000,0.0000,2133.7000,2799.9000,0.1000,0.7560,0.0000,0.0000,3516.7534,0.0000,3,0,0
21.5917,2.1469,2.8019,0.1000,0.7650,0.0000,0.0000,2133.7000,2799.9000,0.1000,0.7611,0.0000,0.0000,3516.7138,0.0000,3,0,0
21.5999,2.1703,2.8358,0.1000,0.7668,0.0000,0.0000,2133.7000,2799.9000,0.1000,0.7611,0.0000,0.0000,3516.6727,0.0000,3,0,0
21.6082,2.1937,2.8696,0.1000,0.7685,0.0000,0.0000,2133.7000,2799.9000,0.1000,0.7611,0.0000,0.0000,3516.6316,0.0000,3,0,0
21.6166,2.2112,2.9081,0.1000,0.7703,0.0000,0.0000,2193.5000,2851.5000,0.1000,0.7663,0.0000,0.0000,3593.9146,0.0000,3,0,0
21.6251,2.2287,2.9467,0.1000,0.7721,0.0000,0.0000,2193.5000,2851.5000,0.1000,0.7663,0.0000,0.0000,3593.8734,0.0000,3,0,0
21.6338,2.2394,2.9889,0.1000,0.7739,0.0000,0.0000,2193.5000,2851.5000,0.1000,0.7663,0.0000,0.0000,3593.8334,0.0000,3,0,0
21.6425,2.2500,3.0311,0.1000,0.7758,0.0000,0.0000,2239.0000,2988.7000,0.1000,0.7724,0.0000,0.0000,3730.5857,0.0000,3,0,0
21.6514,2.2530,3.0757,0.1000,0.7777,0.0000,0.0000,2239.0000,2988.7000,0.1000,0.7724,0.0000,0.0000,3730.5481,0.0000,3,0,0
21.6604,2.2561,3.1203,0.1000,0.7796,0.0000,0.0000,2239.0000,2988.7000,0.1000,0.7724,0.0000,0.0000,3730.5106,0.0000,3,0,0
21.6696,2.2510,3.1660,0.1000,0.7816,0.0000,0.0000,2251.0000,3159.6000,0.1000,0.7724,0.0000,0.0000,3875.5577,0.0000,3,0,0
21.6788,2.2459,3.2116,0.1000,0.7835,0.0000,0.0000,2251.0000,3159.6000,0.1000,0.7793,0.0000,0.0000,3875.5235,0.0000,3,0,0
21.6882,2.2325,3.2568,0.1000,0.7855,0.0000,0.0000,2251.0000,3159.6000,0.1000,0.7793,0.0000,0.0000,3875.4945,0.0000,3,0,0
21.6976,2.2191,3.3019,0.1000,0.7875,0.0000,0.0000,2219.0000,3309.8000,0.1000,0.7793,0.0000,0.0000,3980.8350,0.0000,3,0,0
21.7073,2.1973,3.3451,0.1000,0.7896,0.0000,0.0000,2219.0000,3309.8000,0.1000,0.7847,0.0000,0.0000,3980.8113,0.0000,3,0,0
21.7169,2.1756,3.3882,0.1000,0.7916,0.0000,0.0000,2219.0000,3309.8000,0.1000,0.7847,0.0000,0.0000,3980.7876,0.0000,3,0,0
21.7268,2.1458,3.4278,0.1000,0.7937,0.0000,0.0000,2219.0000,3309.8000,0.1000,0.7847,0.0000,0.0000,3980.7713,0.0000,3,0,0
21.7367,2.1160,3.4673,0.1000,0.7958,0.0000,0.0000,2145.9000,3439.4000,0.1000,0.7847,0.0000,0.0000,4049.8695,0.0000,3,0,0
21.7469,2.0788,3.5018,0.1000,0.7980,0.0000,0.0000,2145.9000,3439.4000,0.1000,0.7928,0.0000,0.0000,4049.8600,0.0000,3,0,0
21.7570,2.0417,3.5363,0.1000,0.8001,0.0000,0.0000,2145.9000,3439.4000,0.1000,0.7928,0.0000,0.0000,4049.8504,0.0000,3,0,0
21.7674,1.9980,3.5643,0.1000,0.8023,0.0000,0.0000,1997.6000,3564.3000,0.1000,0.7928,0.0000,0.0000,4081.8214,0.0000,3,0,0
21.7778,1.9543,3.5923,0.1000,0.8046,0.0000,0.0000,1997.6000,3564.3000,0.1000,0.8004,0.0000,0.0000,4081.8184,0.0000,3,0,0
21.7884,1.9052,3.6126,0.1000,0.8068,0.0000,0.0000,1997.6000,3564.3000,0.1000,0.8004,0.0000,0.0000,4081.8247,0.0000,3,0,0
21.7990,1.8561,3.6329,0.1000,0.8091,0.0000,0.0000,1997.6000,3564.3000,0.1000,0.8004,0.0000,0.0000,4081.8309,0.0000,3,0,0
21.8099,1.8031,3.6445,0.1000,0.8114,0.0000,0.0000,1830.3000,3644.7000,0.1000,0.8004,0.0000,0.0000,4074.3940,0.0000,3,0,0
21.8207,1.7500,3.6561,0.1000,0.8137,0.0000,0.0000,1830.3000,3644.7000,0.1000,0.8081,0.0000,0.0000,4074.4074,0.0000,3,0,0
21.8318,1.6945,3.6582,0.1000,0.8160,0.0000,0.0000,1830.3000,3644.7000,0.1000,0.8081,0.0000,0.0000,4074.4305,0.0000,3,0,0
21.8429,1.6391,3.6603,0.1000,0.8184,0.0000,0.0000,1637.4000,3659.0000,0.1000,0.8081,0.0000,0.0000,4004.6501,0.0000,3,0,0
21.8543,1.5829,3.6524,0.1000,0.8208,0.0000,0.0000,1637.4000,3659.0000,0.1000,0.8152,0.0000,0.0000,4004.6802,0.0000,3,0,0
21.8656,1.5267,3.6445,0.1000,0.8232,0.0000,0.0000,1637.4000,3659.0000,0.1000,0.8152,0.0000,0.0000,4004.7104,0.0000,3,0,0
21.8772,1.4717,3.6265,0.1000,0.8257,0.0000,0.0000,1637.4000,3659.0000,0.1000,0.8152,0.0000,0.0000,4004.7493,0.0000,3,0,0
21.8888,1.4167,3.6084,0.1000,0.8282,0.0000,0.0000,1469.7000,3626.0000,0.1000,0.8152,0.0000,0.0000,3908.6541,0.0000,3,0,0
21.9006,1.3646,3.5804,0.1000,0.8307,0.0000,0.0000,1469.7000,3626.0000,0.1000,0.8248,0.0000,0.0000,3908.6996,0.0000,3,0,0
21.9124,1.3125,3.5524,0.1000,0.8332,0.0000,0.0000,1469.7000,3626.0000,0.1000,0.8248,0.0000,0.0000,3908.7451,0.0000,3,0,0
21.9245,1.2653,3.5149,0.1000,0.8357,0.0000,0.0000,1469.7000,3626.0000,0.1000,0.8248,0.0000,0.0000,3908.7976,0.0000,3,0,0
21.9366,1.2180,3.4775,0.1000,0.8383,0.0000,0.0000,1249.7000,3474.1000,0.1000,0.8248,0.0000,0.0000,3688.3503,0.0000,3,0,0
21.9489,1.1773,3.4314,0.1000,0.8409,0.0000,0.0000,1249.7000,3474.1000,0.1000,0.8345,0.0000,0.0000,3688.4075,0.0000,3,0,0
21.9612,1.1366,3.3853,0.1000,0.8435,0.0000,0.0000,1249.7000,3474.1000,0.1000,0.8345,0.0000,0.0000,3688.4647,0.0000,3,0,0
21.9737,1.1039,3.3317,0.1000,0.8462,0.0000,0.0000,1099.1000,3328.6000,0.1000,0.8345,0.0000,0.0000,3501.8573,0.0000,3,0,0
21.9863,1.0713,3.2781,0.1000,0.8489,0.0000,0.0000,1099.1000,3328.6000,0.1000,0.8429,0.0000,0.0000,3501.9184,0.0000,3,0,0
21.9991,1.0482,3.2185,0.1000,0.8516,0.0000,0.0000,1099.1000,3328.6000,0.1000,0.8429,0.0000,0.0000,3501.9823,0.0000,3,0,0
22.0118,1.0251,3.1589,0.1000,0.8543,0.0000,0.0000,1099.1000,3328.6000,0.1000,0.8429,0.0000,0.0000,3502.0461,0.0000,3,0,0
22.0249,1.0125,3.0950,0.1000,0.8571,0.0000,0.0000,1025.0000,3153.6000,0.1000,0.8507,0.0000,0.0000,3312.7379,0.0000,3,0,0
22.0379,1.0000,3.0311,0.1000,0.8598,0.0000,0.0000,1025.0000,3153.6000,0.1000,0.8507,0.0000,0.0000,3312.8025,0.0000,3,0,0
22.0512,0.9989,2.9648,0.1000,0.8627,0.0000,0.0000,1025.0000,3153.6000,0.1000,0.8507,0.0000,0.0000,3312.8659,0.0000,3,0,0
22.0644,0.9977,2.8984,0.1000,0.8655,0.0000,0.0000,1025.0000,3153.6000,0.1000,0.8507,0.0000,0.0000,3312.9294,0.0000,3,0,0
22.0779,1.0084,2.8318,0.1000,0.8684,0.0000,0.0000,998.5000,2956.7000,0.1000,0.8507,0.0000,0.0000,3117.7439,0.0000,3,0,0
22.0914,1.0191,2.7651,0.1000,0.8712,0.0000,0.0000,998.5000,2956.7000,0.1000,0.8634,0.0000,0.0000,3117.8037,0.0000,3,0,0
22.1052,1.0418,2.7002,0.1000,0.8741,0.0000,0.0000,998.5000,2956.7000,0.1000,0.8634,0.0000,0.0000,3117.8579,0.0000,3,0,0
22.1189,1.0644,2.6353,0.1000,0.8771,0.0000,0.0000,998.5000,2956.7000,0.1000,0.8634,0.0000,0.0000,3117.9122,0.0000,3,0,0
22.1329,1.0987,2.5743,0.1000,0.8800,0.0000,0.0000,998.5000,2956.7000,0.1000,0.8634,0.0000,0.0000,3117.9590,0.0000,3,0,0
22.1469,1.1329,2.5133,0.1000,0.8830,0.0000,0.0000,1099.0000,2574.0000,0.1000,0.8759,0.0000,0.0000,2796.0429,0.0000,3,0,0
22.1611,1.1781,2.4583,0.1000,0.8860,0.0000,0.0000,1099.0000,2574.0000,0.1000,0.8759,0.0000,0.0000,2796.0757,0.0000,3,0,0
22.1754,1.2233,2.4034,0.1000,0.8891,0.0000,0.0000,1099.0000,2574.0000,0.1000,0.8759,0.0000,0.0000,2796.1086,0.0000,3,0,0
22.1898,1.2783,2.3564,0.1000,0.8921,0.0000,0.0000,1274.3000,2356.0000,0.1000,0.8759,0.0000,0.0000,2675.8592,0.0000,3,0,0
22.2043,1.3333,2.3094,0.1000,0.8952,0.0000,0.0000,1274.3000,2356.0000,0.1000,0.8882,0.0000,0.0000,2675.8744,0.0000,3,0,0
22.2190,1.3968,2.2722,0.1000,0.8983,0.0000,0.0000,1274.3000,2356.0000,0.1000,0.8882,0.0000,0.0000,2675.8769,0.0000,3,0,0
22.2337,1.4602,2.2350,0.1000,0.9015,0.0000,0.0000,1274.3000,2356.0000,0.1000,0.8882,0.0000,0.0000,2675.8795,0.0000,3,0,0
22.2487,1.5304,2.2090,0.1000,0.9046,0.0000,0.0000,1461.0000,2288.4000,0.1000,0.8971,0.0000,0.0000,2712.3276,0.0000,3,0,0
22.2636,1.6005,2.1831,0.1000,0.9078,0.0000,0.0000,1461.0000,2288.4000,0.1000,0.8971,0.0000,0.0000,2712.3117,0.0000,3,0,0
22.2788,1.6752,2.1696,0.1000,0.9111,0.0000,0.0000,1723.9000,2170.0000,0.1000,0.8971,0.0000,0.0000,2768.6724,0.0000,3,0,0
22.2940,1.7500,2.1561,0.1000,0.9143,0.0000,0.0000,1723.9000,2170.0000,0.1000,0.9069,0.0000,0.0000,2768.6365,0.0000,3,0,0
22.3095,1.8272,2.1559,0.1000,0.9176,0.0000,0.0000,1723.9000,2170.0000,0.1000,0.9069,0.0000,0.0000,2768.5886,0.0000,3,0,0
22.3249,1.9044,2.1557,0.1000,0.9208,0.0000,0.0000,1723.9000,2170.0000,0.1000,0.9069,0.0000,0.0000,2768.5408,0.0000,3,0,0
22.3406,1.9816,2.1692,0.1000,0.9242,0.0000,0.0000,1723.9000,2170.0000,0.1000,0.9069,0.0000,0.0000,2768.4821,0.0000,3,0,0
22.3563,2.0588,2.1828,0.1000,0.9275,0.0000,0.0000,1723.9000,2170.0000,0.1000,0.9069,0.0000,0.0000,2768.4235,0.0000,3,0,0
22.3722,2.1336,2.2100,0.1000,0.9309,0.0000,0.0000,2058.1000,2223.8000,0.1000,0.9069,0.0000,0.0000,3026.9556,0.0000,3,0,0
22.3881,2.2083,2.2372,0.1000,0.9343,0.0000,0.0000,2058.1000,2223.8000,0.1000,0.9260,0.0000,0.0000,3026.8848,0.0000,3,0,0
22.4043,2.2782,2.2777,0.1000,0.9377,0.0000,0.0000,2058.1000,2223.8000,0.1000,0.9260,0.0000,0.0000,3026.8076,0.0000,3,0,0
22.4204,2.3481,2.3182,0.1000,0.9411,0.0000,0.0000,2058.1000,2223.8000,0.1000,0.9260,0.0000,0.0000,3026.7304,0.0000,3,0,0
22.4368,2.4108,2.3711,0.1000,0.9446,0.0000,0.0000,2336.3000,2318.8000,0.1000,0.9260,0.0000,0.0000,3288.2946,0.0000,3,0,0
22.4532,2.4735,2.4240,0.1000,0.9481,0.0000,0.0000,2336.3000,2318.8000,0.1000,0.9396,0.0000,0.0000,3288.2129,0.0000,3,0,0
22.4699,2.5267,2.4880,0.1000,0.9517,0.0000,0.0000,2336.3000,2318.8000,0.1000,0.9396,0.0000,0.0000,3288.1300,0.0000,3,0,0
22.4865,2.5799,2.5519,0.1000,0.9552,0.0000,0.0000,2565.9000,2580.5000,0.1000,0.9396,0.0000,0.0000,3635.4403,0.0000,3,0,0
22.5034,2.6218,2.6252,0.1000,0.9588,0.0000,0.0000,2565.9000,2580.5000,0.1000,0.9508,0.0000,0.0000,3635.3588,0.0000,3,0,0
22.5203,2.6636,2.6986,0.1000,0.9624,0.0000,0.0000,2565.9000,2580.5000,0.1000,0.9508,0.0000,0.0000,3635.2773,0.0000,3,0,0
22.5374,2.6924,2.7792,0.1000,0.9660,0.0000,0.0000,2690.1000,2778.3000,0.1000,0.9508,0.0000,0.0000,3863.3762,0.0000,3,0,0
22.5545,2.7211,2.8599,0.1000,0.9696,0.0000,0.0000,2690.1000,2778.3000,0.1000,0.9614,0.0000,0.0000,3863.2982,0.0000,3,0,0
22.5719,2.7356,2.9455,0.1000,0.9733,0.0000,0.0000,2690.1000,2778.3000,0.1000,0.9614,0.0000,0.0000,3863.2267,0.0000,3,0,0
22.5892,2.7500,3.0311,0.1000,0.9770,0.0000,0.0000,2690.1000,2778.3000,0.1000,0.9614,0.0000,0.0000,3863.1551,0.0000,3,0,0
22.6068,2.7492,3.1191,0.1000,0.9808,0.0000,0.0000,2750.4000,3104.7000,0.1000,0.9737,0.0000,0.0000,4143.5961,0.0000,3,0,0
22.6245,2.7485,3.2071,0.1000,0.9845,0.0000,0.0000,2750.4000,3104.7000,0.1000,0.9737,0.0000,0.0000,4143.5307,0.0000,3,0,0
22.6423,2.7321,3.2949,0.1000,0.9883,0.0000,0.0000,2750.4000,3104.7000,0.1000,0.9737,0.0000,0.0000,4143.4759,0.0000,3,0,0
22.6601,2.7158,3.3826,0.1000,0.9921,0.0000,0.0000,2750.4000,3104.7000,0.1000,0.9737,0.0000,0.0000,4143.4211,0.0000,3,0,0
22.6782,2.6840,3.4673,0.1000,0.9959,0.0000,0.0000,2725.6000,3302.1000,0.1000,0.9737,0.0000,0.0000,4277.2947,0.0000,3,0,0
22.6963,2.6521,3.5519,0.1000,0.9998,0.0000,0.0000,2725.6000,3302.1000,0.1000,0.9899,0.0000,0.0000,4277.2497,0.0000,3,0,0
22.7147,2.6054,3.6308,0.1000,1.0037,0.0000,0.0000,2725.6000,3302.1000,0.1000,0.9899,0.0000,0.0000,4277.2186,0.0000,3,0,0
22.7330,2.5586,3.7096,0.1000,1.0076,0.0000,0.0000,2555.0000,3780.6000,0.1000,0.9899,0.0000,0.0000,4558.4930,0.0000,3,0,0
22.7516,2.4980,3.7800,0.1000,1.0115,0.0000,0.0000,2555.0000,3780.6000,0.1000,1.0022,0.0000,0.0000,4558.4686,0.0000,3,0,0
22.7701,2.4374,3.8503,0.1000,1.0155,0.0000,0.0000,2555.0000,3780.6000,0.1000,1.0022,0.0000,0.0000,4558.4442,0.0000,3,0,0
22.7889,2.3645,3.9098,0.1000,1.0195,0.0000,0.0000,2555.0000,3780.6000,0.1000,1.0022,0.0000,0.0000,4558.4358,0.0000,3,0,0
22.8078,2.2917,3.9693,0.1000,1.0235,0.0000,0.0000,2364.1000,3908.3000,0.1000,1.0139,0.0000,0.0000,4563.1061,0.0000,3,0,0
22.8268,2.2085,4.0157,0.1000,1.0275,0.0000,0.0000,2364.1000,3908.3000,0.1000,1.0139,0.0000,0.0000,4563.1094,0.0000,3,0,0
22.8459,2.1253,4.0621,0.1000,1.0316,0.0000,0.0000,2127.5000,4059.3000,0.1000,1.0139,0.0000,0.0000,4578.4464,0.0000,3,0,0
22.8652,2.0341,4.0937,0.1000,1.0357,0.0000,0.0000,2127.5000,4059.3000,0.1000,1.0263,0.0000,0.0000,4578.4608,0.0000,3,0,0
22.8845,1.9429,4.1253,0.1000,1.0398,0.0000,0.0000,2127.5000,4059.3000,0.1000,1.0263,0.0000,0.0000,4578.4751,0.0000,3,0,0
22.9040,1.8465,4.1407,0.1000,1.0439,0.0000,0.0000,2127.5000,4059.3000,0.1000,1.0263,0.0000,0.0000,4578.5063,0.0000,3,0,0
22.9235,1.7500,4.1561,0.1000,1.0481,0.0000,0.0000,1806.3000,4141.3000,0.1000,1.0263,0.0000,0.0000,4513.5751,0.0000,3,0,0
22.9433,1.6511,4.1544,0.1000,1.0523,0.0000,0.0000,1806.3000,4141.3000,0.1000,1.0263,0.0000,0.0000,4513.6162,0.0000,3,0,0
22.9631,1.5522,4.1527,0.1000,1.0565,0.0000,0.0000,1806.3000,4141.3000,0.1000,1.0263,0.0000,0.0000,4513.6573,0.0000,3,0,0
22.9831,1.4540,4.1335,0.1000,1.0608,0.0000,0.0000,1551.1000,4153.0000,0.1000,1.0263,0.0000,0.0000,4428.8256,0.0000,3,0,0
23.0031,1.3557,4.1143,0.1000,1.0650,0.0000,0.0000,1551.1000,4153.0000,0.1000,1.0393,0.0000,0.0000,4428.8779,0.0000,3,0,0
23.0234,1.2612,4.0779,0.1000,1.0693,0.0000,0.0000,1551.1000,4153.0000,0.1000,1.0393,0.0000,0.0000,4428.9451,0.0000,3,0,0
23.0437,1.1667,4.0415,0.1000,1.0736,0.0000,0.0000,1190.2000,4041.5000,0.1000,1.0393,0.0000,0.0000,4208.9039,0.0000,3,0,0
23.0642,1.0789,3.9884,0.1000,1.0780,0.0000,0.0000,1190.2000,4041.5000,0.1000,1.0670,0.0000,0.0000,4208.9795,0.0000,3,0,0
23.0847,0.9912,3.9354,0.1000,1.0823,0.0000,0.0000,1190.2000,4041.5000,0.1000,1.0670,0.0000,0.0000,4209.0551,0.0000,3,0,0
23.1054,0.9131,3.8672,0.1000,1.0867,0.0000,0.0000,1190.2000,4041.5000,0.1000,1.0670,0.0000,0.0000,4209.1427,0.0000,3,0,0
23.1262,0.8350,3.7989,0.1000,1.0912,0.0000,0.0000,901.5000,3870.7000,0.1000,1.0670,0.0000,0.0000,3970.4058,0.0000,3,0,0
23.1472,0.7693,3.7171,0.1000,1.0956,0.0000,0.0000,901.5000,3870.7000,0.1000,1.0846,0.0000,0.0000,3970.5003,0.0000,3,0,0
23.1681,0.7036,3.6353,0.1000,1.1001,0.0000,0.0000,901.5000,3870.7000,0.1000,1.0846,0.0000,0.0000,3970.5949,0.0000,3,0,0
23.1894,0.6525,3.5422,0.1000,1.1046,0.0000,0.0000,653.1000,3506.9000,0.1000,1.0846,0.0000,0.0000,3563.5942,0.0000,3,0,0
23.2106,0.6015,3.4491,0.1000,1.1091,0.0000,0.0000,653.1000,3506.9000,0.1000,1.0985,0.0000,0.0000,3563.6951,0.0000,3,0,0
23.2321,0.5671,3.3474,0.1000,1.1137,0.0000,0.0000,653.1000,3506.9000,0.1000,1.0985,0.0000,0.0000,3563.8013,0.0000,3,0,0
23.2535,0.5327,3.2457,0.1000,1.1182,0.0000,0.0000,653.1000,3506.9000,0.1000,1.0985,0.0000,0.0000,3563.9076,0.0000,3,0,0
23.2753,0.5163,3.1384,0.1000,1.1228,0.0000,0.0000,534.1000,3242.3000,0.1000,1.0985,0.0000,0.0000,3282.8158,0.0000,3,0,0
23.2970,0.5000,3.0311,0.1000,1.1275,0.0000,0.0000,534.1000,3242.3000,0.1000,1.1164,0.0000,0.0000,3282.9243,0.0000,3,0,0
23.3189,0.5027,2.9214,0.1000,1.1321,0.0000,0.0000,534.1000,3242.3000,0.1000,1.1164,0.0000,0.0000,3283.0322,0.0000,3,0,0
23.3409,0.5053,2.8116,0.1000,1.1368,0.0000,0.0000,505.0000,2823.3000,0.1000,1.1164,0.0000,0.0000,2865.2521,0.0000,3,0,0
23.3631,0.5273,2.7028,0.1000,1.1415,0.0000,0.0000,505.0000,2823.3000,0.1000,1.1304,0.0000,0.0000,2865.3553,0.0000,3,0,0
23.3853,0.5493,2.5941,0.1000,1.1462,0.0000,0.0000,505.0000,2823.3000,0.1000,1.1304,0.0000,0.0000,2865.4585,0.0000,3,0,0
23.4077,0.5903,2.4897,0.1000,1.1510,0.0000,0.0000,587.5000,2471.9000,0.1000,1.1304,0.0000,0.0000,2538.1983,0.0000,3,0,0
23.4301,0.6314,2.3853,0.1000,1.1558,0.0000,0.0000,587.5000,2471.9000,0.1000,1.1448,0.0000,0.0000,2538.2903,0.0000,3,0,0
23.4528,0.6906,2.2886,0.1000,1.1606,0.0000,0.0000,587.5000,2471.9000,0.1000,1.1448,0.0000,0.0000,2538.3707,0.0000,3,0,0
23.4755,0.7499,2.1919,0.1000,1.1654,0.0000,0.0000,587.5000,2471.9000,0.1000,1.1448,0.0000,0.0000,2538.4511,0.0000,3,0,0
23.4984,0.8259,2.1061,0.1000,1.1703,0.0000,0.0000,587.5000,2471.9000,0.1000,1.1448,0.0000,0.0000,2538.5170,0.0000,3,0,0
23.5213,0.9019,2.0203,0.1000,1.1751,0.0000,0.0000,826.2000,2109.7000,0.1000,1.1629,0.0000,0.0000,2263.4996,0.0000,3,0,0
23.5445,0.9926,1.9484,0.1000,1.1801,0.0000,0.0000,826.2000,2109.7000,0.1000,1.1629,0.0000,0.0000,2263.5336,0.0000,3,0,0
23.5677,1.0833,1.8764,0.1000,1.1850,0.0000,0.0000,826.2000,2109.7000,0.1000,1.1629,0.0000,0.0000,2263.5675,0.0000,3,0,0
23.5911,1.1863,1.8208,0.1000,1.1900,0.0000,0.0000,1070.7000,1873.7000,0.1000,1.1629,0.0000,0.0000,2155.8737,0.0000,3,0,0
23.6145,1.2892,1.7651,0.1000,1.1949,0.0000,0.0000,1070.7000,1873.7000,0.1000,1.1836,0.0000,0.0000,2155.8710,0.0000,3,0,0
23.6381,1.4014,1.7279,0.1000,1.2000,0.0000,0.0000,1070.7000,1873.7000,0.1000,1.1836,0.0000,0.0000,2155.8476,0.0000,3,0,0
23.6618,1.5136,1.6907,0.1000,1.2050,0.0000,0.0000,1070.7000,1873.7000,0.1000,1.1836,0.0000,0.0000,2155.8243,0.0000,3,0,0
23.6856,1.6318,1.6734,0.1000,1.2101,0.0000,0.0000,1070.7000,1873.7000,0.1000,1.1836,0.0000,0.0000,2155.7807,0.0000,3,0,0
23.7095,1.7500,1.6561,0.1000,1.2152,0.0000,0.0000,1606.5000,1673.0000,0.1000,1.2030,0.0000,0.0000,2317.0268,0.0000,3,0,0
23.7337,1.8706,1.6597,0.1000,1.2203,0.0000,0.0000,1606.5000,1673.0000,0.1000,1.2030,0.0000,0.0000,2316.9406,0.0000,3,0,0
23.7578,1.9912,1.6633,0.1000,1.2254,0.0000,0.0000,1606.5000,1673.0000,0.1000,1.2030,0.0000,0.0000,2316.8545,0.0000,3,0,0
23.7822,2.1105,1.6881,0.1000,1.2306,0.0000,0.0000,2084.4000,1663.1000,0.1000,1.2183,0.0000,0.0000,2663.8730,0.0000,3,0,0
23.8065,2.2298,1.7129,0.1000,1.2358,0.0000,0.0000,2084.4000,1663.1000,0.1000,1.2183,0.0000,0.0000,2663.7642,0.0000,3,0,0
23.8311,2.3441,1.7586,0.1000,1.2410,0.0000,0.0000,2084.4000,1663.1000,0.1000,1.2183,0.0000,0.0000,2663.6464,0.0000,3,0,0
23.8557,2.4583,1.8042,0.1000,1.2462,0.0000,0.0000,2334.0000,1758.9000,0.1000,1.2352,0.0000,0.0000,2919.4986,0.0000,3,0,0
23.8806,2.5639,1.8697,0.1000,1.2515,0.0000,0.0000,2334.0000,1758.9000,0.1000,1.2352,0.0000,0.0000,2919.3749,0.0000,3,0,0
23.9055,2.6695,1.9352,0.1000,1.2568,0.0000,0.0000,2334.0000,1758.9000,0.1000,1.2352,0.0000,0.0000,2919.2511,0.0000,3,0,0
23.9306,2.7630,2.0189,0.1000,1.2621,0.0000,0.0000,2763.0000,2025.2000,0.1000,1.2352,0.0000,0.0000,3422.3048,0.0000,3,0,0
23.9556,2.8565,2.1026,0.1000,1.2675,0.0000,0.0000,2763.0000,2025.2000,0.1000,1.2553,0.0000,0.0000,3422.1799,0.0000,3,0,0
23.9810,2.9347,2.2023,0.1000,1.2728,0.0000,0.0000,2763.0000,2025.2000,0.1000,1.2553,0.0000,0.0000,3422.0579,0.0000,3,0,0
24.0063,3.0130,2.3019,0.1000,1.2782,0.0000,0.0000,2763.0000,2025.2000,0.1000,1.2553,0.0000,0.0000,3421.9359,0.0000,3,0,0
24.0319,3.0732,2.4147,0.1000,1.2837,0.0000,0.0000,3005.0000,2303.2000,0.1000,1.2553,0.0000,0.0000,3782.2186,0.0000,3,0,0
24.0575,3.1334,2.5276,0.1000,1.2891,0.0000,0.0000,3005.0000,2303.2000,0.1000,1.2759,0.0000,0.0000,3782.1021,0.0000,3,0,0
24.0833,3.1735,2.6503,0.1000,1.2946,0.0000,0.0000,3005.0000,2303.2000,0.1000,1.2759,0.0000,0.0000,3781.9957,0.0000,3,0,0
24.1091,3.2135,2.7730,0.1000,1.3001,0.0000,0.0000,3214.0000,2769.7000,0.1000,1.2759,0.0000,0.0000,4238.5180,0.0000,3,0,0
24.1352,3.2318,2.9021,0.1000,1.3056,0.0000,0.0000,3214.0000,2769.7000,0.1000,1.2926,0.0000,0.0000,4238.4199,0.0000,3,0,0
24.1612,3.2500,3.0311,0.1000,1.3112,0.0000,0.0000,3214.0000,2769.7000,0.1000,1.2926,0.0000,0.0000,4238.3219,0.0000,3,0,0
24.2112,3.0000,3.0311,0.1000,1.3218,0.0000,0.0000,2995.9000,3031.0000,0.1000,1.2926,0.0000,0.0000,4257.4695,0.0000,3,0,0
24.2612,2.7500,3.0311,0.1000,1.3324,0.0000,0.0000,2995.9000,3031.0000,0.1000,1.3100,0.0000,0.0000,4257.6452,0.0000,3,0,0
24.3112,2.5000,3.0311,0.1000,1.3430,0.0000,0.0000,2995.9000,3031.0000,0.1000,1.3100,0.0000,0.0000,4257.8210,0.0000,3,0,0
24.3612,2.2500,3.0311,0.1000,1.3537,0.0000,0.0000,2995.9000,3031.0000,0.1000,1.3100,0.0000,0.0000,4257.9967,0.0000,3,0,0
24.4112,2.0000,3.0311,0.1000,1.3643,0.0000,0.0000,2020.9000,3031.0000,0.1000,1.3100,0.0000,0.0000,3639.3067,0.0000,3,0,0
24.4612,1.7500,3.0311,0.1000,1.3749,0.0000,0.0000,2020.9000,3031.0000,0.1000,1.3100,0.0000,0.0000,3639.4453,0.0000,3,0,0
24.5112,1.5000,3.0311,0.1000,1.3856,0.0000,0.0000,2020.9000,3031.0000,0.1000,1.3100,0.0000,0.0000,3639.5841,0.0000,3,0,0
24.5612,1.2500,3.0311,0.1000,1.3962,0.0000,0.0000,2020.9000,3031.0000,0.1000,1.3100,0.0000,0.0000,3639.7228,0.0000,3,0,0
24.6112,1.0000,3.0311,0.1000,1.4068,0.0000,0.0000,1077.1000,3031.0000,0.1000,1.3100,0.0000,0.0000,3213.5007,0.0000,3,0,0
24.6612,0.7500,3.0311,0.1000,1.4174,0.0000,0.0000,1077.1000,3031.0000,0.1000,1.3530,0.0000,0.0000,3213.5845,0.0000,3,0,0
24.7112,0.5000,3.0311,0.1000,1.4281,0.0000,0.0000,1077.1000,3031.0000,0.1000,1.3530,0.0000,0.0000,3213.6682,0.0000,3,0,0
24.7612,0.2500,3.0311,0.1000,1.4387,0.0000,0.0000,1077.1000,3031.0000,0.1000,1.3530,0.0000,0.0000,3213.7520,0.0000,3,0,0
24.8112,0.0000,3.0311,0.1000,1.4493,0.0000,0.0000,1077.1000,3031.0000,0.1000,1.3530,0.0000,0.0000,3213.8357,0.0000,3,0,0
24.8612,-0.2500,3.0311,0.1000,1.4599,0.0000,0.0000,132.5000,3031.0000,0.1000,1.3530,0.0000,0.0000,3030.8775,0.0000,3,0,0
24.9112,-0.5000,3.0311,0.1000,1.4706,0.0000,0.0000,132.5000,3031.0000,0.1000,1.4450,0.0000,0.0000,3030.8884,0.0000,3,0,0
24.9612,-0.7500,3.0311,0.1000,1.4812,0.0000,0.0000,132.5000,3031.0000,0.1000,1.4450,0.0000,0.0000,3030.8994,0.0000,3,0,0
25.0112,-1.0000,3.0311,0.1000,1.4918,0.0000,0.0000,-1041.3000,3031.0000,0.1000,1.4450,0.0000,0.0000,3201.6901,0.0000,3,0,0
25.0612,-1.2500,3.0311,0.1000,1.5025,0.0000,0.0000,-1041.3000,3031.0000,0.1000,1.4775,0.0000,0.0000,3201.6089,0.0000,3,0,0
25.1112,-1.5000,3.0311,0.1000,1.5131,0.0000,0.0000,-1041.3000,3031.0000,0.1000,1.4775,0.0000,0.0000,3201.5277,0.0000,3,0,0
25.1612,-1.7500,3.0311,0.1000,1.5237,0.0000,0.0000,-1041.3000,3031.0000,0.1000,1.4775,0.0000,0.0000,3201.4465,0.0000,3,0,0
25.1626,-1.7432,3.0323,0.1000,1.5240,0.0000,0.0000,-1756.9000,3031.0000,0.1000,1.4775,0.0000,0.0000,3499.8806,0.0000,3,0,0
25.1640,-1.7363,3.0335,0.1000,1.5243,0.0000,0.0000,-1756.9000,3031.0000,0.1000,1.5172,0.0000,0.0000,3499.8829,0.0000,3,0,0
25.1655,-1.7301,3.0370,0.1000,1.5246,0.0000,0.0000,-1756.9000,3031.0000,0.1000,1.5172,0.0000,0.0000,3499.8830,0.0000,3,0,0
25.1669,-1.7239,3.0406,0.1000,1.5249,0.0000,0.0000,-1756.9000,3031.0000,0.1000,1.5172,0.0000,0.0000,3499.8830,0.0000,3,0,0
25.1684,-1.7189,3.0463,0.1000,1.5252,0.0000,0.0000,-1722.4000,3044.1000,0.1000,1.5172,0.0000,0.0000,3494.1024,0.0000,3,0,0
25.1699,-1.7139,3.0519,0.1000,1.5256,0.0000,0.0000,-1722.4000,3044.1000,0.1000,1.5246,0.0000,0.0000,3494.0999,0.0000,3,0,0
25.1715,-1.7107,3.0594,0.1000,1.5259,0.0000,0.0000,-1722.4000,3044.1000,0.1000,1.5246,0.0000,0.0000,3494.0950,0.0000,3,0,0
25.1731,-1.7074,3.0668,0.1000,1.5262,0.0000,0.0000,-1722.4000,3044.1000,0.1000,1.5246,0.0000,0.0000,3494.0901,0.0000,3,0,0
25.1749,-1.7064,3.0755,0.1000,1.5266,0.0000,0.0000,-1706.0000,3072.4000,0.1000,1.5246,0.0000,0.0000,3510.7505,0.0000,3,0,0
25.1767,-1.7054,3.0843,0.1000,1.5270,0.0000,0.0000,-1706.0000,3072.4000,0.1000,1.5260,0.0000,0.0000,3510.7434,0.0000,3,0,0
25.1786,-1.7068,3.0938,0.1000,1.5274,0.0000,0.0000,-1706.0000,3072.4000,0.1000,1.5260,0.0000,0.0000,3510.7344,0.0000,3,0,0
25.1805,-1.7083,3.1033,0.1000,1.5278,0.0000,0.0000,-1707.4000,3110.1000,0.1000,1.5260,0.0000,0.0000,3544.4058,0.0000,3,0,0
25.1826,-1.7125,3.1129,0.1000,1.5283,0.0000,0.0000,-1707.4000,3110.1000,0.1000,1.5272,0.0000,0.0000,3544.3954,0.0000,3,0,0
25.1847,-1.7167,3.1224,0.1000,1.5287,0.0000,0.0000,-1707.4000,3110.1000,0.1000,1.5272,0.0000,0.0000,3544.3850,0.0000,3,0,0
25.1870,-1.7237,3.1315,0.1000,1.5292,0.0000,0.0000,-1721.7000,3129.5000,0.1000,1.5272,0.0000,0.0000,3568.2627,0.0000,3,0,0
25.1893,-1.7307,3.1405,0.1000,1.5297,0.0000,0.0000,-1721.7000,3129.5000,0.1000,1.5287,0.0000,0.0000,3568.2514,0.0000,3,0,0
25.1917,-1.7404,3.1483,0.1000,1.5302,0.0000,0.0000,-1721.7000,3129.5000,0.1000,1.5287,0.0000,0.0000,3568.2399,0.0000,3,0,0
25.1942,-1.7500,3.1561,0.1000,1.5307,0.0000,0.0000,-1721.7000,3129.5000,0.1000,1.5287,0.0000,0.0000,3568.2284,0.0000,3,0,0
25.1969,-1.7621,3.1620,0.1000,1.5313,0.0000,0.0000,-1762.3000,3164.8000,0.1000,1.5287,0.0000,0.0000,3618.7634,0.0000,3,0,0
25.1996,-1.7741,3.1679,0.1000,1.5319,0.0000,0.0000,-1762.3000,3164.8000,0.1000,1.5306,0.0000,0.0000,3618.7524,0.0000,3,0,0
25.2025,-1.7882,3.1713,0.1000,1.5325,0.0000,0.0000,-1762.3000,3164.8000,0.1000,1.5306,0.0000,0.0000,3618.7426,0.0000,3,0,0
25.2054,-1.8023,3.1747,0.1000,1.5331,0.0000,0.0000,-1798.2000,3174.1000,0.1000,1.5306,0.0000,0.0000,3644.4221,0.0000,3,0,0
25.2085,-1.8178,3.1750,0.1000,1.5338,0.0000,0.0000,-1798.2000,3174.1000,0.1000,1.5322,0.0000,0.0000,3644.4141,0.0000,3,0,0
25.2116,-1.8333,3.1754,0.1000,1.5344,0.0000,0.0000,-1798.2000,3174.1000,0.1000,1.5322,0.0000,0.0000,3644.4061,0.0000,3,0,0
25.2149,-1.8497,3.1724,0.1000,1.5351,0.0000,0.0000,-1798.2000,3174.1000,0.1000,1.5322,0.0000,0.0000,3644.4007,0.0000,3,0,0
25.2183,-1.8661,3.1694,0.1000,1.5358,0.0000,0.0000,-1823.3000,3177.4000,0.1000,1.5322,0.0000,0.0000,3659.6942,0.0000,3,0,0
25.2218,-1.8825,3.1627,0.1000,1.5366,0.0000,0.0000,-1823.3000,3177.4000,0.1000,1.5347,0.0000,0.0000,3659.6918,0.0000,3,0,0
25.2254,-1.8990,3.1561,0.1000,1.5373,0.0000,0.0000,-1823.3000,3177.4000,0.1000,1.5347,0.0000,0.0000,3659.6894,0.0000,3,0,0
25.2291,-1.9147,3.1457,0.1000,1.5381,0.0000,0.0000,-1823.3000,3177.4000,0.1000,1.5347,0.0000,0.0000,3659.6906,0.0000,3,0,0
25.2329,-1.9304,3.1353,0.1000,1.5389,0.0000,0.0000,-1917.8000,3146.1000,0.1000,1.5347,0.0000,0.0000,3680.8672,0.0000,3,0,0
25.2369,-1.9446,3.1212,0.1000,1.5398,0.0000,0.0000,-1917.8000,3146.1000,0.1000,1.5347,0.0000,0.0000,3680.8719,0.0000,3,0,0
25.2409,-1.9588,3.1071,0.1000,1.5406,0.0000,0.0000,-1959.1000,3114.2000,0.1000,1.5347,0.0000,0.0000,3675.5001,0.0000,3,0,0
25.2451,-1.9707,3.0896,0.1000,1.5415,0.0000,0.0000,-1959.1000,3114.2000,0.1000,1.5370,0.0000,0.0000,3675.5086,0.0000,3,0,0
25.2494,-1.9825,3.0721,0.1000,1.5424,0.0000,0.0000,-1959.1000,3114.2000,0.1000,1.5370,0.0000,0.0000,3675.5171,0.0000,3,0,0
25.2538,-1.9913,3.0516,0.1000,1.5434,0.0000,0.0000,-1991.0000,3052.0000,0.1000,1.5370,0.0000,0.0000,3640.3629,0.0000,3,0,0
25.2583,-2.0000,3.0311,0.1000,1.5443,0.0000,0.0000,-1991.0000,3052.0000,0.1000,1.5422,0.0000,0.0000,3640.3753,0.0000,3,0,0
25.2630,-2.0049,3.0082,0.1000,1.5453,0.0000,0.0000,-1991.0000,3052.0000,0.1000,1.5422,0.0000,0.0000,3640.3918,0.0000,3,0,0
25.2676,-2.0099,2.9853,0.1000,1.5463,0.0000,0.0000,-1991.0000,3052.0000,0.1000,1.5422,0.0000,0.0000,3640.4083,0.0000,3,0,0
25.2726,-2.0105,2.9607,0.1000,1.5474,0.0000,0.0000,-2010.0000,2888.9000,0.1000,1.5422,0.0000,0.0000,3515.7741,0.0000,3,0,0
25.2775,-2.0110,2.9361,0.1000,1.5484,0.0000,0.0000,-2010.0000,2888.9000,0.1000,1.5460,0.0000,0.0000,3515.7940,0.0000,3,0,0
25.2826,-2.0068,2.9107,0.1000,1.5495,0.0000,0.0000,-2010.0000,2888.9000,0.1000,1.5460,0.0000,0.0000,3515.8173,0.0000,3,0,0
25.2878,-2.0026,2.8853,0.1000,1.5506,0.0000,0.0000,-2010.0000,2888.9000,0.1000,1.5460,0.0000,0.0000,3515.8405,0.0000,3,0,0
25.2932,-1.9933,2.8600,0.1000,1.5518,0.0000,0.0000,-1993.0000,2866.6000,0.1000,1.5460,0.0000,0.0000,3487.8524,0.0000,3,0,0
25.2986,-1.9841,2.8347,0.1000,1.5529,0.0000,0.0000,-1993.0000,2866.6000,0.1000,1.5503,0.0000,0.0000,3487.8785,0.0000,3,0,0
25.3042,-1.9697,2.8105,0.1000,1.5541,0.0000,0.0000,-1993.0000,2866.6000,0.1000,1.5503,0.0000,0.0000,3487.9065,0.0000,3,0,0
25.3098,-1.9553,2.7864,0.1000,1.5553,0.0000,0.0000,-1984.3000,2878.6000,0.1000,1.5503,0.0000,0.0000,3492.8490,0.0000,3,0,0
25.3157,-1.9360,2.7644,0.1000,1.5565,0.0000,0.0000,-1984.3000,2878.6000,0.1000,1.5538,0.0000,0.0000,3492.8781,0.0000,3,0,0
25.3215,-1.9167,2.7424,0.1000,1.5578,0.0000,0.0000,-1984.3000,2878.6000,0.1000,1.5538,0.0000,0.0000,3492.9072,0.0000,3,0,0
25.3276,-1.8927,2.7236,0.1000,1.5591,0.0000,0.0000,-1984.3000,2878.6000,0.1000,1.5538,0.0000,0.0000,3492.9363,0.0000,3,0,0
25.3337,-1.8688,2.7048,0.1000,1.5604,0.0000,0.0000,-1835.7000,2681.1000,0.1000,1.5538,0.0000,0.0000,3246.0342,0.0000,3,0,0
25.3400,-1.8407,2.6901,0.1000,1.5617,0.0000,0.0000,-1835.7000,2681.1000,0.1000,1.5585,0.0000,0.0000,3246.0621,0.0000,3,0,0
25.3463,-1.8127,2.6755,0.1000,1.5631,0.0000,0.0000,-1835.7000,2681.1000,0.1000,1.5585,0.0000,0.0000,3246.0900,0.0000,3,0,0
25.3529,-1.7814,2.6658,0.1000,1.5645,0.0000,0.0000,-1773.9000,2666.0000,0.1000,1.5585,0.0000,0.0000,3199.0239,0.0000,3,0,0
25.3595,-1.7500,2.6561,0.1000,1.5658,0.0000,0.0000,-1773.9000,2666.0000,0.1000,1.5624,0.0000,0.0000,3199.0493,0.0000,3,0,0
25.3663,-1.7162,2.6521,0.1000,1.5673,0.0000,0.0000,-1773.9000,2666.0000,0.1000,1.5624,0.0000,0.0000,3199.0713,0.0000,3,0,0
25.3731,-1.6825,2.6481,0.1000,1.5687,0.0000,0.0000,-1643.2000,2647.8000,0.1000,1.5624,0.0000,0.0000,3113.1027,0.0000,3,0,0
25.3801,-1.6474,2.6504,0.1000,1.5702,0.0000,0.0000,-1643.2000,2647.8000,0.1000,1.5669,0.0000,0.0000,3113.1193,0.0000,3,0,0
25.3871,-1.6122,2.6526,0.1000,1.5717,0.0000,0.0000,-1643.2000,2647.8000,0.1000,1.5669,0.0000,0.0000,3113.1359,0.0000,3,0,0
25.3944,-1.5770,2.6614,0.1000,1.5733,0.0000,0.0000,-1575.1000,2661.0000,0.1000,1.5669,0.0000,0.0000,3089.1324,0.0000,3,0,0
25.4017,-1.5417,2.6702,0.1000,1.5748,0.0000,0.0000,-1575.1000,2661.0000,0.1000,1.5713,0.0000,0.0000,3089.1427,0.0000,3,0,0
25.4092,-1.5075,2.6858,0.1000,1.5764,0.0000,0.0000,-1575.1000,2661.0000,0.1000,1.5713,0.0000,0.0000,3089.1468,0.0000,3,0,0
25.4167,-1.4732,2.7013,0.1000,1.5780,0.0000,0.0000,-1484.6000,2701.1000,0.1000,1.5713,0.0000,0.0000,3079.1266,0.0000,3,0,0
25.4245,-1.4414,2.7233,0.1000,1.5797,0.0000,0.0000,-1484.6000,2701.1000,0.1000,1.5758,0.0000,0.0000,3079.1226,0.0000,3,0,0
25.4322,-1.4095,2.7454,0.1000,1.5813,0.0000,0.0000,-1484.6000,2701.1000,0.1000,1.5758,0.0000,0.0000,3079.1186,0.0000,3,0,0
25.4402,-1.3813,2.7737,0.1000,1.5830,0.0000,0.0000,-1406.7000,2771.9000,0.1000,1.5758,0.0000,0.0000,3105.3150,0.0000,3,0,0
25.4482,-1.3531,2.8019,0.1000,1.5847,0.0000,0.0000,-1406.7000,2771.9000,0.1000,1.5809,0.0000,0.0000,3105.3026,0.0000,3,0,0
25.4564,-1.3297,2.8358,0.1000,1.5865,0.0000,0.0000,-1406.7000,2771.9000,0.1000,1.5809,0.0000,0.0000,3105.2830,0.0000,3,0,0
25.4647,-1.3063,2.8696,0.1000,1.5882,0.0000,0.0000,-1406.7000,2771.9000,0.1000,1.5809,0.0000,0.0000,3105.2634,0.0000,3,0,0
25.4731,-1.2888,2.9081,0.1000,1.5900,0.0000,0.0000,-1292.3000,2886.3000,0.1000,1.5809,0.0000,0.0000,3159.2181,0.0000,3,0,0
25.4816,-1.2713,2.9467,0.1000,1.5918,0.0000,0.0000,-1292.3000,2886.3000,0.1000,1.5875,0.0000,0.0000,3159.1900,0.0000,3,0,0
25.4903,-1.2606,2.9889,0.1000,1.5937,0.0000,0.0000,-1292.3000,2886.3000,0.1000,1.5875,0.0000,0.0000,3159.1558,0.0000,3,0,0
25.4990,-1.2500,3.0311,0.1000,1.5955,0.0000,0.0000,-1292.3000,2886.3000,0.1000,1.5875,0.0000,0.0000,3159.1217,0.0000,3,0,0
25.5079,-1.2470,3.0757,0.1000,1.5974,0.0000,0.0000,-1248.1000,3040.1000,0.1000,1.5875,0.0000,0.0000,3283.0107,0.0000,3,0,0
25.5169,-1.2439,3.1203,0.1000,1.5993,0.0000,0.0000,-1248.1000,3040.1000,0.1000,1.5941,0.0000,0.0000,3282.9706,0.0000,3,0,0
25.5261,-1.2490,3.1660,0.1000,1.6013,0.0000,0.0000,-1248.1000,3040.1000,0.1000,1.5941,0.0000,0.0000,3282.9264,0.0000,3,0,0
25.5353,-1.2541,3.2116,0.1000,1.6032,0.0000,0.0000,-1254.0000,3248.0000,0.1000,1.5941,0.0000,0.0000,3478.2214,0.0000,3,0,0
25.5447,-1.2675,3.2568,0.1000,1.6052,0.0000,0.0000,-1254.0000,3248.0000,0.1000,1.6008,0.0000,0.0000,3478.1744,0.0000,3,0,0
25.5541,-1.2809,3.3019,0.1000,1.6072,0.0000,0.0000,-1254.0000,3248.0000,0.1000,1.6008,0.0000,0.0000,3478.1275,0.0000,3,0,0
25.5638,-1.3027,3.3451,0.1000,1.6093,0.0000,0.0000,-1254.0000,3248.0000,0.1000,1.6008,0.0000,0.0000,3478.0794,0.0000,3,0,0
25.5734,-1.3244,3.3882,0.1000,1.6113,0.0000,0.0000,-1324.9000,3396.8000,0.1000,1.6008,0.0000,0.0000,3642.4025,0.0000,3,0,0
25.5833,-1.3542,3.4278,0.1000,1.6134,0.0000,0.0000,-1324.9000,3396.8000,0.1000,1.6079,0.0000,0.0000,3642.3548,0.0000,3,0,0
25.5932,-1.3840,3.4673,0.1000,1.6155,0.0000,0.0000,-1324.9000,3396.8000,0.1000,1.6079,0.0000,0.0000,3642.3072,0.0000,3,0,0
25.6034,-1.4212,3.5018,0.1000,1.6177,0.0000,0.0000,-1324.9000,3396.8000,0.1000,1.6079,0.0000,0.0000,3642.2615,0.0000,3,0,0
25.6135,-1.4583,3.5363,0.1000,1.6198,0.0000,0.0000,-1324.9000,3396.8000,0.1000,1.6079,0.0000,0.0000,3642.2159,0.0000,3,0,0
25.6239,-1.5020,3.5643,0.1000,1.6221,0.0000,0.0000,-1485.7000,3564.6000,0.1000,1.6079,0.0000,0.0000,3857.9553,0.0000,3,0,0
25.6343,-1.5457,3.5923,0.1000,1.6243,0.0000,0.0000,-1485.7000,3564.6000,0.1000,1.6178,0.0000,0.0000,3857.9126,0.0000,3,0,0
25.6449,-1.5948,3.6126,0.1000,1.6265,0.0000,0.0000,-1485.7000,3564.6000,0.1000,1.6178,0.0000,0.0000,3857.8750,0.0000,3,0,0
25.6555,-1.6439,3.6329,0.1000,1.6288,0.0000,0.0000,-1485.7000,3564.6000,0.1000,1.6178,0.0000,0.0000,3857.8374,0.0000,3,0,0
25.6664,-1.6969,3.6445,0.1000,1.6311,0.0000,0.0000,-1653.2000,3642.3000,0.1000,1.6178,0.0000,0.0000,3995.9074,0.0000,3,0,0
25.6772,-1.7500,3.6561,0.1000,1.6334,0.0000,0.0000,-1653.2000,3642.3000,0.1000,1.6278,0.0000,0.0000,3995.8749,0.0000,3,0,0
25.6883,-1.8055,3.6582,0.1000,1.6358,0.0000,0.0000,-1653.2000,3642.3000,0.1000,1.6278,0.0000,0.0000,3995.8501,0.0000,3,0,0
25.6994,-1.8609,3.6603,0.1000,1.6381,0.0000,0.0000,-1653.2000,3642.3000,0.1000,1.6278,0.0000,0.0000,3995.8253,0.0000,3,0,0
25.7108,-1.9171,3.6524,0.1000,1.6405,0.0000,0.0000,-1861.0000,3660.0000,0.1000,1.6348,0.0000,0.0000,4101.8370,0.0000,3,0,0
25.7221,-1.9733,3.6445,0.1000,1.6429,0.0000,0.0000,-1861.0000,3660.0000,0.1000,1.6348,0.0000,0.0000,4101.8186,0.0000,3,0,0
25.7337,-2.0283,3.6265,0.1000,1.6454,0.0000,0.0000,-2028.0000,3609.8000,0.1000,1.6348,0.0000,0.0000,4136.3086,0.0000,3,0,0
25.7453,-2.0833,3.6084,0.1000,1.6479,0.0000,0.0000,-2028.0000,3609.8000,0.1000,1.6419,0.0000,0.0000,4136.2974,0.0000,3,0,0
25.7571,-2.1354,3.5804,0.1000,1.6504,0.0000,0.0000,-2028.0000,3609.8000,0.1000,1.6419,0.0000,0.0000,4136.2963,0.0000,3,0,0
25.7689,-2.1875,3.5524,0.1000,1.6529,0.0000,0.0000,-2028.0000,3609.8000,0.1000,1.6419,0.0000,0.0000,4136.2952,0.0000,3,0,0
25.7810,-2.2347,3.5149,0.1000,1.6554,0.0000,0.0000,-2274.6000,3424.0000,0.1000,1.6419,0.0000,0.0000,4106.5024,0.0000,3,0,0
25.7931,-2.2820,3.4775,0.1000,1.6580,0.0000,0.0000,-2274.6000,3424.0000,0.1000,1.6419,0.0000,0.0000,4106.5075,0.0000,3,0,0
25.8054,-2.3227,3.4314,0.1000,1.6606,0.0000,0.0000,-2274.6000,3424.0000,0.1000,1.6419,0.0000,0.0000,4106.5233,0.0000,3,0,0
25.8177,-2.3634,3.3853,0.1000,1.6632,0.0000,0.0000,-2365.2000,3425.3000,0.1000,1.6419,0.0000,0.0000,4158.4248,0.0000,3,0,0
25.8302,-2.3961,3.3317,0.1000,1.6659,0.0000,0.0000,-2365.2000,3425.3000,0.1000,1.6531,0.0000,0.0000,4158.4504,0.0000,3,0,0
25.8428,-2.4287,3.2781,0.1000,1.6686,0.0000,0.0000,-2365.2000,3425.3000,0.1000,1.6531,0.0000,0.0000,4158.4760,0.0000,3,0,0
25.8556,-2.4518,3.2185,0.1000,1.6713,0.0000,0.0000,-2453.8000,3220.4000,0.1000,1.6531,0.0000,0.0000,4044.6712,0.0000,3,0,0
25.8683,-2.4749,3.1589,0.1000,1.6740,0.0000,0.0000,-2453.8000,3220.4000,0.1000,1.6531,0.0000,0.0000,4044.7045,0.0000,3,0,0
25.8814,-2.4875,3.0950,0.1000,1.6768,0.0000,0.0000,-2453.8000,3220.4000,0.1000,1.6531,0.0000,0.0000,4044.7478,0.0000,3,0,0
25.8944,-2.5000,3.0311,0.1000,1.6795,0.0000,0.0000,-2453.8000,3220.4000,0.1000,1.6531,0.0000,0.0000,4044.7910,0.0000,3,0,0
25.9077,-2.5011,2.9648,0.1000,1.6824,0.0000,0.0000,-2500.1000,3018.2000,0.1000,1.6531,0.0000,0.0000,3915.3089,0.0000,3,0,0
25.9209,-2.5023,2.8984,0.1000,1.6852,0.0000,0.0000,-2500.1000,3018.2000,0.1000,1.6688,0.0000,0.0000,3915.3592,0.0000,3,0,0
25.9344,-2.4916,2.8318,0.1000,1.6881,0.0000,0.0000,-2500.1000,3018.2000,0.1000,1.6688,0.0000,0.0000,3915.4174,0.0000,3,0,0
25.9479,-2.4809,2.7651,0.1000,1.6909,0.0000,0.0000,-2500.1000,3018.2000,0.1000,1.6688,0.0000,0.0000,3915.4756,0.0000,3,0,0
25.9617,-2.4582,2.7002,0.1000,1.6939,0.0000,0.0000,-2481.0000,2764.2000,0.1000,1.6868,0.0000,0.0000,3710.6671,0.0000,3,0,0
25.9754,-2.4356,2.6353,0.1000,1.6968,0.0000,0.0000,-2481.0000,2764.2000,0.1000,1.6868,0.0000,0.0000,3710.7306,0.0000,3,0,0
25.9894,-2.4013,2.5743,0.1000,1.6997,0.0000,0.0000,-2481.0000,2764.2000,0.1000,1.6868,0.0000,0.0000,3710.7988,0.0000,3,0,0
26.0034,-2.3671,2.5133,0.1000,1.7027,0.0000,0.0000,-2481.0000,2764.2000,0.1000,1.6868,0.0000,0.0000,3710.8671,0.0000,3,0,0
26.0176,-2.3219,2.4583,0.1000,1.7057,0.0000,0.0000,-2424.1000,2508.2000,0.1000,1.6984,0.0000,0.0000,3484.7884,0.0000,3,0,0
26.0319,-2.2767,2.4034,0.1000,1.7088,0.0000,0.0000,-2424.1000,2508.2000,0.1000,1.6984,0.0000,0.0000,3484.8594,0.0000,3,0,0
26.0463,-2.2217,2.3564,0.1000,1.7118,0.0000,0.0000,-2424.1000,2508.2000,0.1000,1.6984,0.0000,0.0000,3484.9314,0.0000,3,0,0
26.0608,-2.1667,2.3094,0.1000,1.7149,0.0000,0.0000,-2255.3000,2340.7000,0.1000,1.7083,0.0000,0.0000,3247.2574,0.0000,3,0,0
26.0755,-2.1032,2.2722,0.1000,1.7180,0.0000,0.0000,-2255.3000,2340.7000,0.1000,1.7083,0.0000,0.0000,3247.3282,0.0000,3,0,0
26.0902,-2.0398,2.2350,0.1000,1.7212,0.0000,0.0000,-2029.1000,2235.0000,0.1000,1.7083,0.0000,0.0000,3015.6613,0.0000,3,0,0
26.1052,-1.9696,2.2090,0.1000,1.7244,0.0000,0.0000,-2029.1000,2235.0000,0.1000,1.7172,0.0000,0.0000,3015.7276,0.0000,3,0,0
26.1201,-1.8995,2.1831,0.1000,1.7275,0.0000,0.0000,-2029.1000,2235.0000,0.1000,1.7172,0.0000,0.0000,3015.7940,0.0000,3,0,0
26.1353,-1.8248,2.1696,0.1000,1.7308,0.0000,0.0000,-2029.1000,2235.0000,0.1000,1.7172,0.0000,0.0000,3015.8542,0.0000,3,0,0
26.1505,-1.7500,2.1561,0.1000,1.7340,0.0000,0.0000,-1858.1000,2155.9000,0.1000,1.7172,0.0000,0.0000,2843.3516,0.0000,3,0,0
26.1660,-1.6728,2.1559,0.1000,1.7373,0.0000,0.0000,-1858.1000,2155.9000,0.1000,1.7293,0.0000,0.0000,2843.4021,0.0000,3,0,0
26.1814,-1.5956,2.1557,0.1000,1.7406,0.0000,0.0000,-1858.1000,2155.9000,0.1000,1.7293,0.0000,0.0000,2843.4526,0.0000,3,0,0
26.1971,-1.5184,2.1692,0.1000,1.7439,0.0000,0.0000,-1858.1000,2155.9000,0.1000,1.7293,0.0000,0.0000,2843.4928,0.0000,3,0,0
26.2128,-1.4412,2.1828,0.1000,1.7472,0.0000,0.0000,-1858.1000,2155.9000,0.1000,1.7293,0.0000,0.0000,2843.5330,0.0000,3,0,0
26.2287,-1.3664,2.2100,0.1000,1.7506,0.0000,0.0000,-1441.0000,2183.0000,0.1000,1.7293,0.0000,0.0000,2613.1188,0.0000,3,0,0
26.2446,-1.2917,2.2372,0.1000,1.7540,0.0000,0.0000,-1441.0000,2183.0000,0.1000,1.7461,0.0000,0.0000,2613.1373,0.0000,3,0,0
26.2608,-1.2218,2.2777,0.1000,1.7574,0.0000,0.0000,-1441.0000,2183.0000,0.1000,1.7461,0.0000,0.0000,2613.1420,0.0000,3,0,0
26.2769,-1.1519,2.3182,0.1000,1.7609,0.0000,0.0000,-1157.7000,2318.0000,0.1000,1.7461,0.0000,0.0000,2588.4330,0.0000,3,0,0
26.2933,-1.0892,2.3711,0.1000,1.7643,0.0000,0.0000,-1157.7000,2318.0000,0.1000,1.7560,0.0000,0.0000,2588.4137,0.0000,3,0,0
26.3097,-1.0265,2.4240,0.1000,1.7678,0.0000,0.0000,-1157.7000,2318.0000,0.1000,1.7560,0.0000,0.0000,2588.3944,0.0000,3,0,0
26.3264,-0.9733,2.4880,0.1000,1.7714,0.0000,0.0000,-1157.7000,2318.0000,0.1000,1.7560,0.0000,0.0000,2588.3610,0.0000,3,0,0
26.3430,-0.9201,2.5519,0.1000,1.7749,0.0000,0.0000,-949.9000,2506.8000,0.1000,1.7664,0.0000,0.0000,2678.0256,0.0000,3,0,0
26.3599,-0.8782,2.6252,0.1000,1.7785,0.0000,0.0000,-949.9000,2506.8000,0.1000,1.7664,0.0000,0.0000,2677.9719,0.0000,3,0,0
26.3768,-0.8364,2.6986,0.1000,1.7821,0.0000,0.0000,-836.0000,2699.0000,0.1000,1.7664,0.0000,0.0000,2822.6831,0.0000,3,0,0
26.3939,-0.8076,2.7792,0.1000,1.7857,0.0000,0.0000,-836.0000,2699.0000,0.1000,1.7770,0.0000,0.0000,2822.6145,0.0000,3,0,0
26.4110,-0.7789,2.8599,0.1000,1.7894,0.0000,0.0000,-836.0000,2699.0000,0.1000,1.7770,0.0000,0.0000,2822.5460,0.0000,3,0,0
26.4284,-0.7644,2.9455,0.1000,1.7930,0.0000,0.0000,-763.8000,2983.2000,0.1000,1.7770,0.0000,0.0000,3076.3843,0.0000,3,0,0
26.4457,-0.7500,3.0311,0.1000,1.7967,0.0000,0.0000,-763.8000,2983.2000,0.1000,1.7879,0.0000,0.0000,3076.3049,0.0000,3,0,0
26.4633,-0.7508,3.1191,0.1000,1.8005,0.0000,0.0000,-763.8000,2983.2000,0.1000,1.7879,0.0000,0.0000,3076.2195,0.0000,3,0,0
26.4810,-0.7515,3.2071,0.1000,1.8042,0.0000,0.0000,-763.8000,2983.2000,0.1000,1.7879,0.0000,0.0000,3076.1340,0.0000,3,0,0
26.4988,-0.7679,3.2949,0.1000,1.8080,0.0000,0.0000,-766.3000,3231.9000,0.1000,1.7879,0.0000,0.0000,3318.1215,0.0000,3,0,0
26.5167,-0.7842,3.3826,0.1000,1.8118,0.0000,0.0000,-766.3000,3231.9000,0.1000,1.8027,0.0000,0.0000,3318.0324,0.0000,3,0,0
26.5347,-0.8160,3.4673,0.1000,1.8157,0.0000,0.0000,-766.3000,3231.9000,0.1000,1.8027,0.0000,0.0000,3317.9427,0.0000,3,0,0
26.5528,-0.8479,3.5519,0.1000,1.8195,0.0000,0.0000,-766.3000,3231.9000,0.1000,1.8027,0.0000,0.0000,3317.8530,0.0000,3,0,0
26.5712,-0.8946,3.6308,0.1000,1.8234,0.0000,0.0000,-766.3000,3231.9000,0.1000,1.8027,0.0000,0.0000,3317.7655,0.0000,3,0,0
26.5895,-0.9414,3.7096,0.1000,1.8273,0.0000,0.0000,-937.5000,3699.7000,0.1000,1.8027,0.0000,0.0000,3812.8057,0.0000,3,0,0
26.6081,-1.0020,3.7800,0.1000,1.8312,0.0000,0.0000,-937.5000,3699.7000,0.1000,1.8190,0.0000,0.0000,3812.7226,0.0000,3,0,0
26.6266,-1.0626,3.8503,0.1000,1.8352,0.0000,0.0000,-937.5000,3699.7000,0.1000,1.8190,0.0000,0.0000,3812.6395,0.0000,3,0,0
26.6454,-1.1355,3.9098,0.1000,1.8392,0.0000,0.0000,-1133.8000,3908.1000,0.1000,1.8190,0.0000,0.0000,4065.1728,0.0000,3,0,0
26.6643,-1.2083,3.9693,0.1000,1.8432,0.0000,0.0000,-1133.8000,3908.1000,0.1000,1.8333,0.0000,0.0000,4065.0954,0.0000,3,0,0
26.6833,-1.2915,4.0157,0.1000,1.8472,0.0000,0.0000,-1133.8000,3908.1000,0.1000,1.8333,0.0000,0.0000,4065.0276,0.0000,3,0,0
26.7024,-1.3747,4.0621,0.1000,1.8513,0.0000,0.0000,-1133.8000,3908.1000,0.1000,1.8333,0.0000,0.0000,4064.9599,0.0000,3,0,0
26.7217,-1.4659,4.0937,0.1000,1.8554,0.0000,0.0000,-1375.0000,4062.0000,0.1000,1.8333,0.0000,0.0000,4284.0634,0.0000,3,0,0
26.7410,-1.5571,4.1253,0.1000,1.8595,0.0000,0.0000,-1375.0000,4062.0000,0.1000,1.8478,0.0000,0.0000,4284.0043,0.0000,3,0,0
26.7605,-1.6535,4.1407,0.1000,1.8636,0.0000,0.0000,-1375.0000,4062.0000,0.1000,1.8478,0.0000,0.0000,4283.9588,0.0000,3,0,0
26.7800,-1.7500,4.1561,0.1000,1.8678,0.0000,0.0000,-1375.0000,4062.0000,0.1000,1.8478,0.0000,0.0000,4283.9133,0.0000,3,0,0
26.7998,-1.8489,4.1544,0.1000,1.8720,0.0000,0.0000,-1918.8000,4152.7000,0.1000,1.8478,0.0000,0.0000,4570.0254,0.0000,3,0,0
26.8196,-1.9478,4.1527,0.1000,1.8762,0.0000,0.0000,-1918.8000,4152.7000,0.1000,1.8661,0.0000,0.0000,4569.9855,0.0000,3,0,0
26.8396,-2.0460,4.1335,0.1000,1.8805,0.0000,0.0000,-1918.8000,4152.7000,0.1000,1.8661,0.0000,0.0000,4569.9617,0.0000,3,0,0
26.8596,-2.1443,4.1143,0.1000,1.8847,0.0000,0.0000,-2203.0000,4111.0000,0.1000,1.8661,0.0000,0.0000,4659.4287,0.0000,3,0,0
26.8799,-2.2388,4.0779,0.1000,1.8890,0.0000,0.0000,-2203.0000,4111.0000,0.1000,1.8798,0.0000,0.0000,4659.4162,0.0000,3,0,0
26.9002,-2.3333,4.0415,0.1000,1.8933,0.0000,0.0000,-2203.0000,4111.0000,0.1000,1.8798,0.0000,0.0000,4659.4036,0.0000,3,0,0
26.9207,-2.4211,3.9884,0.1000,1.8977,0.0000,0.0000,-2203.0000,4111.0000,0.1000,1.8798,0.0000,0.0000,4659.4089,0.0000,3,0,0
26.9412,-2.5088,3.9354,0.1000,1.9020,0.0000,0.0000,-2372.7000,3990.1000,0.1000,1.8916,0.0000,0.0000,4637.5979,0.0000,3,0,0
26.9619,-2.5869,3.8672,0.1000,1.9065,0.0000,0.0000,-2372.7000,3990.1000,0.1000,1.8916,0.0000,0.0000,4637.6167,0.0000,3,0,0
26.9827,-2.6650,3.7989,0.1000,1.9109,0.0000,0.0000,-2689.1000,3799.0000,0.1000,1.8916,0.0000,0.0000,4649.7833,0.0000,3,0,0
27.0037,-2.7307,3.7171,0.1000,1.9153,0.0000,0.0000,-2689.1000,3799.0000,0.1000,1.9066,0.0000,0.0000,4649.8121,0.0000,3,0,0
27.0246,-2.7964,3.6353,0.1000,1.9198,0.0000,0.0000,-2689.1000,3799.0000,0.1000,1.9066,0.0000,0.0000,4649.8409,0.0000,3,0,0
27.0459,-2.8475,3.5422,0.1000,1.9243,0.0000,0.0000,-2689.1000,3799.0000,0.1000,1.9066,0.0000,0.0000,4649.8874,0.0000,3,0,0
27.0671,-2.8985,3.4491,0.1000,1.9288,0.0000,0.0000,-2847.0000,3603.1000,0.1000,1.9066,0.0000,0.0000,4587.6355,0.0000,3,0,0
27.0886,-2.9329,3.3474,0.1000,1.9334,0.0000,0.0000,-2847.0000,3603.1000,0.1000,1.9220,0.0000,0.0000,4587.6940,0.0000,3,0,0
27.1100,-2.9673,3.2457,0.1000,1.9379,0.0000,0.0000,-2847.0000,3603.1000,0.1000,1.9220,0.0000,0.0000,4587.7524,0.0000,3,0,0
27.1318,-2.9837,3.1384,0.1000,1.9426,0.0000,0.0000,-2984.0000,3142.5000,0.1000,1.9220,0.0000,0.0000,4329.2089,0.0000,3,0,0
27.1535,-3.0000,3.0311,0.1000,1.9472,0.0000,0.0000,-2984.0000,3142.5000,0.1000,1.9384,0.0000,0.0000,4329.2755,0.0000,3,0,0
27.1754,-2.9973,2.9214,0.1000,1.9518,0.0000,0.0000,-2984.0000,3142.5000,0.1000,1.9384,0.0000,0.0000,4329.3569,0.0000,3,0,0
27.1974,-2.9947,2.8116,0.1000,1.9565,0.0000,0.0000,-2984.0000,3142.5000,0.1000,1.9384,0.0000,0.0000,4329.4383,0.0000,3,0,0
27.2196,-2.9727,2.7028,0.1000,1.9612,0.0000,0.0000,-2973.0000,2688.8000,0.1000,1.9384,0.0000,0.0000,4004.5200,0.0000,3,0,0
27.2418,-2.9507,2.5941,0.1000,1.9659,0.0000,0.0000,-2973.0000,2688.8000,0.1000,1.9544,0.0000,0.0000,4004.6092,0.0000,3,0,0
27.2642,-2.9097,2.4897,0.1000,1.9707,0.0000,0.0000,-2973.0000,2688.8000,0.1000,1.9544,0.0000,0.0000,4004.7097,0.0000,3,0,0
27.2866,-2.8686,2.3853,0.1000,1.9755,0.0000,0.0000,-2868.9000,2449.1000,0.1000,1.9544,0.0000,0.0000,3768.3616,0.0000,3,0,0
27.3093,-2.8094,2.2886,0.1000,1.9803,0.0000,0.0000,-2868.9000,2449.1000,0.1000,1.9685,0.0000,0.0000,3768.4694,0.0000,3,0,0
27.3320,-2.7501,2.1919,0.1000,1.9851,0.0000,0.0000,-2868.9000,2449.1000,0.1000,1.9685,0.0000,0.0000,3768.5772,0.0000,3,0,0
27.3549,-2.6741,2.1061,0.1000,1.9900,0.0000,0.0000,-2674.3000,2102.4000,0.1000,1.9685,0.0000,0.0000,3398.3554,0.0000,3,0,0
27.3778,-2.5981,2.0203,0.1000,1.9949,0.0000,0.0000,-2674.3000,2102.4000,0.1000,1.9832,0.0000,0.0000,3398.4681,0.0000,3,0,0
27.4010,-2.5074,1.9484,0.1000,1.9998,0.0000,0.0000,-2674.3000,2102.4000,0.1000,1.9832,0.0000,0.0000,3398.5839,0.0000,3,0,0
27.4242,-2.4167,1.8764,0.1000,2.0047,0.0000,0.0000,-2423.9000,1875.2000,0.1000,1.9832,0.0000,0.0000,3061.5230,0.0000,3,0,0
27.4476,-2.3137,1.8208,0.1000,2.0097,0.0000,0.0000,-2423.9000,1875.2000,0.1000,1.9977,0.0000,0.0000,3061.6384,0.0000,3,0,0
27.4710,-2.2108,1.7651,0.1000,2.0147,0.0000,0.0000,-2423.9000,1875.2000,0.1000,1.9977,0.0000,0.0000,3061.7539,0.0000,3,0,0
27.4946,-2.0986,1.7279,0.1000,2.0197,0.0000,0.0000,-2423.9000,1875.2000,0.1000,1.9977,0.0000,0.0000,3061.8654,0.0000,3,0,0
27.5183,-1.9864,1.6907,0.1000,2.0247,0.0000,0.0000,-2099.0000,1725.1000,0.1000,1.9977,0.0000,0.0000,2714.3334,0.0000,3,0,0
27.5421,-1.8682,1.6734,0.1000,2.0298,0.0000,0.0000,-2099.0000,1725.1000,0.1000,2.0184,0.0000,0.0000,2714.4357,0.0000,3,0,0
27.5660,-1.7500,1.6561,0.1000,2.0349,0.0000,0.0000,-2099.0000,1725.1000,0.1000,2.0184,0.0000,0.0000,2714.5380,0.0000,3,0,0
27.5902,-1.6294,1.6597,0.1000,2.0400,0.0000,0.0000,-1550.2000,1660.2000,0.1000,2.0184,0.0000,0.0000,2269.1026,0.0000,3,0,0
27.6143,-1.5088,1.6633,0.1000,2.0451,0.0000,0.0000,-1550.2000,1660.2000,0.1000,2.0329,0.0000,0.0000,2269.1823,0.0000,3,0,0
27.6387,-1.3895,1.6881,0.1000,2.0503,0.0000,0.0000,-1550.2000,1660.2000,0.1000,2.0329,0.0000,0.0000,2269.2456,0.0000,3,0,0
27.6630,-1.2702,1.7129,0.1000,2.0555,0.0000,0.0000,-1180.6000,1713.3000,0.1000,2.0329,0.0000,0.0000,2078.5449,0.0000,3,0,0
27.6876,-1.1559,1.7586,0.1000,2.0607,0.0000,0.0000,-1180.6000,1713.3000,0.1000,2.0490,0.0000,0.0000,2078.5722,0.0000,3,0,0
27.7123,-1.0417,1.8042,0.1000,2.0659,0.0000,0.0000,-1180.6000,1713.3000,0.1000,2.0490,0.0000,0.0000,2078.5994,0.0000,3,0,0
27.7371,-0.9361,1.8697,0.1000,2.0712,0.0000,0.0000,-933.5000,1870.0000,0.1000,2.0490,0.0000,0.0000,2087.9622,0.0000,3,0,0
27.7620,-0.8305,1.9352,0.1000,2.0765,0.0000,0.0000,-933.5000,1870.0000,0.1000,2.0649,0.0000,0.0000,2087.9508,0.0000,3,0,0
27.7871,-0.7370,2.0189,0.1000,2.0818,0.0000,0.0000,-933.5000,1870.0000,0.1000,2.0649,0.0000,0.0000,2087.9177,0.0000,3,0,0
27.8121,-0.6435,2.1026,0.1000,2.0872,0.0000,0.0000,-933.5000,1870.0000,0.1000,2.0649,0.0000,0.0000,2087.8846,0.0000,3,0,0
27.8375,-0.5653,2.2023,0.1000,2.0926,0.0000,0.0000,-627.4000,2110.6000,0.1000,2.0649,0.0000,0.0000,2199.6051,0.0000,3,0,0
27.8628,-0.4870,2.3019,0.1000,2.0979,0.0000,0.0000,-627.4000,2110.6000,0.1000,2.0848,0.0000,0.0000,2199.5319,0.0000,3,0,0
27.8884,-0.4268,2.4147,0.1000,2.1034,0.0000,0.0000,-627.4000,2110.6000,0.1000,2.0848,0.0000,0.0000,2199.4409,0.0000,3,0,0
27.9140,-0.3666,2.5276,0.1000,2.1088,0.0000,0.0000,-367.0000,2523.4000,0.1000,2.0848,0.0000,0.0000,2547.3943,0.0000,3,0,0
27.9398,-0.3265,2.6503,0.1000,2.1143,0.0000,0.0000,-367.0000,2523.4000,0.1000,2.1041,0.0000,0.0000,2547.2787,0.0000,3,0,0
27.9656,-0.2865,2.7730,0.1000,2.1198,0.0000,0.0000,-367.0000,2523.4000,0.1000,2.1041,0.0000,0.0000,2547.1630,0.0000,3,0,0
27.9917,-0.2682,2.9021,0.1000,2.1253,0.0000,0.0000,-367.0000,2523.4000,0.1000,2.1041,0.0000,0.0000,2547.0379,0.0000,3,0,0
28.0177,-0.2500,3.0311,0.1000,2.1309,0.0000,0.0000,-268.0000,2891.2000,0.1000,2.1041,0.0000,0.0000,2900.5533,0.0000,3,0,0
28.0700,-0.4412,2.8528,0.1000,2.1420,0.0000,0.0000,-268.0000,2891.2000,0.1000,2.1225,0.0000,0.0000,2900.7132,0.0000,3,0,0
28.1223,-0.6324,2.6745,0.1000,2.1531,0.0000,0.0000,-268.0000,2891.2000,0.1000,2.1225,0.0000,0.0000,2900.8732,0.0000,3,0,0
28.1746,-0.8235,2.4962,0.1000,2.1642,0.0000,0.0000,-891.7000,2496.0000,0.1000,2.1225,0.0000,0.0000,2647.8712,0.0000,3,0,0
28.2269,-1.0147,2.3179,0.1000,2.1753,0.0000,0.0000,-891.7000,2496.0000,0.1000,2.1482,0.0000,0.0000,2647.9748,0.0000,3,0,0
28.2792,-1.2059,2.1396,0.1000,2.1864,0.0000,0.0000,-891.7000,2496.0000,0.1000,2.1482,0.0000,0.0000,2648.0785,0.0000,3,0,0
28.3314,-1.3971,1.9613,0.1000,2.1975,0.0000,0.0000,-1397.0000,1905.3000,0.1000,2.1482,0.0000,0.0000,2360.1707,0.0000,3,0,0
28.3837,-1.5882,1.7830,0.1000,2.2087,0.0000,0.0000,-1397.0000,1905.3000,0.1000,2.1844,0.0000,0.0000,2360.2015,0.0000,3,0,0
28.4360,-1.7794,1.6047,0.1000,2.2198,0.0000,0.0000,-1397.0000,1905.3000,0.1000,2.1844,0.0000,0.0000,2360.2323,0.0000,3,0,0
28.4883,-1.9706,1.4264,0.1000,2.2309,0.0000,0.0000,-1977.2000,1426.7000,0.1000,2.1844,0.0000,0.0000,2435.7619,0.0000,3,0,0
28.5406,-2.1618,1.2481,0.1000,2.2420,0.0000,0.0000,-1977.2000,1426.7000,0.1000,2.1844,0.0000,0.0000,2435.7112,0.0000,3,0,0
28.5929,-2.3529,1.0698,0.1000,2.2531,0.0000,0.0000,-1977.2000,1426.7000,0.1000,2.1844,0.0000,0.0000,2435.6606,0.0000,3,0,0
28.6452,-2.5441,0.8915,0.1000,2.2642,0.0000,0.0000,-1977.2000,1426.7000,0.1000,2.1844,0.0000,0.0000,2435.6099,0.0000,3,0,0
28.6974,-2.7353,0.7132,0.1000,2.2753,0.0000,0.0000,-2576.6000,866.4000,0.1000,2.1844,0.0000,0.0000,2715.5466,0.0000,3,0,0
28.7497,-2.9265,0.5349,0.1000,2.2865,0.0000,0.0000,-2576.6000,866.4000,0.1000,2.2215,0.0000,0.0000,2715.4222,0.0000,3,0,0
28.8020,-3.1176,0.3566,0.1000,2.2976,0.0000,0.0000,-2576.6000,866.4000,0.1000,2.2215,0.0000,0.0000,2715.2979,0.0000,3,0,0
28.8543,-3.3088,0.1783,0.1000,2.3087,0.0000,0.0000,-3309.2000,174.7000,0.1000,2.2215,0.0000,0.0000,3310.4946,0.0000,3,0,0
28.9066,-3.5000,0.0000,0.1000,2.3198,0.0000,0.0000,-3309.2000,174.7000,0.1000,2.2934,0.0000,0.0000,3310.3131,0.0000,3,0,0
28.9080,-3.4932,0.0012,0.1000,2.3201,0.0000,0.0000,-3309.2000,174.7000,0.1000,2.2934,0.0000,0.0000,3310.3198,0.0000,3,0,0
28.9093,-3.4863,0.0024,0.1000,2.3204,0.0000,0.0000,-3487.8000,2.0000,0.1000,2.2934,0.0000,0.0000,3484.3143,0.0000,3,0,0
28.9108,-3.4801,0.0060,0.1000,2.3207,0.0000,0.0000,-3487.8000,2.0000,0.1000,2.3188,0.0000,0.0000,3484.3205,0.0000,3,0,0
28.9122,-3.4739,0.0095,0.1000,2.3210,0.0000,0.0000,-3487.8000,2.0000,0.1000,2.3188,0.0000,0.0000,3484.3267,0.0000,3,0,0
28.9137,-3.4689,0.0152,0.1000,2.3213,0.0000,0.0000,-3487.8000,2.0000,0.1000,2.3188,0.0000,0.0000,3484.3317,0.0000,3,0,0
28.9152,-3.4639,0.0208,0.1000,2.3216,0.0000,0.0000,-3472.9000,20.0000,0.1000,2.3188,0.0000,0.0000,3469.4936,0.0000,3,0,0
28.9168,-3.4607,0.0283,0.1000,2.3220,0.0000,0.0000,-3472.9000,20.0000,0.1000,2.3212,0.0000,0.0000,3469.4968,0.0000,3,0,0
28.9185,-3.4574,0.0357,0.1000,2.3223,0.0000,0.0000,-3472.9000,20.0000,0.1000,2.3212,0.0000,0.0000,3469.5000,0.0000,3,0,0
28.9202,-3.4564,0.0445,0.1000,2.3227,0.0000,0.0000,-3422.6000,22.2000,0.1000,2.3212,0.0000,0.0000,3419.2154,0.0000,3,0,0
28.9220,-3.4554,0.0532,0.1000,2.3231,0.0000,0.0000,-3422.6000,22.2000,0.1000,2.3222,0.0000,0.0000,3419.2164,0.0000,3,0,0
28.9239,-3.4568,0.0627,0.1000,2.3235,0.0000,0.0000,-3422.6000,22.2000,0.1000,2.3222,0.0000,0.0000,3419.2148,0.0000,3,0,0
28.9258,-3.4583,0.0722,0.1000,2.3239,0.0000,0.0000,-3422.6000,22.2000,0.1000,2.3222,0.0000,0.0000,3419.2133,0.0000,3,0,0
28.9279,-3.4625,0.0818,0.1000,2.3243,0.0000,0.0000,-3458.0000,65.7000,0.1000,2.3235,0.0000,0.0000,3455.1606,0.0000,3,0,0
28.9300,-3.4667,0.0914,0.1000,2.3248,0.0000,0.0000,-3458.0000,65.7000,0.1000,2.3235,0.0000,0.0000,3455.1562,0.0000,3,0,0
28.9323,-3.4737,0.1004,0.1000,2.3253,0.0000,0.0000,-3458.0000,65.7000,0.1000,2.3235,0.0000,0.0000,3455.1491,0.0000,3,0,0
28.9346,-3.4807,0.1094,0.1000,2.3257,0.0000,0.0000,-3463.1000,77.0000,0.1000,2.3235,0.0000,0.0000,3460.4736,0.0000,3,0,0
28.9371,-3.4904,0.1172,0.1000,2.3263,0.0000,0.0000,-3463.1000,77.0000,0.1000,2.3252,0.0000,0.0000,3460.4638,0.0000,3,0,0
28.9396,-3.5000,0.1250,0.1000,2.3268,0.0000,0.0000,-3463.1000,77.0000,0.1000,2.3252,0.0000,0.0000,3460.4540,0.0000,3,0,0
28.9422,-3.5121,0.1309,0.1000,2.3274,0.0000,0.0000,-3463.1000,77.0000,0.1000,2.3252,0.0000,0.0000,3460.4418,0.0000,3,0,0
28.9449,-3.5241,0.1368,0.1000,2.3279,0.0000,0.0000,-3512.5000,148.5000,0.1000,2.3252,0.0000,0.0000,3512.1110,0.0000,3,0,0
28.9478,-3.5382,0.1402,0.1000,2.3286,0.0000,0.0000,-3512.5000,148.5000,0.1000,2.3269,0.0000,0.0000,3512.0968,0.0000,3,0,0
28.9507,-3.5523,0.1436,0.1000,2.3292,0.0000,0.0000,-3512.5000,148.5000,0.1000,2.3269,0.0000,0.0000,3512.0826,0.0000,3,0,0
28.9538,-3.5678,0.1440,0.1000,2.3298,0.0000,0.0000,-3504.5000,143.9000,0.1000,2.3269,0.0000,0.0000,3503.8824,0.0000,3,0,0
28.9569,-3.5833,0.1443,0.1000,2.3305,0.0000,0.0000,-3504.5000,143.9000,0.1000,2.3290,0.0000,0.0000,3503.8669,0.0000,3,0,0
28.9603,-3.5997,0.1413,0.1000,2.3312,0.0000,0.0000,-3504.5000,143.9000,0.1000,2.3290,0.0000,0.0000,3503.8507,0.0000,3,0,0
28.9636,-3.6161,0.1383,0.1000,2.3319,0.0000,0.0000,-3614.8000,138.0000,0.1000,2.3290,0.0000,0.0000,3613.8145,0.0000,3,0,0
28.9671,-3.6325,0.1317,0.1000,2.3327,0.0000,0.0000,-3614.8000,138.0000,0.1000,2.3310,0.0000,0.0000,3613.7983,0.0000,3,0,0
28.9707,-3.6490,0.1250,0.1000,2.3334,0.0000,0.0000,-3614.8000,138.0000,0.1000,2.3310,0.0000,0.0000,3613.7821,0.0000,3,0,0
28.9745,-3.6647,0.1146,0.1000,2.3342,0.0000,0.0000,-3708.5000,132.8000,0.1000,2.3310,0.0000,0.0000,3707.2106,0.0000,3,0,0
28.9782,-3.6804,0.1042,0.1000,2.3350,0.0000,0.0000,-3708.5000,132.8000,0.1000,2.3332,0.0000,0.0000,3707.1952,0.0000,3,0,0
28.9822,-3.6946,0.0901,0.1000,2.3359,0.0000,0.0000,-3708.5000,132.8000,0.1000,2.3332,0.0000,0.0000,3707.1815,0.0000,3,0,0
28.9862,-3.7088,0.0760,0.1000,2.3367,0.0000,0.0000,-3708.5000,132.8000,0.1000,2.3332,0.0000,0.0000,3707.1678,0.0000,3,0,0
28.9905,-3.7207,0.0585,0.1000,2.3376,0.0000,0.0000,-3708.5000,132.8000,0.1000,2.3332,0.0000,0.0000,3707.1566,0.0000,3,0,0
28.9947,-3.7325,0.0410,0.1000,2.3385,0.0000,0.0000,-3721.0000,66.0000,0.1000,2.3362,0.0000,0.0000,3717.8526,0.0000,3,0,0
28.9991,-3.7413,0.0205,0.1000,2.3395,0.0000,0.0000,-3721.0000,66.0000,0.1000,2.3362,0.0000,0.0000,3717.8442,0.0000,3,0,0
29.0036,-3.7500,0.0000,0.1000,2.3404,0.0000,0.0000,-3721.0000,66.0000,0.1000,2.3362,0.0000,0.0000,3717.8359,0.0000,3,0,0
29.0083,-3.7549,-0.0229,0.1000,2.3414,0.0000,0.0000,-3750.0000,-2.7000,0.1000,2.3396,0.0000,0.0000,3746.2460,0.0000,3,0,0
29.0130,-3.7599,-0.0458,0.1000,2.3424,0.0000,0.0000,-3750.0000,-2.7000,0.1000,2.3396,0.0000,0.0000,3746.2411,0.0000,3,0,0
29.0179,-3.7605,-0.0704,0.1000,2.3435,0.0000,0.0000,-3750.0000,-2.7000,0.1000,2.3396,0.0000,0.0000,3746.2405,0.0000,3,0,0
29.0228,-3.7610,-0.0950,0.1000,2.3445,0.0000,0.0000,-3750.0000,-2.7000,0.1000,2.3396,0.0000,0.0000,3746.2399,0.0000,3,0,0
29.0280,-3.7568,-0.1204,0.1000,2.3456,0.0000,0.0000,-3756.9000,-126.6000,0.1000,2.3396,0.0000,0.0000,3755.2737,0.0000,3,0,0
29.0331,-3.7526,-0.1458,0.1000,2.3467,0.0000,0.0000,-3756.9000,-126.6000,0.1000,2.3437,0.0000,0.0000,3755.2771,0.0000,3,0,0
29.0385,-3.7433,-0.1711,0.1000,2.3478,0.0000,0.0000,-3756.9000,-126.6000,0.1000,2.3437,0.0000,0.0000,3755.2855,0.0000,3,0,0
29.0439,-3.7341,-0.1964,0.1000,2.3490,0.0000,0.0000,-3756.9000,-126.6000,0.1000,2.3437,0.0000,0.0000,3755.2939,0.0000,3,0,0
29.0495,-3.7197,-0.2206,0.1000,2.3502,0.0000,0.0000,-3718.1000,-220.0000,0.1000,2.3437,0.0000,0.0000,3720.8768,0.0000,3,0,0
29.0551,-3.7053,-0.2447,0.1000,2.3514,0.0000,0.0000,-3718.1000,-220.0000,0.1000,2.3484,0.0000,0.0000,3720.8897,0.0000,3,0,0
29.0610,-3.6860,-0.2667,0.1000,2.3526,0.0000,0.0000,-3718.1000,-220.0000,0.1000,2.3484,0.0000,0.0000,3720.9077,0.0000,3,0,0
29.0668,-3.6667,-0.2887,0.1000,2.3539,0.0000,0.0000,-3667.0000,-285.5000,0.1000,2.3484,0.0000,0.0000,3674.4192,0.0000,3,0,0
29.0729,-3.6427,-0.3075,0.1000,2.3552,0.0000,0.0000,-3667.0000,-285.5000,0.1000,2.3521,0.0000,0.0000,3674.4416,0.0000,3,0,0
29.0790,-3.6188,-0.3263,0.1000,2.3564,0.0000,0.0000,-3667.0000,-285.5000,0.1000,2.3521,0.0000,0.0000,3674.4641,0.0000,3,0,0
29.0853,-3.5907,-0.3410,0.1000,2.3578,0.0000,0.0000,-3667.0000,-285.5000,0.1000,2.3521,0.0000,0.0000,3674.4909,0.0000,3,0,0
29.0917,-3.5627,-0.3556,0.1000,2.3591,0.0000,0.0000,-3571.5000,-355.7000,0.1000,2.3521,0.0000,0.0000,3585.5887,0.0000,3,0,0
29.0982,-3.5314,-0.3653,0.1000,2.3605,0.0000,0.0000,-3571.5000,-355.7000,0.1000,2.3576,0.0000,0.0000,3585.6189,0.0000,3,0,0
29.1048,-3.5000,-0.3750,0.1000,2.3619,0.0000,0.0000,-3571.5000,-355.7000,0.1000,2.3576,0.0000,0.0000,3585.6492,0.0000,3,0,0
29.1116,-3.4662,-0.3790,0.1000,2.3634,0.0000,0.0000,-3571.5000,-355.7000,0.1000,2.3576,0.0000,0.0000,3585.6824,0.0000,3,0,0
29.1184,-3.4325,-0.3830,0.1000,2.3648,0.0000,0.0000,-3459.1000,-381.7000,0.1000,2.3576,0.0000,0.0000,3476.6422,0.0000,3,0,0
29.1254,-3.3974,-0.3807,0.1000,2.3663,0.0000,0.0000,-3459.1000,-381.7000,0.1000,2.3624,0.0000,0.0000,3476.6773,0.0000,3,0,0
29.1325,-3.3622,-0.3785,0.1000,2.3678,0.0000,0.0000,-3459.1000,-381.7000,0.1000,2.3624,0.0000,0.0000,3476.7125,0.0000,3,0,0
29.1397,-3.3270,-0.3697,0.1000,2.3694,0.0000,0.0000,-3459.1000,-381.7000,0.1000,2.3624,0.0000,0.0000,3476.7485,0.0000,3,0,0
29.1470,-3.2917,-0.3608,0.1000,2.3709,0.0000,0.0000,-3137.7000,-353.1000,0.1000,2.3624,0.0000,0.0000,3154.1941,0.0000,3,0,0
29.1545,-3.2575,-0.3453,0.1000,2.3725,0.0000,0.0000,-3137.7000,-353.1000,0.1000,2.3687,0.0000,0.0000,3154.2298,0.0000,3,0,0
29.1620,-3.2232,-0.3298,0.1000,2.3741,0.0000,0.0000,-3137.7000,-353.1000,0.1000,2.3687,0.0000,0.0000,3154.2656,0.0000,3,0,0
29.1698,-3.1914,-0.3078,0.1000,2.3757,0.0000,0.0000,-3137.2000,-394.2000,0.1000,2.3687,0.0000,0.0000,3158.6644,0.0000,3,0,0
29.1775,-3.1595,-0.2857,0.1000,2.3774,0.0000,0.0000,-3137.2000,-394.2000,0.1000,2.3735,0.0000,0.0000,3158.6988,0.0000,3,0,0
29.1855,-3.1313,-0.2574,0.1000,2.3791,0.0000,0.0000,-3137.2000,-394.2000,0.1000,2.3735,0.0000,0.0000,3158.7303,0.0000,3,0,0
29.1935,-3.1031,-0.2292,0.1000,2.3808,0.0000,0.0000,-3103.0000,-224.1000,0.1000,2.3735,0.0000,0.0000,3107.9703,0.0000,3,0,0
29.2018,-3.0797,-0.1953,0.1000,2.3825,0.0000,0.0000,-3103.0000,-224.1000,0.1000,2.3784,0.0000,0.0000,3107.9960,0.0000,3,0,0
29.2100,-3.0563,-0.1615,0.1000,2.3843,0.0000,0.0000,-3103.0000,-224.1000,0.1000,2.3784,0.0000,0.0000,3108.0218,0.0000,3,0,0
29.2184,-3.0388,-0.1230,0.1000,2.3861,0.0000,0.0000,-3103.0000,-224.1000,0.1000,2.3784,0.0000,0.0000,3108.0420,0.0000,3,0,0
29.2269,-3.0213,-0.0844,0.1000,2.3879,0.0000,0.0000,-3039.0000,-135.9000,0.1000,2.3838,0.0000,0.0000,3039.0151,0.0000,3,0,0
29.2356,-3.0106,-0.0422,0.1000,2.3897,0.0000,0.0000,-3039.0000,-135.9000,0.1000,2.3838,0.0000,0.0000,3039.0276,0.0000,3,0,0
29.2443,-3.0000,0.0000,0.1000,2.3916,0.0000,0.0000,-3039.0000,-135.9000,0.1000,2.3838,0.0000,0.0000,3039.0401,0.0000,3,0,0
29.2533,-2.9970,0.0446,0.1000,2.3935,0.0000,0.0000,-3033.7000,4.3000,0.1000,2.3838,0.0000,0.0000,3030.7060,0.0000,3,0,0
29.2622,-2.9939,0.0892,0.1000,2.3954,0.0000,0.0000,-3033.7000,4.3000,0.1000,2.3838,0.0000,0.0000,3030.7090,0.0000,3,0,0
29.2714,-2.9990,0.1349,0.1000,2.3973,0.0000,0.0000,-3033.7000,4.3000,0.1000,2.3838,0.0000,0.0000,3030.7039,0.0000,3,0,0
29.2806,-3.0041,0.1805,0.1000,2.3993,0.0000,0.0000,-3003.3000,160.0000,0.1000,2.3838,0.0000,0.0000,3004.5496,0.0000,3,0,0
29.2900,-3.0175,0.2257,0.1000,2.4013,0.0000,0.0000,-3003.3000,160.0000,0.1000,2.3890,0.0000,0.0000,3004.5337,0.0000,3,0,0
29.2994,-3.0309,0.2708,0.1000,2.4033,0.0000,0.0000,-3003.3000,160.0000,0.1000,2.3890,0.0000,0.0000,3004.5179,0.0000,3,0,0
29.3091,-3.0527,0.3140,0.1000,2.4053,0.0000,0.0000,-3039.5000,300.3000,0.1000,2.3890,0.0000,0.0000,3051.2299,0.0000,3,0,0
29.3187,-3.0744,0.3571,0.1000,2.4074,0.0000,0.0000,-3039.5000,300.3000,0.1000,2.4025,0.0000,0.0000,3051.2040,0.0000,3,0,0
29.3286,-3.1042,0.3967,0.1000,2.4095,0.0000,0.0000,-3039.5000,300.3000,0.1000,2.4025,0.0000,0.0000,3051.1705,0.0000,3,0,0
29.3386,-3.1340,0.4362,0.1000,2.4116,0.0000,0.0000,-3039.5000,300.3000,0.1000,2.4025,0.0000,0.0000,3051.1370,0.0000,3,0,0
29.3487,-3.1712,0.4707,0.1000,2.4138,0.0000,0.0000,-3039.5000,300.3000,0.1000,2.4025,0.0000,0.0000,3051.0966,0.0000,3,0,0
29.3588,-3.2083,0.5052,0.1000,2.4159,0.0000,0.0000,-3114.0000,448.9000,0.1000,2.4107,0.0000,0.0000,3142.9417,0.0000,3,0,0
29.3692,-3.2520,0.5332,0.1000,2.4181,0.0000,0.0000,-3114.0000,448.9000,0.1000,2.4107,0.0000,0.0000,3142.8945,0.0000,3,0,0
29.3796,-3.2957,0.5612,0.1000,2.4203,0.0000,0.0000,-3114.0000,448.9000,0.1000,2.4107,0.0000,0.0000,3142.8472,0.0000,3,0,0
29.3902,-3.3448,0.5815,0.1000,2.4226,0.0000,0.0000,-3284.4000,560.9000,0.1000,2.4176,0.0000,0.0000,3328.5552,0.0000,3,0,0
29.4008,-3.3939,0.6018,0.1000,2.4248,0.0000,0.0000,-3284.4000,560.9000,0.1000,2.4176,0.0000,0.0000,3328.5034,0.0000,3,0,0
29.4117,-3.4469,0.6134,0.1000,2.4272,0.0000,0.0000,-3492.3000,612.8000,0.1000,2.4176,0.0000,0.0000,3542.1559,0.0000,3,0,0
29.4226,-3.5000,0.6250,0.1000,2.4295,0.0000,0.0000,-3492.3000,612.8000,0.1000,2.4240,0.0000,0.0000,3542.1016,0.0000,3,0,0
29.4337,-3.5555,0.6271,0.1000,2.4318,0.0000,0.0000,-3492.3000,612.8000,0.1000,2.4240,0.0000,0.0000,3542.0466,0.0000,3,0,0
29.4448,-3.6109,0.6292,0.1000,2.4342,0.0000,0.0000,-3492.3000,612.8000,0.1000,2.4240,0.0000,0.0000,3541.9916,0.0000,3,0,0
29.4561,-3.6671,0.6213,0.1000,2.4366,0.0000,0.0000,-3605.8000,629.0000,0.1000,2.4240,0.0000,0.0000,3656.5313,0.0000,3,0,0
29.4675,-3.7233,0.6134,0.1000,2.4390,0.0000,0.0000,-3605.8000,629.0000,0.1000,2.4336,0.0000,0.0000,3656.4773,0.0000,3,0,0
29.4790,-3.7783,0.5954,0.1000,2.4415,0.0000,0.0000,-3605.8000,629.0000,0.1000,2.4336,0.0000,0.0000,3656.4262,0.0000,3,0,0
29.4906,-3.8333,0.5774,0.1000,2.4439,0.0000,0.0000,-3859.8000,576.7000,0.1000,2.4336,0.0000,0.0000,3898.7686,0.0000,3,0,0
29.5024,-3.8854,0.5493,0.1000,2.4464,0.0000,0.0000,-3859.8000,576.7000,0.1000,2.4336,0.0000,0.0000,3898.7212,0.0000,3,0,0
29.5143,-3.9375,0.5213,0.1000,2.4490,0.0000,0.0000,-3859.8000,576.7000,0.1000,2.4336,0.0000,0.0000,3898.6739,0.0000,3,0,0
29.5263,-3.9847,0.4839,0.1000,2.4515,0.0000,0.0000,-4022.2000,484.3000,0.1000,2.4336,0.0000,0.0000,4047.2376,0.0000,3,0,0
29.5384,-4.0320,0.4464,0.1000,2.4541,0.0000,0.0000,-4022.2000,484.3000,0.1000,2.4404,0.0000,0.0000,4047.1952,0.0000,3,0,0
29.5507,-4.0727,0.4003,0.1000,2.4567,0.0000,0.0000,-4022.2000,484.3000,0.1000,2.4404,0.0000,0.0000,4047.1602,0.0000,3,0,0
29.5630,-4.1134,0.3542,0.1000,2.4593,0.0000,0.0000,-4022.2000,484.3000,0.1000,2.4404,0.0000,0.0000,4047.1253,0.0000,3,0,0
29.5755,-4.1461,0.3006,0.1000,2.4620,0.0000,0.0000,-4142.5000,383.2000,0.1000,2.4404,0.0000,0.0000,4156.0300,0.0000,3,0,0
29.5881,-4.1787,0.2470,0.1000,2.4646,0.0000,0.0000,-4142.5000,383.2000,0.1000,2.4580,0.0000,0.0000,4156.0025,0.0000,3,0,0
29.6009,-4.2018,0.1874,0.1000,2.4674,0.0000,0.0000,-4142.5000,383.2000,0.1000,2.4580,0.0000,0.0000,4155.9849,0.0000,3,0,0
29.6137,-4.2249,0.1278,0.1000,2.4701,0.0000,0.0000,-4225.0000,134.6000,0.1000,2.4580,0.0000,0.0000,4222.9166,0.0000,3,0,0
29.6267,-4.2375,0.0639,0.1000,2.4729,0.0000,0.0000,-4225.0000,134.6000,0.1000,2.4665,0.0000,0.0000,4222.9061,0.0000,3,0,0
29.6397,-4.2500,0.0000,0.1000,2.4756,0.0000,0.0000,-4225.0000,134.6000,0.1000,2.4665,0.0000,0.0000,4222.8957,0.0000,3,0,0
29.6530,-4.2511,-0.0663,0.1000,2.4784,0.0000,0.0000,-4251.0000,-61.1000,0.1000,2.4665,0.0000,0.0000,4247.1874,0.0000,3,0,0
29.6662,-4.2523,-0.1326,0.1000,2.4813,0.0000,0.0000,-4251.0000,-61.1000,0.1000,2.4745,0.0000,0.0000,4247.1853,0.0000,3,0,0
29.6798,-4.2416,-0.1993,0.1000,2.4841,0.0000,0.0000,-4251.0000,-61.1000,0.1000,2.4745,0.0000,0.0000,4247.1951,0.0000,3,0,0
29.6933,-4.2309,-0.2660,0.1000,2.4870,0.0000,0.0000,-4251.0000,-61.1000,0.1000,2.4745,0.0000,0.0000,4247.2048,0.0000,3,0,0
29.7070,-4.2082,-0.3309,0.1000,2.4899,0.0000,0.0000,-4231.0000,-255.2000,0.1000,2.4830,0.0000,0.0000,4234.4689,0.0000,3,0,0
29.7208,-4.1856,-0.3958,0.1000,2.4928,0.0000,0.0000,-4231.0000,-255.2000,0.1000,2.4830,0.0000,0.0000,4234.4876,0.0000,3,0,0
29.7347,-4.1513,-0.4568,0.1000,2.4958,0.0000,0.0000,-4231.0000,-255.2000,0.1000,2.4830,0.0000,0.0000,4234.5181,0.0000,3,0,0
29.7487,-4.1171,-0.5178,0.1000,2.4988,0.0000,0.0000,-4092.1000,-576.6000,0.1000,2.4830,0.0000,0.0000,4128.3744,0.0000,3,0,0
29.7630,-4.0719,-0.5728,0.1000,2.5018,0.0000,0.0000,-4092.1000,-576.6000,0.1000,2.4930,0.0000,0.0000,4128.4114,0.0000,3,0,0
29.7772,-4.0267,-0.6277,0.1000,2.5048,0.0000,0.0000,-4092.1000,-576.6000,0.1000,2.4930,0.0000,0.0000,4128.4485,0.0000,3,0,0
29.7917,-3.9717,-0.6747,0.1000,2.5079,0.0000,0.0000,-4092.1000,-576.6000,0.1000,2.4930,0.0000,0.0000,4128.4965,0.0000,3,0,0
29.8061,-3.9167,-0.7217,0.1000,2.5110,0.0000,0.0000,-4019.8000,-673.8000,0.1000,2.5040,0.0000,0.0000,4071.8980,0.0000,3,0,0
29.8209,-3.8532,-0.7589,0.1000,2.5141,0.0000,0.0000,-4019.8000,-673.8000,0.1000,2.5040,0.0000,0.0000,4071.9544,0.0000,3,0,0
29.8356,-3.7898,-0.7961,0.1000,2.5173,0.0000,0.0000,-4019.8000,-673.8000,0.1000,2.5040,0.0000,0.0000,4072.0109,0.0000,3,0,0
29.8505,-3.7196,-0.8221,0.1000,2.5204,0.0000,0.0000,-3765.4000,-799.0000,0.1000,2.5040,0.0000,0.0000,3845.4294,0.0000,3,0,0
29.8655,-3.6495,-0.8480,0.1000,2.5236,0.0000,0.0000,-3765.4000,-799.0000,0.1000,2.5160,0.0000,0.0000,3845.4926,0.0000,3,0,0
29.8807,-3.5748,-0.8615,0.1000,2.5268,0.0000,0.0000,-3765.4000,-799.0000,0.1000,2.5160,0.0000,0.0000,3845.5629,0.0000,3,0,0
29.8959,-3.5000,-0.8750,0.1000,2.5301,0.0000,0.0000,-3456.7000,-874.9000,0.1000,2.5160,0.0000,0.0000,3562.0935,0.0000,3,0,0
29.9113,-3.4228,-0.8752,0.1000,2.5333,0.0000,0.0000,-3456.7000,-874.9000,0.1000,2.5255,0.0000,0.0000,3562.1682,0.0000,3,0,0
29.9267,-3.3456,-0.8754,0.1000,2.5366,0.0000,0.0000,-3456.7000,-874.9000,0.1000,2.5255,0.0000,0.0000,3562.2430,0.0000,3,0,0
29.9424,-3.2684,-0.8619,0.1000,2.5400,0.0000,0.0000,-3456.7000,-874.9000,0.1000,2.5255,0.0000,0.0000,3562.3212,0.0000,3,0,0
29.9581,-3.1912,-0.8483,0.1000,2.5433,0.0000,0.0000,-3185.9000,-848.0000,0.1000,2.5255,0.0000,0.0000,3293.5241,0.0000,3,0,0
29.9740,-3.1164,-0.8211,0.1000,2.5467,0.0000,0.0000,-3185.9000,-848.0000,0.1000,2.5390,0.0000,0.0000,3293.6034,0.0000,3,0,0
29.9899,-3.0417,-0.7939,0.1000,2.5501,0.0000,0.0000,-3185.9000,-848.0000,0.1000,2.5390,0.0000,0.0000,3293.6827,0.0000,3,0,0
30.0061,-2.9718,-0.7534,0.1000,2.5535,0.0000,0.0000,-3185.9000,-848.0000,0.1000,2.5390,0.0000,0.0000,3293.7606,0.0000,3,0,0
30.0222,-2.9019,-0.7128,0.1000,2.5569,0.0000,0.0000,-3064.9000,-758.8000,0.1000,2.5390,0.0000,0.0000,3154.4459,0.0000,3,0,0
30.0386,-2.8392,-0.6600,0.1000,2.5604,0.0000,0.0000,-3064.9000,-758.8000,0.1000,2.5520,0.0000,0.0000,3154.5194,0.0000,3,0,0
30.0550,-2.7765,-0.6071,0.1000,2.5639,0.0000,0.0000,-3064.9000,-758.8000,0.1000,2.5520,0.0000,0.0000,3154.5930,0.0000,3,0,0
30.0717,-2.7233,-0.5431,0.1000,2.5674,0.0000,0.0000,-2787.1000,-545.5000,0.1000,2.5520,0.0000,0.0000,2837.2049,0.0000,3,0,0
30.0883,-2.6701,-0.4792,0.1000,2.5710,0.0000,0.0000,-2787.1000,-545.5000,0.1000,2.5631,0.0000,0.0000,2837.2694,0.0000,3,0,0
30.1052,-2.6282,-0.4058,0.1000,2.5746,0.0000,0.0000,-2787.1000,-545.5000,0.1000,2.5631,0.0000,0.0000,2837.3246,0.0000,3,0,0
30.1221,-2.5864,-0.3325,0.1000,2.5782,0.0000,0.0000,-2787.1000,-545.5000,0.1000,2.5631,0.0000,0.0000,2837.3797,0.0000,3,0,0
30.1392,-2.5576,-0.2519,0.1000,2.5818,0.0000,0.0000,-2584.0000,-299.0000,0.1000,2.5631,0.0000,0.0000,2598.6718,0.0000,3,0,0
30.1563,-2.5289,-0.1712,0.1000,2.5854,0.0000,0.0000,-2584.0000,-299.0000,0.1000,2.5765,0.0000,0.0000,2598.7096,0.0000,3,0,0
30.1737,-2.5144,-0.0856,0.1000,2.5891,0.0000,0.0000,-2584.0000,-299.0000,0.1000,2.5765,0.0000,0.0000,2598.7338,0.0000,3,0,0
30.1911,-2.5000,-0.0000,0.1000,2.5928,0.0000,0.0000,-2500.0000,0.0000,0.1000,2.5765,0.0000,0.0000,2497.5000,0.0000,3,0,0
30.2087,-2.5008,0.0880,0.1000,2.5966,0.0000,0.0000,-2500.0000,0.0000,0.1000,2.5881,0.0000,0.0000,2497.4992,0.0000,3,0,0
30.2263,-2.5015,0.1761,0.1000,2.6003,0.0000,0.0000,-2500.0000,0.0000,0.1000,2.5881,0.0000,0.0000,2497.4985,0.0000,3,0,0
30.2441,-2.5179,0.2638,0.1000,2.6041,0.0000,0.0000,-2500.0000,0.0000,0.1000,2.5881,0.0000,0.0000,2497.4822,0.0000,3,0,0
30.2620,-2.5342,0.3515,0.1000,2.6079,0.0000,0.0000,-2534.0000,378.6000,0.1000,2.5881,0.0000,0.0000,2559.5685,0.0000,3,0,0
30.2801,-2.5660,0.4362,0.1000,2.6117,0.0000,0.0000,-2534.0000,378.6000,0.1000,2.6018,0.0000,0.0000,2559.5245,0.0000,3,0,0
30.2982,-2.5979,0.5208,0.1000,2.6156,0.0000,0.0000,-2534.0000,378.6000,0.1000,2.6018,0.0000,0.0000,2559.4805,0.0000,3,0,0
30.3165,-2.6446,0.5997,0.1000,2.6195,0.0000,0.0000,-2644.4000,607.1000,0.1000,2.6018,0.0000,0.0000,2710.4822,0.0000,3,0,0
30.3348,-2.6914,0.6785,0.1000,2.6234,0.0000,0.0000,-2644.4000,607.1000,0.1000,2.6140,0.0000,0.0000,2710.4190,0.0000,3,0,0
30.3534,-2.7520,0.7489,0.1000,2.6273,0.0000,0.0000,-2644.4000,607.1000,0.1000,2.6140,0.0000,0.0000,2710.3442,0.0000,3,0,0
30.3720,-2.8126,0.8192,0.1000,2.6313,0.0000,0.0000,-2644.4000,607.1000,0.1000,2.6140,0.0000,0.0000,2710.2694,0.0000,3,0,0
30.3908,-2.8855,0.8787,0.1000,2.6353,0.0000,0.0000,-2812.4000,819.3000,0.1000,2.6140,0.0000,0.0000,2926.2921,0.0000,3,0,0
30.4096,-2.9583,0.9382,0.1000,2.6393,0.0000,0.0000,-2812.4000,819.3000,0.1000,2.6140,0.0000,0.0000,2926.2055,0.0000,3,0,0
30.4286,-3.0415,0.9846,0.1000,2.6433,0.0000,0.0000,-2812.4000,819.3000,0.1000,2.6311,0.0000,0.0000,2926.1126,0.0000,3,0,0
30.4477,-3.1247,1.0311,0.1000,2.6474,0.0000,0.0000,-2812.4000,819.3000,0.1000,2.6311,0.0000,0.0000,2926.0198,0.0000,3,0,0
30.4670,-3.2159,1.0626,0.1000,2.6515,0.0000,0.0000,-3175.6000,1062.4000,0.1000,2.6311,0.0000,0.0000,3345.2142,0.0000,3,0,0
30.4863,-3.3071,1.0942,0.1000,2.6556,0.0000,0.0000,-3175.6000,1062.4000,0.1000,2.6456,0.0000,0.0000,3345.1177,0.0000,3,0,0
30.5058,-3.4035,1.1096,0.1000,2.6597,0.0000,0.0000,-3175.6000,1062.4000,0.1000,2.6456,0.0000,0.0000,3345.0213,0.0000,3,0,0
30.5254,-3.5000,1.1250,0.1000,2.6639,0.0000,0.0000,-3594.9000,1125.4000,0.1000,2.6456,0.0000,0.0000,3763.2630,0.0000,3,0,0
30.5451,-3.5989,1.1233,0.1000,2.6681,0.0000,0.0000,-3594.9000,1125.4000,0.1000,2.6578,0.0000,0.0000,3763.1691,0.0000,3,0,0
30.5649,-3.6978,1.1216,0.1000,2.6723,0.0000,0.0000,-3594.9000,1125.4000,0.1000,2.6578,0.0000,0.0000,3763.0753,0.0000,3,0,0
30.5849,-3.7960,1.1024,0.1000,2.6765,0.0000,0.0000,-3839.0000,1081.4000,0.1000,2.6578,0.0000,0.0000,3984.4488,0.0000,3,0,0
30.6050,-3.8943,1.0833,0.1000,2.6808,0.0000,0.0000,-3839.0000,1081.4000,0.1000,2.6708,0.0000,0.0000,3984.3594,0.0000,3,0,0
30.6252,-3.9888,1.0468,0.1000,2.6851,0.0000,0.0000,-3839.0000,1081.4000,0.1000,2.6708,0.0000,0.0000,3984.2783,0.0000,3,0,0
30.6455,-4.0833,1.0104,0.1000,2.6894,0.0000,0.0000,-3839.0000,1081.4000,0.1000,2.6708,0.0000,0.0000,3984.1972,0.0000,3,0,0
30.6660,-4.1711,0.9574,0.1000,2.6938,0.0000,0.0000,-4232.2000,1009.0000,0.1000,2.6839,0.0000,0.0000,4346.5364,0.0000,3,0,0
30.6865,-4.2588,0.9044,0.1000,2.6981,0.0000,0.0000,-4232.2000,1009.0000,0.1000,2.6839,0.0000,0.0000,4346.4633,0.0000,3,0,0
30.7072,-4.3369,0.8361,0.1000,2.7025,0.0000,0.0000,-4232.2000,1009.0000,0.1000,2.6839,0.0000,0.0000,4346.4032,0.0000,3,0,0
30.7280,-4.4150,0.7678,0.1000,2.7069,0.0000,0.0000,-4345.3000,833.5000,0.1000,2.6839,0.0000,0.0000,4420.0368,0.0000,3,0,0
30.7490,-4.4807,0.6860,0.1000,2.7114,0.0000,0.0000,-4481.2000,725.7000,0.1000,2.7005,0.0000,0.0000,4535.0481,0.0000,3,0,0
30.7700,-4.5464,0.6042,0.1000,2.7159,0.0000,0.0000,-4481.2000,725.7000,0.1000,2.7069,0.0000,0.0000,4534.9963,0.0000,3,0,0
30.7912,-4.5975,0.5111,0.1000,2.7204,0.0000,0.0000,-4481.2000,725.7000,0.1000,2.7069,0.0000,0.0000,4534.9608,0.0000,3,0,0
30.8124,-4.6485,0.4180,0.1000,2.7249,0.0000,0.0000,-4646.4000,417.7000,0.1000,2.7069,0.0000,0.0000,4660.4701,0.0000,3,0,0
30.8339,-4.6829,0.3163,0.1000,2.7294,0.0000,0.0000,-4646.4000,417.7000,0.1000,2.7192,0.0000,0.0000,4660.4449,0.0000,3,0,0
30.8554,-4.7173,0.2146,0.1000,2.7340,0.0000,0.0000,-4646.4000,417.7000,0.1000,2.7192,0.0000,0.0000,4660.4197,0.0000,3,0,0
30.8771,-4.7337,0.1073,0.1000,2.7386,0.0000,0.0000,-4734.1000,120.6000,0.1000,2.7192,0.0000,0.0000,4730.9010,0.0000,3,0,0
30.8988,-4.7500,0.0000,0.1000,2.7432,0.0000,0.0000,-4734.1000,120.6000,0.1000,2.7326,0.0000,0.0000,4730.8874,0.0000,3,0,0
30.9207,-4.7473,-0.1097,0.1000,2.7479,0.0000,0.0000,-4734.1000,120.6000,0.1000,2.7326,0.0000,0.0000,4730.8929,0.0000,3,0,0
30.9427,-4.7447,-0.2195,0.1000,2.7526,0.0000,0.0000,-4744.9000,-361.9000,0.1000,2.7326,0.0000,0.0000,4753.9337,0.0000,3,0,0
30.9649,-4.7227,-0.3282,0.1000,2.7573,0.0000,0.0000,-4744.9000,-361.9000,0.1000,2.7459,0.0000,0.0000,4753.9473,0.0000,3,0,0
30.9871,-4.7007,-0.4370,0.1000,2.7620,0.0000,0.0000,-4744.9000,-361.9000,0.1000,2.7459,0.0000,0.0000,4753.9609,0.0000,3,0,0
31.0095,-4.6597,-0.5414,0.1000,2.7668,0.0000,0.0000,-4660.0000,-545.6000,0.1000,2.7459,0.0000,0.0000,4687.1401,0.0000,3,0,0
31.0320,-4.6186,-0.6458,0.1000,2.7715,0.0000,0.0000,-4660.0000,-545.6000,0.1000,2.7601,0.0000,0.0000,4687.1687,0.0000,3,0,0
31.0546,-4.5594,-0.7425,0.1000,2.7764,0.0000,0.0000,-4660.0000,-545.6000,0.1000,2.7601,0.0000,0.0000,4687.2164,0.0000,3,0,0
31.0773,-4.5001,-0.8392,0.1000,2.7812,0.0000,0.0000,-4496.2000,-839.5000,0.1000,2.7601,0.0000,0.0000,4569.3238,0.0000,3,0,0
31.1002,-4.4241,-0.9250,0.1000,2.7861,0.0000,0.0000,-4496.2000,-839.5000,0.1000,2.7752,0.0000,0.0000,4569.3827,0.0000,3,0,0
31.1232,-4.3481,-1.0108,0.1000,2.7909,0.0000,0.0000,-4496.2000,-839.5000,0.1000,2.7752,0.0000,0.0000,4569.4417,0.0000,3,0,0
31.1463,-4.2574,-1.0827,0.1000,2.7959,0.0000,0.0000,-4255.1000,-1083.0000,0.1000,2.7752,0.0000,0.0000,4386.3661,0.0000,3,0,0
31.1695,-4.1667,-1.1547,0.1000,2.8008,0.0000,0.0000,-4255.1000,-1083.0000,0.1000,2.7894,0.0000,0.0000,4386.4363,0.0000,3,0,0
31.1929,-4.0637,-1.2103,0.1000,2.8058,0.0000,0.0000,-4255.1000,-1083.0000,0.1000,2.7894,0.0000,0.0000,4386.5223,0.0000,3,0,0
31.2163,-3.9608,-1.2660,0.1000,2.8107,0.0000,0.0000,-4255.1000,-1083.0000,0.1000,2.7894,0.0000,0.0000,4386.6084,0.0000,3,0,0
31.2399,-3.8486,-1.3032,0.1000,2.8158,0.0000,0.0000,-3726.2000,-1315.3000,0.1000,2.7894,0.0000,0.0000,3947.4660,0.0000,3,0,0
31.2636,-3.7364,-1.3404,0.1000,2.8208,0.0000,0.0000,-3726.2000,-1315.3000,0.1000,2.8071,0.0000,0.0000,3947.5594,0.0000,3,0,0
31.2875,-3.6182,-1.3577,0.1000,2.8259,0.0000,0.0000,-3726.2000,-1315.3000,0.1000,2.8071,0.0000,0.0000,3947.6651,0.0000,3,0,0
31.3114,-3.5000,-1.3750,0.1000,2.8309,0.0000,0.0000,-3726.2000,-1315.3000,0.1000,2.8071,0.0000,0.0000,3947.7708,0.0000,3,0,0
31.3355,-3.3794,-1.3714,0.1000,2.8361,0.0000,0.0000,-3726.2000,-1315.3000,0.1000,2.8071,0.0000,0.0000,3947.8857,0.0000,3,0,0
31.3596,-3.2588,-1.3678,0.1000,2.8412,0.0000,0.0000,-3376.6000,-1371.0000,0.1000,2.8294,0.0000,0.0000,3640.7861,0.0000,3,0,0
31.3840,-3.1395,-1.3430,0.1000,2.8464,0.0000,0.0000,-3376.6000,-1371.0000,0.1000,2.8294,0.0000,0.0000,3640.9059,0.0000,3,0,0
31.4084,-3.0202,-1.3182,0.1000,2.8515,0.0000,0.0000,-3376.6000,-1371.0000,0.1000,2.8294,0.0000,0.0000,3641.0258,0.0000,3,0,0
31.4330,-2.9059,-1.2725,0.1000,2.8568,0.0000,0.0000,-3376.6000,-1371.0000,0.1000,2.8294,0.0000,0.0000,3641.1488,0.0000,3,0,0
31.4576,-2.7917,-1.2269,0.1000,2.8620,0.0000,0.0000,-2804.5000,-1232.9000,0.1000,2.8488,0.0000,0.0000,3060.4882,0.0000,3,0,0
31.4824,-2.6861,-1.1614,0.1000,2.8673,0.0000,0.0000,-2804.5000,-1232.9000,0.1000,2.8488,0.0000,0.0000,3060.6113,0.0000,3,0,0
31.5073,-2.5805,-1.0959,0.1000,2.8726,0.0000,0.0000,-2804.5000,-1232.9000,0.1000,2.8488,0.0000,0.0000,3060.7343,0.0000,3,0,0
31.5324,-2.4870,-1.0122,0.1000,2.8779,0.0000,0.0000,-2480.0000,-1062.9000,0.1000,2.8488,0.0000,0.0000,2695.4919,0.0000,3,0,0
31.5575,-2.3935,-0.9285,0.1000,2.8832,0.0000,0.0000,-2480.0000,-1062.9000,0.1000,2.8702,0.0000,0.0000,2695.6108,0.0000,3,0,0
31.5828,-2.3153,-0.8288,0.1000,2.8886,0.0000,0.0000,-2480.0000,-1062.9000,0.1000,2.8702,0.0000,0.0000,2695.7219,0.0000,3,0,0
31.6081,-2.2370,-0.7292,0.1000,2.8940,0.0000,0.0000,-2180.4000,-610.3000,0.1000,2.8702,0.0000,0.0000,2261.8511,0.0000,3,0,0
31.6337,-2.1768,-0.6163,0.1000,2.8995,0.0000,0.0000,-2180.4000,-610.3000,0.1000,2.8865,0.0000,0.0000,2261.9395,0.0000,3,0,0
31.6593,-2.1166,-0.5035,0.1000,2.9049,0.0000,0.0000,-2180.4000,-610.3000,0.1000,2.8865,0.0000,0.0000,2262.0280,0.0000,3,0,0
31.6851,-2.0765,-0.3808,0.1000,2.9104,0.0000,0.0000,-2076.3000,-166.0000,0.1000,2.8865,0.0000,0.0000,2080.8250,0.0000,3,0,0
31.7109,-2.0365,-0.2581,0.1000,2.9159,0.0000,0.0000,-2076.3000,-166.0000,0.1000,2.9032,0.0000,0.0000,2080.8747,0.0000,3,0,0
31.7370,-2.0182,-0.1290,0.1000,2.9214,0.0000,0.0000,-2076.3000,-166.0000,0.1000,2.9032,0.0000,0.0000,2080.9032,0.0000,3,0,0
31.7631,-2.0000,-0.0000,0.1000,2.9269,0.0000,0.0000,-2000.0000,7.4000,0.1000,2.9032,0.0000,0.0000,1998.0137,0.0000,3,0,0
31.8138,-1.9792,-0.2526,0.1000,2.9377,0.0000,0.0000,-2000.0000,7.4000,0.1000,2.9192,0.0000,0.0000,1998.0355,0.0000,3,0,0
31.8645,-1.9583,-0.5052,0.1000,2.9485,0.0000,0.0000,-2000.0000,7.4000,0.1000,2.9192,0.0000,0.0000,1998.0573,0.0000,3,0,0
31.9151,-1.9375,-0.7578,0.1000,2.9593,0.0000,0.0000,-2000.0000,7.4000,0.1000,2.9192,0.0000,0.0000,1998.0792,0.0000,3,0,0
31.9658,-1.9167,-1.0104,0.1000,2.9700,0.0000,0.0000,-1937.1000,-819.4000,0.1000,2.9192,0.0000,0.0000,2101.1178,0.0000,3,0,0
32.0165,-1.8958,-1.2630,0.1000,2.9808,0.0000,0.0000,-1937.1000,-819.4000,0.1000,2.9609,0.0000,0.0000,2101.0386,0.0000,3,0,0
32.0672,-1.8750,-1.5155,0.1000,2.9916,0.0000,0.0000,-1937.1000,-819.4000,0.1000,2.9609,0.0000,0.0000,2100.9595,0.0000,3,0,0
32.1179,-1.8542,-1.7681,0.1000,3.0024,0.0000,0.0000,-1937.1000,-819.4000,0.1000,2.9609,0.0000,0.0000,2100.8804,0.0000,3,0,0
32.1686,-1.8333,-2.0207,0.1000,3.0131,0.0000,0.0000,-1854.3000,-1931.4000,0.1000,2.9609,0.0000,0.0000,2674.7219,0.0000,3,0,0
32.2193,-1.8125,-2.2733,0.1000,3.0239,0.0000,0.0000,-1854.3000,-1931.4000,0.1000,2.9983,0.0000,0.0000,2674.5541,0.0000,3,0,0
32.2700,-1.7917,-2.5259,0.1000,3.0347,0.0000,0.0000,-1854.3000,-1931.4000,0.1000,2.9983,0.0000,0.0000,2674.3864,0.0000,3,0,0
32.3207,-1.7708,-2.7785,0.1000,3.0455,0.0000,0.0000,-1772.5000,-2778.8000,0.1000,2.9983,0.0000,0.0000,3292.6854,0.0000,3,0,0
32.3713,-1.7500,-3.0311,0.1000,3.0562,0.0000,0.0000,-1772.5000,-2778.8000,0.1000,3.0302,0.0000,0.0000,3292.4837,0.0000,3,0,0
32.3727,-1.7432,-3.0299,0.1000,3.0565,0.0000,0.0000,-1772.5000,-2778.8000,0.1000,3.0302,0.0000,0.0000,3292.4883,0.0000,3,0,0
32.3741,-1.7363,-3.0287,0.1000,3.0568,0.0000,0.0000,-1772.5000,-2778.8000,0.1000,3.0302,0.0000,0.0000,3292.4930,0.0000,3,0,0
32.3756,-1.7301,-3.0251,0.1000,3.0571,0.0000,0.0000,-1736.0000,-3017.5000,0.1000,3.0556,0.0000,0.0000,3477.7508,0.0000,3,0,0
32.3770,-1.7239,-3.0216,0.1000,3.0574,0.0000,0.0000,-1736.0000,-3017.5000,0.1000,3.0556,0.0000,0.0000,3477.7570,0.0000,3,0,0
32.3785,-1.7189,-3.0159,0.1000,3.0578,0.0000,0.0000,-1796.9000,-3109.4000,0.1000,3.0556,0.0000,0.0000,3587.7984,0.0000,3,0,0
32.3800,-1.7139,-3.0103,0.1000,3.0581,0.0000,0.0000,-1796.9000,-3109.4000,0.1000,3.0574,0.0000,0.0000,3587.8058,0.0000,3,0,0
32.3816,-1.7107,-3.0028,0.1000,3.0584,0.0000,0.0000,-1796.9000,-3109.4000,0.1000,3.0574,0.0000,0.0000,3587.8138,0.0000,3,0,0
32.3833,-1.7074,-2.9954,0.1000,3.0588,0.0000,0.0000,-1706.7000,-2994.3000,0.1000,3.0574,0.0000,0.0000,3443.0950,0.0000,3,0,0
32.3850,-1.7064,-2.9866,0.1000,3.0591,0.0000,0.0000,-1706.7000,-2994.3000,0.1000,3.0583,0.0000,0.0000,3443.1031,0.0000,3,0,0
32.3868,-1.7054,-2.9779,0.1000,3.0595,0.0000,0.0000,-1706.7000,-2994.3000,0.1000,3.0583,0.0000,0.0000,3443.1112,0.0000,3,0,0
32.3887,-1.7068,-2.9684,0.1000,3.0599,0.0000,0.0000,-1706.2000,-2923.9000,0.1000,3.0583,0.0000,0.0000,3381.8838,0.0000,3,0,0
32.3906,-1.7083,-2.9589,0.1000,3.0603,0.0000,0.0000,-1706.2000,-2923.9000,0.1000,3.0594,0.0000,0.0000,3381.8913,0.0000,3,0,0
32.3927,-1.7125,-2.9493,0.1000,3.0608,0.0000,0.0000,-1706.2000,-2923.9000,0.1000,3.0594,0.0000,0.0000,3381.8974,0.0000,3,0,0
32.3948,-1.7167,-2.9397,0.1000,3.0612,0.0000,0.0000,-1706.2000,-2923.9000,0.1000,3.0594,0.0000,0.0000,3381.9036,0.0000,3,0,0
32.3971,-1.7237,-2.9307,0.1000,3.0617,0.0000,0.0000,-1714.9000,-3031.4000,0.1000,3.0594,0.0000,0.0000,3479.4539,0.0000,3,0,0
32.3994,-1.7307,-2.9217,0.1000,3.0622,0.0000,0.0000,-1714.9000,-3031.4000,0.1000,3.0610,0.0000,0.0000,3479.4583,0.0000,3,0,0
32.4018,-1.7404,-2.9139,0.1000,3.0627,0.0000,0.0000,-1714.9000,-3031.4000,0.1000,3.0610,0.0000,0.0000,3479.4603,0.0000,3,0,0
32.4043,-1.7500,-2.9061,0.1000,3.0632,0.0000,0.0000,-1749.4000,-2909.3000,0.1000,3.0610,0.0000,0.0000,3391.3723,0.0000,3,0,0
32.4070,-1.7621,-2.9002,0.1000,3.0638,0.0000,0.0000,-1749.4000,-2909.3000,0.1000,3.0625,0.0000,0.0000,3391.3711,0.0000,3,0,0
32.4097,-1.7741,-2.8943,0.1000,3.0644,0.0000,0.0000,-1749.4000,-2909.3000,0.1000,3.0625,0.0000,0.0000,3391.3700,0.0000,3,0,0
32.4126,-1.7882,-2.8909,0.1000,3.0650,0.0000,0.0000,-1749.4000,-2909.3000,0.1000,3.0625,0.0000,0.0000,3391.3656,0.0000,3,0,0
32.4155,-1.8023,-2.8875,0.1000,3.0656,0.0000,0.0000,-1805.9000,-2888.5000,0.1000,3.0625,0.0000,0.0000,3403.1644,0.0000,3,0,0
32.4186,-1.8178,-2.8871,0.1000,3.0663,0.0000,0.0000,-1805.9000,-2888.5000,0.1000,3.0643,0.0000,0.0000,3403.1565,0.0000,3,0,0
32.4217,-1.8333,-2.8868,0.1000,3.0669,0.0000,0.0000,-1805.9000,-2888.5000,0.1000,3.0643,0.0000,0.0000,3403.1486,0.0000,3,0,0
32.4250,-1.8497,-2.8898,0.1000,3.0676,0.0000,0.0000,-1753.3000,-2890.7000,0.1000,3.0643,0.0000,0.0000,3377.4289,0.0000,3,0,0
32.4284,-1.8661,-2.8928,0.1000,3.0684,0.0000,0.0000,-1753.3000,-2890.7000,0.1000,3.0668,0.0000,0.0000,3377.4179,0.0000,3,0,0
32.4319,-1.8825,-2.8994,0.1000,3.0691,0.0000,0.0000,-1753.3000,-2890.7000,0.1000,3.0668,0.0000,0.0000,3377.4036,0.0000,3,0,0
32.4355,-1.8990,-2.9061,0.1000,3.0699,0.0000,0.0000,-1864.0000,-2921.9000,0.1000,3.0668,0.0000,0.0000,3462.3613,0.0000,3,0,0
32.4392,-1.9147,-2.9165,0.1000,3.0707,0.0000,0.0000,-1864.0000,-2921.9000,0.1000,3.0688,0.0000,0.0000,3462.3440,0.0000,3,0,0
32.4430,-1.9304,-2.9269,0.1000,3.0715,0.0000,0.0000,-1864.0000,-2921.9000,0.1000,3.0688,0.0000,0.0000,3462.3268,0.0000,3,0,0
32.4470,-1.9446,-2.9410,0.1000,3.0723,0.0000,0.0000,-1950.9000,-2941.3000,0.1000,3.0688,0.0000,0.0000,3525.9581,0.0000,3,0,0
32.4510,-1.9588,-2.9551,0.1000,3.0732,0.0000,0.0000,-1950.9000,-2941.3000,0.1000,3.0711,0.0000,0.0000,3525.9385,0.0000,3,0,0
32.4552,-1.9707,-2.9726,0.1000,3.0741,0.0000,0.0000,-1950.9000,-2941.3000,0.1000,3.0711,0.0000,0.0000,3525.9174,0.0000,3,0,0
32.4595,-1.9825,-2.9901,0.1000,3.0750,0.0000,0.0000,-1985.2000,-2995.6000,0.1000,3.0711,0.0000,0.0000,3590.1066,0.0000,3,0,0
32.4639,-1.9913,-3.0106,0.1000,3.0759,0.0000,0.0000,-1985.2000,-2995.6000,0.1000,3.0739,0.0000,0.0000,3590.0847,0.0000,3,0,0
32.4684,-2.0000,-3.0311,0.1000,3.0769,0.0000,0.0000,-1985.2000,-2995.6000,0.1000,3.0739,0.0000,0.0000,3590.0628,0.0000,3,0,0
32.4731,-2.0049,-3.0540,0.1000,3.0779,0.0000,0.0000,-1985.2000,-2995.6000,0.1000,3.0739,0.0000,0.0000,3590.0410,0.0000,3,0,0
32.4777,-2.0099,-3.0769,0.1000,3.0789,0.0000,0.0000,-2008.5000,-3016.1000,0.1000,3.0739,0.0000,0.0000,3619.9877,0.0000,3,0,0
32.4827,-2.0105,-3.1015,0.1000,3.0799,0.0000,0.0000,-2008.5000,-3016.1000,0.1000,3.0774,0.0000,0.0000,3619.9669,0.0000,3,0,0
32.4876,-2.0110,-3.1261,0.1000,3.0809,0.0000,0.0000,-2008.5000,-3016.1000,0.1000,3.0774,0.0000,0.0000,3619.9461,0.0000,3,0,0
32.4927,-2.0068,-3.1515,0.1000,3.0820,0.0000,0.0000,-2007.0000,-3139.7000,0.1000,3.0774,0.0000,0.0000,3722.6246,0.0000,3,0,0
32.4979,-2.0026,-3.1769,0.1000,3.0831,0.0000,0.0000,-2007.0000,-3139.7000,0.1000,3.0805,0.0000,0.0000,3722.6055,0.0000,3,0,0
32.5033,-1.9933,-3.2022,0.1000,3.0843,0.0000,0.0000,-2007.0000,-3139.7000,0.1000,3.0805,0.0000,0.0000,3722.5892,0.0000,3,0,0
32.5087,-1.9841,-3.2275,0.1000,3.0854,0.0000,0.0000,-2007.0000,-3139.7000,0.1000,3.0805,0.0000,0.0000,3722.5729,0.0000,3,0,0
32.5143,-1.9697,-3.2516,0.1000,3.0866,0.0000,0.0000,-1984.0000,-3227.0000,0.1000,3.0805,0.0000,0.0000,3784.3094,0.0000,3,0,0
32.5199,-1.9553,-3.2758,0.1000,3.0878,0.0000,0.0000,-1984.0000,-3227.0000,0.1000,3.0854,0.0000,0.0000,3784.2963,0.0000,3,0,0
32.5258,-1.9360,-3.2978,0.1000,3.0891,0.0000,0.0000,-1984.0000,-3227.0000,0.1000,3.0854,0.0000,0.0000,3784.2877,0.0000,3,0,0
32.5316,-1.9167,-3.3198,0.1000,3.0903,0.0000,0.0000,-1913.4000,-3319.8000,0.1000,3.0854,0.0000,0.0000,3827.8989,0.0000,3,0,0
32.5377,-1.8927,-3.3386,0.1000,3.0916,0.0000,0.0000,-1913.4000,-3319.8000,0.1000,3.0886,0.0000,0.0000,3827.8945,0.0000,3,0,0
32.5438,-1.8688,-3.3574,0.1000,3.0929,0.0000,0.0000,-1913.4000,-3319.8000,0.1000,3.0886,0.0000,0.0000,3827.8902,0.0000,3,0,0
32.5501,-1.8407,-3.3720,0.1000,3.0942,0.0000,0.0000,-1913.4000,-3319.8000,0.1000,3.0886,0.0000,0.0000,3827.8915,0.0000,3,0,0
32.5564,-1.8127,-3.3867,0.1000,3.0956,0.0000,0.0000,-1834.4000,-3372.0000,0.1000,3.0886,0.0000,0.0000,3834.8314,0.0000,3,0,0
32.5630,-1.7814,-3.3964,0.1000,3.0970,0.0000,0.0000,-1834.4000,-3372.0000,0.1000,3.0936,0.0000,0.0000,3834.8378,0.0000,3,0,0
32.5696,-1.7500,-3.4061,0.1000,3.0984,0.0000,0.0000,-1834.4000,-3372.0000,0.1000,3.0936,0.0000,0.0000,3834.8443,0.0000,3,0,0
32.5764,-1.7162,-3.4101,0.1000,3.0998,0.0000,0.0000,-1792.0000,-3409.9000,0.1000,3.0936,0.0000,0.0000,3848.2840,0.0000,3,0,0
32.5832,-1.6825,-3.4141,0.1000,3.1013,0.0000,0.0000,-1792.0000,-3409.9000,0.1000,3.0978,0.0000,0.0000,3848.2961,0.0000,3,0,0
32.5902,-1.6474,-3.4118,0.1000,3.1028,0.0000,0.0000,-1792.0000,-3409.9000,0.1000,3.0978,0.0000,0.0000,3848.3145,0.0000,3,0,0
32.5972,-1.6122,-3.4096,0.1000,3.1043,0.0000,0.0000,-1616.7000,-3410.0000,0.1000,3.0978,0.0000,0.0000,3770.0619,0.0000,3,0,0
32.6045,-1.5770,-3.4008,0.1000,3.1058,0.0000,0.0000,-1616.7000,-3410.0000,0.1000,3.1024,0.0000,0.0000,3770.0850,0.0000,3,0,0
32.6118,-1.5417,-3.3919,0.1000,3.1073,0.0000,0.0000,-1616.7000,-3410.0000,0.1000,3.1024,0.0000,0.0000,3770.1081,0.0000,3,0,0
32.6193,-1.5075,-3.3764,0.1000,3.1089,0.0000,0.0000,-1616.7000,-3410.0000,0.1000,3.1024,0.0000,0.0000,3770.1368,0.0000,3,0,0
32.6268,-1.4732,-3.3609,0.1000,3.1105,0.0000,0.0000,-1616.7000,-3410.0000,0.1000,3.1024,0.0000,0.0000,3770.1654,0.0000,3,0,0
32.6346,-1.4414,-3.3388,0.1000,3.1122,0.0000,0.0000,-1616.7000,-3410.0000,0.1000,3.1024,0.0000,0.0000,3770.1990,0.0000,3,0,0
32.6423,-1.4095,-3.3168,0.1000,3.1138,0.0000,0.0000,-1440.4000,-3339.1000,0.1000,3.1099,0.0000,0.0000,3632.9249,0.0000,3,0,0
32.6503,-1.3813,-3.2885,0.1000,3.1155,0.0000,0.0000,-1440.4000,-3339.1000,0.1000,3.1099,0.0000,0.0000,3632.9620,0.0000,3,0,0
32.6583,-1.3531,-3.2603,0.1000,3.1172,0.0000,0.0000,-1318.7000,-3247.4000,0.1000,3.1099,0.0000,0.0000,3501.4062,0.0000,3,0,0
32.6665,-1.3297,-3.2264,0.1000,3.1190,0.0000,0.0000,-1318.7000,-3247.4000,0.1000,3.1149,0.0000,0.0000,3501.4464,0.0000,3,0,0
32.6748,-1.3063,-3.1926,0.1000,3.1207,0.0000,0.0000,-1318.7000,-3247.4000,0.1000,3.1149,0.0000,0.0000,3501.4865,0.0000,3,0,0
32.6832,-1.2888,-3.1540,0.1000,3.1225,0.0000,0.0000,-1288.7000,-3134.5000,0.1000,3.1149,0.0000,0.0000,3385.6691,0.0000,3,0,0
32.6917,-1.2713,-3.1155,0.1000,3.1243,0.0000,0.0000,-1288.7000,-3134.5000,0.1000,3.1200,0.0000,0.0000,3385.7114,0.0000,3,0,0
32.7004,-1.2606,-3.0733,0.1000,3.1262,0.0000,0.0000,-1288.7000,-3134.5000,0.1000,3.1200,0.0000,0.0000,3385.7545,0.0000,3,0,0
32.7091,-1.2500,-3.0311,0.1000,3.1280,0.0000,0.0000,-1288.7000,-3134.5000,0.1000,3.1200,0.0000,0.0000,3385.7975,0.0000,3,0,0
32.7180,-1.2470,-2.9865,0.1000,3.1299,0.0000,0.0000,-1249.9000,-3037.0000,0.1000,3.1200,0.0000,0.0000,3280.9103,0.0000,3,0,0
32.7270,-1.2439,-2.9419,0.1000,3.1318,0.0000,0.0000,-1249.9000,-3037.0000,0.1000,3.1273,0.0000,0.0000,3280.9527,0.0000,3,0,0
32.7362,-1.2490,-2.8962,0.1000,3.1338,0.0000,0.0000,-1249.9000,-3037.0000,0.1000,3.1273,0.0000,0.0000,3280.9930,0.0000,3,0,0
32.7454,-1.2541,-2.8506,0.1000,3.1357,0.0000,0.0000,-1254.0000,-2855.0000,0.1000,3.1273,0.0000,0.0000,3115.1451,0.0000,3,0,0
32.7548,-1.2675,-2.8054,0.1000,3.1377,0.0000,0.0000,-1254.0000,-2855.0000,0.1000,3.1330,0.0000,0.0000,3115.1810,0.0000,3,0,0
32.7642,-1.2809,-2.7603,0.1000,3.1397,0.0000,0.0000,-1254.0000,-2855.0000,0.1000,3.1330,0.0000,0.0000,3115.2170,0.0000,3,0,0
32.7739,-1.3027,-2.7171,0.1000,3.1418,0.0000,0.0000,-1254.0000,-2855.0000,0.1000,3.1330,0.0000,0.0000,3115.2477,0.0000,3,0,0
32.7835,-1.3244,-2.6740,0.1000,3.1438,0.0000,0.0000,-1323.3000,-2688.0000,0.1000,3.1330,0.0000,0.0000,2993.0913,0.0000,3,0,0
32.7934,-1.3542,-2.6344,0.1000,3.1459,0.0000,0.0000,-1323.3000,-2688.0000,0.1000,3.1410,0.0000,0.0000,2993.1136,0.0000,3,0,0
32.8033,-1.3840,-2.5949,0.1000,3.1481,0.0000,0.0000,-1323.3000,-2688.0000,0.1000,3.1410,0.0000,0.0000,2993.1359,0.0000,3,0,0
32.8135,-1.4212,-2.5604,0.1000,3.1502,0.0000,0.0000,-1421.0000,-2555.0000,0.1000,3.1410,0.0000,0.0000,2920.6424,0.0000,3,0,0
32.8236,-1.4583,-2.5259,0.1000,3.1524,0.0000,0.0000,-1421.0000,-2555.0000,0.1000,3.1472,0.0000,0.0000,2920.6545,0.0000,3,0,0
32.8340,-1.5020,-2.4979,0.1000,3.1546,0.0000,0.0000,-1421.0000,-2555.0000,0.1000,3.1472,0.0000,0.0000,2920.6577,0.0000,3,0,0
32.8444,-1.5457,-2.4699,0.1000,3.1568,0.0000,0.0000,-1421.0000,-2555.0000,0.1000,3.1472,0.0000,0.0000,2920.6610,0.0000,3,0,0
32.8550,-1.5948,-2.4496,0.1000,3.1590,0.0000,0.0000,-1594.8000,-2458.3000,0.1000,3.1472,0.0000,0.0000,2927.3715,0.0000,3,0,0
32.8656,-1.6439,-2.4293,0.1000,3.1613,0.0000,0.0000,-1594.8000,-2458.3000,0.1000,3.1472,0.0000,0.0000,2927.3619,0.0000,3,0,0
32.8765,-1.6969,-2.4177,0.1000,3.1636,0.0000,0.0000,-1594.8000,-2458.3000,0.1000,3.1472,0.0000,0.0000,2927.3427,0.0000,3,0,0
32.8873,-1.7500,-2.4061,0.1000,3.1659,0.0000,0.0000,-1594.8000,-2458.3000,0.1000,3.1472,0.0000,0.0000,2927.3236,0.0000,3,0,0
32.8984,-1.8055,-2.4040,0.1000,3.1683,0.0000,0.0000,-1594.8000,-2458.3000,0.1000,3.1472,0.0000,0.0000,2927.2951,0.0000,3,0,0
32.9095,-1.8609,-2.4019,0.1000,3.1706,0.0000,0.0000,-1750.0000,-2406.0000,0.1000,3.1570,0.0000,0.0000,2972.0824,0.0000,3,0,0
32.9209,-1.9171,-2.4098,0.1000,3.1730,0.0000,0.0000,-1750.0000,-2406.0000,0.1000,3.1570,0.0000,0.0000,2972.0430,0.0000,3,0,0
32.9322,-1.9733,-2.4177,0.1000,3.1755,0.0000,0.0000,-1750.0000,-2406.0000,0.1000,3.1570,0.0000,0.0000,2972.0036,0.0000,3,0,0
32.9438,-2.0283,-2.4357,0.1000,3.1779,0.0000,0.0000,-1973.9000,-2418.0000,0.1000,3.1570,0.0000,0.0000,3118.2092,0.0000,3,0,0
32.9554,-2.0833,-2.4537,0.1000,3.1804,0.0000,0.0000,-1973.9000,-2418.0000,0.1000,3.1744,0.0000,0.0000,3118.1605,0.0000,3,0,0
32.9672,-2.1354,-2.4817,0.1000,3.1829,0.0000,0.0000,-1973.9000,-2418.0000,0.1000,3.1744,0.0000,0.0000,3118.1059,0.0000,3,0,0
32.9790,-2.1875,-2.5098,0.1000,3.1854,0.0000,0.0000,-2207.1000,-2520.7000,0.1000,3.1744,0.0000,0.0000,3347.0766,0.0000,3,0,0
32.9911,-2.2347,-2.5472,0.1000,3.1880,0.0000,0.0000,-2207.1000,-2520.7000,0.1000,3.1819,0.0000,0.0000,3347.0172,0.0000,3,0,0
33.0032,-2.2820,-2.5847,0.1000,3.1905,0.0000,0.0000,-2207.1000,-2520.7000,0.1000,3.1819,0.0000,0.0000,3346.9579,0.0000,3,0,0
33.0155,-2.3227,-2.6308,0.1000,3.1931,0.0000,0.0000,-2207.1000,-2520.7000,0.1000,3.1819,0.0000,0.0000,3346.8964,0.0000,3,0,0
33.0278,-2.3634,-2.6769,0.1000,3.1958,0.0000,0.0000,-2207.1000,-2520.7000,0.1000,3.1819,0.0000,0.0000,3346.8349,0.0000,3,0,0
33.0403,-2.3961,-2.7305,0.1000,3.1984,0.0000,0.0000,-2347.5000,-2688.1000,0.1000,3.1819,0.0000,0.0000,3565.2099,0.0000,3,0,0
33.0529,-2.4287,-2.7841,0.1000,3.2011,0.0000,0.0000,-2347.5000,-2688.1000,0.1000,3.1946,0.0000,0.0000,3565.1481,0.0000,3,0,0
33.0657,-2.4518,-2.8437,0.1000,3.2038,0.0000,0.0000,-2347.5000,-2688.1000,0.1000,3.1946,0.0000,0.0000,3565.0880,0.0000,3,0,0
33.0784,-2.4749,-2.9033,0.1000,3.2065,0.0000,0.0000,-2478.9000,-2903.7000,0.1000,3.1946,0.0000,0.0000,3814.0927,0.0000,3,0,0
33.0915,-2.4875,-2.9672,0.1000,3.2093,0.0000,0.0000,-2478.9000,-2903.7000,0.1000,3.2031,0.0000,0.0000,3814.0359,0.0000,3,0,0
33.1045,-2.5000,-3.0311,0.1000,3.2121,0.0000,0.0000,-2478.9000,-2903.7000,0.1000,3.2031,0.0000,0.0000,3813.9792,0.0000,3,0,0
33.1178,-2.5011,-3.0974,0.1000,3.2149,0.0000,0.0000,-2501.0000,-3111.4000,0.1000,3.2031,0.0000,0.0000,3987.9872,0.0000,3,0,0
33.1310,-2.5023,-3.1637,0.1000,3.2177,0.0000,0.0000,-2501.0000,-3111.4000,0.1000,3.2121,0.0000,0.0000,3987.9347,0.0000,3,0,0
33.1445,-2.4916,-3.2304,0.1000,3.2206,0.0000,0.0000,-2501.0000,-3111.4000,0.1000,3.2121,0.0000,0.0000,3987.8895,0.0000,3,0,0
33.1580,-2.4809,-3.2971,0.1000,3.2234,0.0000,0.0000,-2501.0000,-3111.4000,0.1000,3.2121,0.0000,0.0000,3987.8442,0.0000,3,0,0
33.1718,-2.4582,-3.3620,0.1000,3.2264,0.0000,0.0000,-2457.8000,-3367.0000,0.1000,3.2121,0.0000,0.0000,4164.4644,0.0000,3,0,0
33.1855,-2.4356,-3.4269,0.1000,3.2293,0.0000,0.0000,-2457.8000,-3367.0000,0.1000,3.2219,0.0000,0.0000,4164.4253,0.0000,3,0,0
33.1995,-2.4013,-3.4879,0.1000,3.2323,0.0000,0.0000,-2457.8000,-3367.0000,0.1000,3.2219,0.0000,0.0000,4164.3963,0.0000,3,0,0
33.2135,-2.3671,-3.5489,0.1000,3.2352,0.0000,0.0000,-2364.8000,-3706.2000,0.1000,3.2219,0.0000,0.0000,4392.1196,0.0000,3,0,0
33.2277,-2.3219,-3.6039,0.1000,3.2383,0.0000,0.0000,-2364.8000,-3706.2000,0.1000,3.2314,0.0000,0.0000,4392.0976,0.0000,3,0,0
33.2420,-2.2767,-3.6588,0.1000,3.2413,0.0000,0.0000,-2364.8000,-3706.2000,0.1000,3.2314,0.0000,0.0000,4392.0755,0.0000,3,0,0
33.2564,-2.2217,-3.7058,0.1000,3.2444,0.0000,0.0000,-2364.8000,-3706.2000,0.1000,3.2314,0.0000,0.0000,4392.0655,0.0000,3,0,0
33.2709,-2.1667,-3.7528,0.1000,3.2474,0.0000,0.0000,-2218.3000,-3709.2000,0.1000,3.2314,0.0000,0.0000,4317.5903,0.0000,3,0,0
33.2856,-2.1032,-3.7900,0.1000,3.2506,0.0000,0.0000,-2218.3000,-3709.2000,0.1000,3.2433,0.0000,0.0000,4317.5909,0.0000,3,0,0
33.3003,-2.0398,-3.8272,0.1000,3.2537,0.0000,0.0000,-2218.3000,-3709.2000,0.1000,3.2433,0.0000,0.0000,4317.5916,0.0000,3,0,0
33.3153,-1.9696,-3.8532,0.1000,3.2569,0.0000,0.0000,-1992.2000,-3853.1000,0.1000,3.2433,0.0000,0.0000,4333.3264,0.0000,3,0,0
33.3303,-1.8995,-3.8791,0.1000,3.2601,0.0000,0.0000,-1992.2000,-3853.1000,0.1000,3.2524,0.0000,0.0000,4333.3356,0.0000,3,0,0
33.3454,-1.8248,-3.8926,0.1000,3.2633,0.0000,0.0000,-1992.2000,-3853.1000,0.1000,3.2524,0.0000,0.0000,4333.3580,0.0000,3,0,0
33.3606,-1.7500,-3.9061,0.1000,3.2665,0.0000,0.0000,-1769.7000,-3906.1000,0.1000,3.2524,0.0000,0.0000,4284.0127,0.0000,3,0,0
33.3761,-1.6728,-3.9063,0.1000,3.2698,0.0000,0.0000,-1769.7000,-3906.1000,0.1000,3.2621,0.0000,0.0000,4284.0443,0.0000,3,0,0
33.3915,-1.5956,-3.9065,0.1000,3.2731,0.0000,0.0000,-1769.7000,-3906.1000,0.1000,3.2621,0.0000,0.0000,4284.0760,0.0000,3,0,0
33.4072,-1.5184,-3.8929,0.1000,3.2764,0.0000,0.0000,-1454.9000,-3892.8000,0.1000,3.2621,0.0000,0.0000,4151.6161,0.0000,3,0,0
33.4229,-1.4412,-3.8794,0.1000,3.2797,0.0000,0.0000,-1454.9000,-3892.8000,0.1000,3.2725,0.0000,0.0000,4151.6558,0.0000,3,0,0
33.4388,-1.3664,-3.8522,0.1000,3.2831,0.0000,0.0000,-1454.9000,-3892.8000,0.1000,3.2725,0.0000,0.0000,4151.7075,0.0000,3,0,0
33.4547,-1.2917,-3.8249,0.1000,3.2865,0.0000,0.0000,-1295.4000,-3824.9000,0.1000,3.2725,0.0000,0.0000,4034.2696,0.0000,3,0,0
33.4709,-1.2218,-3.7844,0.1000,3.2899,0.0000,0.0000,-1295.4000,-3824.9000,0.1000,3.2818,0.0000,0.0000,4034.3304,0.0000,3,0,0
33.4870,-1.1519,-3.7439,0.1000,3.2934,0.0000,0.0000,-1295.4000,-3824.9000,0.1000,3.2818,0.0000,0.0000,4034.3911,0.0000,3,0,0
33.5034,-1.0892,-3.6911,0.1000,3.2969,0.0000,0.0000,-1173.7000,-3785.4000,0.1000,3.2818,0.0000,0.0000,3959.3356,0.0000,3,0,0
33.5198,-1.0265,-3.6382,0.1000,3.3003,0.0000,0.0000,-1173.7000,-3785.4000,0.1000,3.2920,0.0000,0.0000,3959.4047,0.0000,3,0,0
33.5365,-0.9733,-3.5742,0.1000,3.3039,0.0000,0.0000,-1173.7000,-3785.4000,0.1000,3.2920,0.0000,0.0000,3959.4816,0.0000,3,0,0
33.5531,-0.9201,-3.5103,0.1000,3.3074,0.0000,0.0000,-919.8000,-3506.1000,0.1000,3.2920,0.0000,0.0000,3621.1152,0.0000,3,0,0
33.5700,-0.8782,-3.4369,0.1000,3.3110,0.0000,0.0000,-919.8000,-3506.1000,0.1000,3.3045,0.0000,0.0000,3621.1967,0.0000,3,0,0
33.5869,-0.8364,-3.3636,0.1000,3.3146,0.0000,0.0000,-919.8000,-3506.1000,0.1000,3.3045,0.0000,0.0000,3621.2783,0.0000,3,0,0
33.6040,-0.8076,-3.2830,0.1000,3.3182,0.0000,0.0000,-919.8000,-3506.1000,0.1000,3.3045,0.0000,0.0000,3621.3636,0.0000,3,0,0
33.6211,-0.7789,-3.2023,0.1000,3.3219,0.0000,0.0000,-778.2000,-3111.3000,0.1000,3.3045,0.0000,0.0000,3203.8500,0.0000,3,0,0
33.6385,-0.7644,-3.1167,0.1000,3.3256,0.0000,0.0000,-778.2000,-3111.3000,0.1000,3.3154,0.0000,0.0000,3203.9366,0.0000,3,0,0
33.6558,-0.7500,-3.0311,0.1000,3.3293,0.0000,0.0000,-778.2000,-3111.3000,0.1000,3.3154,0.0000,0.0000,3204.0231,0.0000,3,0,0
33.6735,-0.7508,-2.9431,0.1000,3.3330,0.0000,0.0000,-778.2000,-3111.3000,0.1000,3.3154,0.0000,0.0000,3204.1083,0.0000,3,0,0
33.6911,-0.7515,-2.8550,0.1000,3.3367,0.0000,0.0000,-752.0000,-2858.3000,0.1000,3.3154,0.0000,0.0000,2952.6158,0.0000,3,0,0
33.7089,-0.7679,-2.7673,0.1000,3.3405,0.0000,0.0000,-752.0000,-2858.3000,0.1000,3.3318,0.0000,0.0000,2952.6965,0.0000,3,0,0
33.7268,-0.7842,-2.6796,0.1000,3.3443,0.0000,0.0000,-752.0000,-2858.3000,0.1000,3.3318,0.0000,0.0000,2952.7772,0.0000,3,0,0
33.7448,-0.8160,-2.5949,0.1000,3.3482,0.0000,0.0000,-752.0000,-2858.3000,0.1000,3.3318,0.0000,0.0000,2952.8510,0.0000,3,0,0
33.7629,-0.8479,-2.5103,0.1000,3.3520,0.0000,0.0000,-814.7000,-2589.5000,0.1000,3.3318,0.0000,0.0000,2711.9866,0.0000,3,0,0
33.7813,-0.8946,-2.4314,0.1000,3.3559,0.0000,0.0000,-814.7000,-2589.5000,0.1000,3.3467,0.0000,0.0000,2712.0477,0.0000,3,0,0
33.7996,-0.9414,-2.3526,0.1000,3.3598,0.0000,0.0000,-814.7000,-2589.5000,0.1000,3.3467,0.0000,0.0000,2712.1089,0.0000,3,0,0
33.8182,-1.0020,-2.2822,0.1000,3.3638,0.0000,0.0000,-1001.6000,-2281.4000,0.1000,3.3467,0.0000,0.0000,2489.0910,0.0000,3,0,0
33.8367,-1.0626,-2.2118,0.1000,3.3677,0.0000,0.0000,-1001.6000,-2281.4000,0.1000,3.3587,0.0000,0.0000,2489.1311,0.0000,3,0,0
33.8556,-1.1355,-2.1524,0.1000,3.3717,0.0000,0.0000,-1001.6000,-2281.4000,0.1000,3.3587,0.0000,0.0000,2489.1563,0.0000,3,0,0
33.8744,-1.2083,-2.0929,0.1000,3.3757,0.0000,0.0000,-1210.0000,-2091.8000,0.1000,3.3587,0.0000,0.0000,2414.1361,0.0000,3,0,0
33.8934,-1.2915,-2.0465,0.1000,3.3798,0.0000,0.0000,-1210.0000,-2091.8000,0.1000,3.3701,0.0000,0.0000,2414.1346,0.0000,3,0,0
33.9125,-1.3747,-2.0000,0.1000,3.3838,0.0000,0.0000,-1210.0000,-2091.8000,0.1000,3.3701,0.0000,0.0000,2414.1332,0.0000,3,0,0
33.9318,-1.4659,-1.9684,0.1000,3.3879,0.0000,0.0000,-1210.0000,-2091.8000,0.1000,3.3701,0.0000,0.0000,2414.1149,0.0000,3,0,0
33.9511,-1.5571,-1.9369,0.1000,3.3920,0.0000,0.0000,-1445.6000,-1968.0000,0.1000,3.3821,0.0000,0.0000,2439.3983,0.0000,3,0,0
33.9706,-1.6535,-1.9215,0.1000,3.3962,0.0000,0.0000,-1445.6000,-1968.0000,0.1000,3.3821,0.0000,0.0000,2439.3536,0.0000,3,0,0
33.9901,-1.7500,-1.9061,0.1000,3.4003,0.0000,0.0000,-1445.6000,-1968.0000,0.1000,3.3821,0.0000,0.0000,2439.3089,0.0000,3,0,0
34.0099,-1.8489,-1.9078,0.1000,3.4045,0.0000,0.0000,-1850.8000,-1905.4000,0.1000,3.3821,0.0000,0.0000,2653.6584,0.0000,3,0,0
34.0297,-1.9478,-1.9095,0.1000,3.4087,0.0000,0.0000,-1850.8000,-1905.4000,0.1000,3.3985,0.0000,0.0000,2653.5883,0.0000,3,0,0
34.0497,-2.0460,-1.9287,0.1000,3.4130,0.0000,0.0000,-1850.8000,-1905.4000,0.1000,3.3985,0.0000,0.0000,2653.5061,0.0000,3,0,0
34.0697,-2.1443,-1.9478,0.1000,3.4172,0.0000,0.0000,-1850.8000,-1905.4000,0.1000,3.3985,0.0000,0.0000,2653.4239,0.0000,3,0,0
34.0900,-2.2388,-1.9843,0.1000,3.4215,0.0000,0.0000,-2313.1000,-1997.9000,0.1000,3.3985,0.0000,0.0000,3053.4831,0.0000,3,0,0
34.1103,-2.3333,-2.0207,0.1000,3.4258,0.0000,0.0000,-2313.1000,-1997.9000,0.1000,3.4140,0.0000,0.0000,3053.3877,0.0000,3,0,0
34.1308,-2.4211,-2.0737,0.1000,3.4302,0.0000,0.0000,-2313.1000,-1997.9000,0.1000,3.4140,0.0000,0.0000,3053.2867,0.0000,3,0,0
34.1513,-2.5088,-2.1267,0.1000,3.4346,0.0000,0.0000,-2313.1000,-1997.9000,0.1000,3.4140,0.0000,0.0000,3053.1856,0.0000,3,0,0
34.1720,-2.5869,-2.1950,0.1000,3.4390,0.0000,0.0000,-2664.4000,-2134.3000,0.1000,3.4289,0.0000,0.0000,3410.4429,0.0000,3,0,0
34.1928,-2.6650,-2.2633,0.1000,3.4434,0.0000,0.0000,-2664.4000,-2134.3000,0.1000,3.4289,0.0000,0.0000,3410.3392,0.0000,3,0,0
34.2138,-2.7307,-2.3451,0.1000,3.4478,0.0000,0.0000,-2756.1000,-2431.5000,0.1000,3.4289,0.0000,0.0000,3671.7619,0.0000,3,0,0
34.2347,-2.7964,-2.4269,0.1000,3.4523,0.0000,0.0000,-2756.1000,-2431.5000,0.1000,3.4414,0.0000,0.0000,3671.6585,0.0000,3,0,0
34.2560,-2.8475,-2.5200,0.1000,3.4568,0.0000,0.0000,-2756.1000,-2431.5000,0.1000,3.4414,0.0000,0.0000,3671.5587,0.0000,3,0,0
34.2772,-2.8985,-2.6131,0.1000,3.4613,0.0000,0.0000,-2902.1000,-2640.0000,0.1000,3.4414,0.0000,0.0000,3919.3340,0.0000,3,0,0
34.2987,-2.9329,-2.7148,0.1000,3.4659,0.0000,0.0000,-2902.1000,-2640.0000,0.1000,3.4557,0.0000,0.0000,3919.2401,0.0000,3,0,0
34.3201,-2.9673,-2.8164,0.1000,3.4705,0.0000,0.0000,-2902.1000,-2640.0000,0.1000,3.4557,0.0000,0.0000,3919.1463,0.0000,3,0,0
34.3419,-2.9837,-2.9238,0.1000,3.4751,0.0000,0.0000,-2985.4000,-3109.8000,0.1000,3.4557,0.0000,0.0000,4306.6794,0.0000,3,0,0
34.3636,-3.0000,-3.0311,0.1000,3.4797,0.0000,0.0000,-2985.4000,-3109.8000,0.1000,3.4692,0.0000,0.0000,4306.5906,0.0000,3,0,0
34.3855,-2.9973,-3.1408,0.1000,3.4844,0.0000,0.0000,-2985.4000,-3109.8000,0.1000,3.4692,0.0000,0.0000,4306.5133,0.0000,3,0,0
34.4075,-2.9947,-3.2506,0.1000,3.4890,0.0000,0.0000,-2985.4000,-3109.8000,0.1000,3.4692,0.0000,0.0000,4306.4360,0.0000,3,0,0
34.4297,-2.9727,-3.3593,0.1000,3.4937,0.0000,0.0000,-2995.0000,-3255.1000,0.1000,3.4833,0.0000,0.0000,4418.8284,0.0000,3,0,0
34.4519,-2.9507,-3.4681,0.1000,3.4985,0.0000,0.0000,-2995.0000,-3255.1000,0.1000,3.4833,0.0000,0.0000,4418.7633,0.0000,3,0,0
34.4743,-2.9097,-3.5725,0.1000,3.5032,0.0000,0.0000,-2995.0000,-3255.1000,0.1000,3.4833,0.0000,0.0000,4418.7142,0.0000,3,0,0
34.4967,-2.8686,-3.6769,0.1000,3.5080,0.0000,0.0000,-2925.6000,-3570.2000,0.1000,3.4833,0.0000,0.0000,4611.1219,0.0000,3,0,0
34.5194,-2.8094,-3.7736,0.1000,3.5128,0.0000,0.0000,-2925.6000,-3570.2000,0.1000,3.5012,0.0000,0.0000,4611.0847,0.0000,3,0,0
34.5421,-2.7501,-3.8703,0.1000,3.5176,0.0000,0.0000,-2925.6000,-3570.2000,0.1000,3.5012,0.0000,0.0000,4611.0475,0.0000,3,0,0
34.5650,-2.6741,-3.9561,0.1000,3.5225,0.0000,0.0000,-2676.0000,-3956.0000,0.1000,3.5012,0.0000,0.0000,4771.3020,0.0000,3,0,0
34.5879,-2.5981,-4.0418,0.1000,3.5274,0.0000,0.0000,-2676.0000,-3956.0000,0.1000,3.5161,0.0000,0.0000,4771.2735,0.0000,3,0,0
34.6111,-2.5074,-4.1138,0.1000,3.5323,0.0000,0.0000,-2676.0000,-3956.0000,0.1000,3.5161,0.0000,0.0000,4771.2647,0.0000,3,0,0
34.6343,-2.4167,-4.1858,0.1000,3.5372,0.0000,0.0000,-2676.0000,-3956.0000,0.1000,3.5161,0.0000,0.0000,4771.2560,0.0000,3,0,0
34.6577,-2.3137,-4.2414,0.1000,3.5422,0.0000,0.0000,-2401.5000,-4202.9000,0.1000,3.5161,0.0000,0.0000,4835.7862,0.0000,3,0,0
34.6811,-2.2108,-4.2971,0.1000,3.5472,0.0000,0.0000,-2401.5000,-4202.9000,0.1000,3.5351,0.0000,0.0000,4835.7890,0.0000,3,0,0
34.7047,-2.0986,-4.3343,0.1000,3.5522,0.0000,0.0000,-2401.5000,-4202.9000,0.1000,3.5351,0.0000,0.0000,4835.8124,0.0000,3,0,0
34.7284,-1.9864,-4.3715,0.1000,3.5572,0.0000,0.0000,-1920.8000,-4387.1000,0.1000,3.5351,0.0000,0.0000,4784.3657,0.0000,3,0,0
34.7522,-1.8682,-4.3888,0.1000,3.5623,0.0000,0.0000,-1920.8000,-4387.1000,0.1000,3.5502,0.0000,0.0000,4784.3972,0.0000,3,0,0
34.7761,-1.7500,-4.4061,0.1000,3.5674,0.0000,0.0000,-1920.8000,-4387.1000,0.1000,3.5502,0.0000,0.0000,4784.4288,0.0000,3,0,0
34.8003,-1.6294,-4.4025,0.1000,3.5725,0.0000,0.0000,-1920.8000,-4387.1000,0.1000,3.5502,0.0000,0.0000,4784.4805,0.0000,3,0,0
34.8244,-1.5088,-4.3989,0.1000,3.5776,0.0000,0.0000,-1615.1000,-4402.0000,0.1000,3.5502,0.0000,0.0000,4684.2899,0.0000,3,0,0
34.8488,-1.3895,-4.3741,0.1000,3.5828,0.0000,0.0000,-1615.1000,-4402.0000,0.1000,3.5502,0.0000,0.0000,4684.3543,0.0000,3,0,0
34.8731,-1.2702,-4.3493,0.1000,3.5880,0.0000,0.0000,-1289.5000,-4347.8000,0.1000,3.5502,0.0000,0.0000,4530.4636,0.0000,3,0,0
34.8977,-1.1559,-4.3036,0.1000,3.5932,0.0000,0.0000,-1289.5000,-4347.8000,0.1000,3.5679,0.0000,0.0000,4530.5398,0.0000,3,0,0
34.9224,-1.0417,-4.2580,0.1000,3.5985,0.0000,0.0000,-1289.5000,-4347.8000,0.1000,3.5679,0.0000,0.0000,4530.6161,0.0000,3,0,0
34.9472,-0.9361,-4.1925,0.1000,3.6037,0.0000,0.0000,-1289.5000,-4347.8000,0.1000,3.5679,0.0000,0.0000,4530.7089,0.0000,3,0,0
34.9721,-0.8305,-4.1270,0.1000,3.6090,0.0000,0.0000,-936.1000,-4275.0000,0.1000,3.5679,0.0000,0.0000,4372.0802,0.0000,3,0,0
34.9972,-0.7370,-4.0433,0.1000,3.6144,0.0000,0.0000,-936.1000,-4275.0000,0.1000,3.6017,0.0000,0.0000,4372.1820,0.0000,3,0,0
35.0223,-0.6435,-3.9596,0.1000,3.6197,0.0000,0.0000,-936.1000,-4275.0000,0.1000,3.6017,0.0000,0.0000,4372.2838,0.0000,3,0,0
35.0476,-0.5653,-3.8599,0.1000,3.6251,0.0000,0.0000,-564.7000,-3850.9000,0.1000,3.6017,0.0000,0.0000,3888.1828,0.0000,3,0,0
35.0729,-0.4870,-3.7603,0.1000,3.6305,0.0000,0.0000,-564.7000,-3850.9000,0.1000,3.6181,0.0000,0.0000,3888.2927,0.0000,3,0,0
35.0985,-0.4268,-3.6474,0.1000,3.6359,0.0000,0.0000,-564.7000,-3850.9000,0.1000,3.6181,0.0000,0.0000,3888.4131,0.0000,3,0,0
35.1241,-0.3666,-3.5346,0.1000,3.6413,0.0000,0.0000,-366.7000,-3515.5000,0.1000,3.6181,0.0000,0.0000,3531.0198,0.0000,3,0,0
35.1499,-0.3265,-3.4119,0.1000,3.6468,0.0000,0.0000,-366.7000,-3515.5000,0.1000,3.6339,0.0000,0.0000,3531.1461,0.0000,3,0,0
35.1757,-0.2865,-3.2891,0.1000,3.6523,0.0000,0.0000,-366.7000,-3515.5000,0.1000,3.6339,0.0000,0.0000,3531.2723,0.0000,3,0,0
35.2018,-0.2682,-3.1601,0.1000,3.6579,0.0000,0.0000,-366.7000,-3515.5000,0.1000,3.6339,0.0000,0.0000,3531.4025,0.0000,3,0,0
35.2279,-0.2500,-3.0311,0.1000,3.6634,0.0000,0.0000,-269.5000,-3282.1000,0.1000,3.6504,0.0000,0.0000,3290.1046,0.0000,3,0,0
35.2779,-0.0000,-3.0311,0.1000,3.6740,0.0000,0.0000,-269.5000,-3282.1000,0.1000,3.6504,0.0000,0.0000,3290.1251,0.0000,3,0,0
35.3279,0.2500,-3.0311,0.1000,3.6846,0.0000,0.0000,-269.5000,-3282.1000,0.1000,3.6504,0.0000,0.0000,3290.1456,0.0000,3,0,0
35.3779,0.5000,-3.0311,0.1000,3.6953,0.0000,0.0000,251.8000,-3058.7000,0.1000,3.6718,0.0000,0.0000,3065.9850,0.0000,3,0,0
35.4279,0.7500,-3.0311,0.1000,3.7059,0.0000,0.0000,251.8000,-3058.7000,0.1000,3.6718,0.0000,0.0000,3065.9645,0.0000,3,0,0
35.4779,1.0000,-3.0311,0.1000,3.7165,0.0000,0.0000,984.1000,-3031.0000,0.1000,3.6718,0.0000,0.0000,3183.5643,0.0000,3,0,0
35.5279,1.2500,-3.0311,0.1000,3.7272,0.0000,0.0000,984.1000,-3031.0000,0.1000,3.7017,0.0000,0.0000,3183.4871,0.0000,3,0,0
35.5779,1.5000,-3.0311,0.1000,3.7378,0.0000,0.0000,984.1000,-3031.0000,0.1000,3.7017,0.0000,0.0000,3183.4099,0.0000,3,0,0
35.6279,1.7500,-3.0311,0.1000,3.7484,0.0000,0.0000,984.1000,-3031.0000,0.1000,3.7017,0.0000,0.0000,3183.3327,0.0000,3,0,0
35.6292,1.7568,-3.0299,0.1000,3.7487,0.0000,0.0000,1893.7000,-3031.0000,0.1000,3.7397,0.0000,0.0000,3570.4414,0.0000,3,0,0
35.6306,1.7637,-3.0287,0.1000,3.7490,0.0000,0.0000,1893.7000,-3031.0000,0.1000,3.7397,0.0000,0.0000,3570.4388,0.0000,3,0,0
35.6321,1.7699,-3.0251,0.1000,3.7493,0.0000,0.0000,1893.7000,-3031.0000,0.1000,3.7397,0.0000,0.0000,3570.4385,0.0000,3,0,0
35.6335,1.7761,-3.0216,0.1000,3.7496,0.0000,0.0000,1780.6000,-3020.8000,0.1000,3.7397,0.0000,0.0000,3503.0274,0.0000,3,0,0
35.6350,1.7811,-3.0159,0.1000,3.7499,0.0000,0.0000,1780.6000,-3020.8000,0.1000,3.7491,0.0000,0.0000,3503.0298,0.0000,3,0,0
35.6365,1.7861,-3.0103,0.1000,3.7503,0.0000,0.0000,1780.6000,-3020.8000,0.1000,3.7491,0.0000,0.0000,3503.0321,0.0000,3,0,0
35.6381,1.7893,-3.0028,0.1000,3.7506,0.0000,0.0000,1780.6000,-3020.8000,0.1000,3.7491,0.0000,0.0000,3503.0369,0.0000,3,0,0
35.6398,1.7926,-2.9954,0.1000,3.7509,0.0000,0.0000,1789.0000,-3003.0000,0.1000,3.7502,0.0000,0.0000,3492.0106,0.0000,3,0,0
35.6415,1.7936,-2.9866,0.1000,3.7513,0.0000,0.0000,1789.0000,-3003.0000,0.1000,3.7502,0.0000,0.0000,3492.0176,0.0000,3,0,0
35.6433,1.7946,-2.9779,0.1000,3.7517,0.0000,0.0000,1789.0000,-3003.0000,0.1000,3.7502,0.0000,0.0000,3492.0246,0.0000,3,0,0
35.6452,1.7932,-2.9684,0.1000,3.7521,0.0000,0.0000,1797.1000,-2977.5000,0.1000,3.7502,0.0000,0.0000,3474.3294,0.0000,3,0,0
35.6471,1.7917,-2.9589,0.1000,3.7525,0.0000,0.0000,1797.1000,-2977.5000,0.1000,3.7515,0.0000,0.0000,3474.3383,0.0000,3,0,0
35.6492,1.7875,-2.9493,0.1000,3.7530,0.0000,0.0000,1797.1000,-2977.5000,0.1000,3.7515,0.0000,0.0000,3474.3487,0.0000,3,0,0
35.6513,1.7833,-2.9397,0.1000,3.7534,0.0000,0.0000,1783.0000,-2939.9000,0.1000,3.7515,0.0000,0.0000,3434.8899,0.0000,3,0,0
35.6536,1.7763,-2.9307,0.1000,3.7539,0.0000,0.0000,1783.0000,-2939.9000,0.1000,3.7528,0.0000,0.0000,3434.9013,0.0000,3,0,0
35.6559,1.7693,-2.9217,0.1000,3.7544,0.0000,0.0000,1783.0000,-2939.9000,0.1000,3.7528,0.0000,0.0000,3434.9126,0.0000,3,0,0
35.6584,1.7596,-2.9139,0.1000,3.7549,0.0000,0.0000,1783.0000,-2939.9000,0.1000,3.7528,0.0000,0.0000,3434.9243,0.0000,3,0,0
35.6608,1.7500,-2.9061,0.1000,3.7554,0.0000,0.0000,1760.0000,-2914.0000,0.1000,3.7528,0.0000,0.0000,3400.8691,0.0000,3,0,0
35.6635,1.7379,-2.9002,0.1000,3.7560,0.0000,0.0000,1760.0000,-2914.0000,0.1000,3.7547,0.0000,0.0000,3400.8804,0.0000,3,0,0
35.6662,1.7259,-2.8943,0.1000,3.7566,0.0000,0.0000,1760.0000,-2914.0000,0.1000,3.7547,0.0000,0.0000,3400.8917,0.0000,3,0,0
35.6691,1.7118,-2.8909,0.1000,3.7572,0.0000,0.0000,1760.0000,-2914.0000,0.1000,3.7547,0.0000,0.0000,3400.9019,0.0000,3,0,0
35.6720,1.6977,-2.8875,0.1000,3.7578,0.0000,0.0000,1785.1000,-2881.6000,0.1000,3.7547,0.0000,0.0000,3386.3711,0.0000,3,0,0
35.6751,1.6822,-2.8871,0.1000,3.7585,0.0000,0.0000,1785.1000,-2881.6000,0.1000,3.7570,0.0000,0.0000,3386.3796,0.0000,3,0,0
35.6782,1.6667,-2.8868,0.1000,3.7591,0.0000,0.0000,1785.1000,-2881.6000,0.1000,3.7570,0.0000,0.0000,3386.3881,0.0000,3,0,0
35.6815,1.6503,-2.8898,0.1000,3.7598,0.0000,0.0000,1648.4000,-2888.9000,0.1000,3.7570,0.0000,0.0000,3322.7759,0.0000,3,0,0
35.6849,1.6339,-2.8928,0.1000,3.7605,0.0000,0.0000,1648.4000,-2888.9000,0.1000,3.7589,0.0000,0.0000,3322.7814,0.0000,3,0,0
35.6884,1.6175,-2.8994,0.1000,3.7613,0.0000,0.0000,1648.4000,-2888.9000,0.1000,3.7589,0.0000,0.0000,3322.7838,0.0000,3,0,0
35.6920,1.6010,-2.9061,0.1000,3.7620,0.0000,0.0000,1601.0000,-2903.7000,0.1000,3.7589,0.0000,0.0000,3312.5039,0.0000,3,0,0
35.6957,1.5853,-2.9165,0.1000,3.7628,0.0000,0.0000,1601.0000,-2903.7000,0.1000,3.7611,0.0000,0.0000,3312.5024,0.0000,3,0,0
35.6995,1.5696,-2.9269,0.1000,3.7636,0.0000,0.0000,1601.0000,-2903.7000,0.1000,3.7611,0.0000,0.0000,3312.5009,0.0000,3,0,0
35.7035,1.5554,-2.9410,0.1000,3.7645,0.0000,0.0000,1661.1000,-2879.2000,0.1000,3.7611,0.0000,0.0000,3320.6858,0.0000,3,0,0
35.7075,1.5412,-2.9551,0.1000,3.7653,0.0000,0.0000,1661.1000,-2879.2000,0.1000,3.7638,0.0000,0.0000,3320.6807,0.0000,3,0,0
35.7117,1.5293,-2.9726,0.1000,3.7662,0.0000,0.0000,1661.1000,-2879.2000,0.1000,3.7638,0.0000,0.0000,3320.6715,0.0000,3,0,0
35.7160,1.5175,-2.9901,0.1000,3.7671,0.0000,0.0000,1661.1000,-2879.2000,0.1000,3.7638,0.0000,0.0000,3320.6622,0.0000,3,0,0
35.7204,1.5087,-3.0106,0.1000,3.7681,0.0000,0.0000,1498.3000,-3012.9000,0.1000,3.7638,0.0000,0.0000,3361.5202,0.0000,3,0,0
35.7249,1.5000,-3.0311,0.1000,3.7690,0.0000,0.0000,1498.3000,-3012.9000,0.1000,3.7667,0.0000,0.0000,3361.5058,0.0000,3,0,0
35.7296,1.4951,-3.0540,0.1000,3.7700,0.0000,0.0000,1498.3000,-3012.9000,0.1000,3.7667,0.0000,0.0000,3361.4875,0.0000,3,0,0
35.7343,1.4901,-3.0769,0.1000,3.7710,0.0000,0.0000,1490.0000,-3081.8000,0.1000,3.7667,0.0000,0.0000,3419.6780,0.0000,3,0,0
35.7392,1.4895,-3.1015,0.1000,3.7721,0.0000,0.0000,1490.0000,-3081.8000,0.1000,3.7698,0.0000,0.0000,3419.6561,0.0000,3,0,0
35.7441,1.4890,-3.1261,0.1000,3.7731,0.0000,0.0000,1490.0000,-3081.8000,0.1000,3.7698,0.0000,0.0000,3419.6342,0.0000,3,0,0
35.7492,1.4932,-3.1515,0.1000,3.7742,0.0000,0.0000,1490.0000,-3081.8000,0.1000,3.7698,0.0000,0.0000,3419.6095,0.0000,3,0,0
35.7544,1.4974,-3.1769,0.1000,3.7753,0.0000,0.0000,1493.0000,-3162.1000,0.1000,3.7729,0.0000,0.0000,3493.3329,0.0000,3,0,0
35.7598,1.5067,-3.2022,0.1000,3.7765,0.0000,0.0000,1493.0000,-3162.1000,0.1000,3.7729,0.0000,0.0000,3493.3061,0.0000,3,0,0
35.7652,1.5159,-3.2275,0.1000,3.7776,0.0000,0.0000,1493.0000,-3162.1000,0.1000,3.7729,0.0000,0.0000,3493.2793,0.0000,3,0,0
35.7708,1.5303,-3.2516,0.1000,3.7788,0.0000,0.0000,1516.1000,-3231.2000,0.1000,3.7729,0.0000,0.0000,3565.6096,0.0000,3,0,0
35.7764,1.5447,-3.2758,0.1000,3.7800,0.0000,0.0000,1516.1000,-3231.2000,0.1000,3.7771,0.0000,0.0000,3565.5817,0.0000,3,0,0
35.7823,1.5640,-3.2978,0.1000,3.7812,0.0000,0.0000,1516.1000,-3231.2000,0.1000,3.7771,0.0000,0.0000,3565.5535,0.0000,3,0,0
35.7881,1.5833,-3.3198,0.1000,3.7825,0.0000,0.0000,1516.1000,-3231.2000,0.1000,3.7771,0.0000,0.0000,3565.5254,0.0000,3,0,0
35.7942,1.6073,-3.3386,0.1000,3.7838,0.0000,0.0000,1583.1000,-3309.9000,0.1000,3.7809,0.0000,0.0000,3665.3059,0.0000,3,0,0
35.8003,1.6312,-3.3574,0.1000,3.7851,0.0000,0.0000,1583.1000,-3309.9000,0.1000,3.7809,0.0000,0.0000,3665.2787,0.0000,3,0,0
35.8066,1.6593,-3.3720,0.1000,3.7864,0.0000,0.0000,1660.2000,-3208.9000,0.1000,3.7809,0.0000,0.0000,3609.1781,0.0000,3,0,0
35.8130,1.6873,-3.3867,0.1000,3.7878,0.0000,0.0000,1660.2000,-3208.9000,0.1000,3.7848,0.0000,0.0000,3609.1522,0.0000,3,0,0
35.8195,1.7186,-3.3964,0.1000,3.7891,0.0000,0.0000,1660.2000,-3208.9000,0.1000,3.7848,0.0000,0.0000,3609.1292,0.0000,3,0,0
35.8261,1.7500,-3.4061,0.1000,3.7905,0.0000,0.0000,1660.2000,-3208.9000,0.1000,3.7848,0.0000,0.0000,3609.1062,0.0000,3,0,0
35.8329,1.7838,-3.4101,0.1000,3.7920,0.0000,0.0000,1738.6000,-3406.0000,0.1000,3.7886,0.0000,0.0000,3820.2289,0.0000,3,0,0
35.8397,1.8175,-3.4141,0.1000,3.7934,0.0000,0.0000,1738.6000,-3406.0000,0.1000,3.7886,0.0000,0.0000,3820.2100,0.0000,3,0,0
35.8467,1.8526,-3.4118,0.1000,3.7949,0.0000,0.0000,1894.5000,-3411.8000,0.1000,3.7886,0.0000,0.0000,3898.6182,0.0000,3,0,0
35.8538,1.8878,-3.4096,0.1000,3.7964,0.0000,0.0000,1894.5000,-3411.8000,0.1000,3.7929,0.0000,0.0000,3898.6031,0.0000,3,0,0
35.8610,1.9230,-3.4008,0.1000,3.7980,0.0000,0.0000,1894.5000,-3411.8000,0.1000,3.7929,0.0000,0.0000,3898.5937,0.0000,3,0,0
35.8683,1.9583,-3.3919,0.1000,3.7995,0.0000,0.0000,1894.5000,-3411.8000,0.1000,3.7929,0.0000,0.0000,3898.5843,0.0000,3,0,0
35.8758,1.9925,-3.3764,0.1000,3.8011,0.0000,0.0000,1963.2000,-3392.0000,0.1000,3.7929,0.0000,0.0000,3915.2400,0.0000,3,0,0
35.8833,2.0268,-3.3609,0.1000,3.8027,0.0000,0.0000,1963.2000,-3392.0000,0.1000,3.7929,0.0000,0.0000,3915.2363,0.0000,3,0,0
35.8911,2.0586,-3.3388,0.1000,3.8044,0.0000,0.0000,1963.2000,-3392.0000,0.1000,3.7929,0.0000,0.0000,3915.2395,0.0000,3,0,0
35.8988,2.0905,-3.3168,0.1000,3.8060,0.0000,0.0000,2141.6000,-3305.4000,0.1000,3.7929,0.0000,0.0000,3934.6226,0.0000,3,0,0
35.9068,2.1187,-3.2885,0.1000,3.8077,0.0000,0.0000,2141.6000,-3305.4000,0.1000,3.7982,0.0000,0.0000,3934.6309,0.0000,3,0,0
35.9148,2.1469,-3.2603,0.1000,3.8094,0.0000,0.0000,2141.6000,-3305.4000,0.1000,3.7982,0.0000,0.0000,3934.6393,0.0000,3,0,0
35.9230,2.1703,-3.2264,0.1000,3.8112,0.0000,0.0000,2139.6000,-3208.5000,0.1000,3.7982,0.0000,0.0000,3852.5815,0.0000,3,0,0
35.9313,2.1937,-3.1926,0.1000,3.8129,0.0000,0.0000,2139.6000,-3208.5000,0.1000,3.8087,0.0000,0.0000,3852.5967,0.0000,3,0,0
35.9397,2.2112,-3.1540,0.1000,3.8147,0.0000,0.0000,2139.6000,-3208.5000,0.1000,3.8087,0.0000,0.0000,3852.6190,0.0000,3,0,0
35.9482,2.2287,-3.1155,0.1000,3.8165,0.0000,0.0000,2139.6000,-3208.5000,0.1000,3.8087,0.0000,0.0000,3852.6414,0.0000,3,0,0
35.9569,2.2394,-3.0733,0.1000,3.8184,0.0000,0.0000,2243.9000,-3127.5000,0.1000,3.8087,0.0000,0.0000,3845.3979,0.0000,3,0,0
35.9656,2.2500,-3.0311,0.1000,3.8202,0.0000,0.0000,2243.9000,-3127.5000,0.1000,3.8158,0.0000,0.0000,3845.4259,0.0000,3,0,0
35.9745,2.2530,-2.9865,0.1000,3.8221,0.0000,0.0000,2243.9000,-3127.5000,0.1000,3.8158,0.0000,0.0000,3845.4604,0.0000,3,0,0
35.9835,2.2561,-2.9419,0.1000,3.8240,0.0000,0.0000,2243.9000,-3127.5000,0.1000,3.8158,0.0000,0.0000,3845.4949,0.0000,3,0,0
35.9927,2.2510,-2.8962,0.1000,3.8260,0.0000,0.0000,2250.9000,-2892.3000,0.1000,3.8158,0.0000,0.0000,3661.2944,0.0000,3,0,0
36.0019,2.2459,-2.8506,0.1000,3.8279,0.0000,0.0000,2250.9000,-2892.3000,0.1000,3.8233,0.0000,0.0000,3661.3335,0.0000,3,0,0
36.0113,2.2325,-2.8054,0.1000,3.8299,0.0000,0.0000,2250.9000,-2892.3000,0.1000,3.8233,0.0000,0.0000,3661.3774,0.0000,3,0,0
36.0207,2.2191,-2.7603,0.1000,3.8319,0.0000,0.0000,2221.7000,-2758.4000,0.1000,3.8233,0.0000,0.0000,3538.3112,0.0000,3,0,0
36.0304,2.1973,-2.7171,0.1000,3.8340,0.0000,0.0000,2221.7000,-2758.4000,0.1000,3.8291,0.0000,0.0000,3538.3584,0.0000,3,0,0
36.0400,2.1756,-2.6740,0.1000,3.8360,0.0000,0.0000,2221.7000,-2758.4000,0.1000,3.8291,0.0000,0.0000,3538.4056,0.0000,3,0,0
36.0499,2.1458,-2.6344,0.1000,3.8381,0.0000,0.0000,2221.7000,-2758.4000,0.1000,3.8291,0.0000,0.0000,3538.4551,0.0000,3,0,0
36.0598,2.1160,-2.5949,0.1000,3.8402,0.0000,0.0000,2224.5000,-2751.4000,0.1000,3.8291,0.0000,0.0000,3534.8154,0.0000,3,0,0
36.0700,2.0788,-2.5604,0.1000,3.8424,0.0000,0.0000,2224.5000,-2751.4000,0.1000,3.8372,0.0000,0.0000,3534.8656,0.0000,3,0,0
36.0801,2.0417,-2.5259,0.1000,3.8445,0.0000,0.0000,2224.5000,-2751.4000,0.1000,3.8372,0.0000,0.0000,3534.9158,0.0000,3,0,0
36.0905,1.9980,-2.4979,0.1000,3.8467,0.0000,0.0000,2001.1000,-2529.6000,0.1000,3.8372,0.0000,0.0000,3222.2126,0.0000,3,0,0
36.1009,1.9543,-2.4699,0.1000,3.8490,0.0000,0.0000,2001.1000,-2529.6000,0.1000,3.8438,0.0000,0.0000,3222.2617,0.0000,3,0,0
36.1115,1.9052,-2.4496,0.1000,3.8512,0.0000,0.0000,2001.1000,-2529.6000,0.1000,3.8438,0.0000,0.0000,3222.3081,0.0000,3,0,0
36.1221,1.8561,-2.4293,0.1000,3.8535,0.0000,0.0000,1855.9000,-2430.7000,0.1000,3.8438,0.0000,0.0000,3055.1559,0.0000,3,0,0
36.1330,1.8031,-2.4177,0.1000,3.8558,0.0000,0.0000,1855.9000,-2430.7000,0.1000,3.8503,0.0000,0.0000,3055.1973,0.0000,3,0,0
36.1438,1.7500,-2.4061,0.1000,3.8581,0.0000,0.0000,1855.9000,-2430.7000,0.1000,3.8503,0.0000,0.0000,3055.2387,0.0000,3,0,0
36.1550,1.6945,-2.4040,0.1000,3.8604,0.0000,0.0000,1673.0000,-2404.0000,0.1000,3.8503,0.0000,0.0000,2925.9059,0.0000,3,0,0
36.1661,1.6391,-2.4019,0.1000,3.8628,0.0000,0.0000,1673.0000,-2404.0000,0.1000,3.8574,0.0000,0.0000,2925.9393,0.0000,3,0,0
36.1774,1.5829,-2.4098,0.1000,3.8652,0.0000,0.0000,1673.0000,-2404.0000,0.1000,3.8574,0.0000,0.0000,2925.9649,0.0000,3,0,0
36.1887,1.5267,-2.4177,0.1000,3.8676,0.0000,0.0000,1673.0000,-2404.0000,0.1000,3.8574,0.0000,0.0000,2925.9905,0.0000,3,0,0
36.2003,1.4717,-2.4357,0.1000,3.8701,0.0000,0.0000,1561.4000,-2418.0000,0.1000,3.8574,0.0000,0.0000,2875.4699,0.0000,3,0,0
36.2119,1.4167,-2.4537,0.1000,3.8726,0.0000,0.0000,1561.4000,-2418.0000,0.1000,3.8661,0.0000,0.0000,2875.4846,0.0000,3,0,0
36.2237,1.3646,-2.4817,0.1000,3.8751,0.0000,0.0000,1561.4000,-2418.0000,0.1000,3.8661,0.0000,0.0000,2875.4893,0.0000,3,0,0
36.2355,1.3125,-2.5098,0.1000,3.8776,0.0000,0.0000,1561.4000,-2418.0000,0.1000,3.8661,0.0000,0.0000,2875.4940,0.0000,3,0,0
36.2476,1.2653,-2.5472,0.1000,3.8801,0.0000,0.0000,1271.1000,-2547.0000,0.1000,3.8661,0.0000,0.0000,2843.7159,0.0000,3,0,0
36.2597,1.2180,-2.5847,0.1000,3.8827,0.0000,0.0000,1271.1000,-2547.0000,0.1000,3.8773,0.0000,0.0000,2843.7035,0.0000,3,0,0
36.2720,1.1773,-2.6308,0.1000,3.8853,0.0000,0.0000,1271.1000,-2547.0000,0.1000,3.8773,0.0000,0.0000,2843.6804,0.0000,3,0,0
36.2843,1.1366,-2.6769,0.1000,3.8879,0.0000,0.0000,1079.6000,-2771.4000,0.1000,3.8773,0.0000,0.0000,2971.3483,0.0000,3,0,0
36.2968,1.1039,-2.7305,0.1000,3.8906,0.0000,0.0000,1079.6000,-2771.4000,0.1000,3.8847,0.0000,0.0000,2971.3102,0.0000,3,0,0
36.3094,1.0713,-2.7841,0.1000,3.8933,0.0000,0.0000,1079.6000,-2771.4000,0.1000,3.8847,0.0000,0.0000,2971.2722,0.0000,3,0,0
36.3222,1.0482,-2.8437,0.1000,3.8960,0.0000,0.0000,1079.6000,-2771.4000,0.1000,3.8847,0.0000,0.0000,2971.2250,0.0000,3,0,0
36.3349,1.0251,-2.9033,0.1000,3.8987,0.0000,0.0000,1079.6000,-2771.4000,0.1000,3.8847,0.0000,0.0000,2971.1779,0.0000,3,0,0
36.3480,1.0125,-2.9672,0.1000,3.9015,0.0000,0.0000,1025.2000,-2896.4000,0.1000,3.8847,0.0000,0.0000,3069.3507,0.0000,3,0,0
36.3610,1.0000,-3.0311,0.1000,3.9042,0.0000,0.0000,1025.2000,-2896.4000,0.1000,3.8976,0.0000,0.0000,3069.2946,0.0000,3,0,0
36.3743,0.9989,-3.0974,0.1000,3.9071,0.0000,0.0000,1025.2000,-2896.4000,0.1000,3.8976,0.0000,0.0000,3069.2325,0.0000,3,0,0
36.3875,0.9977,-3.1637,0.1000,3.9099,0.0000,0.0000,1025.2000,-2896.4000,0.1000,3.8976,0.0000,0.0000,3069.1703,0.0000,3,0,0
36.4010,1.0084,-3.2304,0.1000,3.9128,0.0000,0.0000,1001.6000,-3281.5000,0.1000,3.8976,0.0000,0.0000,3427.5698,0.0000,3,0,0
36.4145,1.0191,-3.2971,0.1000,3.9156,0.0000,0.0000,1001.6000,-3281.5000,0.1000,3.9091,0.0000,0.0000,3427.5029,0.0000,3,0,0
36.4283,1.0418,-3.3620,0.1000,3.9185,0.0000,0.0000,1001.6000,-3281.5000,0.1000,3.9091,0.0000,0.0000,3427.4342,0.0000,3,0,0
36.4420,1.0644,-3.4269,0.1000,3.9215,0.0000,0.0000,1001.6000,-3281.5000,0.1000,3.9091,0.0000,0.0000,3427.3655,0.0000,3,0,0
36.4560,1.0987,-3.4879,0.1000,3.9244,0.0000,0.0000,1114.2000,-3580.9000,0.1000,3.9091,0.0000,0.0000,3746.5814,0.0000,3,0,0
36.4700,1.1329,-3.5489,0.1000,3.9274,0.0000,0.0000,1114.2000,-3580.9000,0.1000,3.9190,0.0000,0.0000,3746.5130,0.0000,3,0,0
36.4843,1.1781,-3.6039,0.1000,3.9304,0.0000,0.0000,1114.2000,-3580.9000,0.1000,3.9190,0.0000,0.0000,3746.4470,0.0000,3,0,0
36.4985,1.2233,-3.6588,0.1000,3.9335,0.0000,0.0000,1114.2000,-3580.9000,0.1000,3.9190,0.0000,0.0000,3746.3811,0.0000,3,0,0
36.5130,1.2783,-3.7058,0.1000,3.9365,0.0000,0.0000,1281.1000,-3615.2000,0.1000,3.9190,0.0000,0.0000,3831.5576,0.0000,3,0,0
36.5274,1.3333,-3.7528,0.1000,3.9396,0.0000,0.0000,1281.1000,-3615.2000,0.1000,3.9326,0.0000,0.0000,3831.4950,0.0000,3,0,0
36.5421,1.3968,-3.7900,0.1000,3.9427,0.0000,0.0000,1281.1000,-3615.2000,0.1000,3.9326,0.0000,0.0000,3831.4387,0.0000,3,0,0
36.5568,1.4602,-3.8272,0.1000,3.9459,0.0000,0.0000,1465.5000,-3832.5000,0.1000,3.9326,0.0000,0.0000,4099.0423,0.0000,3,0,0
36.5718,1.5304,-3.8532,0.1000,3.9490,0.0000,0.0000,1465.5000,-3832.5000,0.1000,3.9420,0.0000,0.0000,4098.9930,0.0000,3,0,0
36.5868,1.6005,-3.8791,0.1000,3.9522,0.0000,0.0000,1465.5000,-3832.5000,0.1000,3.9420,0.0000,0.0000,4098.9437,0.0000,3,0,0
36.6019,1.6752,-3.8926,0.1000,3.9555,0.0000,0.0000,1465.5000,-3832.5000,0.1000,3.9420,0.0000,0.0000,4098.9044,0.0000,3,0,0
36.6171,1.7500,-3.9061,0.1000,3.9587,0.0000,0.0000,1664.6000,-3893.1000,0.1000,3.9420,0.0000,0.0000,4229.7635,0.0000,3,0,0
36.6326,1.8272,-3.9063,0.1000,3.9620,0.0000,0.0000,1664.6000,-3893.1000,0.1000,3.9545,0.0000,0.0000,4229.7330,0.0000,3,0,0
36.6480,1.9044,-3.9065,0.1000,3.9652,0.0000,0.0000,1664.6000,-3893.1000,0.1000,3.9545,0.0000,0.0000,4229.7025,0.0000,3,0,0
36.6637,1.9816,-3.8929,0.1000,3.9686,0.0000,0.0000,1664.6000,-3893.1000,0.1000,3.9545,0.0000,0.0000,4229.6846,0.0000,3,0,0
36.6794,2.0588,-3.8794,0.1000,3.9719,0.0000,0.0000,2035.2000,-3892.5000,0.1000,3.9645,0.0000,0.0000,4388.0557,0.0000,3,0,0
36.6953,2.1336,-3.8522,0.1000,3.9753,0.0000,0.0000,2035.2000,-3892.5000,0.1000,3.9645,0.0000,0.0000,4388.0452,0.0000,3,0,0
36.7112,2.2083,-3.8249,0.1000,3.9787,0.0000,0.0000,2035.2000,-3892.5000,0.1000,3.9645,0.0000,0.0000,4388.0347,0.0000,3,0,0
36.7274,2.2782,-3.7844,0.1000,3.9821,0.0000,0.0000,2239.3000,-3793.7000,0.1000,3.9645,0.0000,0.0000,4400.8779,0.0000,3,0,0
36.7435,2.3481,-3.7439,0.1000,3.9855,0.0000,0.0000,2239.3000,-3793.7000,0.1000,3.9750,0.0000,0.0000,4400.8772,0.0000,3,0,0
36.7599,2.4108,-3.6911,0.1000,3.9890,0.0000,0.0000,2239.3000,-3793.7000,0.1000,3.9750,0.0000,0.0000,4400.8909,0.0000,3,0,0
36.7763,2.4735,-3.6382,0.1000,3.9925,0.0000,0.0000,2239.3000,-3793.7000,0.1000,3.9750,0.0000,0.0000,4400.9046,0.0000,3,0,0
36.7930,2.5267,-3.5742,0.1000,3.9961,0.0000,0.0000,2529.8000,-3578.8000,0.1000,3.9750,0.0000,0.0000,4378.2816,0.0000,3,0,0
36.8096,2.5799,-3.5103,0.1000,3.9996,0.0000,0.0000,2529.8000,-3578.8000,0.1000,3.9904,0.0000,0.0000,4378.3031,0.0000,3,0,0
36.8265,2.6218,-3.4369,0.1000,4.0032,0.0000,0.0000,2529.8000,-3578.8000,0.1000,3.9904,0.0000,0.0000,4378.3388,0.0000,3,0,0
36.8434,2.6636,-3.3636,0.1000,4.0068,0.0000,0.0000,2529.8000,-3578.8000,0.1000,3.9904,0.0000,0.0000,4378.3746,0.0000,3,0,0
36.8605,2.6924,-3.2830,0.1000,4.0104,0.0000,0.0000,2688.4000,-3306.1000,0.1000,3.9904,0.0000,0.0000,4256.9503,0.0000,3,0,0
36.8776,2.7211,-3.2023,0.1000,4.0141,0.0000,0.0000,2688.4000,-3306.1000,0.1000,4.0056,0.0000,0.0000,4256.9947,0.0000,3,0,0
36.8950,2.7356,-3.1167,0.1000,4.0177,0.0000,0.0000,2688.4000,-3306.1000,0.1000,4.0056,0.0000,0.0000,4257.0520,0.0000,3,0,0
36.9123,2.7500,-3.0311,0.1000,4.0214,0.0000,0.0000,2688.4000,-3306.1000,0.1000,4.0056,0.0000,0.0000,4257.1094,0.0000,3,0,0
36.9300,2.7492,-2.9431,0.1000,4.0252,0.0000,0.0000,2688.4000,-3306.1000,0.1000,4.0056,0.0000,0.0000,4257.1781,0.0000,3,0,0
36.9476,2.7485,-2.8550,0.1000,4.0289,0.0000,0.0000,2749.0000,-2949.0000,0.1000,4.0056,0.0000,0.0000,4027.6131,0.0000,3,0,0
36.9654,2.7321,-2.7673,0.1000,4.0327,0.0000,0.0000,2749.0000,-2949.0000,0.1000,4.0236,0.0000,0.0000,4027.6885,0.0000,3,0,0
36.9833,2.7158,-2.6796,0.1000,4.0365,0.0000,0.0000,2749.0000,-2949.0000,0.1000,4.0236,0.0000,0.0000,4027.7638,0.0000,3,0,0
37.0013,2.6840,-2.5949,0.1000,4.0404,0.0000,0.0000,2684.0000,-2591.1000,0.1000,4.0236,0.0000,0.0000,3726.9041,0.0000,3,0,0
37.0194,2.6521,-2.5103,0.1000,4.0442,0.0000,0.0000,2684.0000,-2591.1000,0.1000,4.0354,0.0000,0.0000,3726.9858,0.0000,3,0,0
37.0378,2.6054,-2.4314,0.1000,4.0481,0.0000,0.0000,2684.0000,-2591.1000,0.1000,4.0354,0.0000,0.0000,3727.0742,0.0000,3,0,0
37.0561,2.5586,-2.3526,0.1000,4.0520,0.0000,0.0000,2559.0000,-2283.4000,0.1000,4.0354,0.0000,0.0000,3426.1596,0.0000,3,0,0
37.0747,2.4980,-2.2822,0.1000,4.0559,0.0000,0.0000,2559.0000,-2283.4000,0.1000,4.0471,0.0000,0.0000,3426.2517,0.0000,3,0,0
37.0932,2.4374,-2.2118,0.1000,4.0599,0.0000,0.0000,2559.0000,-2283.4000,0.1000,4.0471,0.0000,0.0000,3426.3438,0.0000,3,0,0
37.1121,2.3645,-2.1524,0.1000,4.0639,0.0000,0.0000,2559.0000,-2283.4000,0.1000,4.0471,0.0000,0.0000,3426.4377,0.0000,3,0,0
37.1309,2.2917,-2.0929,0.1000,4.0679,0.0000,0.0000,2359.5000,-2146.5000,0.1000,4.0471,0.0000,0.0000,3186.6774,0.0000,3,0,0
37.1499,2.2085,-2.0465,0.1000,4.0719,0.0000,0.0000,2359.5000,-2146.5000,0.1000,4.0638,0.0000,0.0000,3186.7702,0.0000,3,0,0
37.1690,2.1253,-2.0000,0.1000,4.0760,0.0000,0.0000,2359.5000,-2146.5000,0.1000,4.0638,0.0000,0.0000,3186.8630,0.0000,3,0,0
37.1883,2.0341,-1.9684,0.1000,4.0801,0.0000,0.0000,2359.5000,-2146.5000,0.1000,4.0638,0.0000,0.0000,3186.9517,0.0000,3,0,0
37.2076,1.9429,-1.9369,0.1000,4.0842,0.0000,0.0000,1987.0000,-1943.9000,0.1000,4.0638,0.0000,0.0000,2776.9898,0.0000,3,0,0
37.2271,1.8465,-1.9215,0.1000,4.0883,0.0000,0.0000,1987.0000,-1943.9000,0.1000,4.0775,0.0000,0.0000,2777.0695,0.0000,3,0,0
37.2466,1.7500,-1.9061,0.1000,4.0925,0.0000,0.0000,1987.0000,-1943.9000,0.1000,4.0775,0.0000,0.0000,2777.1492,0.0000,3,0,0
37.2664,1.6511,-1.9078,0.1000,4.0967,0.0000,0.0000,1674.2000,-1908.0000,0.1000,4.0775,0.0000,0.0000,2535.8642,0.0000,3,0,0
37.2862,1.5522,-1.9095,0.1000,4.1009,0.0000,0.0000,1674.2000,-1908.0000,0.1000,4.0907,0.0000,0.0000,2535.9281,0.0000,3,0,0
37.3062,1.4540,-1.9287,0.1000,4.1052,0.0000,0.0000,1674.2000,-1908.0000,0.1000,4.0907,0.0000,0.0000,2535.9785,0.0000,3,0,0
37.3262,1.3557,-1.9478,0.1000,4.1094,0.0000,0.0000,1326.6000,-1948.0000,0.1000,4.0907,0.0000,0.0000,2354.4408,0.0000,3,0,0
37.3465,1.2612,-1.9843,0.1000,4.1137,0.0000,0.0000,1326.6000,-1948.0000,0.1000,4.1040,0.0000,0.0000,2354.4639,0.0000,3,0,0
37.3668,1.1667,-2.0207,0.1000,4.1180,0.0000,0.0000,1326.6000,-1948.0000,0.1000,4.1040,0.0000,0.0000,2354.4870,0.0000,3,0,0
37.3873,1.0789,-2.0737,0.1000,4.1224,0.0000,0.0000,1326.6000,-1948.0000,0.1000,4.1040,0.0000,0.0000,2354.4926,0.0000,3,0,0
37.4078,0.9912,-2.1267,0.1000,4.1267,0.0000,0.0000,1079.2000,-2044.1000,0.1000,4.1170,0.0000,0.0000,2309.1533,0.0000,3,0,0
37.4285,0.9131,-2.1950,0.1000,4.1311,0.0000,0.0000,1079.2000,-2044.1000,0.1000,4.1170,0.0000,0.0000,2309.1294,0.0000,3,0,0
37.4493,0.8350,-2.2633,0.1000,4.1356,0.0000,0.0000,811.7000,-2428.2000,0.1000,4.1170,0.0000,0.0000,2557.8645,0.0000,3,0,0
37.4703,0.7693,-2.3451,0.1000,4.1400,0.0000,0.0000,811.7000,-2428.2000,0.1000,4.1170,0.0000,0.0000,2557.8078,0.0000,3,0,0
37.4912,0.7036,-2.4269,0.1000,4.1445,0.0000,0.0000,811.7000,-2428.2000,0.1000,4.1170,0.0000,0.0000,2557.7510,0.0000,3,0,0
37.5125,0.6525,-2.5200,0.1000,4.1490,0.0000,0.0000,651.4000,-2451.2000,0.1000,4.1170,0.0000,0.0000,2533.6744,0.0000,3,0,0
37.5337,0.6015,-2.6131,0.1000,4.1535,0.0000,0.0000,651.4000,-2451.2000,0.1000,4.1317,0.0000,0.0000,2533.5976,0.0000,3,0,0
37.5552,0.5671,-2.7148,0.1000,4.1581,0.0000,0.0000,651.4000,-2451.2000,0.1000,4.1317,0.0000,0.0000,2533.5081,0.0000,3,0,0
37.5766,0.5327,-2.8164,0.1000,4.1626,0.0000,0.0000,530.8000,-2929.1000,0.1000,4.1317,0.0000,0.0000,2973.9400,0.0000,3,0,0
37.5984,0.5163,-2.9238,0.1000,4.1672,0.0000,0.0000,530.8000,-2929.1000,0.1000,4.1568,0.0000,0.0000,2973.8373,0.0000,3,0,0
37.6201,0.5000,-3.0311,0.1000,4.1719,0.0000,0.0000,530.8000,-2929.1000,0.1000,4.1568,0.0000,0.0000,2973.7346,0.0000,3,0,0
37.6420,0.5027,-3.1408,0.1000,4.1765,0.0000,0.0000,530.8000,-2929.1000,0.1000,4.1568,0.0000,0.0000,2973.6261,0.0000,3,0,0
37.6640,0.5053,-3.2506,0.1000,4.1812,0.0000,0.0000,503.0000,-3072.3000,0.1000,4.1712,0.0000,0.0000,3109.9140,0.0000,3,0,0
37.6862,0.5273,-3.3593,0.1000,4.1859,0.0000,0.0000,503.0000,-3072.3000,0.1000,4.1712,0.0000,0.0000,3109.8031,0.0000,3,0,0
37.7084,0.5493,-3.4681,0.1000,4.1906,0.0000,0.0000,503.0000,-3072.3000,0.1000,4.1712,0.0000,0.0000,3109.6922,0.0000,3,0,0
37.7308,0.5903,-3.5725,0.1000,4.1954,0.0000,0.0000,549.0000,-3481.4000,0.1000,4.1712,0.0000,0.0000,3520.8006,0.0000,3,0,0
37.7532,0.6314,-3.6769,0.1000,4.2002,0.0000,0.0000,549.0000,-3481.4000,0.1000,4.1878,0.0000,0.0000,3520.6911,0.0000,3,0,0
37.7759,0.6906,-3.7736,0.1000,4.2050,0.0000,0.0000,549.0000,-3481.4000,0.1000,4.1878,0.0000,0.0000,3520.5864,0.0000,3,0,0
37.7986,0.7499,-3.8703,0.1000,4.2098,0.0000,0.0000,549.0000,-3481.4000,0.1000,4.1878,0.0000,0.0000,3520.4817,0.0000,3,0,0
37.8215,0.8259,-3.9561,0.1000,4.2147,0.0000,0.0000,821.5000,-3957.6000,0.1000,4.1878,0.0000,0.0000,4037.9210,0.0000,3,0,0
37.8444,0.9019,-4.0418,0.1000,4.2196,0.0000,0.0000,821.5000,-3957.6000,0.1000,4.2084,0.0000,0.0000,4037.8216,0.0000,3,0,0
37.8676,0.9926,-4.1138,0.1000,4.2245,0.0000,0.0000,821.5000,-3957.6000,0.1000,4.2084,0.0000,0.0000,4037.7327,0.0000,3,0,0
37.8908,1.0833,-4.1858,0.1000,4.2294,0.0000,0.0000,821.5000,-3957.6000,0.1000,4.2084,0.0000,0.0000,4037.6438,0.0000,3,0,0
37.9142,1.1863,-4.2414,0.1000,4.2344,0.0000,0.0000,1112.4000,-4351.3000,0.1000,4.2233,0.0000,0.0000,4486.8379,0.0000,3,0,0
37.9376,1.2892,-4.2971,0.1000,4.2393,0.0000,0.0000,1112.4000,-4351.3000,0.1000,4.2233,0.0000,0.0000,4486.7585,0.0000,3,0,0
37.9612,1.4014,-4.3343,0.1000,4.2444,0.0000,0.0000,1498.0000,-4336.5000,0.1000,4.2233,0.0000,0.0000,4583.3903,0.0000,3,0,0
37.9849,1.5136,-4.3715,0.1000,4.2494,0.0000,0.0000,1498.0000,-4336.5000,0.1000,4.2382,0.0000,0.0000,4583.3185,0.0000,3,0,0
38.0087,1.6318,-4.3888,0.1000,4.2545,0.0000,0.0000,1498.0000,-4336.5000,0.1000,4.2382,0.0000,0.0000,4583.2636,0.0000,3,0,0
38.0326,1.7500,-4.4061,0.1000,4.2596,0.0000,0.0000,1498.0000,-4336.5000,0.1000,4.2382,0.0000,0.0000,4583.2087,0.0000,3,0,0
38.0568,1.8706,-4.4025,0.1000,4.2647,0.0000,0.0000,1939.7000,-4406.9000,0.1000,4.2533,0.0000,0.0000,4810.1109,0.0000,3,0,0
38.0809,1.9912,-4.3989,0.1000,4.2698,0.0000,0.0000,1939.7000,-4406.9000,0.1000,4.2533,0.0000,0.0000,4810.0657,0.0000,3,0,0
38.1053,2.1105,-4.3741,0.1000,4.2750,0.0000,0.0000,2071.9000,-4376.4000,0.1000,4.2533,0.0000,0.0000,4837.2140,0.0000,3,0,0
38.1296,2.2298,-4.3493,0.1000,4.2802,0.0000,0.0000,2071.9000,-4376.4000,0.1000,4.2680,0.0000,0.0000,4837.1854,0.0000,3,0,0
38.1542,2.3441,-4.3036,0.1000,4.2854,0.0000,0.0000,2071.9000,-4376.4000,0.1000,4.2680,0.0000,0.0000,4837.1778,0.0000,3,0,0
38.1789,2.4583,-4.2580,0.1000,4.2906,0.0000,0.0000,2459.5000,-4256.1000,0.1000,4.2680,0.0000,0.0000,4910.7244,0.0000,3,0,0
38.2037,2.5639,-4.1925,0.1000,4.2959,0.0000,0.0000,2459.5000,-4256.1000,0.1000,4.2839,0.0000,0.0000,4910.7283,0.0000,3,0,0
38.2286,2.6695,-4.1270,0.1000,4.3012,0.0000,0.0000,2459.5000,-4256.1000,0.1000,4.2839,0.0000,0.0000,4910.7322,0.0000,3,0,0
38.2537,2.7630,-4.0433,0.1000,4.3065,0.0000,0.0000,2459.5000,-4256.1000,0.1000,4.2839,0.0000,0.0000,4910.7579,0.0000,3,0,0
38.2788,2.8565,-3.9596,0.1000,4.3119,0.0000,0.0000,2763.0000,-4043.0000,0.1000,4.2839,0.0000,0.0000,4892.0588,0.0000,3,0,0
38.3041,2.9347,-3.8599,0.1000,4.3173,0.0000,0.0000,2763.0000,-4043.0000,0.1000,4.3065,0.0000,0.0000,4892.0970,0.0000,3,0,0
38.3294,3.0130,-3.7603,0.1000,4.3226,0.0000,0.0000,2763.0000,-4043.0000,0.1000,4.3065,0.0000,0.0000,4892.1351,0.0000,3,0,0
38.3550,3.0732,-3.6474,0.1000,4.3281,0.0000,0.0000,2763.0000,-4043.0000,0.1000,4.3065,0.0000,0.0000,4892.1943,0.0000,3,0,0
38.3806,3.1334,-3.5346,0.1000,4.3335,0.0000,0.0000,2996.2000,-3637.9000,0.1000,4.3065,0.0000,0.0000,4708.1906,0.0000,3,0,0
38.4064,3.1735,-3.4119,0.1000,4.3390,0.0000,0.0000,2996.2000,-3637.9000,0.1000,4.3284,0.0000,0.0000,4708.2599,0.0000,3,0,0
38.4322,3.2135,-3.2891,0.1000,4.3445,0.0000,0.0000,2996.2000,-3637.9000,0.1000,4.3284,0.0000,0.0000,4708.3292,0.0000,3,0,0
38.4583,3.2318,-3.1601,0.1000,4.3500,0.0000,0.0000,3232.7000,-3071.0000,0.1000,4.3284,0.0000,0.0000,4454.3357,0.0000,3,0,0
38.4844,3.2500,-3.0311,0.1000,4.3556,0.0000,0.0000,3232.7000,-3071.0000,0.1000,4.3431,0.0000,0.0000,4454.4114,0.0000,3,0,0
38.5364,3.2500,-3.0311,0.1000,4.3389,0.0000,0.0000,3232.7000,-3071.0000,0.1000,4.3431,0.0000,0.0000,4454.4114,0.0000,3,0,1
38.5885,3.2500,-3.0311,0.1000,4.2877,0.0000,0.0000,3232.7000,-3071.0000,0.1000,4.3431,0.0000,0.0000,4454.4114,0.0000,3,0,1
38.6406,3.2500,-3.0311,0.1000,4.2270,0.0000,0.0000,3232.7000,-3071.0000,0.1000,4.3431,0.0000,0.0000,4454.4114,0.0000,3,0,1
38.6927,3.2500,-3.0311,0.1000,4.1663,0.0000,0.0000,3232.7000,-3071.0000,0.1000,4.3431,0.0000,0.0000,4454.4114,0.0000,3,0,1
38.7448,3.2500,-3.0311,0.1000,4.1056,0.0000,0.0000,3232.7000,-3071.0000,0.1000,4.3431,0.0000,0.0000,4454.4114,0.0000,3,0,1
38.7969,3.2500,-3.0311,0.1000,4.0449,0.0000,0.0000,3232.7000,-3071.0000,0.1000,4.3431,0.0000,0.0000,4454.4114,0.0000,3,0,1
38.8489,3.2500,-3.0311,0.1000,3.9841,0.0000,0.0000,3232.7000,-3071.0000,0.1000,4.3431,0.0000,0.0000,4454.4114,0.0000,3,0,1
38.9010,3.2500,-3.0311,0.1000,3.9234,0.0000,0.0000,3232.7000,-3071.0000,0.1000,4.3431,0.0000,0.0000,4454.4114,0.0000,3,0,1
38.9531,3.2500,-3.0311,0.1000,3.8722,0.0000,0.0000,3232.7000,-3071.0000,0.1000,4.3431,0.0000,0.0000,4454.4114,0.0000,3,0,1
39.0052,3.2500,-3.0311,0.1000,3.8556,0.0000,0.0000,3250.0000,-3031.0000,0.1000,4.3431,0.0000,0.0000,4439.5925,0.0000,3,0,1
39.2640,3.2500,-3.0311,0.1381,3.8556,0.0000,0.0000,3250.0000,-3031.0000,0.1000,4.0682,0.0000,0.0000,4439.5925,0.0381,3,1,0
39.5228,3.2500,-3.0311,0.2522,3.8556,0.0000,0.0000,3250.0000,-3031.0000,0.1000,4.0682,0.0000,0.0000,4439.5925,0.1522,3,1,0
39.7816,3.2500,-3.0311,0.4426,3.8556,0.0000,0.0000,3250.0000,-3031.0000,0.1000,4.0682,0.0000,0.0000,4439.5925,0.3426,3,1,0
40.0405,3.2500,-3.0311,0.7470,3.8556,0.0000,0.0000,3250.0000,-3031.0000,0.1000,4.0682,0.0000,0.0000,4439.5925,0.6470,3,1,0
40.2993,3.2500,-3.0311,1.0921,3.8556,0.0000,0.0000,3250.0000,-3031.0000,0.1000,4.0682,0.0000,0.0000,4439.5925,0.9921,3,1,0
40.5581,3.2500,-3.0311,1.4372,3.8556,0.0000,0.0000,3250.0000,-3031.0000,0.1000,4.0682,0.0000,0.0000,4439.5925,1.3372,3,1,0
40.8169,3.2500,-3.0311,1.7823,3.8556,0.0000,0.0000,3250.0000,-3031.0000,0.1000,4.0682,0.0000,0.0000,4439.5925,1.6823,3,1,0
41.0757,3.2500,-3.0311,2.1274,3.8556,0.0000,0.0000,3250.0000,-3031.0000,1.1576,3.8590,0.0000,0.0000,4439.5925,0.9698,3,1,0
41.3345,3.2500,-3.0311,2.4725,3.8556,0.0000,0.0000,3250.0000,-3031.0000,1.1576,3.8590,0.0000,0.0000,4439.5925,1.3149,3,1,0
41.5934,3.2500,-3.0311,2.8176,3.8556,0.0000,0.0000,3250.0000,-3031.0000,1.1576,3.8590,0.0000,0.0000,4439.5925,1.6600,3,1,0
41.8522,3.2500,-3.0311,3.1627,3.8556,0.0000,0.0000,3250.0000,-3031.0000,1.1576,3.8590,0.0000,0.0000,4439.5925,2.0051,3,1,0
42.1110,3.2500,-3.0311,3.5078,3.8556,0.0000,0.0000,3250.0000,-3031.0000,1.1576,3.8590,0.0000,0.0000,4439.5925,2.3502,3,1,0
42.3698,3.2500,-3.0311,3.8529,3.8556,0.0000,0.0000,3250.0000,-3031.0000,1.1576,3.8590,0.0000,0.0000,4439.5925,2.6953,3,1,0
42.6286,3.2500,-3.0311,4.1573,3.8556,0.0000,0.0000,3250.0000,-3031.0000,1.1576,3.8590,0.0000,0.0000,4439.5925,2.9997,3,1,0
42.8875,3.2500,-3.0311,4.3477,3.8556,0.0000,0.0000,3250.0000,-3031.0000,1.1576,3.8590,0.0000,0.0000,4439.5925,3.1901,3,1,0
43.1463,3.2500,-3.0311,4.4618,3.8556,0.0000,0.0000,3250.0000,-3031.0000,4.0750,3.8556,0.0000,0.0000,4439.5925,0.3868,3,1,0
43.4051,3.2500,-3.0311,4.4999,3.8556,0.0000,0.0000,3250.0000,-3031.0000,4.0750,3.8556,0.0000,0.0000,4439.5925,0.4249,3,1,0
43.5301,3.2500,-3.0311,4.7500,3.8556,0.0000,0.0000,3250.0000,-3031.0000,4.0750,3.8556,0.0000,0.0000,4439.5925,0.6749,3,1,0
43.6551,3.2500,-3.0311,5.0000,3.8556,0.0000,0.0000,3250.0000,-3031.0000,4.0750,3.8556,0.0000,0.0000,4439.5925,0.9250,3,1,0
43.9339,13.0694,3.1720,5.0000,3.8556,0.0000,0.0000,3250.0000,-3031.0000,4.0750,3.8556,0.0000,0.0000,4436.6563,0.9250,5,1,0
44.2126,28.7806,13.0969,5.0000,3.8556,0.0000,0.0000,5730.2000,-1336.8000,4.0750,3.8556,0.0000,0.0000,5859.0447,0.9250,5,1,0
44.4914,38.6000,19.3000,5.0000,3.8556,0.0000,0.0000,5730.2000,-1336.8000,4.9524,3.8556,0.0000,0.0000,5850.9245,0.0476,5,1,0
44.6164,38.6000,19.3000,4.7500,3.8556,0.0000,0.0000,5730.2000,-1336.8000,4.9524,3.8556,0.0000,0.0000,5850.9245,0.2024,5,1,0
44.7414,38.6000,19.3000,4.4999,3.8556,0.0000,0.0000,10448.9000,1355.9000,4.9524,3.8556,0.0000,0.0000,10495.7537,0.4525,5,1,0
45.0003,38.6000,19.3000,4.4618,3.8556,0.0000,0.0000,10448.9000,1355.9000,4.7988,3.8556,0.0000,0.0000,10495.7537,0.3370,5,1,0
45.2591,38.6000,19.3000,4.3477,3.8556,0.0000,0.0000,10448.9000,1355.9000,4.7988,3.8556,0.0000,0.0000,10495.7537,0.4511,5,1,0
45.5179,38.6000,19.3000,4.1573,3.8556,0.0000,0.0000,15499.6000,4425.5000,4.7988,3.8556,0.0000,0.0000,16076.6016,0.6415,5,1,0
45.7767,38.6000,19.3000,3.8529,3.8556,0.0000,0.0000,15499.6000,4425.5000,4.3592,3.8556,0.0000,0.0000,16076.6016,0.5063,5,1,0
46.0355,38.6000,19.3000,3.5078,3.8556,0.0000,0.0000,15499.6000,4425.5000,4.3592,3.8556,0.0000,0.0000,16076.6016,0.8514,5,1,0
46.2943,38.6000,19.3000,3.1627,3.8556,0.0000,0.0000,15499.6000,4425.5000,4.3592,3.8556,0.0000,0.0000,16076.6016,1.1965,5,1,0
46.5532,38.6000,19.3000,2.8176,3.8556,0.0000,0.0000,20657.0000,7628.5000,4.3592,3.8556,0.0000,0.0000,21977.6783,1.5416,5,1,0
46.8120,38.6000,19.3000,2.4725,3.8556,0.0000,0.0000,20657.0000,7628.5000,3.3145,3.8556,0.0000,0.0000,21977.6783,0.8420,5,1,0
47.0708,38.6000,19.3000,2.1274,3.8556,0.0000,0.0000,20657.0000,7628.5000,3.3145,3.8556,0.0000,0.0000,21977.6783,1.1871,5,1,0
47.3296,38.6000,19.3000,1.7823,3.8556,0.0000,0.0000,26703.6000,11190.5000,3.3145,3.8556,0.0000,0.0000,28910.5160,1.5322,5,1,0
47.5884,38.6000,19.3000,1.4372,3.8556,0.0000,0.0000,26703.6000,11190.5000,2.2513,3.8556,0.0000,0.0000,28910.5160,0.8141,5,1,0
47.8473,38.6000,19.3000,1.0921,3.8556,0.0000,0.0000,26703.6000,11190.5000,2.2513,3.8556,0.0000,0.0000,28910.5160,1.1592,5,1,0
48.1061,38.6000,19.3000,0.7470,3.8556,0.0000,0.0000,31271.5000,14132.7000,2.2513,3.8556,0.0000,0.0000,34273.6357,1.5043,5,1,0
48.3649,38.6000,19.3000,0.4426,3.8556,0.0000,0.0000,31271.5000,14132.7000,1.1890,3.8556,0.0000,0.0000,34273.6357,0.7464,5,1,0
48.6237,38.6000,19.3000,0.2522,3.8556,0.0000,0.0000,31271.5000,14132.7000,1.1890,3.8556,0.0000,0.0000,34273.6357,0.9368,5,1,0
48.8825,38.6000,19.3000,0.1381,3.8556,0.0000,0.0000,36253.6000,17594.4000,1.1890,3.8556,0.0000,0.0000,40254.3211,1.0509,5,1,0
49.1413,38.6000,19.3000,0.1000,3.8556,0.0000,0.0000,36253.6000,17594.4000,0.3263,3.8556,0.0000,0.0000,40254.3211,0.2263,5,1,0
49.1927,38.6000,19.3000,0.1000,3.8610,0.0000,0.0000,36253.6000,17594.4000,0.3263,3.8556,0.0000,0.0000,40254.3211,0.2263,5,0,0
49.2441,38.6000,19.3000,0.1000,3.8775,0.0000,0.0000,36253.6000,17594.4000,0.3263,3.8556,0.0000,0.0000,40254.3211,0.2263,5,0,0
49.2955,38.6000,19.3000,0.1000,3.9049,0.0000,0.0000,38597.6000,19298.6000,0.3263,3.8556,0.0000,0.0000,43110.1831,0.2263,5,0,0
49.3469,38.6000,19.3000,0.1000,3.9433,0.0000,0.0000,38597.6000,19298.6000,0.1032,3.8757,0.0000,0.0000,43110.1831,0.0032,5,0,0
49.3983,38.6000,19.3000,0.1000,3.9965,0.0000,0.0000,38597.6000,19298.6000,0.1032,3.8757,0.0000,0.0000,43110.1831,0.0032,5,0,0
49.4497,38.6000,19.3000,0.1000,4.0564,0.0000,0.0000,38597.6000,19298.6000,0.1032,3.8757,0.0000,0.0000,43110.1831,0.0032,5,0,0
49.5011,38.6000,19.3000,0.1000,4.1164,0.0000,0.0000,38600.2000,19301.8000,0.1001,3.9757,0.0000,0.0000,43113.9398,0.0001,5,0,0
49.5525,38.6000,19.3000,0.1000,4.1763,0.0000,0.0000,38600.2000,19301.8000,0.1001,3.9757,0.0000,0.0000,43113.9398,0.0001,5,0,0
49.6039,38.6000,19.3000,0.1000,4.2362,0.0000,0.0000,38600.2000,19301.8000,0.1001,3.9757,0.0000,0.0000,43113.9398,0.0001,5,0,0
49.6553,38.6000,19.3000,0.1000,4.2961,0.0000,0.0000,38601.1000,19301.9000,0.1000,4.1585,0.0000,0.0000,43114.7894,0.0000,5,0,0
49.7067,38.6000,19.3000,0.1000,4.3560,0.0000,0.0000,38601.1000,19301.9000,0.1000,4.1585,0.0000,0.0000,43114.7894,0.0000,5,0,0
49.7581,38.6000,19.3000,0.1000,4.4159,0.0000,0.0000,38601.1000,19301.9000,0.1000,4.1585,0.0000,0.0000,43114.7894,0.0000,5,0,0
49.8095,38.6000,19.3000,0.1000,4.4758,0.0000,0.0000,38601.1000,19301.9000,0.1000,4.1585,0.0000,0.0000,43114.7894,0.0000,5,0,0
49.8609,38.6000,19.3000,0.1000,4.5357,0.0000,0.0000,38601.1000,19301.9000,0.1000,4.1585,0.0000,0.0000,43114.7894,0.0000,5,0,0
49.9123,38.6000,19.3000,0.1000,4.5956,0.0000,0.0000,38600.0000,19300.0000,0.1000,4.1585,0.0000,0.0000,43112.9559,0.0000,5,0,0
49.9637,38.6000,19.3000,0.1000,4.6556,0.0000,0.0000,38600.0000,19300.0000,0.1000,4.3982,0.0000,0.0000,43112.9559,0.0000,5,0,0
50.0150,38.6000,19.3000,0.1000,4.7155,0.0000,0.0000,38600.0000,19300.0000,0.1000,4.3982,0.0000,0.0000,43112.9559,0.0000,5,0,0
50.0664,38.6000,19.3000,0.1000,4.7754,0.0000,0.0000,38600.0000,19300.0000,0.1000,4.3982,0.0000,0.0000,43112.9559,0.0000,5,0,0
50.1178,38.6000,19.3000,0.1000,4.8353,0.0000,0.0000,38600.0000,19300.0000,0.1000,4.3982,0.0000,0.0000,43112.9559,0.0000,5,0,0
50.1692,38.6000,19.3000,0.1000,4.8952,0.0000,0.0000,38600.0000,19300.0000,0.1000,4.3982,0.0000,0.0000,43112.9559,0.0000,5,0,0
50.2206,38.6000,19.3000,0.1000,4.9551,0.0000,0.0000,38600.0000,19300.0000,0.1000,4.3982,0.0000,0.0000,43112.9559,0.0000,5,0,0
50.2720,38.6000,19.3000,0.1000,5.0150,0.0000,0.0000,38600.0000,19300.0000,0.1000,4.3982,0.0000,0.0000,43112.9559,0.0000,5,0,0
50.3234,38.6000,19.3000,0.1000,5.0749,0.0000,0.0000,38600.0000,19300.0000,0.1000,4.3982,0.0000,0.0000,43112.9559,0.0000,5,0,0
50.3748,38.6000,19.3000,0.1000,5.1349,0.0000,0.0000,38600.0000,19300.0000,0.1000,4.3982,0.0000,0.0000,43112.9559,0.0000,5,0,0
50.4262,38.6000,19.3000,0.1000,5.1948,0.0000,0.0000,38600.0000,19300.0000,0.1000,4.3982,0.0000,0.0000,43112.9559,0.0000,5,0,0
50.4776,38.6000,19.3000,0.1000,5.2480,0.0000,0.0000,38600.0000,19300.0000,0.1000,4.3982,0.0000,0.0000,43112.9559,0.0000,5,0,0
50.5290,38.6000,19.3000,0.1000,5.2864,0.0000,0.0000,38600.0000,19300.0000,0.1000,4.3982,0.0000,0.0000,43112.9559,0.0000,5,0,0
50.5804,38.6000,19.3000,0.1000,5.3138,0.0000,0.0000,38600.0000,19300.0000,0.1000,4.3982,0.0000,0.0000,43112.9559,0.0000,5,0,0
50.6318,38.6000,19.3000,0.1000,5.3302,0.0000,0.0000,38600.0000,19300.0000,0.1000,4.3982,0.0000,0.0000,43112.9559,0.0000,5,0,0
50.6832,38.6000,19.3000,0.1000,5.3357,0.0000,0.0000,38600.0000,19300.0000,0.1000,4.3982,0.0000,0.0000,43112.9559,0.0000,5,0,0
51.1832,38.6000,19.3000,0.1000,5.3357,0.0000,0.0000,38600.0000,19300.0000,0.1000,4.3982,0.0000,0.0000,43112.9559,0.0000,5,0,0
51.4420,38.6000,19.3000,0.1381,5.3357,0.0000,0.0000,38600.0000,19300.0000,0.1000,5.1921,0.0000,0.0000,43112.9559,0.0381,5,1,0
51.7008,38.6000,19.3000,0.2522,5.3357,0.0000,0.0000,38600.0000,19300.0000,0.1000,5.1921,0.0000,0.0000,43112.9559,0.1522,5,1,0
51.9596,38.6000,19.3000,0.4426,5.3357,0.0000,0.0000,38600.0000,19300.0000,0.1000,5.1921,0.0000,0.0000,43112.9559,0.3426,5,1,0
52.2185,38.6000,19.3000,0.7470,5.3357,0.0000,0.0000,38600.0000,19300.0000,0.1000,5.1921,0.0000,0.0000,43112.9559,0.6470,5,1,0
52.4773,38.6000,19.3000,1.0921,5.3357,0.0000,0.0000,38600.0000,19300.0000,0.1000,5.1921,0.0000,0.0000,43112.9559,0.9921,5,1,0
52.7361,38.6000,19.3000,1.4372,5.3357,0.0000,0.0000,38600.0000,19300.0000,0.1000,5.1921,0.0000,0.0000,43112.9559,1.3372,5,1,0
52.9949,38.6000,19.3000,1.7823,5.3357,0.0000,0.0000,38600.0000,19300.0000,0.1000,5.1921,0.0000,0.0000,43112.9559,1.6823,5,1,0
53.2537,38.6000,19.3000,2.1274,5.3357,0.0000,0.0000,38600.0000,19300.0000,0.1000,5.1921,0.0000,0.0000,43112.9559,2.0274,5,1,0
53.5125,38.6000,19.3000,2.4725,5.3357,0.0000,0.0000,38600.0000,19300.0000,0.1000,5.1921,0.0000,0.0000,43112.9559,2.3725,5,1,0
53.7714,38.6000,19.3000,2.8176,5.3357,0.0000,0.0000,38600.0000,19300.0000,0.1000,5.1921,0.0000,0.0000,43112.9559,2.7176,5,1,0
54.0302,38.6000,19.3000,3.1627,5.3357,0.0000,0.0000,38600.0000,19300.0000,0.1000,5.1921,0.0000,0.0000,43112.9559,3.0627,5,1,0
54.2890,38.6000,19.3000,3.5078,5.3357,0.0000,0.0000,38600.0000,19300.0000,0.1000,5.1921,0.0000,0.0000,43112.9559,3.4078,5,1,0
54.5478,38.6000,19.3000,3.8529,5.3357,0.0000,0.0000,38600.0000,19300.0000,2.4031,5.3311,0.0000,0.0000,43112.9559,1.4498,5,1,0
54.8066,38.6000,19.3000,4.1573,5.3357,0.0000,0.0000,38600.0000,19300.0000,2.4031,5.3311,0.0000,0.0000,43112.9559,1.7542,5,1,0
55.0654,38.6000,19.3000,4.3477,5.3357,0.0000,0.0000,38600.0000,19300.0000,2.4031,5.3311,0.0000,0.0000,43112.9559,1.9446,5,1,0
55.3243,38.6000,19.3000,4.4618,5.3357,0.0000,0.0000,38600.0000,19300.0000,2.4031,5.3311,0.0000,0.0000,43112.9559,2.0587,5,1,0
55.5831,38.6000,19.3000,4.4999,5.3357,0.0000,0.0000,38600.0000,19300.0000,2.4031,5.3311,0.0000,0.0000,43112.9559,2.0968,5,1,0
55.7081,38.6000,19.3000,4.7500,5.3357,0.0000,0.0000,38600.0000,19300.0000,2.4031,5.3311,0.0000,0.0000,43112.9559,2.3469,5,1,0
55.8331,38.6000,19.3000,5.0000,5.3357,0.0000,0.0000,38600.0000,19300.0000,2.4031,5.3311,0.0000,0.0000,43112.9559,2.5969,5,1,0
56.0261,38.6000,9.6500,5.0000,5.3357,0.0000,0.0000,38600.0000,19300.0000,2.4031,5.3311,0.0000,0.0000,43117.2723,2.5969,6,1,0
56.2191,38.6000,0.0000,5.0000,5.3357,0.0000,0.0000,38600.0000,19300.0000,2.4031,5.3311,0.0000,0.0000,43121.5905,2.5969,6,1,0
56.3442,38.6000,0.0000,4.7500,5.3357,0.0000,0.0000,38600.0000,17938.4000,2.4031,5.3311,0.0000,0.0000,42529.6104,2.3469,6,1,0
56.4692,38.6000,0.0000,4.4999,5.3357,0.0000,0.0000,38600.0000,17938.4000,4.9277,5.3357,0.0000,0.0000,42529.6104,0.4278,6,1,0
56.7280,38.6000,0.0000,4.4618,5.3357,0.0000,0.0000,38600.0000,17938.4000,4.9277,5.3357,0.0000,0.0000,42529.6104,0.4659,6,1,0
56.9868,38.6000,0.0000,4.3477,5.3357,0.0000,0.0000,38600.0000,10142.5000,4.9277,5.3357,0.0000,0.0000,39872.9467,0.5800,6,1,0
57.2456,38.6000,0.0000,4.1573,5.3357,0.0000,0.0000,38600.0000,10142.5000,4.5033,5.3357,0.0000,0.0000,39872.9467,0.3460,6,1,0
57.5045,38.6000,0.0000,3.8529,5.3357,0.0000,0.0000,38600.0000,10142.5000,4.5033,5.3357,0.0000,0.0000,39872.9467,0.6504,6,1,0
57.7633,38.6000,0.0000,3.5078,5.3357,0.0000,0.0000,38600.0000,3889.3000,4.5033,5.3357,0.0000,0.0000,38757.0410,0.9955,6,1,0
58.0221,38.6000,0.0000,3.1627,5.3357,0.0000,0.0000,38600.0000,3889.3000,3.9727,5.3357,0.0000,0.0000,38757.0410,0.8100,6,1,0
58.2809,38.6000,0.0000,2.8176,5.3357,0.0000,0.0000,38600.0000,3889.3000,3.9727,5.3357,0.0000,0.0000,38757.0410,1.1551,6,1,0
58.5397,38.6000,0.0000,2.4725,5.3357,0.0000,0.0000,38600.0000,-2.5000,3.9727,5.3357,0.0000,0.0000,38561.4001,1.5002,6,1,0
58.7985,38.6000,0.0000,2.1274,5.3357,0.0000,0.0000,38600.0000,-2.5000,2.9357,5.3357,0.0000,0.0000,38561.4001,0.8083,6,1,0
59.0574,38.6000,0.0000,1.7823,5.3357,0.0000,0.0000,38600.0000,-2.5000,2.9357,5.3357,0.0000,0.0000,38561.4001,1.1534,6,1,0
59.3162,38.6000,0.0000,1.4372,5.3357,0.0000,0.0000,38600.0000,-2.5000,2.9357,5.3357,0.0000,0.0000,38561.4001,1.4985,6,1,0
59.5750,38.6000,0.0000,1.0921,5.3357,0.0000,0.0000,38600.0000,-2.5000,2.9357,5.3357,0.0000,0.0000,38561.4001,1.8436,6,1,0
59.8338,38.6000,0.0000,0.7470,5.3357,0.0000,0.0000,38600.0000,-2.5000,2.9357,5.3357,0.0000,0.0000,38561.4001,2.1887,6,1,0
60.0926,38.6000,0.0000,0.4426,5.3357,0.0000,0.0000,38600.0000,-2.5000,2.9357,5.3357,0.0000,0.0000,38561.4001,2.4931,6,1,0
60.3514,38.6000,0.0000,0.2522,5.3357,0.0000,0.0000,38600.0000,-2.5000,2.9357,5.3357,0.0000,0.0000,38561.4001,2.6835,6,1,0
60.6103,38.6000,0.0000,0.1381,5.3357,0.0000,0.0000,38600.0000,0.0000,2.9357,5.3357,0.0000,0.0000,38561.4000,2.7976,6,1,0
60.8691,38.6000,0.0000,0.1000,5.3357,0.0000,0.0000,38600.0000,0.0000,0.9683,5.3357,0.0000,0.0000,38561.4000,0.8683,6,1,0
65.8691,38.6000,0.0000,0.1000,5.3357,0.0000,0.0000,38600.0000,0.0000,0.9683,5.3357,0.0000,0.0000,38561.4000,0.8683,6,0,0
66.1279,38.6000,0.0000,0.1381,5.3357,0.0000,0.0000,38600.0000,0.0000,0.9683,5.3357,0.0000,0.0000,38561.4000,0.8302,6,1,0
66.3867,38.6000,0.0000,0.2522,5.3357,0.0000,0.0000,38600.0000,0.0000,0.9683,5.3357,0.0000,0.0000,38561.4000,0.7161,6,1,0
66.6455,38.6000,0.0000,0.4426,5.3357,0.0000,0.0000,38600.0000,0.0000,0.9683,5.3357,0.0000,0.0000,38561.4000,0.5257,6,1,0
66.9044,38.6000,0.0000,0.7470,5.3357,0.0000,0.0000,38600.0000,0.0000,0.9683,5.3357,0.0000,0.0000,38561.4000,0.2213,6,1,0
67.1632,38.6000,0.0000,1.0921,5.3357,0.0000,0.0000,38600.0000,0.0000,0.9683,5.3357,0.0000,0.0000,38561.4000,0.1238,6,1,0
67.4220,38.6000,0.0000,1.4372,5.3357,0.0000,0.0000,38600.0000,0.0000,0.9683,5.3357,0.0000,0.0000,38561.4000,0.4689,6,1,0
67.6808,38.6000,0.0000,1.7823,5.3357,0.0000,0.0000,38600.0000,0.0000,0.9683,5.3357,0.0000,0.0000,38561.4000,0.8140,6,1,0
67.9396,38.6000,0.0000,2.1274,5.3357,0.0000,0.0000,38600.0000,0.0000,0.9683,5.3357,0.0000,0.0000,38561.4000,1.1591,6,1,0
68.1984,38.6000,0.0000,2.4725,5.3357,0.0000,0.0000,38600.0000,0.0000,0.9683,5.3357,0.0000,0.0000,38561.4000,1.5042,6,1,0
68.4573,38.6000,0.0000,2.8176,5.3357,0.0000,0.0000,38600.0000,0.0000,0.9683,5.3357,0.0000,0.0000,38561.4000,1.8493,6,1,0
68.7161,38.6000,0.0000,3.1627,5.3357,0.0000,0.0000,38600.0000,0.0000,0.9683,5.3357,0.0000,0.0000,38561.4000,2.1944,6,1,0
68.9749,38.6000,0.0000,3.5078,5.3357,0.0000,0.0000,38600.0000,0.0000,2.1634,5.3357,0.0000,0.0000,38561.4000,1.3444,6,1,0
69.2337,38.6000,0.0000,3.8529,5.3357,0.0000,0.0000,38600.0000,0.0000,2.1634,5.3357,0.0000,0.0000,38561.4000,1.6895,6,1,0
69.4925,38.6000,0.0000,4.1573,5.3357,0.0000,0.0000,38600.0000,0.0000,2.1634,5.3357,0.0000,0.0000,38561.4000,1.9939,6,1,0
69.7513,38.6000,0.0000,4.3477,5.3357,0.0000,0.0000,38600.0000,0.0000,2.1634,5.3357,0.0000,0.0000,38561.4000,2.1843,6,1,0
70.0102,38.6000,0.0000,4.4618,5.3357,0.0000,0.0000,38600.0000,0.0000,2.1634,5.3357,0.0000,0.0000,38561.4000,2.2984,6,1,0
70.2690,38.6000,0.0000,4.4999,5.3357,0.0000,0.0000,38600.0000,0.0000,2.1634,5.3357,0.0000,0.0000,38561.4000,2.3365,6,1,0
70.3940,38.6000,0.0000,4.7500,5.3357,0.0000,0.0000,38600.0000,0.0000,2.1634,5.3357,0.0000,0.0000,38561.4000,2.5865,6,1,0
70.5190,38.6000,0.0000,5.0000,5.3357,0.0000,0.0000,38600.0000,0.0000,2.1634,5.3357,0.0000,0.0000,38561.4000,2.8366,6,1,0
70.7764,38.1711,0.0000,5.0000,5.3357,0.0000,0.0000,38179.4000,0.0000,2.1634,5.3357,0.0000,0.0000,38141.2289,2.8366,6,1,0
71.0337,36.8844,0.0000,5.0000,5.3357,0.0000,0.0000,38179.4000,0.0000,4.9826,5.3357,0.0000,0.0000,38142.5156,0.0174,6,1,0
71.2910,34.7400,0.0000,5.0000,5.3357,0.0000,0.0000,38179.4000,0.0000,4.9826,5.3357,0.0000,0.0000,38144.6600,0.0174,6,1,0
71.5484,31.3089,0.0000,5.0000,5.3357,0.0000,0.0000,33413.4000,0.0000,4.9826,5.3357,0.0000,0.0000,33382.0911,0.0174,6,1,0
71.8057,27.8778,0.0000,5.0000,5.3357,0.0000,0.0000,33413.4000,0.0000,4.9995,5.3357,0.0000,0.0000,33385.5222,0.0005,6,1,0
72.0630,24.4467,0.0000,5.0000,5.3357,0.0000,0.0000,33413.4000,0.0000,4.9995,5.3357,0.0000,0.0000,33388.9533,0.0005,6,1,0
72.3204,21.0156,0.0000,5.0000,5.3357,0.0000,0.0000,26999.2000,0.0000,4.9995,5.3357,0.0000,0.0000,26978.1844,0.0005,6,1,0
72.5777,17.5844,0.0000,5.0000,5.3357,0.0000,0.0000,26999.2000,0.0000,5.0000,5.3357,0.0000,0.0000,26981.6156,0.0000,6,1,0
72.8350,14.1533,0.0000,5.0000,5.3357,0.0000,0.0000,26999.2000,0.0000,5.0000,5.3357,0.0000,0.0000,26985.0467,0.0000,6,1,0
73.0924,10.7222,0.0000,5.0000,5.3357,0.0000,0.0000,20651.1000,0.0000,5.0000,5.3357,0.0000,0.0000,20640.3778,0.0000,6,1,0
73.3497,7.2911,0.0000,5.0000,5.3357,0.0000,0.0000,20651.1000,0.0000,5.0000,5.3357,0.0000,0.0000,20643.8089,0.0000,6,1,0
73.6070,3.8600,0.0000,5.0000,5.3357,0.0000,0.0000,20651.1000,0.0000,5.0000,5.3357,0.0000,0.0000,20647.2400,0.0000,6,1,0
73.8644,1.7156,0.0000,5.0000,5.3357,0.0000,0.0000,14233.2000,0.0000,5.0000,5.3357,0.0000,0.0000,14231.4844,0.0000,6,1,0
74.1217,0.4289,0.0000,5.0000,5.3357,0.0000,0.0000,14233.2000,0.0000,5.0000,5.3357,0.0000,0.0000,14232.7711,0.0000,6,1,0
74.3790,0.0000,0.0000,5.0000,5.3357,0.0000,0.0000,14233.2000,0.0000,5.0000,5.3357,0.0000,0.0000,14233.2000,0.0000,6,1,0
74.3790,0.0000,0.0000,5.0000,5.3357,0.0000,0.0000,14233.2000,0.0000,5.0000,5.3357,0.0000,0.0000,14233.2000,0.0000,6,0,0
