t,planned_x,planned_y,planned_z,planned_p1,planned_p2,planned_p3,actual_x,actual_y,actual_z,actual_p1,actual_p2,actual_p3,tracking_error_xy,tracking_error_z,segment_id,is_travel,is_retract
0.0000,0.0000,0.0000,5.0000,0.0000,0.0000,0.0000,0.0000,0.0000,0.0000,0.0000,0.0000,0.0000,0.0000,5.0000,0,0,0
0.2877,10.7222,5.3611,5.0000,0.0000,0.0000,0.0000,0.0000,0.0000,3.1090,0.0000,0.0000,0.0000,11.9878,1.8910,1,1,0
0.5754,27.8778,13.9389,5.0000,0.0000,0.0000,0.0000,1732.1000,887.1000,4.9509,0.0000,0.0000,0.0000,1914.8848,0.0491,1,1,0
0.8631,38.6000,19.3000,5.0000,0.0000,0.0000,0.0000,1909.8000,961.9000,4.9990,0.0000,0.0000,0.0000,2095.2050,0.0010,1,1,0
1.1631,38.6000,19.3000,5.0000,0.0000,0.0000,0.0000,7976.8000,4229.8000,5.0000,0.0000,0.0000,0.0000,8985.7292,0.0000,1,0,0
1.2881,38.6000,19.3000,4.7500,0.0000,0.0000,0.0000,38600.0000,19300.0000,5.0000,0.0000,0.0000,0.0000,43112.9559,0.2500,1,1,0
1.4132,38.6000,19.3000,4.4999,0.0000,0.0000,0.0000,38600.0000,19300.0000,5.0000,0.0000,0.0000,0.0000,43112.9559,0.5001,1,1,0
1.6720,38.6000,19.3000,4.4618,0.0000,0.0000,0.0000,38600.0000,19300.0000,5.0000,0.0000,0.0000,0.0000,43112.9559,0.5382,1,1,0
1.9308,38.6000,19.3000,4.3477,0.0000,0.0000,0.0000,38600.0000,19300.0000,5.0000,0.0000,0.0000,0.0000,43112.9559,0.6523,1,1,0
2.1896,38.6000,19.3000,4.1573,0.0000,0.0000,0.0000,38600.0000,19300.0000,5.0000,0.0000,0.0000,0.0000,43112.9559,0.8427,1,1,0
2.4484,38.6000,19.3000,3.8529,0.0000,0.0000,0.0000,38600.0000,19300.0000,5.0000,0.0000,0.0000,0.0000,43112.9559,1.1471,1,1,0
2.7073,38.6000,19.3000,3.5078,0.0000,0.0000,0.0000,38600.0000,19300.0000,5.0000,0.0000,0.0000,0.0000,43112.9559,1.4922,1,1,0
2.9661,38.6000,19.3000,3.1627,0.0000,0.0000,0.0000,38600.0000,19300.0000,5.0000,0.0000,0.0000,0.0000,43112.9559,1.8373,1,1,0
3.2249,38.6000,19.3000,2.8176,0.0000,0.0000,0.0000,38600.0000,19300.0000,5.0000,0.0000,0.0000,0.0000,43112.9559,2.1824,1,1,0
3.4837,38.6000,19.3000,2.4725,0.0000,0.0000,0.0000,38600.0000,19300.0000,5.0000,0.0000,0.0000,0.0000,43112.9559,2.5275,1,1,0
3.7425,38.6000,19.3000,2.1274,0.0000,0.0000,0.0000,38600.0000,19300.0000,5.0000,0.0000,0.0000,0.0000,43112.9559,2.8726,1,1,0
4.0013,38.6000,19.3000,1.7823,0.0000,0.0000,0.0000,38600.0000,19300.0000,3.7835,0.0000,0.0000,0.0000,43112.9559,2.0012,1,1,0
4.2602,38.6000,19.3000,1.4372,0.0000,0.0000,0.0000,38600.0000,19300.0000,3.7835,0.0000,0.0000,0.0000,43112.9559,2.3463,1,1,0
4.5190,38.6000,19.3000,1.0921,0.0000,0.0000,0.0000,38600.0000,19300.0000,1.7670,0.0000,0.0000,0.0000,43112.9559,0.6749,1,1,0
4.7778,38.6000,19.3000,0.7470,0.0000,0.0000,0.0000,38600.0000,19300.0000,1.2108,0.0000,0.0000,0.0000,43112.9559,0.4638,1,1,0
5.0366,38.6000,19.3000,0.4426,0.0000,0.0000,0.0000,38600.0000,19300.0000,0.8232,0.0000,0.0000,0.0000,43112.9559,0.3806,1,1,0
5.2954,38.6000,19.3000,0.2522,0.0000,0.0000,0.0000,38600.0000,19300.0000,0.4696,0.0000,0.0000,0.0000,43112.9559,0.2174,1,1,0
5.5543,38.6000,19.3000,0.1381,0.0000,0.0000,0.0000,38600.0000,19300.0000,0.4696,0.0000,0.0000,0.0000,43112.9559,0.3315,1,1,0
5.8131,38.6000,19.3000,0.1000,0.0000,0.0000,0.0000,38600.0000,19300.0000,0.2113,0.0000,0.0000,0.0000,43112.9559,0.1113,1,1,0
5.8645,38.6000,19.3000,0.1000,0.0055,0.0000,0.0000,38600.0000,19300.0000,0.2113,0.0000,0.0000,0.0000,43112.9559,0.1113,1,0,0
5.9159,38.6000,19.3000,0.1000,0.0219,0.0000,0.0000,38600.0000,19300.0000,0.2113,0.0000,0.0000,0.0000,43112.9559,0.1113,1,0,0
5.9673,38.6000,19.3000,0.1000,0.0493,0.0000,0.0000,38600.0000,19300.0000,0.1137,0.0047,0.0000,0.0000,43112.9559,0.0137,1,0,0
6.0187,38.6000,19.3000,0.1000,0.0877,0.0000,0.0000,38600.0000,19300.0000,0.1137,0.0047,0.0000,0.0000,43112.9559,0.0137,1,0,0
6.0700,38.6000,19.3000,0.1000,0.1410,0.0000,0.0000,38600.0000,19300.0000,0.1137,0.0047,0.0000,0.0000,43112.9559,0.0137,1,0,0
6.1214,38.6000,19.3000,0.1000,0.2009,0.0000,0.0000,38600.0000,19300.0000,0.1137,0.0047,0.0000,0.0000,43112.9559,0.0137,1,0,0
6.1728,38.6000,19.3000,0.1000,0.2608,0.0000,0.0000,38600.0000,19300.0000,0.1137,0.0047,0.0000,0.0000,43112.9559,0.0137,1,0,0
6.2242,38.6000,19.3000,0.1000,0.3207,0.0000,0.0000,38600.0000,19300.0000,0.1137,0.0047,0.0000,0.0000,43112.9559,0.0137,1,0,0
6.2756,38.6000,19.3000,0.1000,0.3806,0.0000,0.0000,38600.0000,19300.0000,0.1004,0.2283,0.0000,0.0000,43112.9559,0.0004,1,0,0
6.3270,38.6000,19.3000,0.1000,0.4405,0.0000,0.0000,38600.0000,19300.0000,0.1004,0.2283,0.0000,0.0000,43112.9559,0.0004,1,0,0
6.3784,38.6000,19.3000,0.1000,0.5004,0.0000,0.0000,38600.0000,19300.0000,0.1004,0.2283,0.0000,0.0000,43112.9559,0.0004,1,0,0
6.4298,38.6000,19.3000,0.1000,0.5603,0.0000,0.0000,38600.0000,19300.0000,0.1004,0.2283,0.0000,0.0000,43112.9559,0.0004,1,0,0
6.4812,38.6000,19.3000,0.1000,0.6203,0.0000,0.0000,38600.0000,19300.0000,0.1004,0.2283,0.0000,0.0000,43112.9559,0.0004,1,0,0
6.5326,38.6000,19.3000,0.1000,0.6802,0.0000,0.0000,38600.0000,19300.0000,0.1004,0.2283,0.0000,0.0000,43112.9559,0.0004,1,0,0
6.5840,38.6000,19.3000,0.1000,0.7401,0.0000,0.0000,38600.0000,19300.0000,0.1004,0.2283,0.0000,0.0000,43112.9559,0.0004,1,0,0
6.6354,38.6000,19.3000,0.1000,0.8000,0.0000,0.0000,38600.0000,19300.0000,0.1000,0.5956,0.0000,0.0000,43112.9559,0.0000,1,0,0
6.6868,38.6000,19.3000,0.1000,0.8599,0.0000,0.0000,38600.0000,19300.0000,0.1000,0.5956,0.0000,0.0000,43112.9559,0.0000,1,0,0
6.7382,38.6000,19.3000,0.1000,0.9198,0.0000,0.0000,38600.0000,19300.0000,0.1000,0.5956,0.0000,0.0000,43112.9559,0.0000,1,0,0
6.7896,38.6000,19.3000,0.1000,0.9797,0.0000,0.0000,38600.0000,19300.0000,0.1000,0.5956,0.0000,0.0000,43112.9559,0.0000,1,0,0
6.8410,38.6000,19.3000,0.1000,1.0396,0.0000,0.0000,38600.0000,19300.0000,0.1000,0.5956,0.0000,0.0000,43112.9559,0.0000,1,0,0
6.8924,38.6000,19.3000,0.1000,1.0996,0.0000,0.0000,38600.0000,19300.0000,0.1000,0.5956,0.0000,0.0000,43112.9559,0.0000,1,0,0
6.9438,38.6000,19.3000,0.1000,1.1595,0.0000,0.0000,38600.0000,19300.0000,0.1000,0.9757,0.0000,0.0000,43112.9559,0.0000,1,0,0
6.9951,38.6000,19.3000,0.1000,1.2194,0.0000,0.0000,38600.0000,19300.0000,0.1000,0.9757,0.0000,0.0000,43112.9559,0.0000,1,0,0
7.0465,38.6000,19.3000,0.1000,1.2793,0.0000,0.0000,38600.0000,19300.0000,0.1000,0.9757,0.0000,0.0000,43112.9559,0.0000,1,0,0
7.0979,38.6000,19.3000,0.1000,1.3392,0.0000,0.0000,38600.0000,19300.0000,0.1000,0.9757,0.0000,0.0000,43112.9559,0.0000,1,0,0
7.1493,38.6000,19.3000,0.1000,1.3925,0.0000,0.0000,38600.0000,19300.0000,0.1000,0.9757,0.0000,0.0000,43112.9559,0.0000,1,0,0
7.2007,38.6000,19.3000,0.1000,1.4308,0.0000,0.0000,38600.0000,19300.0000,0.1000,0.9757,0.0000,0.0000,43112.9559,0.0000,1,0,0
7.2521,38.6000,19.3000,0.1000,1.4582,0.0000,0.0000,38600.0000,19300.0000,0.1000,1.3463,0.0000,0.0000,43112.9559,0.0000,1,0,0
7.3035,38.6000,19.3000,0.1000,1.4747,0.0000,0.0000,38600.0000,19300.0000,0.1000,1.3463,0.0000,0.0000,43112.9559,0.0000,1,0,0
7.3549,38.6000,19.3000,0.1000,1.4802,0.0000,0.0000,38600.0000,19300.0000,0.1000,1.3463,0.0000,0.0000,43112.9559,0.0000,1,0,0
7.8549,38.6000,19.3000,0.1000,1.4802,0.0000,0.0000,38600.0000,19300.0000,0.1000,1.4757,0.0000,0.0000,43112.9559,0.0000,1,0,0
8.1137,38.6000,19.3000,0.1381,1.4802,0.0000,0.0000,38600.0000,19300.0000,0.1000,1.4800,0.0000,0.0000,43112.9559,0.0381,1,1,0
8.3725,38.6000,19.3000,0.2522,1.4802,0.0000,0.0000,38600.0000,19300.0000,0.1233,1.4802,0.0000,0.0000,43112.9559,0.1289,1,1,0
8.6314,38.6000,19.3000,0.4426,1.4802,0.0000,0.0000,38600.0000,19300.0000,0.2318,1.4802,0.0000,0.0000,43112.9559,0.2108,1,1,0
8.8902,38.6000,19.3000,0.7470,1.4802,0.0000,0.0000,38600.0000,19300.0000,0.4278,1.4802,0.0000,0.0000,43112.9559,0.3192,1,1,0
9.1490,38.6000,19.3000,1.0921,1.4802,0.0000,0.0000,38600.0000,19300.0000,0.4278,1.4802,0.0000,0.0000,43112.9559,0.6643,1,1,0
9.4078,38.6000,19.3000,1.4372,1.4802,0.0000,0.0000,38600.0000,19300.0000,0.8734,1.4802,0.0000,0.0000,43112.9559,0.5638,1,1,0
9.6666,38.6000,19.3000,1.7823,1.4802,0.0000,0.0000,38600.0000,19300.0000,1.3260,1.4802,0.0000,0.0000,43112.9559,0.4563,1,1,0
9.9255,38.6000,19.3000,2.1274,1.4802,0.0000,0.0000,38600.0000,19300.0000,1.7234,1.4802,0.0000,0.0000,43112.9559,0.4040,1,1,0
10.1843,38.6000,19.3000,2.4725,1.4802,0.0000,0.0000,38600.0000,19300.0000,1.7234,1.4802,0.0000,0.0000,43112.9559,0.7491,1,1,0
10.4431,38.6000,19.3000,2.8176,1.4802,0.0000,0.0000,38600.0000,19300.0000,2.1041,1.4802,0.0000,0.0000,43112.9559,0.7135,1,1,0
10.7019,38.6000,19.3000,3.1627,1.4802,0.0000,0.0000,38600.0000,19300.0000,2.6289,1.4802,0.0000,0.0000,43112.9559,0.5338,1,1,0
10.9607,38.6000,19.3000,3.5078,1.4802,0.0000,0.0000,38600.0000,19300.0000,3.0668,1.4802,0.0000,0.0000,43112.9559,0.4410,1,1,0
11.2195,38.6000,19.3000,3.8529,1.4802,0.0000,0.0000,38600.0000,19300.0000,3.4624,1.4802,0.0000,0.0000,43112.9559,0.3905,1,1,0
11.4784,38.6000,19.3000,4.1573,1.4802,0.0000,0.0000,38600.0000,19300.0000,3.4624,1.4802,0.0000,0.0000,43112.9559,0.6949,1,1,0
11.7372,38.6000,19.3000,4.3477,1.4802,0.0000,0.0000,38600.0000,19300.0000,3.8672,1.4802,0.0000,0.0000,43112.9559,0.4805,1,1,0
11.9960,38.6000,19.3000,4.4618,1.4802,0.0000,0.0000,38600.0000,19300.0000,4.2515,1.4802,0.0000,0.0000,43112.9559,0.2103,1,1,0
12.2548,38.6000,19.3000,4.4999,1.4802,0.0000,0.0000,38600.0000,19300.0000,4.4361,1.4802,0.0000,0.0000,43112.9559,0.0638,1,1,0
12.3798,38.6000,19.3000,4.7500,1.4802,0.0000,0.0000,38600.0000,19300.0000,4.4361,1.4802,0.0000,0.0000,43112.9559,0.3139,1,1,0
12.5049,38.6000,19.3000,5.0000,1.4802,0.0000,0.0000,38600.0000,19300.0000,4.6322,1.4802,0.0000,0.0000,43112.9559,0.3678,1,1,0
12.6979,38.6000,9.6500,5.0000,1.4802,0.0000,0.0000,38600.0000,19300.0000,4.6322,1.4802,0.0000,0.0000,43117.2723,0.3678,2,1,0
12.8909,38.6000,0.0000,5.0000,1.4802,0.0000,0.0000,38600.0000,18359.1000,4.9855,1.4802,0.0000,0.0000,42708.7593,0.0145,2,1,0
13.1909,38.6000,0.0000,5.0000,1.4802,0.0000,0.0000,38600.0000,17955.5000,4.9995,1.4802,0.0000,0.0000,42536.8258,0.0005,2,0,0
13.3159,38.6000,0.0000,4.7500,1.4802,0.0000,0.0000,38600.0000,17875.8000,5.0000,1.4802,0.0000,0.0000,42503.2445,0.2500,2,1,0
13.4409,38.6000,0.0000,4.4999,1.4802,0.0000,0.0000,38600.0000,17830.5000,5.0000,1.4802,0.0000,0.0000,42484.2124,0.5001,2,1,0
13.6997,38.6000,0.0000,4.4618,1.4802,0.0000,0.0000,38600.0000,17830.5000,4.8388,1.4802,0.0000,0.0000,42484.2124,0.3770,2,1,0
13.9585,38.6000,0.0000,4.3477,1.4802,0.0000,0.0000,38600.0000,17830.5000,4.8388,1.4802,0.0000,0.0000,42484.2124,0.4911,2,1,0
14.2174,38.6000,0.0000,4.1573,1.4802,0.0000,0.0000,38600.0000,11354.9000,4.8388,1.4802,0.0000,0.0000,40198.4493,0.6815,2,1,0
14.4762,38.6000,0.0000,3.8529,1.4802,0.0000,0.0000,38600.0000,11354.9000,4.3963,1.4802,0.0000,0.0000,40198.4493,0.5434,2,1,0
14.7350,38.6000,0.0000,3.5078,1.4802,0.0000,0.0000,38600.0000,11354.9000,4.3963,1.4802,0.0000,0.0000,40198.4493,0.8885,2,1,0
14.9938,38.6000,0.0000,3.1627,1.4802,0.0000,0.0000,38600.0000,5032.9000,4.3963,1.4802,0.0000,0.0000,38888.4514,1.2336,2,1,0
15.2526,38.6000,0.0000,2.8176,1.4802,0.0000,0.0000,38600.0000,5032.9000,3.6389,1.4802,0.0000,0.0000,38888.4514,0.8213,2,1,0
15.5115,38.6000,0.0000,2.4725,1.4802,0.0000,0.0000,38600.0000,5032.9000,3.6389,1.4802,0.0000,0.0000,38888.4514,1.1664,2,1,0
15.7703,38.6000,0.0000,2.1274,1.4802,0.0000,0.0000,38600.0000,-33.3000,3.6389,1.4802,0.0000,0.0000,38561.4144,1.5115,2,1,0
16.0291,38.6000,0.0000,1.7823,1.4802,0.0000,0.0000,38600.0000,-33.3000,2.5581,1.4802,0.0000,0.0000,38561.4144,0.7758,2,1,0
16.2879,38.6000,0.0000,1.4372,1.4802,0.0000,0.0000,38600.0000,-33.3000,2.5581,1.4802,0.0000,0.0000,38561.4144,1.1209,2,1,0
16.5467,38.6000,0.0000,1.0921,1.4802,0.0000,0.0000,38600.0000,0.0000,2.5581,1.4802,0.0000,0.0000,38561.4000,1.4660,2,1,0
16.8055,38.6000,0.0000,0.7470,1.4802,0.0000,0.0000,38600.0000,0.0000,1.5449,1.4802,0.0000,0.0000,38561.4000,0.7979,2,1,0
17.0644,38.6000,0.0000,0.4426,1.4802,0.0000,0.0000,38600.0000,0.0000,1.5449,1.4802,0.0000,0.0000,38561.4000,1.1023,2,1,0
17.3232,38.6000,0.0000,0.2522,1.4802,0.0000,0.0000,38600.0000,0.0000,1.5449,1.4802,0.0000,0.0000,38561.4000,1.2927,2,1,0
17.5820,38.6000,0.0000,0.1381,1.4802,0.0000,0.0000,38600.0000,0.0000,1.5449,1.4802,0.0000,0.0000,38561.4000,1.4068,2,1,0
17.8408,38.6000,0.0000,0.1000,1.4802,0.0000,0.0000,38600.0000,0.0000,1.5449,1.4802,0.0000,0.0000,38561.4000,1.4449,2,1,0
22.8408,38.6000,0.0000,0.1000,1.4802,0.0000,0.0000,38600.0000,0.0000,1.5449,1.4802,0.0000,0.0000,38561.4000,1.4449,2,0,0
23.0996,38.6000,0.0000,0.1381,1.4802,0.0000,0.0000,38600.0000,0.0000,1.5449,1.4802,0.0000,0.0000,38561.4000,1.4068,2,1,0
23.3584,38.6000,0.0000,0.2522,1.4802,0.0000,0.0000,38600.0000,0.0000,1.5449,1.4802,0.0000,0.0000,38561.4000,1.2927,2,1,0
23.6173,38.6000,0.0000,0.4426,1.4802,0.0000,0.0000,38600.0000,0.0000,1.5449,1.4802,0.0000,0.0000,38561.4000,1.1023,2,1,0
23.8761,38.6000,0.0000,0.7470,1.4802,0.0000,0.0000,38600.0000,0.0000,1.5449,1.4802,0.0000,0.0000,38561.4000,0.7979,2,1,0
24.1349,38.6000,0.0000,1.0921,1.4802,0.0000,0.0000,38600.0000,0.0000,1.5449,1.4802,0.0000,0.0000,38561.4000,0.4528,2,1,0
24.3937,38.6000,0.0000,1.4372,1.4802,0.0000,0.0000,38600.0000,0.0000,1.5449,1.4802,0.0000,0.0000,38561.4000,0.1077,2,1,0
24.6525,38.6000,0.0000,1.7823,1.4802,0.0000,0.0000,38600.0000,0.0000,1.5449,1.4802,0.0000,0.0000,38561.4000,0.2374,2,1,0
24.9114,38.6000,0.0000,2.1274,1.4802,0.0000,0.0000,38600.0000,0.0000,1.5449,1.4802,0.0000,0.0000,38561.4000,0.5825,2,1,0
25.1702,38.6000,0.0000,2.4725,1.4802,0.0000,0.0000,38600.0000,0.0000,1.5449,1.4802,0.0000,0.0000,38561.4000,0.9276,2,1,0
25.4290,38.6000,0.0000,2.8176,1.4802,0.0000,0.0000,38600.0000,0.0000,1.3514,1.4802,0.0000,0.0000,38561.4000,1.4662,2,1,0
25.6878,38.6000,0.0000,3.1627,1.4802,0.0000,0.0000,38600.0000,0.0000,1.3514,1.4802,0.0000,0.0000,38561.4000,1.8113,2,1,0
25.9466,38.6000,0.0000,3.5078,1.4802,0.0000,0.0000,38600.0000,0.0000,1.3514,1.4802,0.0000,0.0000,38561.4000,2.1564,2,1,0
26.2054,38.6000,0.0000,3.8529,1.4802,0.0000,0.0000,38600.0000,0.0000,1.3514,1.4802,0.0000,0.0000,38561.4000,2.5015,2,1,0
26.4643,38.6000,0.0000,4.1573,1.4802,0.0000,0.0000,38600.0000,0.0000,1.3514,1.4802,0.0000,0.0000,38561.4000,2.8059,2,1,0
26.7231,38.6000,0.0000,4.3477,1.4802,0.0000,0.0000,38600.0000,0.0000,1.3514,1.4802,0.0000,0.0000,38561.4000,2.9963,2,1,0
26.9819,38.6000,0.0000,4.4618,1.4802,0.0000,0.0000,38600.0000,0.0000,1.3514,1.4802,0.0000,0.0000,38561.4000,3.1104,2,1,0
27.2407,38.6000,0.0000,4.4999,1.4802,0.0000,0.0000,38600.0000,0.0000,1.3514,1.4802,0.0000,0.0000,38561.4000,3.1485,2,1,0
27.3657,38.6000,0.0000,4.7500,1.4802,0.0000,0.0000,38600.0000,0.0000,1.3514,1.4802,0.0000,0.0000,38561.4000,3.3986,2,1,0
27.4908,38.6000,0.0000,5.0000,1.4802,0.0000,0.0000,38600.0000,0.0000,1.3514,1.4802,0.0000,0.0000,38561.4000,3.6486,2,1,0
27.7637,28.9500,9.6500,5.0000,1.4802,0.0000,0.0000,38600.0000,0.0000,1.3514,1.4802,0.0000,0.0000,38571.0512,3.6486,3,1,0
28.0366,19.3000,19.3000,5.0000,1.4802,0.0000,0.0000,38354.0000,246.0000,1.3514,1.4802,0.0000,0.0000,38335.3703,3.6486,3,1,0
28.3366,19.3000,19.3000,5.0000,1.4802,0.0000,0.0000,38354.0000,246.0000,4.8602,1.4802,0.0000,0.0000,38335.3703,0.1398,3,0,0
28.4617,19.3000,19.3000,4.7500,1.4802,0.0000,0.0000,33882.6000,4717.4000,5.0000,1.4802,0.0000,0.0000,34187.6473,0.2500,3,1,0
28.5867,19.3000,19.3000,4.4999,1.4802,0.0000,0.0000,33882.6000,4717.4000,5.0000,1.4802,0.0000,0.0000,34187.6473,0.5001,3,1,0
28.8455,19.3000,19.3000,4.4618,1.4802,0.0000,0.0000,33882.6000,4717.4000,5.0000,1.4802,0.0000,0.0000,34187.6473,0.5382,3,1,0
29.1043,19.3000,19.3000,4.3477,1.4802,0.0000,0.0000,32433.2000,6166.8000,5.0000,1.4802,0.0000,0.0000,32991.7061,0.6523,3,1,0
29.3632,19.3000,19.3000,4.1573,1.4802,0.0000,0.0000,32433.2000,6166.8000,4.5125,1.4802,0.0000,0.0000,32991.7061,0.3552,3,1,0
29.6220,19.3000,19.3000,3.8529,1.4802,0.0000,0.0000,32433.2000,6166.8000,4.5125,1.4802,0.0000,0.0000,32991.7061,0.6596,3,1,0
29.8808,19.3000,19.3000,3.5078,1.4802,0.0000,0.0000,27429.9000,11170.1000,4.5125,1.4802,0.0000,0.0000,29591.9133,1.0047,3,1,0
30.1396,19.3000,19.3000,3.1627,1.4802,0.0000,0.0000,27429.9000,11170.1000,3.9688,1.4802,0.0000,0.0000,29591.9133,0.8061,3,1,0
30.3984,19.3000,19.3000,2.8176,1.4802,0.0000,0.0000,27429.9000,11170.1000,3.9688,1.4802,0.0000,0.0000,29591.9133,1.1512,3,1,0
30.6572,19.3000,19.3000,2.4725,1.4802,0.0000,0.0000,23211.5000,15388.5000,3.9688,1.4802,0.0000,0.0000,27822.4810,1.4963,3,1,0
30.9161,19.3000,19.3000,2.1274,1.4802,0.0000,0.0000,23211.5000,15388.5000,2.9253,1.4802,0.0000,0.0000,27822.4810,0.7979,3,1,0
31.1749,19.3000,19.3000,1.7823,1.4802,0.0000,0.0000,23211.5000,15388.5000,2.9253,1.4802,0.0000,0.0000,27822.4810,1.1430,3,1,0
31.4337,19.3000,19.3000,1.4372,1.4802,0.0000,0.0000,19327.2000,19272.8000,2.9253,1.4802,0.0000,0.0000,27267.0546,1.4881,3,1,0
31.6925,19.3000,19.3000,1.0921,1.4802,0.0000,0.0000,19327.2000,19272.8000,1.9036,1.4802,0.0000,0.0000,27267.0546,0.8115,3,1,0
31.9513,19.3000,19.3000,0.7470,1.4802,0.0000,0.0000,19327.2000,19272.8000,1.9036,1.4802,0.0000,0.0000,27267.0546,1.1566,3,1,0
32.2101,19.3000,19.3000,0.4426,1.4802,0.0000,0.0000,19327.2000,19272.8000,1.9036,1.4802,0.0000,0.0000,27267.0546,1.4610,3,1,0
32.4690,19.3000,19.3000,0.2522,1.4802,0.0000,0.0000,19327.2000,19272.8000,1.9036,1.4802,0.0000,0.0000,27267.0546,1.6514,3,1,0
32.7278,19.3000,19.3000,0.1381,1.4802,0.0000,0.0000,19327.2000,19272.8000,1.9036,1.4802,0.0000,0.0000,27267.0546,1.7655,3,1,0
32.9866,19.3000,19.3000,0.1000,1.4802,0.0000,0.0000,19327.2000,19272.8000,1.9036,1.4802,0.0000,0.0000,27267.0546,1.8036,3,1,0
33.0380,19.3000,19.3000,0.1000,1.4747,0.0000,0.0000,19327.2000,19272.8000,1.9036,1.4802,0.0000,0.0000,27267.0546,1.8036,3,0,0
33.0894,19.3000,19.3000,0.1000,1.4582,0.0000,0.0000,19327.2000,19272.8000,1.9036,1.4802,0.0000,0.0000,27267.0546,1.8036,3,0,0
33.1408,19.3000,19.3000,0.1000,1.4308,0.0000,0.0000,19327.2000,19272.8000,1.9036,1.4802,0.0000,0.0000,27267.0546,1.8036,3,0,0
33.1922,19.3000,19.3000,0.1000,1.3925,0.0000,0.0000,19327.2000,19272.8000,1.9036,1.4802,0.0000,0.0000,27267.0546,1.8036,3,0,0
33.2436,19.3000,19.3000,0.1000,1.3392,0.0000,0.0000,19327.2000,19272.8000,1.9036,1.4802,0.0000,0.0000,27267.0546,1.8036,3,0,0
33.2950,19.3000,19.3000,0.1000,1.2793,0.0000,0.0000,19327.2000,19272.8000,1.9036,1.4802,0.0000,0.0000,27267.0546,1.8036,3,0,0
33.3464,19.3000,19.3000,0.1000,1.2194,0.0000,0.0000,19300.0000,19300.0000,1.9036,1.4802,0.0000,0.0000,27267.0274,1.8036,3,0,0
33.3978,19.3000,19.3000,0.1000,1.1595,0.0000,0.0000,19300.0000,19300.0000,1.9036,1.4802,0.0000,0.0000,27267.0274,1.8036,3,0,0
33.4491,19.3000,19.3000,0.1000,1.0996,0.0000,0.0000,19300.0000,19300.0000,0.2271,1.3978,0.0000,0.0000,27267.0274,0.1271,3,0,0
33.5005,19.3000,19.3000,0.1000,1.0396,0.0000,0.0000,19300.0000,19300.0000,0.2271,1.3978,0.0000,0.0000,27267.0274,0.1271,3,0,0
33.5519,19.3000,19.3000,0.1000,0.9797,0.0000,0.0000,19300.0000,19300.0000,0.2271,1.3978,0.0000,0.0000,27267.0274,0.1271,3,0,0
33.6033,19.3000,19.3000,0.1000,0.9198,0.0000,0.0000,19300.0000,19300.0000,0.2271,1.3978,0.0000,0.0000,27267.0274,0.1271,3,0,0
33.6547,19.3000,19.3000,0.1000,0.8599,0.0000,0.0000,19300.0000,19300.0000,0.2271,1.3978,0.0000,0.0000,27267.0274,0.1271,3,0,0
33.7061,19.3000,19.3000,0.1000,0.8000,0.0000,0.0000,19300.0000,19300.0000,0.2271,1.3978,0.0000,0.0000,27267.0274,0.1271,3,0,0
33.7575,19.3000,19.3000,0.1000,0.7401,0.0000,0.0000,19300.0000,19300.0000,0.2271,1.3978,0.0000,0.0000,27267.0274,0.1271,3,0,0
33.8089,19.3000,19.3000,0.1000,0.6802,0.0000,0.0000,19300.0000,19300.0000,0.2271,1.3978,0.0000,0.0000,27267.0274,0.1271,3,0,0
33.8603,19.3000,19.3000,0.1000,0.6203,0.0000,0.0000,19300.0000,19300.0000,0.2271,1.3978,0.0000,0.0000,27267.0274,0.1271,3,0,0
33.9117,19.3000,19.3000,0.1000,0.5603,0.0000,0.0000,19300.0000,19300.0000,0.2271,1.3978,0.0000,0.0000,27267.0274,0.1271,3,0,0
33.9631,19.3000,19.3000,0.1000,0.5004,0.0000,0.0000,19300.0000,19300.0000,0.2271,1.3978,0.0000,0.0000,27267.0274,0.1271,3,0,0
34.0145,19.3000,19.3000,0.1000,0.4405,0.0000,0.0000,19300.0000,19300.0000,0.2271,1.3978,0.0000,0.0000,27267.0274,0.1271,3,0,0
34.0659,19.3000,19.3000,0.1000,0.3806,0.0000,0.0000,19300.0000,19300.0000,0.2271,1.3978,0.0000,0.0000,27267.0274,0.1271,3,0,0
34.1173,19.3000,19.3000,0.1000,0.3207,0.0000,0.0000,19300.0000,19300.0000,0.2271,1.3978,0.0000,0.0000,27267.0274,0.1271,3,0,0
34.1687,19.3000,19.3000,0.1000,0.2608,0.0000,0.0000,19300.0000,19300.0000,0.2271,1.3978,0.0000,0.0000,27267.0274,0.1271,3,0,0
34.2201,19.3000,19.3000,0.1000,0.2009,0.0000,0.0000,19300.0000,19300.0000,0.2271,1.3978,0.0000,0.0000,27267.0274,0.1271,3,0,0
34.2715,19.3000,19.3000,0.1000,0.1410,0.0000,0.0000,19300.0000,19300.0000,0.2271,1.3978,0.0000,0.0000,27267.0274,0.1271,3,0,0
34.3229,19.3000,19.3000,0.1000,0.0877,0.0000,0.0000,19300.0000,19300.0000,0.1035,0.4882,0.0000,0.0000,27267.0274,0.0035,3,0,0
34.3743,19.3000,19.3000,0.1000,0.0493,0.0000,0.0000,19300.0000,19300.0000,0.1035,0.4882,0.0000,0.0000,27267.0274,0.0035,3,0,0
34.4256,19.3000,19.3000,0.1000,0.0219,0.0000,0.0000,19300.0000,19300.0000,0.1035,0.4882,0.0000,0.0000,27267.0274,0.0035,3,0,0
34.4770,19.3000,19.3000,0.1000,0.0055,0.0000,0.0000,19300.0000,19300.0000,0.1035,0.4882,0.0000,0.0000,27267.0274,0.0035,3,0,0
34.5284,19.3000,19.3000,0.1000,0.0000,0.0000,0.0000,19300.0000,19300.0000,0.1035,0.4882,0.0000,0.0000,27267.0274,0.0035,3,0,0
35.5284,19.3000,19.3000,0.1000,0.0000,0.0000,0.0000,19300.0000,19300.0000,0.1035,0.4882,0.0000,0.0000,27267.0274,0.0035,3,0,0
35.7873,19.3000,19.3000,0.1381,0.0000,0.0000,0.0000,19300.0000,19300.0000,0.1035,0.4882,0.0000,0.0000,27267.0274,0.0346,3,1,0
36.0461,19.3000,19.3000,0.2522,0.0000,0.0000,0.0000,19300.0000,19300.0000,0.1035,0.4882,0.0000,0.0000,27267.0274,0.1487,3,1,0
36.3049,19.3000,19.3000,0.4426,0.0000,0.0000,0.0000,19300.0000,19300.0000,0.1035,0.4882,0.0000,0.0000,27267.0274,0.3391,3,1,0
36.5637,19.3000,19.3000,0.7470,0.0000,0.0000,0.0000,19300.0000,19300.0000,0.1035,0.4882,0.0000,0.0000,27267.0274,0.6435,3,1,0
36.8225,19.3000,19.3000,1.0921,0.0000,0.0000,0.0000,19300.0000,19300.0000,0.1035,0.4882,0.0000,0.0000,27267.0274,0.9886,3,1,0
37.0813,19.3000,19.3000,1.4372,0.0000,0.0000,0.0000,19300.0000,19300.0000,0.1035,0.4882,0.0000,0.0000,27267.0274,1.3337,3,1,0
37.3402,19.3000,19.3000,1.7823,0.0000,0.0000,0.0000,19300.0000,19300.0000,0.1035,0.4882,0.0000,0.0000,27267.0274,1.6788,3,1,0
37.5990,19.3000,19.3000,2.1274,0.0000,0.0000,0.0000,19300.0000,19300.0000,0.1035,0.4882,0.0000,0.0000,27267.0274,2.0239,3,1,0
37.8578,19.3000,19.3000,2.4725,0.0000,0.0000,0.0000,19300.0000,19300.0000,0.1035,0.4882,0.0000,0.0000,27267.0274,2.3690,3,1,0
38.1166,19.3000,19.3000,2.8176,0.0000,0.0000,0.0000,19300.0000,19300.0000,0.1035,0.4882,0.0000,0.0000,27267.0274,2.7141,3,1,0
38.3754,19.3000,19.3000,3.1627,0.0000,0.0000,0.0000,19300.0000,19300.0000,0.1035,0.4882,0.0000,0.0000,27267.0274,3.0592,3,1,0
38.6342,19.3000,19.3000,3.5078,0.0000,0.0000,0.0000,19300.0000,19300.0000,0.1035,0.4882,0.0000,0.0000,27267.0274,3.4043,3,1,0
38.8931,19.3000,19.3000,3.8529,0.0000,0.0000,0.0000,19300.0000,19300.0000,0.1035,0.4882,0.0000,0.0000,27267.0274,3.7494,3,1,0
39.1519,19.3000,19.3000,4.1573,0.0000,0.0000,0.0000,19300.0000,19300.0000,1.8908,0.0242,0.0000,0.0000,27267.0274,2.2665,3,1,0
39.4107,19.3000,19.3000,4.3477,0.0000,0.0000,0.0000,19300.0000,19300.0000,1.8908,0.0242,0.0000,0.0000,27267.0274,2.4569,3,1,0
39.6695,19.3000,19.3000,4.4618,0.0000,0.0000,0.0000,19300.0000,19300.0000,1.8908,0.0242,0.0000,0.0000,27267.0274,2.5710,3,1,0
39.9283,19.3000,19.3000,4.4999,0.0000,0.0000,0.0000,19300.0000,19300.0000,1.8908,0.0242,0.0000,0.0000,27267.0274,2.6091,3,1,0
40.0534,19.3000,19.3000,4.7500,0.0000,0.0000,0.0000,19300.0000,19300.0000,1.8908,0.0242,0.0000,0.0000,27267.0274,2.8592,3,1,0
40.1784,19.3000,19.3000,5.0000,0.0000,0.0000,0.0000,19300.0000,19300.0000,1.8908,0.0242,0.0000,0.0000,27267.0274,3.1092,3,1,0
40.4513,28.9500,9.6500,5.0000,0.0000,0.0000,0.0000,19300.0000,19300.0000,1.8908,0.0242,0.0000,0.0000,27267.0308,3.1092,4,1,0
40.7243,38.6000,0.0000,5.0000,0.0000,0.0000,0.0000,19300.0000,19300.0000,1.8908,0.0242,0.0000,0.0000,27267.0411,3.1092,4,1,0
41.0243,38.6000,0.0000,5.0000,0.0000,0.0000,0.0000,21304.7000,17295.3000,1.8908,0.0242,0.0000,0.0000,27411.2096,3.1092,4,0,0
41.1493,38.6000,0.0000,4.7500,0.0000,0.0000,0.0000,24403.6000,14196.4000,5.0000,0.0055,0.0000,0.0000,28199.1312,0.2500,4,1,0
41.2743,38.6000,0.0000,4.4999,0.0000,0.0000,0.0000,24403.6000,14196.4000,5.0000,0.0055,0.0000,0.0000,28199.1312,0.5001,4,1,0
41.5331,38.6000,0.0000,4.4618,0.0000,0.0000,0.0000,24403.6000,14196.4000,5.0000,0.0055,0.0000,0.0000,28199.1312,0.5382,4,1,0
41.7920,38.6000,0.0000,4.3477,0.0000,0.0000,0.0000,27558.2000,11041.8000,5.0000,0.0055,0.0000,0.0000,29652.1455,0.6523,4,1,0
42.0508,38.6000,0.0000,4.1573,0.0000,0.0000,0.0000,27558.2000,11041.8000,4.5030,0.0055,0.0000,0.0000,29652.1455,0.3457,4,1,0
42.3096,38.6000,0.0000,3.8529,0.0000,0.0000,0.0000,27558.2000,11041.8000,4.5030,0.0055,0.0000,0.0000,29652.1455,0.6501,4,1,0
42.5684,38.6000,0.0000,3.5078,0.0000,0.0000,0.0000,27558.2000,11041.8000,4.5030,0.0055,0.0000,0.0000,29652.1455,0.9952,4,1,0
42.8272,38.6000,0.0000,3.1627,0.0000,0.0000,0.0000,32973.6000,5626.4000,4.5030,0.0055,0.0000,0.0000,33412.1326,1.3403,4,1,0
43.0860,38.6000,0.0000,2.8176,0.0000,0.0000,0.0000,32973.6000,5626.4000,3.6457,0.0055,0.0000,0.0000,33412.1326,0.8281,4,1,0
43.3449,38.6000,0.0000,2.4725,0.0000,0.0000,0.0000,32973.6000,5626.4000,3.6457,0.0055,0.0000,0.0000,33412.1326,1.1732,4,1,0
43.6037,38.6000,0.0000,2.1274,0.0000,0.0000,0.0000,38549.1000,50.9000,3.6457,0.0055,0.0000,0.0000,38510.5336,1.5183,4,1,0
43.8625,38.6000,0.0000,1.7823,0.0000,0.0000,0.0000,38549.1000,50.9000,2.6192,0.0055,0.0000,0.0000,38510.5336,0.8369,4,1,0
44.1213,38.6000,0.0000,1.4372,0.0000,0.0000,0.0000,38549.1000,50.9000,2.6192,0.0055,0.0000,0.0000,38510.5336,1.1820,4,1,0
44.3801,38.6000,0.0000,1.0921,0.0000,0.0000,0.0000,38549.1000,50.9000,2.6192,0.0055,0.0000,0.0000,38510.5336,1.5271,4,1,0
44.6390,38.6000,0.0000,0.7470,0.0000,0.0000,0.0000,38549.1000,50.9000,2.6192,0.0055,0.0000,0.0000,38510.5336,1.8722,4,1,0
44.8978,38.6000,0.0000,0.4426,0.0000,0.0000,0.0000,38549.1000,50.9000,2.6192,0.0055,0.0000,0.0000,38510.5336,2.1766,4,1,0
45.1566,38.6000,0.0000,0.2522,0.0000,0.0000,0.0000,38549.1000,50.9000,2.6192,0.0055,0.0000,0.0000,38510.5336,2.3670,4,1,0
45.4154,38.6000,0.0000,0.1381,0.0000,0.0000,0.0000,38549.1000,50.9000,2.6192,0.0055,0.0000,0.0000,38510.5336,2.4811,4,1,0
45.6742,38.6000,0.0000,0.1000,0.0000,0.0000,0.0000,38549.1000,50.9000,2.6192,0.0055,0.0000,0.0000,38510.5336,2.5192,4,1,0
50.6742,38.6000,0.0000,0.1000,0.0000,0.0000,0.0000,38549.1000,50.9000,2.6192,0.0055,0.0000,0.0000,38510.5336,2.5192,4,0,0
50.9330,38.6000,0.0000,0.1381,0.0000,0.0000,0.0000,38549.1000,50.9000,2.6192,0.0055,0.0000,0.0000,38510.5336,2.4811,4,1,0
51.1919,38.6000,0.0000,0.2522,0.0000,0.0000,0.0000,38549.1000,50.9000,2.6192,0.0055,0.0000,0.0000,38510.5336,2.3670,4,1,0
51.4507,38.6000,0.0000,0.4426,0.0000,0.0000,0.0000,38549.1000,50.9000,2.6192,0.0055,0.0000,0.0000,38510.5336,2.1766,4,1,0
51.7095,38.6000,0.0000,0.7470,0.0000,0.0000,0.0000,38549.1000,50.9000,2.6192,0.0055,0.0000,0.0000,38510.5336,1.8722,4,1,0
51.9683,38.6000,0.0000,1.0921,0.0000,0.0000,0.0000,38549.1000,50.9000,2.6192,0.0055,0.0000,0.0000,38510.5336,1.5271,4,1,0
52.2271,38.6000,0.0000,1.4372,0.0000,0.0000,0.0000,38549.1000,50.9000,2.6192,0.0055,0.0000,0.0000,38510.5336,1.1820,4,1,0
52.4859,38.6000,0.0000,1.7823,0.0000,0.0000,0.0000,38549.1000,50.9000,2.6192,0.0055,0.0000,0.0000,38510.5336,0.8369,4,1,0
52.7448,38.6000,0.0000,2.1274,0.0000,0.0000,0.0000,38549.1000,50.9000,2.6192,0.0055,0.0000,0.0000,38510.5336,0.4918,4,1,0
53.0036,38.6000,0.0000,2.4725,0.0000,0.0000,0.0000,38549.1000,50.9000,2.6192,0.0055,0.0000,0.0000,38510.5336,0.1467,4,1,0
53.2624,38.6000,0.0000,2.8176,0.0000,0.0000,0.0000,38549.1000,50.9000,2.6192,0.0055,0.0000,0.0000,38510.5336,0.1984,4,1,0
53.5212,38.6000,0.0000,3.1627,0.0000,0.0000,0.0000,38600.0000,0.0000,2.6192,0.0055,0.0000,0.0000,38561.4000,0.5435,4,1,0
53.7800,38.6000,0.0000,3.5078,0.0000,0.0000,0.0000,38600.0000,0.0000,1.5694,0.0055,0.0000,0.0000,38561.4000,1.9384,4,1,0
54.0389,38.6000,0.0000,3.8529,0.0000,0.0000,0.0000,38600.0000,0.0000,1.5694,0.0055,0.0000,0.0000,38561.4000,2.2835,4,1,0
54.2977,38.6000,0.0000,4.1573,0.0000,0.0000,0.0000,38600.0000,0.0000,1.5694,0.0055,0.0000,0.0000,38561.4000,2.5879,4,1,0
54.5565,38.6000,0.0000,4.3477,0.0000,0.0000,0.0000,38600.0000,0.0000,1.5694,0.0055,0.0000,0.0000,38561.4000,2.7783,4,1,0
54.8153,38.6000,0.0000,4.4618,0.0000,0.0000,0.0000,38600.0000,0.0000,1.5694,0.0055,0.0000,0.0000,38561.4000,2.8924,4,1,0
55.0741,38.6000,0.0000,4.4999,0.0000,0.0000,0.0000,38600.0000,0.0000,1.5694,0.0055,0.0000,0.0000,38561.4000,2.9305,4,1,0
55.1991,38.6000,0.0000,4.7500,0.0000,0.0000,0.0000,38600.0000,0.0000,1.5694,0.0055,0.0000,0.0000,38561.4000,3.1806,4,1,0
55.3242,38.6000,0.0000,5.0000,0.0000,0.0000,0.0000,38600.0000,0.0000,1.5694,0.0055,0.0000,0.0000,38561.4000,3.4306,4,1,0
55.5172,28.9500,0.0000,5.0000,0.0000,0.0000,0.0000,38600.0000,0.0000,1.5694,0.0055,0.0000,0.0000,38571.0500,3.4306,5,1,0
55.7102,19.3000,0.0000,5.0000,0.0000,0.0000,0.0000,38600.0000,0.0000,1.5694,0.0055,0.0000,0.0000,38580.7000,3.4306,5,1,0
56.0102,19.3000,0.0000,5.0000,0.0000,0.0000,0.0000,35481.5000,0.0000,1.5694,0.0055,0.0000,0.0000,35462.2000,3.4306,5,0,0
56.1352,19.3000,0.0000,4.7500,0.0000,0.0000,0.0000,30322.0000,0.0000,5.0000,0.0055,0.0000,0.0000,30302.7000,0.2500,5,1,0
56.2602,19.3000,0.0000,4.4999,0.0000,0.0000,0.0000,30322.0000,0.0000,5.0000,0.0055,0.0000,0.0000,30302.7000,0.5001,5,1,0
56.5190,19.3000,0.0000,4.4618,0.0000,0.0000,0.0000,29635.4000,0.0000,5.0000,0.0055,0.0000,0.0000,29616.1000,0.5382,5,1,0
56.7779,19.3000,0.0000,4.3477,0.0000,0.0000,0.0000,29635.4000,0.0000,4.6125,0.0055,0.0000,0.0000,29616.1000,0.2648,5,1,0
57.0367,19.3000,0.0000,4.1573,0.0000,0.0000,0.0000,29635.4000,0.0000,4.6125,0.0055,0.0000,0.0000,29616.1000,0.4552,5,1,0
57.2955,19.3000,0.0000,3.8529,0.0000,0.0000,0.0000,22451.9000,0.0000,4.6125,0.0055,0.0000,0.0000,22432.6000,0.7596,5,1,0
57.5543,19.3000,0.0000,3.5078,0.0000,0.0000,0.0000,22451.9000,0.0000,4.1900,0.0055,0.0000,0.0000,22432.6000,0.6822,5,1,0
57.8131,19.3000,0.0000,3.1627,0.0000,0.0000,0.0000,22451.9000,0.0000,4.1900,0.0055,0.0000,0.0000,22432.6000,1.0273,5,1,0
58.0719,19.3000,0.0000,2.8176,0.0000,0.0000,0.0000,22451.9000,0.0000,4.1900,0.0055,0.0000,0.0000,22432.6000,1.3724,5,1,0
58.3308,19.3000,0.0000,2.4725,0.0000,0.0000,0.0000,19448.5000,0.0000,3.2995,0.0055,0.0000,0.0000,19429.2000,0.8270,5,1,0
58.5896,19.3000,0.0000,2.1274,0.0000,0.0000,0.0000,19448.5000,0.0000,3.2995,0.0055,0.0000,0.0000,19429.2000,1.1721,5,1,0
58.8484,19.3000,0.0000,1.7823,0.0000,0.0000,0.0000,19448.5000,0.0000,3.2995,0.0055,0.0000,0.0000,19429.2000,1.5172,5,1,0
59.1072,19.3000,0.0000,1.4372,0.0000,0.0000,0.0000,19448.5000,0.0000,3.2995,0.0055,0.0000,0.0000,19429.2000,1.8623,5,1,0
59.3660,19.3000,0.0000,1.0921,0.0000,0.0000,0.0000,19448.5000,0.0000,3.2995,0.0055,0.0000,0.0000,19429.2000,2.2074,5,1,0
59.6249,19.3000,0.0000,0.7470,0.0000,0.0000,0.0000,19448.5000,0.0000,3.2995,0.0055,0.0000,0.0000,19429.2000,2.5525,5,1,0
59.8837,19.3000,0.0000,0.4426,0.0000,0.0000,0.0000,19448.5000,0.0000,3.2995,0.0055,0.0000,0.0000,19429.2000,2.8569,5,1,0
60.1425,19.3000,0.0000,0.2522,0.0000,0.0000,0.0000,19448.5000,0.0000,3.2995,0.0055,0.0000,0.0000,19429.2000,3.0473,5,1,0
60.4013,19.3000,0.0000,0.1381,0.0000,0.0000,0.0000,19448.5000,0.0000,3.2995,0.0055,0.0000,0.0000,19429.2000,3.1614,5,1,0
60.6601,19.3000,0.0000,0.1000,0.0000,0.0000,0.0000,19448.5000,0.0000,3.2995,0.0055,0.0000,0.0000,19429.2000,3.1995,5,1,0
60.7123,19.3000,0.0000,0.1000,-0.0128,0.0000,0.0000,19300.0000,0.0000,3.2995,0.0055,0.0000,0.0000,19280.7000,3.1995,5,0,0
60.7645,19.3000,0.0000,0.1000,-0.0519,0.0000,0.0000,19300.0000,0.0000,0.7922,0.0055,0.0000,0.0000,19280.7000,0.6922,5,0,0
60.8167,19.3000,0.0000,0.1000,-0.1127,0.0000,0.0000,19300.0000,0.0000,0.7922,0.0055,0.0000,0.0000,19280.7000,0.6922,5,0,0
60.8689,19.3000,0.0000,0.1000,-0.1736,0.0000,0.0000,19300.0000,0.0000,0.7922,0.0055,0.0000,0.0000,19280.7000,0.6922,5,0,0
60.9211,19.3000,0.0000,0.1000,-0.2344,0.0000,0.0000,19300.0000,0.0000,0.7922,0.0055,0.0000,0.0000,19280.7000,0.6922,5,0,0
60.9732,19.3000,0.0000,0.1000,-0.2952,0.0000,0.0000,19300.0000,0.0000,0.7922,0.0055,0.0000,0.0000,19280.7000,0.6922,5,0,0
61.0254,19.3000,0.0000,0.1000,-0.3561,0.0000,0.0000,19300.0000,0.0000,0.7922,0.0055,0.0000,0.0000,19280.7000,0.6922,5,0,0
61.0776,19.3000,0.0000,0.1000,-0.4169,0.0000,0.0000,19300.0000,0.0000,0.7922,0.0055,0.0000,0.0000,19280.7000,0.6922,5,0,0
61.1298,19.3000,0.0000,0.1000,-0.4777,0.0000,0.0000,19300.0000,0.0000,0.7922,0.0055,0.0000,0.0000,19280.7000,0.6922,5,0,0
61.1820,19.3000,0.0000,0.1000,-0.5386,0.0000,0.0000,19300.0000,0.0000,0.7922,0.0055,0.0000,0.0000,19280.7000,0.6922,5,0,0
61.2342,19.3000,0.0000,0.1000,-0.5994,0.0000,0.0000,19300.0000,0.0000,0.7922,0.0055,0.0000,0.0000,19280.7000,0.6922,5,0,0
61.2863,19.3000,0.0000,0.1000,-0.6384,0.0000,0.0000,19300.0000,0.0000,0.7922,0.0055,0.0000,0.0000,19280.7000,0.6922,5,0,0
61.3385,19.3000,0.0000,0.1000,-0.6513,0.0000,0.0000,19300.0000,0.0000,0.7922,0.0055,0.0000,0.0000,19280.7000,0.6922,5,0,0
62.3385,19.3000,0.0000,0.1000,-0.6513,0.0000,0.0000,19300.0000,0.0000,0.7922,0.0055,0.0000,0.0000,19280.7000,0.6922,5,0,0
62.5974,19.3000,0.0000,0.1381,-0.6513,0.0000,0.0000,19300.0000,0.0000,0.7922,0.0055,0.0000,0.0000,19280.7000,0.6541,5,1,0
62.8562,19.3000,0.0000,0.2522,-0.6513,0.0000,0.0000,19300.0000,0.0000,0.1188,-0.5405,0.0000,0.0000,19280.7000,0.1334,5,1,0
63.1150,19.3000,0.0000,0.4426,-0.6513,0.0000,0.0000,19300.0000,0.0000,0.1188,-0.5405,0.0000,0.0000,19280.7000,0.3238,5,1,0
63.3738,19.3000,0.0000,0.7470,-0.6513,0.0000,0.0000,19300.0000,0.0000,0.1188,-0.5405,0.0000,0.0000,19280.7000,0.6282,5,1,0
63.6326,19.3000,0.0000,1.0921,-0.6513,0.0000,0.0000,19300.0000,0.0000,0.1188,-0.5405,0.0000,0.0000,19280.7000,0.9733,5,1,0
63.8914,19.3000,0.0000,1.4372,-0.6513,0.0000,0.0000,19300.0000,0.0000,0.1188,-0.5405,0.0000,0.0000,19280.7000,1.3184,5,1,0
64.1503,19.3000,0.0000,1.7823,-0.6513,0.0000,0.0000,19300.0000,0.0000,0.1188,-0.5405,0.0000,0.0000,19280.7000,1.6635,5,1,0
64.4091,19.3000,0.0000,2.1274,-0.6513,0.0000,0.0000,19300.0000,0.0000,0.1188,-0.5405,0.0000,0.0000,19280.7000,2.0086,5,1,0
64.6679,19.3000,0.0000,2.4725,-0.6513,0.0000,0.0000,19300.0000,0.0000,0.1188,-0.5405,0.0000,0.0000,19280.7000,2.3537,5,1,0
64.9267,19.3000,0.0000,2.8176,-0.6513,0.0000,0.0000,19300.0000,0.0000,0.1188,-0.5405,0.0000,0.0000,19280.7000,2.6988,5,1,0
65.1855,19.3000,0.0000,3.1627,-0.6513,0.0000,0.0000,19300.0000,0.0000,1.9173,-0.6481,0.0000,0.0000,19280.7000,1.2454,5,1,0
65.4443,19.3000,0.0000,3.5078,-0.6513,0.0000,0.0000,19300.0000,0.0000,1.9173,-0.6481,0.0000,0.0000,19280.7000,1.5905,5,1,0
65.7032,19.3000,0.0000,3.8529,-0.6513,0.0000,0.0000,19300.0000,0.0000,1.9173,-0.6481,0.0000,0.0000,19280.7000,1.9356,5,1,0
65.9620,19.3000,0.0000,4.1573,-0.6513,0.0000,0.0000,19300.0000,0.0000,1.9173,-0.6481,0.0000,0.0000,19280.7000,2.2400,5,1,0
66.2208,19.3000,0.0000,4.3477,-0.6513,0.0000,0.0000,19300.0000,0.0000,1.9173,-0.6481,0.0000,0.0000,19280.7000,2.4304,5,1,0
66.4796,19.3000,0.0000,4.4618,-0.6513,0.0000,0.0000,19300.0000,0.0000,1.9173,-0.6481,0.0000,0.0000,19280.7000,2.5445,5,1,0
66.7384,19.3000,0.0000,4.4999,-0.6513,0.0000,0.0000,19300.0000,0.0000,1.9173,-0.6481,0.0000,0.0000,19280.7000,2.5826,5,1,0
66.8635,19.3000,0.0000,4.7500,-0.6513,0.0000,0.0000,19300.0000,0.0000,1.9173,-0.6481,0.0000,0.0000,19280.7000,2.8327,5,1,0
66.9885,19.3000,0.0000,5.0000,-0.6513,0.0000,0.0000,19300.0000,0.0000,1.9173,-0.6481,0.0000,0.0000,19280.7000,3.0827,5,1,0
67.2642,18.3153,0.0000,5.0000,-0.6513,0.0000,0.0000,19292.1000,0.0000,1.9173,-0.6481,0.0000,0.0000,19273.7847,3.0827,7,1,0
67.5399,15.1643,0.0000,5.0000,-0.6513,0.0000,0.0000,19292.1000,0.0000,4.8351,-0.6512,0.0000,0.0000,19276.9357,0.1649,7,1,0
67.8156,11.4881,0.0000,5.0000,-0.6513,0.0000,0.0000,19292.1000,0.0000,4.8351,-0.6512,0.0000,0.0000,19280.6119,0.1649,7,1,0
68.0913,7.8119,0.0000,5.0000,-0.6513,0.0000,0.0000,12622.7000,0.0000,4.8351,-0.6512,0.0000,0.0000,12614.8881,0.1649,7,1,0
68.3671,4.1357,0.0000,5.0000,-0.6513,0.0000,0.0000,12622.7000,0.0000,4.9968,-0.6513,0.0000,0.0000,12618.5643,0.0032,7,1,0
68.6428,0.9847,0.0000,5.0000,-0.6513,0.0000,0.0000,12622.7000,0.0000,4.9968,-0.6513,0.0000,0.0000,12621.7153,0.0032,7,1,0
68.9185,0.0000,0.0000,5.0000,-0.6513,0.0000,0.0000,12622.7000,0.0000,4.9968,-0.6513,0.0000,0.0000,12622.7000,0.0032,7,1,0
69.0435,0.0000,0.0000,4.7500,-0.6513,0.0000,0.0000,3179.3000,0.0000,5.0000,-0.6513,0.0000,0.0000,3179.3000,0.2500,9,1,0
69.1685,0.0000,0.0000,4.4999,-0.6513,0.0000,0.0000,3179.3000,0.0000,5.0000,-0.6513,0.0000,0.0000,3179.3000,0.5001,9,1,0
69.4274,0.0000,0.0000,4.4618,-0.6513,0.0000,0.0000,425.1000,0.0000,5.0000,-0.6513,0.0000,0.0000,425.1000,0.5382,9,1,0
69.6862,0.0000,0.0000,4.3477,-0.6513,0.0000,0.0000,425.1000,0.0000,4.6032,-0.6513,0.0000,0.0000,425.1000,0.2555,9,1,0
69.9450,0.0000,0.0000,4.1573,-0.6513,0.0000,0.0000,425.1000,0.0000,4.6032,-0.6513,0.0000,0.0000,425.1000,0.4459,9,1,0
70.2038,0.0000,0.0000,3.8529,-0.6513,0.0000,0.0000,-3.8000,0.0000,4.2305,-0.6513,0.0000,0.0000,3.8000,0.3776,9,1,0
70.4626,0.0000,0.0000,3.5078,-0.6513,0.0000,0.0000,-3.8000,0.0000,4.2305,-0.6513,0.0000,0.0000,3.8000,0.7227,9,1,0
70.7214,0.0000,0.0000,3.1627,-0.6513,0.0000,0.0000,-3.8000,0.0000,4.2305,-0.6513,0.0000,0.0000,3.8000,1.0678,9,1,0
70.9803,0.0000,0.0000,2.8176,-0.6513,0.0000,0.0000,0.0000,0.0000,4.2305,-0.6513,0.0000,0.0000,0.0000,1.4129,9,1,0
71.2391,0.0000,0.0000,2.4725,-0.6513,0.0000,0.0000,0.0000,0.0000,4.2305,-0.6513,0.0000,0.0000,0.0000,1.7580,9,1,0
71.4979,0.0000,0.0000,2.1274,-0.6513,0.0000,0.0000,0.0000,0.0000,3.1530,-0.6513,0.0000,0.0000,0.0000,1.0256,9,1,0
71.7567,0.0000,0.0000,1.7823,-0.6513,0.0000,0.0000,0.0000,0.0000,3.1530,-0.6513,0.0000,0.0000,0.0000,1.3707,9,1,0
72.0155,0.0000,0.0000,1.4372,-0.6513,0.0000,0.0000,0.0000,0.0000,3.1530,-0.6513,0.0000,0.0000,0.0000,1.7158,9,1,0
72.2743,0.0000,0.0000,1.0921,-0.6513,0.0000,0.0000,0.0000,0.0000,3.1530,-0.6513,0.0000,0.0000,0.0000,2.0609,9,1,0
72.5332,0.0000,0.0000,0.7470,-0.6513,0.0000,0.0000,0.0000,0.0000,3.1530,-0.6513,0.0000,0.0000,0.0000,2.4060,9,1,0
72.7920,0.0000,0.0000,0.4426,-0.6513,0.0000,0.0000,0.0000,0.0000,3.1530,-0.6513,0.0000,0.0000,0.0000,2.7104,9,1,0
73.0508,0.0000,0.0000,0.2522,-0.6513,0.0000,0.0000,0.0000,0.0000,3.1530,-0.6513,0.0000,0.0000,0.0000,2.9008,9,1,0
73.3096,0.0000,0.0000,0.1381,-0.6513,0.0000,0.0000,0.0000,0.0000,3.1530,-0.6513,0.0000,0.0000,0.0000,3.0149,9,1,0
73.5684,0.0000,0.0000,0.1000,-0.6513,0.0000,0.0000,0.0000,0.0000,3.1530,-0.6513,0.0000,0.0000,0.0000,3.0530,9,1,0
73.6205,0.0000,0.0000,0.1000,-0.6346,0.0000,0.0000,0.0000,0.0000,3.1530,-0.6513,0.0000,0.0000,0.0000,3.0530,9,0,0
73.6726,0.0000,0.0000,0.1000,-0.5834,0.0000,0.0000,0.0000,0.0000,3.1530,-0.6513,0.0000,0.0000,0.0000,3.0530,9,0,0
73.7247,0.0000,0.0000,0.1000,-0.5227,0.0000,0.0000,0.0000,0.0000,0.3494,-0.6489,0.0000,0.0000,0.0000,0.2494,9,0,0
73.7768,0.0000,0.0000,0.1000,-0.4620,0.0000,0.0000,0.0000,0.0000,0.3494,-0.6489,0.0000,0.0000,0.0000,0.2494,9,0,0
73.8288,0.0000,0.0000,0.1000,-0.4013,0.0000,0.0000,0.0000,0.0000,0.3494,-0.6489,0.0000,0.0000,0.0000,0.2494,9,0,0
73.8809,0.0000,0.0000,0.1000,-0.3406,0.0000,0.0000,0.0000,0.0000,0.3494,-0.6489,0.0000,0.0000,0.0000,0.2494,9,0,0
73.9330,0.0000,0.0000,0.1000,-0.2798,0.0000,0.0000,0.0000,0.0000,0.3494,-0.6489,0.0000,0.0000,0.0000,0.2494,9,0,0
73.9851,0.0000,0.0000,0.1000,-0.2191,0.0000,0.0000,0.0000,0.0000,0.3494,-0.6489,0.0000,0.0000,0.0000,0.2494,9,0,0
74.0372,0.0000,0.0000,0.1000,-0.1679,0.0000,0.0000,0.0000,0.0000,0.3494,-0.6489,0.0000,0.0000,0.0000,0.2494,9,0,0
74.0893,0.0000,0.0000,0.1000,-0.1513,0.0000,0.0000,0.0000,0.0000,0.3494,-0.6489,0.0000,0.0000,0.0000,0.2494,9,0,0
74.1186,1.7500,0.0000,0.1000,-0.1513,0.0000,0.0000,0.0000,0.0000,0.3494,-0.6489,0.0000,0.0000,1.7500,0.2494,9,0,0
74.1479,3.5000,0.0000,0.1000,-0.1513,0.0000,0.0000,2083.2000,0.0000,0.3494,-0.6489,0.0000,0.0000,2079.7000,0.2494,9,0,0
74.1480,3.5068,0.0012,0.1000,-0.1511,0.0000,0.0000,2083.2000,0.0000,0.1026,-0.1653,0.0000,0.0000,2079.6932,0.0026,9,0,0
74.1481,3.5137,0.0024,0.1000,-0.1510,0.0000,0.0000,2083.2000,0.0000,0.1026,-0.1653,0.0000,0.0000,2079.6863,0.0026,9,0,0
74.1482,3.5199,0.0060,0.1000,-0.1509,0.0000,0.0000,3557.5000,6.0000,0.1026,-0.1653,0.0000,0.0000,3553.9852,0.0026,9,0,0
74.1483,3.5261,0.0095,0.1000,-0.1507,0.0000,0.0000,3557.5000,6.0000,0.1001,-0.1514,0.0000,0.0000,3553.9789,0.0001,9,0,0
74.1485,3.5311,0.0152,0.1000,-0.1506,0.0000,0.0000,3557.5000,6.0000,0.1001,-0.1514,0.0000,0.0000,3553.9739,0.0001,9,0,0
74.1486,3.5361,0.0208,0.1000,-0.1504,0.0000,0.0000,3557.5000,6.0000,0.1001,-0.1514,0.0000,0.0000,3553.9689,0.0001,9,0,0
74.1487,3.5393,0.0283,0.1000,-0.1503,0.0000,0.0000,3557.5000,6.0000,0.1001,-0.1514,0.0000,0.0000,3553.9657,0.0001,9,0,0
74.1489,3.5426,0.0357,0.1000,-0.1501,0.0000,0.0000,3540.3000,30.6000,0.1000,-0.1505,0.0000,0.0000,3536.8895,0.0000,9,0,0
74.1490,3.5436,0.0445,0.1000,-0.1499,0.0000,0.0000,3540.3000,30.6000,0.1000,-0.1505,0.0000,0.0000,3536.8884,0.0000,9,0,0
74.1492,3.5446,0.0532,0.1000,-0.1497,0.0000,0.0000,3540.3000,30.6000,0.1000,-0.1505,0.0000,0.0000,3536.8873,0.0000,9,0,0
74.1493,3.5432,0.0627,0.1000,-0.1496,0.0000,0.0000,3548.4000,51.8000,0.1000,-0.1499,0.0000,0.0000,3545.2344,0.0000,9,0,0
74.1495,3.5417,0.0722,0.1000,-0.1494,0.0000,0.0000,3548.4000,51.8000,0.1000,-0.1499,0.0000,0.0000,3545.2357,0.0000,9,0,0
74.1497,3.5375,0.0818,0.1000,-0.1492,0.0000,0.0000,3548.4000,51.8000,0.1000,-0.1499,0.0000,0.0000,3545.2398,0.0000,9,0,0
74.1498,3.5333,0.0914,0.1000,-0.1489,0.0000,0.0000,3548.4000,51.8000,0.1000,-0.1499,0.0000,0.0000,3545.2439,0.0000,9,0,0
74.1500,3.5263,0.1004,0.1000,-0.1487,0.0000,0.0000,3533.7000,97.1000,0.1000,-0.1493,0.0000,0.0000,3531.5061,0.0000,9,0,0
74.1502,3.5193,0.1094,0.1000,-0.1485,0.0000,0.0000,3533.7000,97.1000,0.1000,-0.1493,0.0000,0.0000,3531.5128,0.0000,9,0,0
74.1504,3.5096,0.1172,0.1000,-0.1482,0.0000,0.0000,3510.0000,126.5000,0.1000,-0.1493,0.0000,0.0000,3508.7672,0.0000,9,0,0
74.1506,3.5000,0.1250,0.1000,-0.1480,0.0000,0.0000,3510.0000,126.5000,0.1000,-0.1486,0.0000,0.0000,3508.7766,0.0000,9,0,0
74.1509,3.4879,0.1309,0.1000,-0.1477,0.0000,0.0000,3510.0000,126.5000,0.1000,-0.1486,0.0000,0.0000,3508.7884,0.0000,9,0,0
74.1511,3.4759,0.1368,0.1000,-0.1475,0.0000,0.0000,3510.0000,126.5000,0.1000,-0.1486,0.0000,0.0000,3508.8002,0.0000,9,0,0
74.1513,3.4618,0.1402,0.1000,-0.1472,0.0000,0.0000,3510.0000,126.5000,0.1000,-0.1486,0.0000,0.0000,3508.8142,0.0000,9,0,0
74.1516,3.4477,0.1436,0.1000,-0.1469,0.0000,0.0000,3462.0000,140.0000,0.1000,-0.1475,0.0000,0.0000,3461.3788,0.0000,9,0,0
74.1518,3.4322,0.1440,0.1000,-0.1466,0.0000,0.0000,3462.0000,140.0000,0.1000,-0.1475,0.0000,0.0000,3461.3944,0.0000,9,0,0
74.1521,3.4167,0.1443,0.1000,-0.1463,0.0000,0.0000,3462.0000,140.0000,0.1000,-0.1475,0.0000,0.0000,3461.4099,0.0000,9,0,0
74.1524,3.4003,0.1413,0.1000,-0.1460,0.0000,0.0000,3398.0000,141.0000,0.1000,-0.1475,0.0000,0.0000,3397.5209,0.0000,9,0,0
74.1526,3.3839,0.1383,0.1000,-0.1456,0.0000,0.0000,3398.0000,141.0000,0.1000,-0.1464,0.0000,0.0000,3397.5374,0.0000,9,0,0
74.1529,3.3675,0.1317,0.1000,-0.1453,0.0000,0.0000,3398.0000,141.0000,0.1000,-0.1464,0.0000,0.0000,3397.5541,0.0000,9,0,0
74.1532,3.3510,0.1250,0.1000,-0.1449,0.0000,0.0000,3351.0000,125.0000,0.1000,-0.1464,0.0000,0.0000,3349.9772,0.0000,9,0,0
74.1536,3.3353,0.1146,0.1000,-0.1445,0.0000,0.0000,3351.0000,125.0000,0.1000,-0.1454,0.0000,0.0000,3349.9933,0.0000,9,0,0
74.1539,3.3196,0.1042,0.1000,-0.1442,0.0000,0.0000,3351.0000,125.0000,0.1000,-0.1454,0.0000,0.0000,3350.0094,0.0000,9,0,0
74.1542,3.3054,0.0901,0.1000,-0.1438,0.0000,0.0000,3299.2000,119.3000,0.1000,-0.1454,0.0000,0.0000,3298.0498,0.0000,9,0,0
74.1545,3.2912,0.0760,0.1000,-0.1434,0.0000,0.0000,3299.2000,119.3000,0.1000,-0.1443,0.0000,0.0000,3298.0645,0.0000,9,0,0
74.1549,3.2793,0.0585,0.1000,-0.1430,0.0000,0.0000,3299.2000,119.3000,0.1000,-0.1443,0.0000,0.0000,3298.0770,0.0000,9,0,0
74.1553,3.2675,0.0410,0.1000,-0.1425,0.0000,0.0000,3299.2000,119.3000,0.1000,-0.1443,0.0000,0.0000,3298.0894,0.0000,9,0,0
74.1556,3.2587,0.0205,0.1000,-0.1421,0.0000,0.0000,3299.2000,119.3000,0.1000,-0.1443,0.0000,0.0000,3298.0989,0.0000,9,0,0
74.1560,3.2500,0.0000,0.1000,-0.1417,0.0000,0.0000,3249.9000,-3.8000,0.1000,-0.1443,0.0000,0.0000,3246.6522,0.0000,9,0,0
74.1564,3.2451,-0.0229,0.1000,-0.1412,0.0000,0.0000,3249.9000,-3.8000,0.1000,-0.1425,0.0000,0.0000,3246.6571,0.0000,9,0,0
74.1568,3.2401,-0.0458,0.1000,-0.1407,0.0000,0.0000,3249.9000,-3.8000,0.1000,-0.1425,0.0000,0.0000,3246.6621,0.0000,9,0,0
74.1572,3.2395,-0.0704,0.1000,-0.1402,0.0000,0.0000,3249.9000,-3.8000,0.1000,-0.1425,0.0000,0.0000,3246.6626,0.0000,9,0,0
74.1576,3.2390,-0.0950,0.1000,-0.1397,0.0000,0.0000,3249.9000,-3.8000,0.1000,-0.1425,0.0000,0.0000,3246.6631,0.0000,9,0,0
74.1580,3.2432,-0.1204,0.1000,-0.1392,0.0000,0.0000,3239.0000,-87.0000,0.1000,-0.1405,0.0000,0.0000,3236.9229,0.0000,9,0,0
74.1585,3.2474,-0.1458,0.1000,-0.1387,0.0000,0.0000,3239.0000,-87.0000,0.1000,-0.1405,0.0000,0.0000,3236.9181,0.0000,9,0,0
74.1589,3.2567,-0.1711,0.1000,-0.1382,0.0000,0.0000,3239.3000,-137.4000,0.1000,-0.1405,0.0000,0.0000,3238.9517,0.0000,9,0,0
74.1594,3.2659,-0.1964,0.1000,-0.1377,0.0000,0.0000,3239.3000,-137.4000,0.1000,-0.1389,0.0000,0.0000,3238.9414,0.0000,9,0,0
74.1598,3.2803,-0.2206,0.1000,-0.1371,0.0000,0.0000,3239.3000,-137.4000,0.1000,-0.1389,0.0000,0.0000,3238.9260,0.0000,9,0,0
74.1603,3.2947,-0.2447,0.1000,-0.1365,0.0000,0.0000,3239.3000,-137.4000,0.1000,-0.1389,0.0000,0.0000,3238.9106,0.0000,9,0,0
74.1608,3.3140,-0.2667,0.1000,-0.1360,0.0000,0.0000,3297.5000,-245.3000,0.1000,-0.1373,0.0000,0.0000,3303.2867,0.0000,9,0,0
74.1613,3.3333,-0.2887,0.1000,-0.1354,0.0000,0.0000,3297.5000,-245.3000,0.1000,-0.1373,0.0000,0.0000,3303.2657,0.0000,9,0,0
74.1618,3.3573,-0.3075,0.1000,-0.1348,0.0000,0.0000,3297.5000,-245.3000,0.1000,-0.1373,0.0000,0.0000,3303.2405,0.0000,9,0,0
74.1623,3.3812,-0.3263,0.1000,-0.1342,0.0000,0.0000,3297.5000,-245.3000,0.1000,-0.1373,0.0000,0.0000,3303.2152,0.0000,9,0,0
74.1628,3.4093,-0.3410,0.1000,-0.1335,0.0000,0.0000,3412.4000,-342.5000,0.1000,-0.1373,0.0000,0.0000,3426.1189,0.0000,9,0,0
74.1634,3.4373,-0.3556,0.1000,-0.1329,0.0000,0.0000,3412.4000,-342.5000,0.1000,-0.1348,0.0000,0.0000,3426.0895,0.0000,9,0,0
74.1639,3.4686,-0.3653,0.1000,-0.1323,0.0000,0.0000,3412.4000,-342.5000,0.1000,-0.1348,0.0000,0.0000,3426.0574,0.0000,9,0,0
74.1645,3.5000,-0.3750,0.1000,-0.1316,0.0000,0.0000,3495.7000,-377.2000,0.1000,-0.1348,0.0000,0.0000,3512.4718,0.0000,9,0,0
74.1650,3.5338,-0.3790,0.1000,-0.1309,0.0000,0.0000,3495.7000,-377.2000,0.1000,-0.1325,0.0000,0.0000,3512.4378,0.0000,9,0,0
74.1656,3.5675,-0.3830,0.1000,-0.1303,0.0000,0.0000,3495.7000,-377.2000,0.1000,-0.1325,0.0000,0.0000,3512.4038,0.0000,9,0,0
74.1662,3.6026,-0.3807,0.1000,-0.1296,0.0000,0.0000,3495.7000,-377.2000,0.1000,-0.1325,0.0000,0.0000,3512.3691,0.0000,9,0,0
74.1668,3.6378,-0.3785,0.1000,-0.1289,0.0000,0.0000,3495.7000,-377.2000,0.1000,-0.1325,0.0000,0.0000,3512.3344,0.0000,9,0,0
74.1674,3.6730,-0.3697,0.1000,-0.1282,0.0000,0.0000,3495.7000,-377.2000,0.1000,-0.1325,0.0000,0.0000,3512.3003,0.0000,9,0,0
74.1680,3.7083,-0.3608,0.1000,-0.1274,0.0000,0.0000,3670.9000,-369.7000,0.1000,-0.1293,0.0000,0.0000,3685.7436,0.0000,9,0,0
74.1686,3.7425,-0.3453,0.1000,-0.1267,0.0000,0.0000,3670.9000,-369.7000,0.1000,-0.1293,0.0000,0.0000,3685.7111,0.0000,9,0,0
74.1693,3.7768,-0.3298,0.1000,-0.1259,0.0000,0.0000,3670.9000,-369.7000,0.1000,-0.1293,0.0000,0.0000,3685.6787,0.0000,9,0,0
74.1699,3.8086,-0.3078,0.1000,-0.1252,0.0000,0.0000,3670.9000,-369.7000,0.1000,-0.1293,0.0000,0.0000,3685.6492,0.0000,9,0,0
74.1706,3.8405,-0.2857,0.1000,-0.1244,0.0000,0.0000,3797.8000,-308.4000,0.1000,-0.1293,0.0000,0.0000,3806.4502,0.0000,9,0,0
74.1712,3.8687,-0.2574,0.1000,-0.1236,0.0000,0.0000,3797.8000,-308.4000,0.1000,-0.1256,0.0000,0.0000,3806.4244,0.0000,9,0,0
74.1719,3.8969,-0.2292,0.1000,-0.1228,0.0000,0.0000,3797.8000,-308.4000,0.1000,-0.1256,0.0000,0.0000,3806.3985,0.0000,9,0,0
74.1726,3.9203,-0.1953,0.1000,-0.1220,0.0000,0.0000,3797.8000,-308.4000,0.1000,-0.1256,0.0000,0.0000,3806.3779,0.0000,9,0,0
74.1733,3.9437,-0.1615,0.1000,-0.1212,0.0000,0.0000,3922.3000,-199.5000,0.1000,-0.1232,0.0000,0.0000,3923.4235,0.0000,9,0,0
74.1740,3.9612,-0.1230,0.1000,-0.1204,0.0000,0.0000,3922.3000,-199.5000,0.1000,-0.1232,0.0000,0.0000,3923.4079,0.0000,9,0,0
74.1747,3.9787,-0.0844,0.1000,-0.1195,0.0000,0.0000,3922.3000,-199.5000,0.1000,-0.1232,0.0000,0.0000,3923.3924,0.0000,9,0,0
74.1754,3.9894,-0.0422,0.1000,-0.1186,0.0000,0.0000,3979.0000,-133.3000,0.1000,-0.1232,0.0000,0.0000,3977.2437,0.0000,9,0,0
74.1762,4.0000,-0.0000,0.1000,-0.1178,0.0000,0.0000,3979.0000,-133.3000,0.1000,-0.1199,0.0000,0.0000,3977.2345,0.0000,9,0,0
74.1769,4.0030,0.0446,0.1000,-0.1169,0.0000,0.0000,3979.0000,-133.3000,0.1000,-0.1199,0.0000,0.0000,3977.2329,0.0000,9,0,0
74.1777,4.0061,0.0892,0.1000,-0.1160,0.0000,0.0000,4006.0000,86.1000,0.1000,-0.1199,0.0000,0.0000,4002.9181,0.0000,9,0,0
74.1784,4.0010,0.1349,0.1000,-0.1151,0.0000,0.0000,4006.0000,86.1000,0.1000,-0.1173,0.0000,0.0000,4002.9222,0.0000,9,0,0
74.1792,3.9959,0.1805,0.1000,-0.1142,0.0000,0.0000,4006.0000,86.1000,0.1000,-0.1173,0.0000,0.0000,4002.9263,0.0000,9,0,0
74.1800,3.9825,0.2257,0.1000,-0.1133,0.0000,0.0000,3983.0000,224.9000,0.1000,-0.1173,0.0000,0.0000,3985.3555,0.0000,9,0,0
74.1808,3.9691,0.2708,0.1000,-0.1123,0.0000,0.0000,3983.0000,224.9000,0.1000,-0.1173,0.0000,0.0000,3985.3664,0.0000,9,0,0
74.1816,3.9473,0.3140,0.1000,-0.1114,0.0000,0.0000,3983.0000,224.9000,0.1000,-0.1173,0.0000,0.0000,3985.3857,0.0000,9,0,0
74.1824,3.9256,0.3571,0.1000,-0.1104,0.0000,0.0000,3983.0000,224.9000,0.1000,-0.1173,0.0000,0.0000,3985.4050,0.0000,9,0,0
74.1832,3.8958,0.3967,0.1000,-0.1094,0.0000,0.0000,3896.0000,376.5000,0.1000,-0.1173,0.0000,0.0000,3910.2339,0.0000,9,0,0
74.1840,3.8660,0.4362,0.1000,-0.1084,0.0000,0.0000,3896.0000,376.5000,0.1000,-0.1142,0.0000,0.0000,3910.2597,0.0000,9,0,0
74.1849,3.8288,0.4707,0.1000,-0.1074,0.0000,0.0000,3896.0000,376.5000,0.1000,-0.1142,0.0000,0.0000,3910.2934,0.0000,9,0,0
74.1857,3.7917,0.5052,0.1000,-0.1064,0.0000,0.0000,3896.0000,376.5000,0.1000,-0.1142,0.0000,0.0000,3910.3271,0.0000,9,0,0
74.1866,3.7480,0.5332,0.1000,-0.1054,0.0000,0.0000,3896.0000,376.5000,0.1000,-0.1142,0.0000,0.0000,3910.3679,0.0000,9,0,0
74.1875,3.7043,0.5612,0.1000,-0.1044,0.0000,0.0000,3697.9000,561.0000,0.1000,-0.1142,0.0000,0.0000,3736.4654,0.0000,9,0,0
74.1884,3.6552,0.5815,0.1000,-0.1033,0.0000,0.0000,3697.9000,561.0000,0.1000,-0.1061,0.0000,0.0000,3736.5109,0.0000,9,0,0
74.1893,3.6061,0.6018,0.1000,-0.1023,0.0000,0.0000,3697.9000,561.0000,0.1000,-0.1061,0.0000,0.0000,3736.5564,0.0000,9,0,0
74.1902,3.5531,0.6134,0.1000,-0.1012,0.0000,0.0000,3697.9000,561.0000,0.1000,-0.1061,0.0000,0.0000,3736.6071,0.0000,9,0,0
74.1911,3.5000,0.6250,0.1000,-0.1001,0.0000,0.0000,3429.9000,614.9000,0.1000,-0.1025,0.0000,0.0000,3481.0273,0.0000,9,0,0
74.1920,3.4445,0.6271,0.1000,-0.0990,0.0000,0.0000,3429.9000,614.9000,0.1000,-0.1025,0.0000,0.0000,3481.0815,0.0000,9,0,0
74.1929,3.3891,0.6292,0.1000,-0.0979,0.0000,0.0000,3429.9000,614.9000,0.1000,-0.1025,0.0000,0.0000,3481.1357,0.0000,9,0,0
74.1939,3.3329,0.6213,0.1000,-0.0968,0.0000,0.0000,3429.9000,614.9000,0.1000,-0.1025,0.0000,0.0000,3481.1924,0.0000,9,0,0
74.1948,3.2767,0.6134,0.1000,-0.0957,0.0000,0.0000,3329.8000,622.4000,0.1000,-0.0986,0.0000,0.0000,3384.1359,0.0000,9,0,0
74.1958,3.2217,0.5954,0.1000,-0.0945,0.0000,0.0000,3329.8000,622.4000,0.1000,-0.0986,0.0000,0.0000,3384.1933,0.0000,9,0,0
74.1968,3.1667,0.5774,0.1000,-0.0934,0.0000,0.0000,3329.8000,622.4000,0.1000,-0.0986,0.0000,0.0000,3384.2507,0.0000,9,0,0
74.1978,3.1146,0.5493,0.1000,-0.0922,0.0000,0.0000,3156.2000,577.0000,0.1000,-0.0950,0.0000,0.0000,3205.3460,0.0000,9,0,0
74.1988,3.0625,0.5213,0.1000,-0.0910,0.0000,0.0000,3156.2000,577.0000,0.1000,-0.0950,0.0000,0.0000,3205.4022,0.0000,9,0,0
74.1998,3.0153,0.4839,0.1000,-0.0898,0.0000,0.0000,3156.2000,577.0000,0.1000,-0.0950,0.0000,0.0000,3205.4555,0.0000,9,0,0
74.2008,2.9680,0.4464,0.1000,-0.0886,0.0000,0.0000,3016.0000,494.0000,0.1000,-0.0950,0.0000,0.0000,3053.1880,0.0000,9,0,0
74.2018,2.9273,0.4003,0.1000,-0.0874,0.0000,0.0000,3016.0000,494.0000,0.1000,-0.0903,0.0000,0.0000,3053.2356,0.0000,9,0,0
74.2028,2.8866,0.3542,0.1000,-0.0862,0.0000,0.0000,3016.0000,494.0000,0.1000,-0.0903,0.0000,0.0000,3053.2833,0.0000,9,0,0
74.2039,2.8539,0.3006,0.1000,-0.0849,0.0000,0.0000,3016.0000,494.0000,0.1000,-0.0903,0.0000,0.0000,3053.3241,0.0000,9,0,0
74.2049,2.8213,0.2470,0.1000,-0.0837,0.0000,0.0000,3016.0000,494.0000,0.1000,-0.0903,0.0000,0.0000,3053.3650,0.0000,9,0,0
74.2060,2.7982,0.1874,0.1000,-0.0824,0.0000,0.0000,2821.0000,247.0000,0.1000,-0.0903,0.0000,0.0000,2828.9888,0.0000,9,0,0
74.2071,2.7751,0.1278,0.1000,-0.0812,0.0000,0.0000,2821.0000,247.0000,0.1000,-0.0843,0.0000,0.0000,2829.0171,0.0000,9,0,0
74.2082,2.7625,0.0639,0.1000,-0.0799,0.0000,0.0000,2821.0000,247.0000,0.1000,-0.0843,0.0000,0.0000,2829.0351,0.0000,9,0,0
74.2093,2.7500,0.0000,0.1000,-0.0786,0.0000,0.0000,2749.7000,-71.2000,0.1000,-0.0843,0.0000,0.0000,2747.8726,0.0000,9,0,0
74.2104,2.7489,-0.0663,0.1000,-0.0773,0.0000,0.0000,2749.7000,-71.2000,0.1000,-0.0804,0.0000,0.0000,2747.8720,0.0000,9,0,0
74.2115,2.7477,-0.1326,0.1000,-0.0760,0.0000,0.0000,2749.7000,-71.2000,0.1000,-0.0804,0.0000,0.0000,2747.8714,0.0000,9,0,0
74.2126,2.7584,-0.1993,0.1000,-0.0746,0.0000,0.0000,2757.9000,-209.6000,0.1000,-0.0804,0.0000,0.0000,2763.0877,0.0000,9,0,0
74.2137,2.7691,-0.2660,0.1000,-0.0733,0.0000,0.0000,2757.9000,-209.6000,0.1000,-0.0765,0.0000,0.0000,2763.0720,0.0000,9,0,0
74.2149,2.7918,-0.3309,0.1000,-0.0719,0.0000,0.0000,2757.9000,-209.6000,0.1000,-0.0765,0.0000,0.0000,2763.0445,0.0000,9,0,0
74.2160,2.8144,-0.3958,0.1000,-0.0706,0.0000,0.0000,2814.0000,-398.1000,0.1000,-0.0765,0.0000,0.0000,2839.1782,0.0000,9,0,0
74.2172,2.8487,-0.4568,0.1000,-0.0692,0.0000,0.0000,2814.0000,-398.1000,0.1000,-0.0725,0.0000,0.0000,2839.1358,0.0000,9,0,0
74.2184,2.8829,-0.5178,0.1000,-0.0678,0.0000,0.0000,2814.0000,-398.1000,0.1000,-0.0725,0.0000,0.0000,2839.0933,0.0000,9,0,0
74.2196,2.9281,-0.5728,0.1000,-0.0664,0.0000,0.0000,2928.6000,-566.8000,0.1000,-0.0725,0.0000,0.0000,2979.9613,0.0000,9,0,0
74.2208,2.9733,-0.6277,0.1000,-0.0650,0.0000,0.0000,2928.6000,-566.8000,0.1000,-0.0681,0.0000,0.0000,2979.9065,0.0000,9,0,0
74.2220,3.0283,-0.6747,0.1000,-0.0635,0.0000,0.0000,2928.6000,-566.8000,0.1000,-0.0681,0.0000,0.0000,2979.8436,0.0000,9,0,0
74.2232,3.0833,-0.7217,0.1000,-0.0621,0.0000,0.0000,3052.5000,-715.1000,0.1000,-0.0681,0.0000,0.0000,3131.9768,0.0000,9,0,0
74.2244,3.1468,-0.7589,0.1000,-0.0606,0.0000,0.0000,3052.5000,-715.1000,0.1000,-0.0639,0.0000,0.0000,3131.9065,0.0000,9,0,0
74.2257,3.2102,-0.7961,0.1000,-0.0592,0.0000,0.0000,3052.5000,-715.1000,0.1000,-0.0639,0.0000,0.0000,3131.8362,0.0000,9,0,0
74.2269,3.2804,-0.8221,0.1000,-0.0577,0.0000,0.0000,3052.5000,-715.1000,0.1000,-0.0639,0.0000,0.0000,3131.7620,0.0000,9,0,0
74.2282,3.3505,-0.8480,0.1000,-0.0562,0.0000,0.0000,3052.5000,-715.1000,0.1000,-0.0639,0.0000,0.0000,3131.6878,0.0000,9,0,0
74.2294,3.4252,-0.8615,0.1000,-0.0547,0.0000,0.0000,3429.7000,-862.1000,0.1000,-0.0639,0.0000,0.0000,3532.8587,0.0000,9,0,0
74.2307,3.5000,-0.8750,0.1000,-0.0532,0.0000,0.0000,3429.7000,-862.1000,0.1000,-0.0574,0.0000,0.0000,3532.7829,0.0000,9,0,0
74.2320,3.5772,-0.8752,0.1000,-0.0517,0.0000,0.0000,3429.7000,-862.1000,0.1000,-0.0574,0.0000,0.0000,3532.7080,0.0000,9,0,0
74.2333,3.6544,-0.8754,0.1000,-0.0501,0.0000,0.0000,3429.7000,-862.1000,0.1000,-0.0574,0.0000,0.0000,3532.6331,0.0000,9,0,0
74.2346,3.7316,-0.8619,0.1000,-0.0486,0.0000,0.0000,3641.4000,-875.0000,0.1000,-0.0514,0.0000,0.0000,3741.2229,0.0000,9,0,0
74.2359,3.8088,-0.8483,0.1000,-0.0470,0.0000,0.0000,3641.4000,-875.0000,0.1000,-0.0514,0.0000,0.0000,3741.1510,0.0000,9,0,0
74.2372,3.8836,-0.8211,0.1000,-0.0454,0.0000,0.0000,3641.4000,-875.0000,0.1000,-0.0514,0.0000,0.0000,3741.0847,0.0000,9,0,0
74.2386,3.9583,-0.7939,0.1000,-0.0439,0.0000,0.0000,3641.4000,-875.0000,0.1000,-0.0514,0.0000,0.0000,3741.0183,0.0000,9,0,0
74.2399,4.0282,-0.7534,0.1000,-0.0423,0.0000,0.0000,3969.8000,-761.0000,0.1000,-0.0514,0.0000,0.0000,4037.9847,0.0000,9,0,0
74.2413,4.0981,-0.7128,0.1000,-0.0407,0.0000,0.0000,3969.8000,-761.0000,0.1000,-0.0447,0.0000,0.0000,4037.9237,0.0000,9,0,0
74.2427,4.1608,-0.6600,0.1000,-0.0390,0.0000,0.0000,3969.8000,-761.0000,0.1000,-0.0447,0.0000,0.0000,4037.8721,0.0000,9,0,0
74.2440,4.2235,-0.6071,0.1000,-0.0374,0.0000,0.0000,4213.7000,-606.2000,0.1000,-0.0447,0.0000,0.0000,4252.8150,0.0000,9,0,0
74.2454,4.2767,-0.5431,0.1000,-0.0358,0.0000,0.0000,4213.7000,-606.2000,0.1000,-0.0395,0.0000,0.0000,4252.7714,0.0000,9,0,0
74.2468,4.3299,-0.4792,0.1000,-0.0341,0.0000,0.0000,4213.7000,-606.2000,0.1000,-0.0395,0.0000,0.0000,4252.7278,0.0000,9,0,0
74.2482,4.3718,-0.4058,0.1000,-0.0324,0.0000,0.0000,4213.7000,-606.2000,0.1000,-0.0395,0.0000,0.0000,4252.6969,0.0000,9,0,0
74.2496,4.4136,-0.3325,0.1000,-0.0308,0.0000,0.0000,4372.0000,-413.1000,0.1000,-0.0343,0.0000,0.0000,4387.0478,0.0000,9,0,0
74.2511,4.4424,-0.2519,0.1000,-0.0291,0.0000,0.0000,4372.0000,-413.1000,0.1000,-0.0343,0.0000,0.0000,4387.0267,0.0000,9,0,0
74.2525,4.4711,-0.1712,0.1000,-0.0274,0.0000,0.0000,4372.0000,-413.1000,0.1000,-0.0343,0.0000,0.0000,4387.0057,0.0000,9,0,0
74.2540,4.4856,-0.0856,0.1000,-0.0256,0.0000,0.0000,4471.0000,-145.5000,0.1000,-0.0343,0.0000,0.0000,4468.8809,0.0000,9,0,0
74.2554,4.5000,-0.0000,0.1000,-0.0239,0.0000,0.0000,4471.0000,-145.5000,0.1000,-0.0281,0.0000,0.0000,4468.8693,0.0000,9,0,0
74.2569,4.4992,0.0880,0.1000,-0.0222,0.0000,0.0000,4471.0000,-145.5000,0.1000,-0.0281,0.0000,0.0000,4468.8729,0.0000,9,0,0
74.2584,4.4985,0.1761,0.1000,-0.0204,0.0000,0.0000,4498.3000,179.8000,0.1000,-0.0281,0.0000,0.0000,4497.3900,0.0000,9,0,0
74.2599,4.4821,0.2638,0.1000,-0.0187,0.0000,0.0000,4498.3000,179.8000,0.1000,-0.0230,0.0000,0.0000,4497.4028,0.0000,9,0,0
74.2614,4.4658,0.3515,0.1000,-0.0169,0.0000,0.0000,4498.3000,179.8000,0.1000,-0.0230,0.0000,0.0000,4497.4157,0.0000,9,0,0
74.2629,4.4340,0.4362,0.1000,-0.0151,0.0000,0.0000,4498.3000,179.8000,0.1000,-0.0230,0.0000,0.0000,4497.4441,0.0000,9,0,0
74.2644,4.4021,0.5208,0.1000,-0.0133,0.0000,0.0000,4425.8000,574.7000,0.1000,-0.0176,0.0000,0.0000,4458.5245,0.0000,9,0,0
74.2659,4.3554,0.5997,0.1000,-0.0115,0.0000,0.0000,4425.8000,574.7000,0.1000,-0.0176,0.0000,0.0000,4458.5607,0.0000,9,0,0
74.2675,4.3086,0.6785,0.1000,-0.0097,0.0000,0.0000,4425.8000,574.7000,0.1000,-0.0176,0.0000,0.0000,4458.5970,0.0000,9,0,0
74.2690,4.2480,0.7489,0.1000,-0.0078,0.0000,0.0000,4309.1000,612.9000,0.1000,-0.0122,0.0000,0.0000,4348.1582,0.0000,9,0,0
74.2706,4.1874,0.8192,0.1000,-0.0060,0.0000,0.0000,4309.1000,612.9000,0.1000,-0.0122,0.0000,0.0000,4348.2083,0.0000,9,0,0
74.2721,4.1145,0.8787,0.1000,-0.0041,0.0000,0.0000,4309.1000,612.9000,0.1000,-0.0122,0.0000,0.0000,4348.2720,0.0000,9,0,0
74.2737,4.0417,0.9382,0.1000,-0.0023,0.0000,0.0000,4113.6000,879.1000,0.1000,-0.0068,0.0000,0.0000,4202.3372,0.0000,9,0,0
74.2753,3.9585,0.9846,0.1000,-0.0004,0.0000,0.0000,4113.6000,879.1000,0.1000,-0.0068,0.0000,0.0000,4202.4088,0.0000,9,0,0
74.2769,3.8753,1.0311,0.1000,0.0015,0.0000,0.0000,3838.2000,1034.0000,0.1000,-0.0068,0.0000,0.0000,3971.0290,0.0000,9,0,0
74.2785,3.7841,1.0626,0.1000,0.0034,0.0000,0.0000,3838.2000,1034.0000,0.1000,-0.0000,0.0000,0.0000,3971.1088,0.0000,9,0,0
74.2801,3.6929,1.0942,0.1000,0.0053,0.0000,0.0000,3838.2000,1034.0000,0.1000,-0.0000,0.0000,0.0000,3971.1886,0.0000,9,0,0
74.2818,3.5965,1.1096,0.1000,0.0073,0.0000,0.0000,3838.2000,1034.0000,0.1000,-0.0000,0.0000,0.0000,3971.2777,0.0000,9,0,0
74.2834,3.5000,1.1250,0.1000,0.0092,0.0000,0.0000,3496.4000,1125.2000,0.1000,-0.0000,0.0000,0.0000,3669.3181,0.0000,9,0,0
74.2851,3.4011,1.1233,0.1000,0.0112,0.0000,0.0000,3496.4000,1125.2000,0.1000,0.0065,0.0000,0.0000,3669.4127,0.0000,9,0,0
74.2867,3.3022,1.1216,0.1000,0.0131,0.0000,0.0000,3496.4000,1125.2000,0.1000,0.0065,0.0000,0.0000,3669.5074,0.0000,9,0,0
74.2884,3.2040,1.1024,0.1000,0.0151,0.0000,0.0000,3496.4000,1125.2000,0.1000,0.0065,0.0000,0.0000,3669.6068,0.0000,9,0,0
74.2901,3.1057,1.0833,0.1000,0.0171,0.0000,0.0000,3211.8000,1102.0000,0.1000,0.0123,0.0000,0.0000,3392.3055,0.0000,9,0,0
74.2918,3.0112,1.0468,0.1000,0.0191,0.0000,0.0000,3211.8000,1102.0000,0.1000,0.0123,0.0000,0.0000,3392.4067,0.0000,9,0,0
74.2935,2.9167,1.0104,0.1000,0.0211,0.0000,0.0000,2925.8000,1010.0000,0.1000,0.0123,0.0000,0.0000,3092.1363,0.0000,9,0,0
74.2952,2.8289,0.9574,0.1000,0.0232,0.0000,0.0000,2925.8000,1010.0000,0.1000,0.0193,0.0000,0.0000,3092.2366,0.0000,9,0,0
74.2969,2.7412,0.9044,0.1000,0.0252,0.0000,0.0000,2925.8000,1010.0000,0.1000,0.0193,0.0000,0.0000,3092.3368,0.0000,9,0,0
74.2986,2.6631,0.8361,0.1000,0.0273,0.0000,0.0000,2925.8000,1010.0000,0.1000,0.0193,0.0000,0.0000,3092.4329,0.0000,9,0,0
74.3004,2.5850,0.7678,0.1000,0.0293,0.0000,0.0000,2616.1000,772.9000,0.1000,0.0193,0.0000,0.0000,2725.1878,0.0000,9,0,0
74.3021,2.5193,0.6860,0.1000,0.0314,0.0000,0.0000,2616.1000,772.9000,0.1000,0.0263,0.0000,0.0000,2725.2741,0.0000,9,0,0
74.3039,2.4536,0.6042,0.1000,0.0335,0.0000,0.0000,2616.1000,772.9000,0.1000,0.0263,0.0000,0.0000,2725.3603,0.0000,9,0,0
74.3057,2.4025,0.5111,0.1000,0.0356,0.0000,0.0000,2616.1000,772.9000,0.1000,0.0263,0.0000,0.0000,2725.4356,0.0000,9,0,0
74.3074,2.3515,0.4180,0.1000,0.0377,0.0000,0.0000,2351.3000,425.7000,0.1000,0.0263,0.0000,0.0000,2387.1372,0.0000,9,0,0
74.3092,2.3171,0.3163,0.1000,0.0398,0.0000,0.0000,2351.3000,425.7000,0.1000,0.0341,0.0000,0.0000,2387.1891,0.0000,9,0,0
74.3110,2.2827,0.2146,0.1000,0.0419,0.0000,0.0000,2351.3000,425.7000,0.1000,0.0341,0.0000,0.0000,2387.2411,0.0000,9,0,0
74.3129,2.2663,0.1073,0.1000,0.0441,0.0000,0.0000,2263.6000,107.5000,0.1000,0.0341,0.0000,0.0000,2263.8823,0.0000,9,0,0
74.3147,2.2500,0.0000,0.1000,0.0462,0.0000,0.0000,2263.6000,107.5000,0.1000,0.0416,0.0000,0.0000,2263.9037,0.0000,9,0,0
74.3165,2.2527,-0.1097,0.1000,0.0484,0.0000,0.0000,2263.6000,107.5000,0.1000,0.0416,0.0000,0.0000,2263.9063,0.0000,9,0,0
74.3184,2.2553,-0.2195,0.1000,0.0506,0.0000,0.0000,2263.6000,107.5000,0.1000,0.0416,0.0000,0.0000,2263.9088,0.0000,9,0,0
74.3202,2.2773,-0.3282,0.1000,0.0528,0.0000,0.0000,2255.0000,-219.0000,0.1000,0.0416,0.0000,0.0000,2263.3111,0.0000,9,0,0
74.3221,2.2993,-0.4370,0.1000,0.0550,0.0000,0.0000,2255.0000,-219.0000,0.1000,0.0484,0.0000,0.0000,2263.2787,0.0000,9,0,0
74.3240,2.3403,-0.5414,0.1000,0.0572,0.0000,0.0000,2255.0000,-219.0000,0.1000,0.0484,0.0000,0.0000,2263.2277,0.0000,9,0,0
74.3258,2.3814,-0.6458,0.1000,0.0594,0.0000,0.0000,2255.0000,-219.0000,0.1000,0.0484,0.0000,0.0000,2263.1768,0.0000,9,0,0
74.3277,2.4406,-0.7425,0.1000,0.0617,0.0000,0.0000,2382.4000,-722.9000,0.1000,0.0484,0.0000,0.0000,2487.1104,0.0000,9,0,0
74.3296,2.4999,-0.8392,0.1000,0.0639,0.0000,0.0000,2382.4000,-722.9000,0.1000,0.0585,0.0000,0.0000,2487.0256,0.0000,9,0,0
74.3315,2.5759,-0.9250,0.1000,0.0662,0.0000,0.0000,2382.4000,-722.9000,0.1000,0.0585,0.0000,0.0000,2486.9280,0.0000,9,0,0
74.3335,2.6519,-1.0108,0.1000,0.0685,0.0000,0.0000,2651.0000,-1010.9000,0.1000,0.0585,0.0000,0.0000,2834.3648,0.0000,9,0,0
74.3354,2.7426,-1.0827,0.1000,0.0708,0.0000,0.0000,2651.0000,-1010.9000,0.1000,0.0655,0.0000,0.0000,2834.2544,0.0000,9,0,0
74.3373,2.8333,-1.1547,0.1000,0.0731,0.0000,0.0000,2651.0000,-1010.9000,0.1000,0.0655,0.0000,0.0000,2834.1440,0.0000,9,0,0
74.3393,2.9363,-1.2103,0.1000,0.0754,0.0000,0.0000,2651.0000,-1010.9000,0.1000,0.0655,0.0000,0.0000,2834.0280,0.0000,9,0,0
74.3413,3.0392,-1.2660,0.1000,0.0777,0.0000,0.0000,2926.8000,-1210.0000,0.1000,0.0655,0.0000,0.0000,3163.7660,0.0000,9,0,0
74.3432,3.1514,-1.3032,0.1000,0.0801,0.0000,0.0000,2926.8000,-1210.0000,0.1000,0.0743,0.0000,0.0000,3163.6480,0.0000,9,0,0
74.3452,3.2636,-1.3404,0.1000,0.0824,0.0000,0.0000,2926.8000,-1210.0000,0.1000,0.0743,0.0000,0.0000,3163.5301,0.0000,9,0,0
74.3472,3.3818,-1.3577,0.1000,0.0848,0.0000,0.0000,2926.8000,-1210.0000,0.1000,0.0743,0.0000,0.0000,3163.4143,0.0000,9,0,0
74.3492,3.5000,-1.3750,0.1000,0.0871,0.0000,0.0000,3477.8000,-1373.8000,0.1000,0.0743,0.0000,0.0000,3735.5469,0.0000,9,0,0
74.3512,3.6206,-1.3714,0.1000,0.0895,0.0000,0.0000,3477.8000,-1373.8000,0.1000,0.0839,0.0000,0.0000,3735.4361,0.0000,9,0,0
74.3533,3.7412,-1.3678,0.1000,0.0919,0.0000,0.0000,3477.8000,-1373.8000,0.1000,0.0839,0.0000,0.0000,3735.3253,0.0000,9,0,0
74.3553,3.8605,-1.3430,0.1000,0.0943,0.0000,0.0000,3477.8000,-1373.8000,0.1000,0.0839,0.0000,0.0000,3735.2234,0.0000,9,0,0
74.3573,3.9798,-1.3182,0.1000,0.0968,0.0000,0.0000,3852.9000,-1343.0000,0.1000,0.0839,0.0000,0.0000,4076.0639,0.0000,9,0,0
74.3594,4.0941,-1.2725,0.1000,0.0992,0.0000,0.0000,3852.9000,-1343.0000,0.1000,0.0932,0.0000,0.0000,4075.9710,0.0000,9,0,0
74.3615,4.2083,-1.2269,0.1000,0.1016,0.0000,0.0000,3852.9000,-1343.0000,0.1000,0.0932,0.0000,0.0000,4075.8781,0.0000,9,0,0
74.3635,4.3139,-1.1614,0.1000,0.1041,0.0000,0.0000,4314.2000,-1158.1000,0.1000,0.0932,0.0000,0.0000,4462.4685,0.0000,9,0,0
74.3656,4.4195,-1.0959,0.1000,0.1066,0.0000,0.0000,4314.2000,-1158.1000,0.1000,0.1005,0.0000,0.0000,4462.3835,0.0000,9,0,0
74.3677,4.5130,-1.0122,0.1000,0.1091,0.0000,0.0000,4314.2000,-1158.1000,0.1000,0.1005,0.0000,0.0000,4462.3149,0.0000,9,0,0
74.3698,4.6065,-0.9285,0.1000,0.1116,0.0000,0.0000,4314.2000,-1158.1000,0.1000,0.1005,0.0000,0.0000,4462.2463,0.0000,9,0,0
74.3720,4.6847,-0.8288,0.1000,0.1141,0.0000,0.0000,4697.5000,-903.4000,0.1000,0.1005,0.0000,0.0000,4778.8231,0.0000,9,0,0
74.3741,4.7630,-0.7292,0.1000,0.1166,0.0000,0.0000,4697.5000,-903.4000,0.1000,0.1005,0.0000,0.0000,4778.7651,0.0000,9,0,0
74.3762,4.8232,-0.6163,0.1000,0.1191,0.0000,0.0000,4697.5000,-903.4000,0.1000,0.1005,0.0000,0.0000,4778.7272,0.0000,9,0,0
74.3784,4.8834,-0.5035,0.1000,0.1216,0.0000,0.0000,4909.5000,-497.5000,0.1000,0.1005,0.0000,0.0000,4929.7332,0.0000,9,0,0
74.3805,4.9235,-0.3808,0.1000,0.1242,0.0000,0.0000,4909.5000,-497.5000,0.1000,0.1088,0.0000,0.0000,4929.7057,0.0000,9,0,0
74.3827,4.9635,-0.2581,0.1000,0.1268,0.0000,0.0000,4909.5000,-497.5000,0.1000,0.1088,0.0000,0.0000,4929.6782,0.0000,9,0,0
74.3849,4.9818,-0.1290,0.1000,0.1294,0.0000,0.0000,4982.0000,-129.0000,0.1000,0.1088,0.0000,0.0000,4978.6864,0.0000,9,0,0
74.3870,5.0000,-0.0000,0.1000,0.1319,0.0000,0.0000,4982.0000,-129.0000,0.1000,0.1260,0.0000,0.0000,4978.6715,0.0000,9,0,0
74.4243,3.3750,1.5155,0.1000,0.1760,0.0000,0.0000,4982.0000,-129.0000,0.1000,0.1260,0.0000,0.0000,4980.3355,0.0000,9,0,0
74.4615,1.7500,3.0311,0.1000,0.2201,0.0000,0.0000,2513.5000,2323.8000,0.1000,0.1260,0.0000,0.0000,3419.7743,0.0000,9,0,0
74.4616,1.7568,3.0323,0.1000,0.2202,0.0000,0.0000,2513.5000,2323.8000,0.1000,0.1260,0.0000,0.0000,3419.7685,0.0000,9,0,0
74.4617,1.7637,3.0335,0.1000,0.2203,0.0000,0.0000,2513.5000,2323.8000,0.1000,0.1260,0.0000,0.0000,3419.7626,0.0000,9,0,0
74.4618,1.7699,3.0370,0.1000,0.2205,0.0000,0.0000,2513.5000,2323.8000,0.1000,0.1260,0.0000,0.0000,3419.7557,0.0000,9,0,0
74.4619,1.7761,3.0406,0.1000,0.2206,0.0000,0.0000,1776.1000,3037.1000,0.1000,0.1260,0.0000,0.0000,3514.7890,0.0000,9,0,0
74.4621,1.7811,3.0463,0.1000,0.2208,0.0000,0.0000,1776.1000,3037.1000,0.1000,0.1847,0.0000,0.0000,3514.7816,0.0000,9,0,0
74.4622,1.7861,3.0519,0.1000,0.2209,0.0000,0.0000,1776.1000,3037.1000,0.1000,0.1847,0.0000,0.0000,3514.7742,0.0000,9,0,0
74.4623,1.7893,3.0594,0.1000,0.2211,0.0000,0.0000,1789.6000,3057.1000,0.1000,0.1847,0.0000,0.0000,3538.8460,0.0000,9,0,0
74.4625,1.7926,3.0668,0.1000,0.2212,0.0000,0.0000,1789.6000,3057.1000,0.1000,0.2208,0.0000,0.0000,3538.8380,0.0000,9,0,0
74.4626,1.7936,3.0755,0.1000,0.2214,0.0000,0.0000,1789.6000,3057.1000,0.1000,0.2208,0.0000,0.0000,3538.8299,0.0000,9,0,0
74.4628,1.7946,3.0843,0.1000,0.2216,0.0000,0.0000,1793.6000,3083.1000,0.1000,0.2208,0.0000,0.0000,3563.2939,0.0000,9,0,0
74.4629,1.7932,3.0938,0.1000,0.2218,0.0000,0.0000,1793.6000,3083.1000,0.1000,0.2214,0.0000,0.0000,3563.2864,0.0000,9,0,0
74.4631,1.7917,3.1033,0.1000,0.2220,0.0000,0.0000,1793.6000,3083.1000,0.1000,0.2214,0.0000,0.0000,3563.2790,0.0000,9,0,0
74.4633,1.7875,3.1129,0.1000,0.2222,0.0000,0.0000,1793.6000,3083.1000,0.1000,0.2214,0.0000,0.0000,3563.2728,0.0000,9,0,0
74.4634,1.7833,3.1224,0.1000,0.2224,0.0000,0.0000,1779.3000,3121.0000,0.1000,0.2214,0.0000,0.0000,3588.9729,0.0000,9,0,0
74.4636,1.7763,3.1315,0.1000,0.2226,0.0000,0.0000,1779.3000,3121.0000,0.1000,0.2221,0.0000,0.0000,3588.9685,0.0000,9,0,0
74.4638,1.7693,3.1405,0.1000,0.2228,0.0000,0.0000,1779.3000,3121.0000,0.1000,0.2221,0.0000,0.0000,3588.9641,0.0000,9,0,0
74.4640,1.7596,3.1483,0.1000,0.2231,0.0000,0.0000,1779.3000,3121.0000,0.1000,0.2221,0.0000,0.0000,3588.9621,0.0000,9,0,0
74.4642,1.7500,3.1561,0.1000,0.2233,0.0000,0.0000,1779.3000,3121.0000,0.1000,0.2221,0.0000,0.0000,3588.9601,0.0000,9,0,0
74.4645,1.7379,3.1620,0.1000,0.2236,0.0000,0.0000,1742.1000,3162.5000,0.1000,0.2221,0.0000,0.0000,3606.9761,0.0000,9,0,0
74.4647,1.7259,3.1679,0.1000,0.2239,0.0000,0.0000,1742.1000,3162.5000,0.1000,0.2230,0.0000,0.0000,3606.9768,0.0000,9,0,0
74.4649,1.7118,3.1713,0.1000,0.2241,0.0000,0.0000,1742.1000,3162.5000,0.1000,0.2230,0.0000,0.0000,3606.9806,0.0000,9,0,0
74.4652,1.6977,3.1747,0.1000,0.2244,0.0000,0.0000,1742.1000,3162.5000,0.1000,0.2230,0.0000,0.0000,3606.9844,0.0000,9,0,0
74.4654,1.6822,3.1750,0.1000,0.2247,0.0000,0.0000,1742.1000,3162.5000,0.1000,0.2230,0.0000,0.0000,3606.9916,0.0000,9,0,0
74.4657,1.6667,3.1754,0.1000,0.2250,0.0000,0.0000,1667.0000,3175.0000,0.1000,0.2230,0.0000,0.0000,3582.4302,0.0000,9,0,0
74.4660,1.6503,3.1724,0.1000,0.2254,0.0000,0.0000,1667.0000,3175.0000,0.1000,0.2245,0.0000,0.0000,3582.4405,0.0000,9,0,0
74.4662,1.6339,3.1694,0.1000,0.2257,0.0000,0.0000,1667.0000,3175.0000,0.1000,0.2245,0.0000,0.0000,3582.4508,0.0000,9,0,0
74.4665,1.6175,3.1627,0.1000,0.2261,0.0000,0.0000,1667.0000,3175.0000,0.1000,0.2245,0.0000,0.0000,3582.4643,0.0000,9,0,0
74.4668,1.6010,3.1561,0.1000,0.2264,0.0000,0.0000,1588.9000,3155.3000,0.1000,0.2245,0.0000,0.0000,3529.2392,0.0000,9,0,0
74.4671,1.5853,3.1457,0.1000,0.2268,0.0000,0.0000,1588.9000,3155.3000,0.1000,0.2260,0.0000,0.0000,3529.2556,0.0000,9,0,0
74.4675,1.5696,3.1353,0.1000,0.2272,0.0000,0.0000,1588.9000,3155.3000,0.1000,0.2260,0.0000,0.0000,3529.2719,0.0000,9,0,0
74.4678,1.5554,3.1212,0.1000,0.2276,0.0000,0.0000,1551.0000,3234.4000,0.1000,0.2260,0.0000,0.0000,3583.5655,0.0000,9,0,0
74.4681,1.5412,3.1071,0.1000,0.2280,0.0000,0.0000,1551.0000,3234.4000,0.1000,0.2271,0.0000,0.0000,3583.5843,0.0000,9,0,0
74.4685,1.5293,3.0896,0.1000,0.2284,0.0000,0.0000,1551.0000,3234.4000,0.1000,0.2271,0.0000,0.0000,3583.6052,0.0000,9,0,0
74.4688,1.5175,3.0721,0.1000,0.2288,0.0000,0.0000,1517.6000,3072.0000,0.1000,0.2271,0.0000,0.0000,3422.9848,0.0000,9,0,0
74.4692,1.5087,3.0516,0.1000,0.2292,0.0000,0.0000,1517.6000,3072.0000,0.1000,0.2283,0.0000,0.0000,3423.0070,0.0000,9,0,0
74.4696,1.5000,3.0311,0.1000,0.2297,0.0000,0.0000,1517.6000,3072.0000,0.1000,0.2283,0.0000,0.0000,3423.0293,0.0000,9,0,0
74.4700,1.4951,3.0082,0.1000,0.2301,0.0000,0.0000,1517.6000,3072.0000,0.1000,0.2283,0.0000,0.0000,3423.0520,0.0000,9,0,0
74.4704,1.4901,2.9853,0.1000,0.2306,0.0000,0.0000,1470.4000,2894.8000,0.1000,0.2283,0.0000,0.0000,3243.4995,0.0000,9,0,0
74.4708,1.4895,2.9607,0.1000,0.2311,0.0000,0.0000,1470.4000,2894.8000,0.1000,0.2301,0.0000,0.0000,3243.5216,0.0000,9,0,0
74.4712,1.4890,2.9361,0.1000,0.2316,0.0000,0.0000,1470.4000,2894.8000,0.1000,0.2301,0.0000,0.0000,3243.5438,0.0000,9,0,0
74.4716,1.4932,2.9107,0.1000,0.2321,0.0000,0.0000,1492.6000,3023.0000,0.1000,0.2301,0.0000,0.0000,3368.1358,0.0000,9,0,0
74.4721,1.4974,2.8853,0.1000,0.2326,0.0000,0.0000,1492.6000,3023.0000,0.1000,0.2314,0.0000,0.0000,3368.1568,0.0000,9,0,0
74.4725,1.5067,2.8600,0.1000,0.2331,0.0000,0.0000,1492.6000,3023.0000,0.1000,0.2314,0.0000,0.0000,3368.1753,0.0000,9,0,0
74.4730,1.5159,2.8347,0.1000,0.2337,0.0000,0.0000,1516.0000,2827.6000,0.1000,0.2314,0.0000,0.0000,3205.1460,0.0000,9,0,0
74.4734,1.5303,2.8105,0.1000,0.2342,0.0000,0.0000,1516.0000,2827.6000,0.1000,0.2329,0.0000,0.0000,3205.1605,0.0000,9,0,0
74.4739,1.5447,2.7864,0.1000,0.2348,0.0000,0.0000,1516.0000,2827.6000,0.1000,0.2329,0.0000,0.0000,3205.1750,0.0000,9,0,0
74.4744,1.5640,2.7644,0.1000,0.2354,0.0000,0.0000,1516.0000,2827.6000,0.1000,0.2329,0.0000,0.0000,3205.1853,0.0000,9,0,0
74.4749,1.5833,2.7424,0.1000,0.2359,0.0000,0.0000,1582.8000,2743.2000,0.1000,0.2329,0.0000,0.0000,3163.9143,0.0000,9,0,0
74.4754,1.6073,2.7236,0.1000,0.2366,0.0000,0.0000,1582.8000,2743.2000,0.1000,0.2353,0.0000,0.0000,3163.9187,0.0000,9,0,0
74.4759,1.6312,2.7048,0.1000,0.2372,0.0000,0.0000,1582.8000,2743.2000,0.1000,0.2353,0.0000,0.0000,3163.9230,0.0000,9,0,0
74.4764,1.6593,2.6901,0.1000,0.2378,0.0000,0.0000,1582.8000,2743.2000,0.1000,0.2353,0.0000,0.0000,3163.9217,0.0000,9,0,0
74.4770,1.6873,2.6755,0.1000,0.2384,0.0000,0.0000,1582.8000,2743.2000,0.1000,0.2353,0.0000,0.0000,3163.9204,0.0000,9,0,0
74.4775,1.7186,2.6658,0.1000,0.2391,0.0000,0.0000,1696.5000,2675.0000,0.1000,0.2376,0.0000,0.0000,3164.4358,0.0000,9,0,0
74.4781,1.7500,2.6561,0.1000,0.2397,0.0000,0.0000,1696.5000,2675.0000,0.1000,0.2376,0.0000,0.0000,3164.4272,0.0000,9,0,0
74.4786,1.7838,2.6521,0.1000,0.2404,0.0000,0.0000,1696.5000,2675.0000,0.1000,0.2376,0.0000,0.0000,3164.4125,0.0000,9,0,0
74.4792,1.8175,2.6481,0.1000,0.2411,0.0000,0.0000,1787.8000,2652.1000,0.1000,0.2395,0.0000,0.0000,3195.2040,0.0000,9,0,0
74.4798,1.8526,2.6504,0.1000,0.2418,0.0000,0.0000,1787.8000,2652.1000,0.1000,0.2395,0.0000,0.0000,3195.1825,0.0000,9,0,0
74.4804,1.8878,2.6526,0.1000,0.2425,0.0000,0.0000,1787.8000,2652.1000,0.1000,0.2395,0.0000,0.0000,3195.1610,0.0000,9,0,0
74.4810,1.9230,2.6614,0.1000,0.2432,0.0000,0.0000,1787.8000,2652.1000,0.1000,0.2395,0.0000,0.0000,3195.1340,0.0000,9,0,0
74.4816,1.9583,2.6702,0.1000,0.2439,0.0000,0.0000,1911.2000,2661.0000,0.1000,0.2425,0.0000,0.0000,3272.9071,0.0000,9,0,0
74.4822,1.9925,2.6858,0.1000,0.2446,0.0000,0.0000,1911.2000,2661.0000,0.1000,0.2425,0.0000,0.0000,3272.8745,0.0000,9,0,0
74.4829,2.0268,2.7013,0.1000,0.2454,0.0000,0.0000,1911.2000,2661.0000,0.1000,0.2425,0.0000,0.0000,3272.8420,0.0000,9,0,0
74.4835,2.0586,2.7233,0.1000,0.2462,0.0000,0.0000,2039.7000,2700.9000,0.1000,0.2425,0.0000,0.0000,3381.1447,0.0000,9,0,0
74.4842,2.0905,2.7454,0.1000,0.2469,0.0000,0.0000,2039.7000,2700.9000,0.1000,0.2450,0.0000,0.0000,3381.1079,0.0000,9,0,0
74.4848,2.1187,2.7737,0.1000,0.2477,0.0000,0.0000,2039.7000,2700.9000,0.1000,0.2450,0.0000,0.0000,3381.0684,0.0000,9,0,0
74.4855,2.1469,2.8019,0.1000,0.2485,0.0000,0.0000,2150.6000,2801.9000,0.1000,0.2450,0.0000,0.0000,3528.5692,0.0000,9,0,0
74.4862,2.1703,2.8358,0.1000,0.2493,0.0000,0.0000,2150.6000,2801.9000,0.1000,0.2474,0.0000,0.0000,3528.5281,0.0000,9,0,0
74.4869,2.1937,2.8696,0.1000,0.2501,0.0000,0.0000,2150.6000,2801.9000,0.1000,0.2474,0.0000,0.0000,3528.4870,0.0000,9,0,0
74.4876,2.2112,2.9081,0.1000,0.2510,0.0000,0.0000,2150.6000,2801.9000,0.1000,0.2474,0.0000,0.0000,3528.4458,0.0000,9,0,0
74.4883,2.2287,2.9467,0.1000,0.2518,0.0000,0.0000,2150.6000,2801.9000,0.1000,0.2474,0.0000,0.0000,3528.4046,0.0000,9,0,0
74.4890,2.2394,2.9889,0.1000,0.2527,0.0000,0.0000,2150.6000,2801.9000,0.1000,0.2474,0.0000,0.0000,3528.3646,0.0000,9,0,0
74.4897,2.2500,3.0311,0.1000,0.2535,0.0000,0.0000,2250.0000,3034.6000,0.1000,0.2474,0.0000,0.0000,3773.9621,0.0000,9,0,0
74.4905,2.2530,3.0757,0.1000,0.2544,0.0000,0.0000,2250.0000,3034.6000,0.1000,0.2521,0.0000,0.0000,3773.9245,0.0000,9,0,0
74.4912,2.2561,3.1203,0.1000,0.2553,0.0000,0.0000,2250.0000,3034.6000,0.1000,0.2521,0.0000,0.0000,3773.8868,0.0000,9,0,0
74.4920,2.2510,3.1660,0.1000,0.2562,0.0000,0.0000,2250.0000,3034.6000,0.1000,0.2521,0.0000,0.0000,3773.8532,0.0000,9,0,0
74.4928,2.2459,3.2116,0.1000,0.2571,0.0000,0.0000,2245.6000,3291.5000,0.1000,0.2521,0.0000,0.0000,3980.6379,0.0000,9,0,0
74.4936,2.2325,3.2568,0.1000,0.2581,0.0000,0.0000,2245.6000,3291.5000,0.1000,0.2555,0.0000,0.0000,3980.6081,0.0000,9,0,0
74.4944,2.2191,3.3019,0.1000,0.2590,0.0000,0.0000,2245.6000,3291.5000,0.1000,0.2555,0.0000,0.0000,3980.5784,0.0000,9,0,0
74.4952,2.1973,3.3451,0.1000,0.2600,0.0000,0.0000,2197.1000,3333.6000,0.1000,0.2555,0.0000,0.0000,3988.5080,0.0000,9,0,0
74.4960,2.1756,3.3882,0.1000,0.2609,0.0000,0.0000,2197.1000,3333.6000,0.1000,0.2588,0.0000,0.0000,3988.4839,0.0000,9,0,0
74.4968,2.1458,3.4278,0.1000,0.2619,0.0000,0.0000,2197.1000,3333.6000,0.1000,0.2588,0.0000,0.0000,3988.4673,0.0000,9,0,0
74.4976,2.1160,3.4673,0.1000,0.2629,0.0000,0.0000,2116.6000,3463.1000,0.1000,0.2588,0.0000,0.0000,4054.6394,0.0000,9,0,0
74.4985,2.0788,3.5018,0.1000,0.2639,0.0000,0.0000,2116.6000,3463.1000,0.1000,0.2616,0.0000,0.0000,4054.6294,0.0000,9,0,0
74.4993,2.0417,3.5363,0.1000,0.2649,0.0000,0.0000,2116.6000,3463.1000,0.1000,0.2616,0.0000,0.0000,4054.6194,0.0000,9,0,0
74.5002,1.9980,3.5643,0.1000,0.2659,0.0000,0.0000,2116.6000,3463.1000,0.1000,0.2616,0.0000,0.0000,4054.6182,0.0000,9,0,0
74.5011,1.9543,3.5923,0.1000,0.2670,0.0000,0.0000,1999.9000,3564.0000,0.1000,0.2616,0.0000,0.0000,4082.6817,0.0000,9,0,0
74.5020,1.9052,3.6126,0.1000,0.2680,0.0000,0.0000,1999.9000,3564.0000,0.1000,0.2655,0.0000,0.0000,4082.6880,0.0000,9,0,0
74.5028,1.8561,3.6329,0.1000,0.2691,0.0000,0.0000,1999.9000,3564.0000,0.1000,0.2655,0.0000,0.0000,4082.6943,0.0000,9,0,0
74.5038,1.8031,3.6445,0.1000,0.2701,0.0000,0.0000,1813.1000,3645.0000,0.1000,0.2655,0.0000,0.0000,4066.9726,0.0000,9,0,0
74.5047,1.7500,3.6561,0.1000,0.2712,0.0000,0.0000,1813.1000,3645.0000,0.1000,0.2655,0.0000,0.0000,4066.9859,0.0000,9,0,0
74.5056,1.6945,3.6582,0.1000,0.2723,0.0000,0.0000,1813.1000,3645.0000,0.1000,0.2655,0.0000,0.0000,4067.0087,0.0000,9,0,0
74.5065,1.6391,3.6603,0.1000,0.2734,0.0000,0.0000,1813.1000,3645.0000,0.1000,0.2655,0.0000,0.0000,4067.0316,0.0000,9,0,0
74.5075,1.5829,3.6524,0.1000,0.2745,0.0000,0.0000,1639.0000,3660.0000,0.1000,0.2691,0.0000,0.0000,4006.2467,0.0000,9,0,0
74.5084,1.5267,3.6445,0.1000,0.2757,0.0000,0.0000,1639.0000,3660.0000,0.1000,0.2691,0.0000,0.0000,4006.2769,0.0000,9,0,0
74.5094,1.4717,3.6265,0.1000,0.2768,0.0000,0.0000,1639.0000,3660.0000,0.1000,0.2691,0.0000,0.0000,4006.3158,0.0000,9,0,0
74.5104,1.4167,3.6084,0.1000,0.2780,0.0000,0.0000,1466.5000,3620.5000,0.1000,0.2691,0.0000,0.0000,3902.3549,0.0000,9,0,0
74.5114,1.3646,3.5804,0.1000,0.2791,0.0000,0.0000,1466.5000,3620.5000,0.1000,0.2758,0.0000,0.0000,3902.4004,0.0000,9,0,0
74.5123,1.3125,3.5524,0.1000,0.2803,0.0000,0.0000,1466.5000,3620.5000,0.1000,0.2758,0.0000,0.0000,3902.4459,0.0000,9,0,0
74.5134,1.2653,3.5149,0.1000,0.2815,0.0000,0.0000,1466.5000,3620.5000,0.1000,0.2758,0.0000,0.0000,3902.4984,0.0000,9,0,0
74.5144,1.2180,3.4775,0.1000,0.2827,0.0000,0.0000,1265.0000,3515.0000,0.1000,0.2758,0.0000,0.0000,3732.0149,0.0000,9,0,0
74.5154,1.1773,3.4314,0.1000,0.2839,0.0000,0.0000,1265.0000,3515.0000,0.1000,0.2810,0.0000,0.0000,3732.0721,0.0000,9,0,0
74.5164,1.1366,3.3853,0.1000,0.2851,0.0000,0.0000,1265.0000,3515.0000,0.1000,0.2810,0.0000,0.0000,3732.1293,0.0000,9,0,0
74.5175,1.1039,3.3317,0.1000,0.2864,0.0000,0.0000,1085.3000,3302.3000,0.1000,0.2810,0.0000,0.0000,3472.5600,0.0000,9,0,0
74.5185,1.0713,3.2781,0.1000,0.2876,0.0000,0.0000,1085.3000,3302.3000,0.1000,0.2848,0.0000,0.0000,3472.6211,0.0000,9,0,0
74.5196,1.0482,3.2185,0.1000,0.2889,0.0000,0.0000,1085.3000,3302.3000,0.1000,0.2848,0.0000,0.0000,3472.6849,0.0000,9,0,0
74.5207,1.0251,3.1589,0.1000,0.2902,0.0000,0.0000,1085.3000,3302.3000,0.1000,0.2848,0.0000,0.0000,3472.7488,0.0000,9,0,0
74.5218,1.0125,3.0950,0.1000,0.2915,0.0000,0.0000,1025.0000,3149.0000,0.1000,0.2884,0.0000,0.0000,3308.3634,0.0000,9,0,0
74.5228,1.0000,3.0311,0.1000,0.2927,0.0000,0.0000,1025.0000,3149.0000,0.1000,0.2884,0.0000,0.0000,3308.4281,0.0000,9,0,0
74.5240,0.9989,2.9648,0.1000,0.2941,0.0000,0.0000,999.9000,2964.3000,0.1000,0.2884,0.0000,0.0000,3125.2696,0.0000,9,0,0
74.5251,0.9977,2.8984,0.1000,0.2954,0.0000,0.0000,999.9000,2964.3000,0.1000,0.2924,0.0000,0.0000,3125.3328,0.0000,9,0,0
74.5262,1.0084,2.8318,0.1000,0.2967,0.0000,0.0000,999.9000,2964.3000,0.1000,0.2924,0.0000,0.0000,3125.3925,0.0000,9,0,0
74.5273,1.0191,2.7651,0.1000,0.2981,0.0000,0.0000,1018.9000,2799.3000,0.1000,0.2924,0.0000,0.0000,2976.0190,0.0000,9,0,0
74.5285,1.0418,2.7002,0.1000,0.2994,0.0000,0.0000,1018.9000,2799.3000,0.1000,0.2964,0.0000,0.0000,2976.0722,0.0000,9,0,0
74.5296,1.0644,2.6353,0.1000,0.3008,0.0000,0.0000,1018.9000,2799.3000,0.1000,0.2964,0.0000,0.0000,2976.1255,0.0000,9,0,0
74.5308,1.0987,2.5743,0.1000,0.3022,0.0000,0.0000,1103.8000,2574.0000,0.1000,0.2964,0.0000,0.0000,2797.8886,0.0000,9,0,0
74.5320,1.1329,2.5133,0.1000,0.3036,0.0000,0.0000,1103.8000,2574.0000,0.1000,0.3005,0.0000,0.0000,2797.9311,0.0000,9,0,0
74.5332,1.1781,2.4583,0.1000,0.3050,0.0000,0.0000,1103.8000,2574.0000,0.1000,0.3005,0.0000,0.0000,2797.9638,0.0000,9,0,0
74.5344,1.2233,2.4034,0.1000,0.3064,0.0000,0.0000,1103.8000,2574.0000,0.1000,0.3005,0.0000,0.0000,2797.9966,0.0000,9,0,0
74.5356,1.2783,2.3564,0.1000,0.3078,0.0000,0.0000,1223.1000,2398.9000,0.1000,0.3005,0.0000,0.0000,2690.0315,0.0000,9,0,0
74.5368,1.3333,2.3094,0.1000,0.3092,0.0000,0.0000,1223.1000,2398.9000,0.1000,0.3060,0.0000,0.0000,2690.0484,0.0000,9,0,0
74.5380,1.3968,2.2722,0.1000,0.3107,0.0000,0.0000,1223.1000,2398.9000,0.1000,0.3060,0.0000,0.0000,2690.0527,0.0000,9,0,0
74.5392,1.4602,2.2350,0.1000,0.3122,0.0000,0.0000,1460.4000,2235.0000,0.1000,0.3060,0.0000,0.0000,2667.1605,0.0000,9,0,0
74.5405,1.5304,2.2090,0.1000,0.3136,0.0000,0.0000,1460.4000,2235.0000,0.1000,0.3101,0.0000,0.0000,2667.1438,0.0000,9,0,0
74.5418,1.6005,2.1831,0.1000,0.3151,0.0000,0.0000,1460.4000,2235.0000,0.1000,0.3101,0.0000,0.0000,2667.1272,0.0000,9,0,0
74.5430,1.6752,2.1696,0.1000,0.3166,0.0000,0.0000,1790.6000,2169.8000,0.1000,0.3101,0.0000,0.0000,2810.4935,0.0000,9,0,0
74.5443,1.7500,2.1561,0.1000,0.3181,0.0000,0.0000,1790.6000,2169.8000,0.1000,0.3153,0.0000,0.0000,2810.4563,0.0000,9,0,0
74.5456,1.8272,2.1559,0.1000,0.3197,0.0000,0.0000,1790.6000,2169.8000,0.1000,0.3153,0.0000,0.0000,2810.4073,0.0000,9,0,0
74.5469,1.9044,2.1557,0.1000,0.3212,0.0000,0.0000,1790.6000,2169.8000,0.1000,0.3153,0.0000,0.0000,2810.3583,0.0000,9,0,0
74.5482,1.9816,2.1692,0.1000,0.3228,0.0000,0.0000,1871.0000,2160.7000,0.1000,0.3153,0.0000,0.0000,2855.2557,0.0000,9,0,0
74.5495,2.0588,2.1828,0.1000,0.3243,0.0000,0.0000,1871.0000,2160.7000,0.1000,0.3206,0.0000,0.0000,2855.1949,0.0000,9,0,0
74.5508,2.1336,2.2100,0.1000,0.3259,0.0000,0.0000,1871.0000,2160.7000,0.1000,0.3206,0.0000,0.0000,2855.1254,0.0000,9,0,0
74.5522,2.2083,2.2372,0.1000,0.3275,0.0000,0.0000,1871.0000,2160.7000,0.1000,0.3206,0.0000,0.0000,2855.0558,0.0000,9,0,0
74.5535,2.2782,2.2777,0.1000,0.3291,0.0000,0.0000,2207.6000,2236.9000,0.1000,0.3252,0.0000,0.0000,3139.5829,0.0000,9,0,0
74.5549,2.3481,2.3182,0.1000,0.3307,0.0000,0.0000,2207.6000,2236.9000,0.1000,0.3252,0.0000,0.0000,3139.5050,0.0000,9,0,0
74.5562,2.4108,2.3711,0.1000,0.3323,0.0000,0.0000,2207.6000,2236.9000,0.1000,0.3252,0.0000,0.0000,3139.4233,0.0000,9,0,0
74.5576,2.4735,2.4240,0.1000,0.3339,0.0000,0.0000,2404.1000,2371.0000,0.1000,0.3305,0.0000,0.0000,3373.1235,0.0000,9,0,0
74.5590,2.5267,2.4880,0.1000,0.3356,0.0000,0.0000,2404.1000,2371.0000,0.1000,0.3305,0.0000,0.0000,3373.0407,0.0000,9,0,0
74.5604,2.5799,2.5519,0.1000,0.3372,0.0000,0.0000,2580.0000,2553.4000,0.1000,0.3305,0.0000,0.0000,3626.2819,0.0000,9,0,0
74.5618,2.6218,2.6252,0.1000,0.3389,0.0000,0.0000,2580.0000,2553.4000,0.1000,0.3349,0.0000,0.0000,3626.2005,0.0000,9,0,0
74.5632,2.6636,2.6986,0.1000,0.3406,0.0000,0.0000,2580.0000,2553.4000,0.1000,0.3349,0.0000,0.0000,3626.1192,0.0000,9,0,0
74.5647,2.6924,2.7792,0.1000,0.3423,0.0000,0.0000,2689.4000,2794.2000,0.1000,0.3349,0.0000,0.0000,3874.3294,0.0000,9,0,0
74.5661,2.7211,2.8599,0.1000,0.3440,0.0000,0.0000,2689.4000,2794.2000,0.1000,0.3401,0.0000,0.0000,3874.2513,0.0000,9,0,0
74.5676,2.7356,2.9455,0.1000,0.3457,0.0000,0.0000,2689.4000,2794.2000,0.1000,0.3401,0.0000,0.0000,3874.1796,0.0000,9,0,0
74.5690,2.7500,3.0311,0.1000,0.3474,0.0000,0.0000,2689.4000,2794.2000,0.1000,0.3401,0.0000,0.0000,3874.1079,0.0000,9,0,0
74.5705,2.7492,3.1191,0.1000,0.3492,0.0000,0.0000,2748.8000,3162.8000,0.1000,0.3401,0.0000,0.0000,4186.2129,0.0000,9,0,0
74.5720,2.7485,3.2071,0.1000,0.3509,0.0000,0.0000,2748.8000,3162.8000,0.1000,0.3461,0.0000,0.0000,4186.1469,0.0000,9,0,0
74.5735,2.7321,3.2949,0.1000,0.3527,0.0000,0.0000,2748.8000,3162.8000,0.1000,0.3461,0.0000,0.0000,4186.0914,0.0000,9,0,0
74.5749,2.7158,3.3826,0.1000,0.3544,0.0000,0.0000,2748.8000,3162.8000,0.1000,0.3461,0.0000,0.0000,4186.0359,0.0000,9,0,0
74.5765,2.6840,3.4673,0.1000,0.3562,0.0000,0.0000,2748.8000,3162.8000,0.1000,0.3461,0.0000,0.0000,4185.9929,0.0000,9,0,0
74.5780,2.6521,3.5519,0.1000,0.3580,0.0000,0.0000,2684.0000,3473.6000,0.1000,0.3461,0.0000,0.0000,4385.3005,0.0000,9,0,0
74.5795,2.6054,3.6308,0.1000,0.3598,0.0000,0.0000,2684.0000,3473.6000,0.1000,0.3564,0.0000,0.0000,4385.2667,0.0000,9,0,0
74.5810,2.5586,3.7096,0.1000,0.3617,0.0000,0.0000,2684.0000,3473.6000,0.1000,0.3564,0.0000,0.0000,4385.2329,0.0000,9,0,0
74.5826,2.4980,3.7800,0.1000,0.3635,0.0000,0.0000,2684.0000,3473.6000,0.1000,0.3564,0.0000,0.0000,4385.2142,0.0000,9,0,0
74.5842,2.4374,3.8503,0.1000,0.3653,0.0000,0.0000,2684.0000,3473.6000,0.1000,0.3564,0.0000,0.0000,4385.1956,0.0000,9,0,0
74.5857,2.3645,3.9098,0.1000,0.3672,0.0000,0.0000,2358.9000,3919.5000,0.1000,0.3564,0.0000,0.0000,4570.0225,0.0000,9,0,0
74.5873,2.2917,3.9693,0.1000,0.3691,0.0000,0.0000,2358.9000,3919.5000,0.1000,0.3647,0.0000,0.0000,4570.0092,0.0000,9,0,0
74.5889,2.2085,4.0157,0.1000,0.3710,0.0000,0.0000,2358.9000,3919.5000,0.1000,0.3647,0.0000,0.0000,4570.0123,0.0000,9,0,0
74.5905,2.1253,4.0621,0.1000,0.3729,0.0000,0.0000,2358.9000,3919.5000,0.1000,0.3647,0.0000,0.0000,4570.0154,0.0000,9,0,0
74.5921,2.0341,4.0937,0.1000,0.3748,0.0000,0.0000,1935.2000,4098.6000,0.1000,0.3647,0.0000,0.0000,4527.9258,0.0000,9,0,0
74.5937,1.9429,4.1253,0.1000,0.3767,0.0000,0.0000,1935.2000,4098.6000,0.1000,0.3715,0.0000,0.0000,4527.9361,0.0000,9,0,0
74.5954,1.8465,4.1407,0.1000,0.3786,0.0000,0.0000,1935.2000,4098.6000,0.1000,0.3715,0.0000,0.0000,4527.9634,0.0000,9,0,0
74.5970,1.7500,4.1561,0.1000,0.3806,0.0000,0.0000,1739.3000,4156.0000,0.1000,0.3715,0.0000,0.0000,4500.7653,0.0000,9,0,0
74.5987,1.6511,4.1544,0.1000,0.3825,0.0000,0.0000,1739.3000,4156.0000,0.1000,0.3778,0.0000,0.0000,4500.8050,0.0000,9,0,0
74.6003,1.5522,4.1527,0.1000,0.3845,0.0000,0.0000,1739.3000,4156.0000,0.1000,0.3778,0.0000,0.0000,4500.8448,0.0000,9,0,0
74.6020,1.4540,4.1335,0.1000,0.3865,0.0000,0.0000,1463.6000,4134.0000,0.1000,0.3778,0.0000,0.0000,4381.0579,0.0000,9,0,0
74.6037,1.3557,4.1143,0.1000,0.3884,0.0000,0.0000,1463.6000,4134.0000,0.1000,0.3839,0.0000,0.0000,4381.1087,0.0000,9,0,0
74.6054,1.2612,4.0779,0.1000,0.3905,0.0000,0.0000,1463.6000,4134.0000,0.1000,0.3839,0.0000,0.0000,4381.1747,0.0000,9,0,0
74.6071,1.1667,4.0415,0.1000,0.3925,0.0000,0.0000,1199.5000,4041.0000,0.1000,0.3839,0.0000,0.0000,4211.0613,0.0000,9,0,0
74.6088,1.0789,3.9884,0.1000,0.3945,0.0000,0.0000,1199.5000,4041.0000,0.1000,0.3896,0.0000,0.0000,4211.1371,0.0000,9,0,0
74.6105,0.9912,3.9354,0.1000,0.3965,0.0000,0.0000,1199.5000,4041.0000,0.1000,0.3896,0.0000,0.0000,4211.2128,0.0000,9,0,0
74.6122,0.9131,3.8672,0.1000,0.3986,0.0000,0.0000,1199.5000,4041.0000,0.1000,0.3896,0.0000,0.0000,4211.3005,0.0000,9,0,0
74.6140,0.8350,3.7989,0.1000,0.4006,0.0000,0.0000,928.0000,3866.6000,0.1000,0.3957,0.0000,0.0000,3972.5140,0.0000,9,0,0
74.6157,0.7693,3.7171,0.1000,0.4027,0.0000,0.0000,928.0000,3866.6000,0.1000,0.3957,0.0000,0.0000,3972.6089,0.0000,9,0,0
74.6175,0.7036,3.6353,0.1000,0.4048,0.0000,0.0000,928.0000,3866.6000,0.1000,0.3957,0.0000,0.0000,3972.7038,0.0000,9,0,0
74.6193,0.6525,3.5422,0.1000,0.4069,0.0000,0.0000,703.9000,3639.0000,0.1000,0.4021,0.0000,0.0000,3702.8517,0.0000,9,0,0
74.6210,0.6015,3.4491,0.1000,0.4090,0.0000,0.0000,703.9000,3639.0000,0.1000,0.4021,0.0000,0.0000,3702.9527,0.0000,9,0,0
74.6228,0.5671,3.3474,0.1000,0.4111,0.0000,0.0000,703.9000,3639.0000,0.1000,0.4021,0.0000,0.0000,3703.0591,0.0000,9,0,0
74.6246,0.5327,3.2457,0.1000,0.4133,0.0000,0.0000,558.9000,3363.5000,0.1000,0.4021,0.0000,0.0000,3406.3298,0.0000,9,0,0
74.6265,0.5163,3.1384,0.1000,0.4154,0.0000,0.0000,558.9000,3363.5000,0.1000,0.4102,0.0000,0.0000,3406.4384,0.0000,9,0,0
74.6283,0.5000,3.0311,0.1000,0.4176,0.0000,0.0000,558.9000,3363.5000,0.1000,0.4102,0.0000,0.0000,3406.5469,0.0000,9,0,0
74.6301,0.5027,2.9214,0.1000,0.4198,0.0000,0.0000,503.0000,2866.7000,0.1000,0.4102,0.0000,0.0000,2907.5302,0.0000,9,0,0
74.6319,0.5053,2.8116,0.1000,0.4219,0.0000,0.0000,503.0000,2866.7000,0.1000,0.4167,0.0000,0.0000,2907.6378,0.0000,9,0,0
74.6338,0.5273,2.7028,0.1000,0.4241,0.0000,0.0000,503.0000,2866.7000,0.1000,0.4167,0.0000,0.0000,2907.7411,0.0000,9,0,0
74.6357,0.5493,2.5941,0.1000,0.4263,0.0000,0.0000,550.6000,2438.8000,0.1000,0.4167,0.0000,0.0000,2497.5298,0.0000,9,0,0
74.6375,0.5903,2.4897,0.1000,0.4286,0.0000,0.0000,550.6000,2438.8000,0.1000,0.4244,0.0000,0.0000,2497.6226,0.0000,9,0,0
74.6394,0.6314,2.3853,0.1000,0.4308,0.0000,0.0000,550.6000,2438.8000,0.1000,0.4244,0.0000,0.0000,2497.7154,0.0000,9,0,0
74.6413,0.6906,2.2886,0.1000,0.4330,0.0000,0.0000,550.6000,2438.8000,0.1000,0.4244,0.0000,0.0000,2497.7967,0.0000,9,0,0
74.6432,0.7499,2.1919,0.1000,0.4353,0.0000,0.0000,750.0000,2191.7000,0.1000,0.4244,0.0000,0.0000,2314.1568,0.0000,9,0,0
74.6451,0.8259,2.1061,0.1000,0.4375,0.0000,0.0000,750.0000,2191.7000,0.1000,0.4324,0.0000,0.0000,2314.2133,0.0000,9,0,0
74.6471,0.9019,2.0203,0.1000,0.4398,0.0000,0.0000,750.0000,2191.7000,0.1000,0.4324,0.0000,0.0000,2314.2699,0.0000,9,0,0
74.6490,0.9926,1.9484,0.1000,0.4421,0.0000,0.0000,750.0000,2191.7000,0.1000,0.4324,0.0000,0.0000,2314.3086,0.0000,9,0,0
74.6509,1.0833,1.8764,0.1000,0.4444,0.0000,0.0000,750.0000,2191.7000,0.1000,0.4324,0.0000,0.0000,2314.3473,0.0000,9,0,0
74.6529,1.1863,1.8208,0.1000,0.4467,0.0000,0.0000,1127.4000,1871.3000,0.1000,0.4413,0.0000,0.0000,2182.5009,0.0000,9,0,0
74.6549,1.2892,1.7651,0.1000,0.4491,0.0000,0.0000,1127.4000,1871.3000,0.1000,0.4413,0.0000,0.0000,2182.4954,0.0000,9,0,0
74.6568,1.4014,1.7279,0.1000,0.4514,0.0000,0.0000,1127.4000,1871.3000,0.1000,0.4413,0.0000,0.0000,2182.4694,0.0000,9,0,0
74.6588,1.5136,1.6907,0.1000,0.4537,0.0000,0.0000,1401.7000,1725.7000,0.1000,0.4413,0.0000,0.0000,2220.9750,0.0000,9,0,0
74.6608,1.6318,1.6734,0.1000,0.4561,0.0000,0.0000,1401.7000,1725.7000,0.1000,0.4506,0.0000,0.0000,2220.9139,0.0000,9,0,0
74.6628,1.7500,1.6561,0.1000,0.4585,0.0000,0.0000,1401.7000,1725.7000,0.1000,0.4506,0.0000,0.0000,2220.8529,0.0000,9,0,0
74.6648,1.8706,1.6597,0.1000,0.4609,0.0000,0.0000,1938.3000,1660.2000,0.1000,0.4506,0.0000,0.0000,2549.6107,0.0000,9,0,0
74.6669,1.9912,1.6633,0.1000,0.4633,0.0000,0.0000,1938.3000,1660.2000,0.1000,0.4575,0.0000,0.0000,2549.5168,0.0000,9,0,0
74.6689,2.1105,1.6881,0.1000,0.4657,0.0000,0.0000,1938.3000,1660.2000,0.1000,0.4575,0.0000,0.0000,2549.4100,0.0000,9,0,0
74.6709,2.2298,1.7129,0.1000,0.4681,0.0000,0.0000,1938.3000,1660.2000,0.1000,0.4575,0.0000,0.0000,2549.3033,0.0000,9,0,0
74.6730,2.3441,1.7586,0.1000,0.4705,0.0000,0.0000,2369.9000,1713.9000,0.1000,0.4651,0.0000,0.0000,2921.7716,0.0000,9,0,0
74.6751,2.4583,1.8042,0.1000,0.4730,0.0000,0.0000,2369.9000,1713.9000,0.1000,0.4651,0.0000,0.0000,2921.6523,0.0000,9,0,0
74.6771,2.5639,1.8697,0.1000,0.4754,0.0000,0.0000,2369.9000,1713.9000,0.1000,0.4651,0.0000,0.0000,2921.5283,0.0000,9,0,0
74.6792,2.6695,1.9352,0.1000,0.4779,0.0000,0.0000,2563.9000,1869.2000,0.1000,0.4726,0.0000,0.0000,3169.6339,0.0000,9,0,0
74.6813,2.7630,2.0189,0.1000,0.4804,0.0000,0.0000,2563.9000,1869.2000,0.1000,0.4726,0.0000,0.0000,3169.5091,0.0000,9,0,0
74.6834,2.8565,2.1026,0.1000,0.4829,0.0000,0.0000,2563.9000,1869.2000,0.1000,0.4726,0.0000,0.0000,3169.3842,0.0000,9,0,0
74.6855,2.9347,2.2023,0.1000,0.4854,0.0000,0.0000,2851.5000,2070.2000,0.1000,0.4793,0.0000,0.0000,3520.0765,0.0000,9,0,0
74.6877,3.0130,2.3019,0.1000,0.4879,0.0000,0.0000,2851.5000,2070.2000,0.1000,0.4793,0.0000,0.0000,3519.9547,0.0000,9,0,0
74.6898,3.0732,2.4147,0.1000,0.4904,0.0000,0.0000,2851.5000,2070.2000,0.1000,0.4793,0.0000,0.0000,3519.8396,0.0000,9,0,0
74.6919,3.1334,2.5276,0.1000,0.4930,0.0000,0.0000,3068.9000,2411.0000,0.1000,0.4793,0.0000,0.0000,3898.6747,0.0000,9,0,0
74.6941,3.1735,2.6503,0.1000,0.4955,0.0000,0.0000,3068.9000,2411.0000,0.1000,0.4893,0.0000,0.0000,3898.5673,0.0000,9,0,0
74.6963,3.2135,2.7730,0.1000,0.4981,0.0000,0.0000,3068.9000,2411.0000,0.1000,0.4893,0.0000,0.0000,3898.4600,0.0000,9,0,0
74.6985,3.2318,2.9021,0.1000,0.5007,0.0000,0.0000,3231.9000,2917.5000,0.1000,0.4893,0.0000,0.0000,4349.6183,0.0000,9,0,0
74.7006,3.2500,3.0311,0.1000,0.5033,0.0000,0.0000,3231.9000,2917.5000,0.1000,0.4971,0.0000,0.0000,4349.5183,0.0000,9,0,0
74.7425,0.7500,3.0311,0.1000,0.5528,0.0000,0.0000,3231.9000,2917.5000,0.1000,0.4971,0.0000,0.0000,4351.3744,0.0000,9,0,0
74.7844,-1.7500,3.0311,0.1000,0.6024,0.0000,0.0000,247.8000,3030.2000,0.1000,0.4971,0.0000,0.0000,3037.4375,0.0000,9,0,0
74.7845,-1.7432,3.0323,0.1000,0.6025,0.0000,0.0000,247.8000,3030.2000,0.1000,0.5371,0.0000,0.0000,3037.4358,0.0000,9,0,0
74.7846,-1.7363,3.0335,0.1000,0.6027,0.0000,0.0000,247.8000,3030.2000,0.1000,0.5371,0.0000,0.0000,3037.4340,0.0000,9,0,0
74.7847,-1.7301,3.0370,0.1000,0.6028,0.0000,0.0000,-1750.4000,3043.9000,0.1000,0.5371,0.0000,0.0000,3507.8047,0.0000,9,0,0
74.7848,-1.7239,3.0406,0.1000,0.6030,0.0000,0.0000,-1750.4000,3043.9000,0.1000,0.6012,0.0000,0.0000,3507.8047,0.0000,9,0,0
74.7850,-1.7189,3.0463,0.1000,0.6031,0.0000,0.0000,-1750.4000,3043.9000,0.1000,0.6012,0.0000,0.0000,3507.8023,0.0000,9,0,0
74.7851,-1.7139,3.0519,0.1000,0.6033,0.0000,0.0000,-1750.4000,3043.9000,0.1000,0.6012,0.0000,0.0000,3507.7999,0.0000,9,0,0
74.7852,-1.7107,3.0594,0.1000,0.6034,0.0000,0.0000,-1743.6000,3068.0000,0.1000,0.6012,0.0000,0.0000,3525.3425,0.0000,9,0,0
74.7854,-1.7074,3.0668,0.1000,0.6036,0.0000,0.0000,-1743.6000,3068.0000,0.1000,0.6032,0.0000,0.0000,3525.3376,0.0000,9,0,0
74.7855,-1.7064,3.0755,0.1000,0.6038,0.0000,0.0000,-1743.6000,3068.0000,0.1000,0.6032,0.0000,0.0000,3525.3305,0.0000,9,0,0
74.7857,-1.7054,3.0843,0.1000,0.6039,0.0000,0.0000,-1743.6000,3068.0000,0.1000,0.6032,0.0000,0.0000,3525.3234,0.0000,9,0,0
74.7858,-1.7068,3.0938,0.1000,0.6041,0.0000,0.0000,-1702.0000,3086.2000,0.1000,0.6037,0.0000,0.0000,3520.8722,0.0000,9,0,0
74.7860,-1.7083,3.1033,0.1000,0.6043,0.0000,0.0000,-1702.0000,3086.2000,0.1000,0.6037,0.0000,0.0000,3520.8631,0.0000,9,0,0
74.7861,-1.7125,3.1129,0.1000,0.6045,0.0000,0.0000,-1702.0000,3086.2000,0.1000,0.6037,0.0000,0.0000,3520.8527,0.0000,9,0,0
74.7863,-1.7167,3.1224,0.1000,0.6047,0.0000,0.0000,-1716.8000,3099.5000,0.1000,0.6037,0.0000,0.0000,3539.6419,0.0000,9,0,0
74.7865,-1.7237,3.1315,0.1000,0.6050,0.0000,0.0000,-1716.8000,3099.5000,0.1000,0.6044,0.0000,0.0000,3539.6306,0.0000,9,0,0
74.7867,-1.7307,3.1405,0.1000,0.6052,0.0000,0.0000,-1716.8000,3099.5000,0.1000,0.6044,0.0000,0.0000,3539.6193,0.0000,9,0,0
74.7869,-1.7404,3.1483,0.1000,0.6054,0.0000,0.0000,-1716.8000,3099.5000,0.1000,0.6044,0.0000,0.0000,3539.6078,0.0000,9,0,0
74.7871,-1.7500,3.1561,0.1000,0.6057,0.0000,0.0000,-1716.8000,3099.5000,0.1000,0.6044,0.0000,0.0000,3539.5963,0.0000,9,0,0
74.7873,-1.7621,3.1620,0.1000,0.6059,0.0000,0.0000,-1765.7000,3160.9000,0.1000,0.6044,0.0000,0.0000,3617.0135,0.0000,9,0,0
74.7876,-1.7741,3.1679,0.1000,0.6062,0.0000,0.0000,-1765.7000,3160.9000,0.1000,0.6056,0.0000,0.0000,3617.0025,0.0000,9,0,0
74.7878,-1.7882,3.1713,0.1000,0.6065,0.0000,0.0000,-1765.7000,3160.9000,0.1000,0.6056,0.0000,0.0000,3616.9926,0.0000,9,0,0
74.7881,-1.8023,3.1747,0.1000,0.6068,0.0000,0.0000,-1765.7000,3160.9000,0.1000,0.6056,0.0000,0.0000,3616.9828,0.0000,9,0,0
74.7883,-1.8178,3.1750,0.1000,0.6071,0.0000,0.0000,-1765.7000,3160.9000,0.1000,0.6056,0.0000,0.0000,3616.9749,0.0000,9,0,0
74.7886,-1.8333,3.1754,0.1000,0.6074,0.0000,0.0000,-1808.0000,3175.0000,0.1000,0.6067,0.0000,0.0000,3650.0287,0.0000,9,0,0
74.7889,-1.8497,3.1724,0.1000,0.6077,0.0000,0.0000,-1808.0000,3175.0000,0.1000,0.6067,0.0000,0.0000,3650.0232,0.0000,9,0,0
74.7891,-1.8661,3.1694,0.1000,0.6081,0.0000,0.0000,-1808.0000,3175.0000,0.1000,0.6067,0.0000,0.0000,3650.0177,0.0000,9,0,0
74.7894,-1.8825,3.1627,0.1000,0.6084,0.0000,0.0000,-1878.0000,3163.5000,0.1000,0.6077,0.0000,0.0000,3675.2617,0.0000,9,0,0
74.7897,-1.8990,3.1561,0.1000,0.6088,0.0000,0.0000,-1878.0000,3163.5000,0.1000,0.6077,0.0000,0.0000,3675.2590,0.0000,9,0,0
74.7900,-1.9147,3.1457,0.1000,0.6091,0.0000,0.0000,-1878.0000,3163.5000,0.1000,0.6077,0.0000,0.0000,3675.2599,0.0000,9,0,0
74.7904,-1.9304,3.1353,0.1000,0.6095,0.0000,0.0000,-1922.8000,3167.4000,0.1000,0.6077,0.0000,0.0000,3701.6633,0.0000,9,0,0
74.7907,-1.9446,3.1212,0.1000,0.6099,0.0000,0.0000,-1922.8000,3167.4000,0.1000,0.6090,0.0000,0.0000,3701.6680,0.0000,9,0,0
74.7910,-1.9588,3.1071,0.1000,0.6103,0.0000,0.0000,-1922.8000,3167.4000,0.1000,0.6090,0.0000,0.0000,3701.6727,0.0000,9,0,0
74.7914,-1.9707,3.0896,0.1000,0.6107,0.0000,0.0000,-1922.8000,3167.4000,0.1000,0.6090,0.0000,0.0000,3701.6815,0.0000,9,0,0
74.7917,-1.9825,3.0721,0.1000,0.6111,0.0000,0.0000,-1971.3000,3092.5000,0.1000,0.6090,0.0000,0.0000,3663.7107,0.0000,9,0,0
74.7921,-1.9913,3.0516,0.1000,0.6116,0.0000,0.0000,-1971.3000,3092.5000,0.1000,0.6105,0.0000,0.0000,3663.7233,0.0000,9,0,0
74.7925,-2.0000,3.0311,0.1000,0.6120,0.0000,0.0000,-1971.3000,3092.5000,0.1000,0.6105,0.0000,0.0000,3663.7359,0.0000,9,0,0
74.7929,-2.0049,3.0082,0.1000,0.6125,0.0000,0.0000,-2006.4000,3039.1000,0.1000,0.6105,0.0000,0.0000,3638.0562,0.0000,9,0,0
74.7933,-2.0099,2.9853,0.1000,0.6130,0.0000,0.0000,-2006.4000,3039.1000,0.1000,0.6118,0.0000,0.0000,3638.0726,0.0000,9,0,0
74.7937,-2.0105,2.9607,0.1000,0.6134,0.0000,0.0000,-2006.4000,3039.1000,0.1000,0.6118,0.0000,0.0000,3638.0928,0.0000,9,0,0
74.7941,-2.0110,2.9361,0.1000,0.6139,0.0000,0.0000,-2011.0000,2928.7000,0.1000,0.6118,0.0000,0.0000,3549.1029,0.0000,9,0,0
74.7945,-2.0068,2.9107,0.1000,0.6144,0.0000,0.0000,-2011.0000,2928.7000,0.1000,0.6132,0.0000,0.0000,3549.1262,0.0000,9,0,0
74.7950,-2.0026,2.8853,0.1000,0.6150,0.0000,0.0000,-2011.0000,2928.7000,0.1000,0.6132,0.0000,0.0000,3549.1495,0.0000,9,0,0
74.7954,-1.9933,2.8600,0.1000,0.6155,0.0000,0.0000,-2011.0000,2928.7000,0.1000,0.6132,0.0000,0.0000,3549.1756,0.0000,9,0,0
74.7959,-1.9841,2.8347,0.1000,0.6160,0.0000,0.0000,-1983.9000,2830.7000,0.1000,0.6132,0.0000,0.0000,3453.2323,0.0000,9,0,0
74.7963,-1.9697,2.8105,0.1000,0.6166,0.0000,0.0000,-1983.9000,2830.7000,0.1000,0.6153,0.0000,0.0000,3453.2603,0.0000,9,0,0
74.7968,-1.9553,2.7864,0.1000,0.6171,0.0000,0.0000,-1983.9000,2830.7000,0.1000,0.6153,0.0000,0.0000,3453.2883,0.0000,9,0,0
74.7973,-1.9360,2.7644,0.1000,0.6177,0.0000,0.0000,-1983.9000,2830.7000,0.1000,0.6153,0.0000,0.0000,3453.3174,0.0000,9,0,0
74.7978,-1.9167,2.7424,0.1000,0.6183,0.0000,0.0000,-1917.0000,2735.9000,0.1000,0.6153,0.0000,0.0000,3337.3185,0.0000,9,0,0
74.7983,-1.8927,2.7236,0.1000,0.6189,0.0000,0.0000,-1917.0000,2735.9000,0.1000,0.6173,0.0000,0.0000,3337.3476,0.0000,9,0,0
74.7988,-1.8688,2.7048,0.1000,0.6195,0.0000,0.0000,-1917.0000,2735.9000,0.1000,0.6173,0.0000,0.0000,3337.3768,0.0000,9,0,0
74.7993,-1.8407,2.6901,0.1000,0.6201,0.0000,0.0000,-1917.0000,2735.9000,0.1000,0.6173,0.0000,0.0000,3337.4049,0.0000,9,0,0
74.7999,-1.8127,2.6755,0.1000,0.6208,0.0000,0.0000,-1917.0000,2735.9000,0.1000,0.6173,0.0000,0.0000,3337.4330,0.0000,9,0,0
74.8004,-1.7814,2.6658,0.1000,0.6214,0.0000,0.0000,-1809.6000,2676.0000,0.1000,0.6173,0.0000,0.0000,3227.2162,0.0000,9,0,0
74.8010,-1.7500,2.6561,0.1000,0.6221,0.0000,0.0000,-1809.6000,2676.0000,0.1000,0.6204,0.0000,0.0000,3227.2417,0.0000,9,0,0
74.8015,-1.7162,2.6521,0.1000,0.6227,0.0000,0.0000,-1809.6000,2676.0000,0.1000,0.6204,0.0000,0.0000,3227.2640,0.0000,9,0,0
74.8021,-1.6825,2.6481,0.1000,0.6234,0.0000,0.0000,-1703.5000,2648.8000,0.1000,0.6204,0.0000,0.0000,3146.1568,0.0000,9,0,0
74.8027,-1.6474,2.6504,0.1000,0.6241,0.0000,0.0000,-1703.5000,2648.8000,0.1000,0.6225,0.0000,0.0000,3146.1739,0.0000,9,0,0
74.8033,-1.6122,2.6526,0.1000,0.6248,0.0000,0.0000,-1703.5000,2648.8000,0.1000,0.6225,0.0000,0.0000,3146.1910,0.0000,9,0,0
74.8039,-1.5770,2.6614,0.1000,0.6255,0.0000,0.0000,-1569.6000,2661.0000,0.1000,0.6225,0.0000,0.0000,3086.3344,0.0000,9,0,0
74.8045,-1.5417,2.6702,0.1000,0.6262,0.0000,0.0000,-1569.6000,2661.0000,0.1000,0.6245,0.0000,0.0000,3086.3448,0.0000,9,0,0
74.8051,-1.5075,2.6858,0.1000,0.6270,0.0000,0.0000,-1569.6000,2661.0000,0.1000,0.6245,0.0000,0.0000,3086.3488,0.0000,9,0,0
74.8058,-1.4732,2.7013,0.1000,0.6277,0.0000,0.0000,-1471.4000,2698.1000,0.1000,0.6245,0.0000,0.0000,3070.1562,0.0000,9,0,0
74.8064,-1.4414,2.7233,0.1000,0.6285,0.0000,0.0000,-1471.4000,2698.1000,0.1000,0.6267,0.0000,0.0000,3070.1521,0.0000,9,0,0
74.8070,-1.4095,2.7454,0.1000,0.6293,0.0000,0.0000,-1471.4000,2698.1000,0.1000,0.6267,0.0000,0.0000,3070.1479,0.0000,9,0,0
74.8077,-1.3813,2.7737,0.1000,0.6301,0.0000,0.0000,-1341.1000,2772.1000,0.1000,0.6267,0.0000,0.0000,3076.3639,0.0000,9,0,0
74.8084,-1.3531,2.8019,0.1000,0.6309,0.0000,0.0000,-1341.1000,2772.1000,0.1000,0.6291,0.0000,0.0000,3076.3507,0.0000,9,0,0
74.8091,-1.3297,2.8358,0.1000,0.6317,0.0000,0.0000,-1341.1000,2772.1000,0.1000,0.6291,0.0000,0.0000,3076.3304,0.0000,9,0,0
74.8098,-1.3063,2.8696,0.1000,0.6325,0.0000,0.0000,-1307.5000,2866.5000,0.1000,0.6291,0.0000,0.0000,3147.4627,0.0000,9,0,0
74.8105,-1.2888,2.9081,0.1000,0.6333,0.0000,0.0000,-1307.5000,2866.5000,0.1000,0.6313,0.0000,0.0000,3147.4349,0.0000,9,0,0
74.8112,-1.2713,2.9467,0.1000,0.6342,0.0000,0.0000,-1307.5000,2866.5000,0.1000,0.6313,0.0000,0.0000,3147.4070,0.0000,9,0,0
74.8119,-1.2606,2.9889,0.1000,0.6350,0.0000,0.0000,-1307.5000,2866.5000,0.1000,0.6313,0.0000,0.0000,3147.3731,0.0000,9,0,0
74.8126,-1.2500,3.0311,0.1000,0.6359,0.0000,0.0000,-1261.0000,2985.8000,0.1000,0.6313,0.0000,0.0000,3237.8821,0.0000,9,0,0
74.8134,-1.2470,3.0757,0.1000,0.6368,0.0000,0.0000,-1261.0000,2985.8000,0.1000,0.6347,0.0000,0.0000,3237.8422,0.0000,9,0,0
74.8141,-1.2439,3.1203,0.1000,0.6377,0.0000,0.0000,-1261.0000,2985.8000,0.1000,0.6347,0.0000,0.0000,3237.8023,0.0000,9,0,0
74.8149,-1.2490,3.1660,0.1000,0.6386,0.0000,0.0000,-1249.1000,3087.3000,0.1000,0.6347,0.0000,0.0000,3327.0129,0.0000,9,0,0
74.8157,-1.2541,3.2116,0.1000,0.6395,0.0000,0.0000,-1249.1000,3087.3000,0.1000,0.6373,0.0000,0.0000,3326.9687,0.0000,9,0,0
74.8165,-1.2675,3.2568,0.1000,0.6404,0.0000,0.0000,-1249.1000,3087.3000,0.1000,0.6373,0.0000,0.0000,3326.9218,0.0000,9,0,0
74.8173,-1.2809,3.3019,0.1000,0.6414,0.0000,0.0000,-1249.1000,3087.3000,0.1000,0.6373,0.0000,0.0000,3326.8749,0.0000,9,0,0
74.8181,-1.3027,3.3451,0.1000,0.6423,0.0000,0.0000,-1281.0000,3307.0000,0.1000,0.6401,0.0000,0.0000,3542.8465,0.0000,9,0,0
74.8189,-1.3244,3.3882,0.1000,0.6433,0.0000,0.0000,-1281.0000,3307.0000,0.1000,0.6401,0.0000,0.0000,3542.7984,0.0000,9,0,0
74.8197,-1.3542,3.4278,0.1000,0.6443,0.0000,0.0000,-1281.0000,3307.0000,0.1000,0.6401,0.0000,0.0000,3542.7508,0.0000,9,0,0
74.8205,-1.3840,3.4673,0.1000,0.6452,0.0000,0.0000,-1373.8000,3448.1000,0.1000,0.6401,0.0000,0.0000,3707.9671,0.0000,9,0,0
74.8214,-1.4212,3.5018,0.1000,0.6462,0.0000,0.0000,-1373.8000,3448.1000,0.1000,0.6434,0.0000,0.0000,3707.9213,0.0000,9,0,0
74.8222,-1.4583,3.5363,0.1000,0.6472,0.0000,0.0000,-1373.8000,3448.1000,0.1000,0.6434,0.0000,0.0000,3707.8755,0.0000,9,0,0
74.8231,-1.5020,3.5643,0.1000,0.6483,0.0000,0.0000,-1373.8000,3448.1000,0.1000,0.6434,0.0000,0.0000,3707.8333,0.0000,9,0,0
74.8240,-1.5457,3.5923,0.1000,0.6493,0.0000,0.0000,-1551.6000,3593.5000,0.1000,0.6434,0.0000,0.0000,3910.2565,0.0000,9,0,0
74.8249,-1.5948,3.6126,0.1000,0.6504,0.0000,0.0000,-1551.6000,3593.5000,0.1000,0.6478,0.0000,0.0000,3910.2184,0.0000,9,0,0
74.8257,-1.6439,3.6329,0.1000,0.6514,0.0000,0.0000,-1551.6000,3593.5000,0.1000,0.6478,0.0000,0.0000,3910.1803,0.0000,9,0,0
74.8267,-1.6969,3.6445,0.1000,0.6525,0.0000,0.0000,-1693.6000,3645.0000,0.1000,0.6478,0.0000,0.0000,4015.2218,0.0000,9,0,0
74.8276,-1.7500,3.6561,0.1000,0.6536,0.0000,0.0000,-1693.6000,3645.0000,0.1000,0.6510,0.0000,0.0000,4015.1889,0.0000,9,0,0
74.8285,-1.8055,3.6582,0.1000,0.6547,0.0000,0.0000,-1693.6000,3645.0000,0.1000,0.6510,0.0000,0.0000,4015.1636,0.0000,9,0,0
74.8294,-1.8609,3.6603,0.1000,0.6558,0.0000,0.0000,-1693.6000,3645.0000,0.1000,0.6510,0.0000,0.0000,4015.1384,0.0000,9,0,0
74.8304,-1.9171,3.6524,0.1000,0.6569,0.0000,0.0000,-1968.3000,3648.7000,0.1000,0.6510,0.0000,0.0000,4141.6221,0.0000,9,0,0
74.8313,-1.9733,3.6445,0.1000,0.6580,0.0000,0.0000,-1968.3000,3648.7000,0.1000,0.6551,0.0000,0.0000,4141.6024,0.0000,9,0,0
74.8323,-2.0283,3.6265,0.1000,0.6592,0.0000,0.0000,-1968.3000,3648.7000,0.1000,0.6551,0.0000,0.0000,4141.5921,0.0000,9,0,0
74.8333,-2.0833,3.6084,0.1000,0.6603,0.0000,0.0000,-1968.3000,3648.7000,0.1000,0.6551,0.0000,0.0000,4141.5819,0.0000,9,0,0
74.8343,-2.1354,3.5804,0.1000,0.6615,0.0000,0.0000,-2132.2000,3581.0000,0.1000,0.6551,0.0000,0.0000,4163.5449,0.0000,9,0,0
74.8352,-2.1875,3.5524,0.1000,0.6627,0.0000,0.0000,-2132.2000,3581.0000,0.1000,0.6596,0.0000,0.0000,4163.5423,0.0000,9,0,0
74.8363,-2.2347,3.5149,0.1000,0.6639,0.0000,0.0000,-2132.2000,3581.0000,0.1000,0.6596,0.0000,0.0000,4163.5503,0.0000,9,0,0
74.8373,-2.2820,3.4775,0.1000,0.6651,0.0000,0.0000,-2132.2000,3581.0000,0.1000,0.6596,0.0000,0.0000,4163.5584,0.0000,9,0,0
74.8383,-2.3227,3.4314,0.1000,0.6663,0.0000,0.0000,-2324.6000,3428.0000,0.1000,0.6596,0.0000,0.0000,4137.7098,0.0000,9,0,0
74.8393,-2.3634,3.3853,0.1000,0.6675,0.0000,0.0000,-2324.6000,3428.0000,0.1000,0.6649,0.0000,0.0000,4137.7251,0.0000,9,0,0
74.8404,-2.3961,3.3317,0.1000,0.6687,0.0000,0.0000,-2324.6000,3428.0000,0.1000,0.6649,0.0000,0.0000,4137.7511,0.0000,9,0,0
74.8414,-2.4287,3.2781,0.1000,0.6700,0.0000,0.0000,-2324.6000,3428.0000,0.1000,0.6649,0.0000,0.0000,4137.7772,0.0000,9,0,0
74.8425,-2.4518,3.2185,0.1000,0.6712,0.0000,0.0000,-2439.0000,3308.0000,0.1000,0.6649,0.0000,0.0000,4105.8918,0.0000,9,0,0
74.8436,-2.4749,3.1589,0.1000,0.6725,0.0000,0.0000,-2439.0000,3308.0000,0.1000,0.6695,0.0000,0.0000,4105.9261,0.0000,9,0,0
74.8447,-2.4875,3.0950,0.1000,0.6738,0.0000,0.0000,-2439.0000,3308.0000,0.1000,0.6695,0.0000,0.0000,4105.9701,0.0000,9,0,0
74.8457,-2.5000,3.0311,0.1000,0.6751,0.0000,0.0000,-2500.0000,3029.8000,0.1000,0.6695,0.0000,0.0000,3924.1351,0.0000,9,0,0
74.8469,-2.5011,2.9648,0.1000,0.6764,0.0000,0.0000,-2500.0000,3029.8000,0.1000,0.6734,0.0000,0.0000,3924.1855,0.0000,9,0,0
74.8480,-2.5023,2.8984,0.1000,0.6777,0.0000,0.0000,-2500.0000,3029.8000,0.1000,0.6734,0.0000,0.0000,3924.2360,0.0000,9,0,0
74.8491,-2.4916,2.8318,0.1000,0.6791,0.0000,0.0000,-2492.0000,2834.6000,0.1000,0.6734,0.0000,0.0000,3770.4859,0.0000,9,0,0
74.8502,-2.4809,2.7651,0.1000,0.6804,0.0000,0.0000,-2492.0000,2834.6000,0.1000,0.6774,0.0000,0.0000,3770.5430,0.0000,9,0,0
74.8514,-2.4582,2.7002,0.1000,0.6818,0.0000,0.0000,-2492.0000,2834.6000,0.1000,0.6774,0.0000,0.0000,3770.6067,0.0000,9,0,0
74.8525,-2.4356,2.6353,0.1000,0.6831,0.0000,0.0000,-2436.0000,2644.4000,0.1000,0.6774,0.0000,0.0000,3591.8180,0.0000,9,0,0
74.8537,-2.4013,2.5743,0.1000,0.6845,0.0000,0.0000,-2436.0000,2644.4000,0.1000,0.6814,0.0000,0.0000,3591.8861,0.0000,9,0,0
74.8549,-2.3671,2.5133,0.1000,0.6859,0.0000,0.0000,-2436.0000,2644.4000,0.1000,0.6814,0.0000,0.0000,3591.9541,0.0000,9,0,0
74.8561,-2.3219,2.4583,0.1000,0.6873,0.0000,0.0000,-2436.0000,2644.4000,0.1000,0.6814,0.0000,0.0000,3592.0252,0.0000,9,0,0
74.8573,-2.2767,2.4034,0.1000,0.6887,0.0000,0.0000,-2327.0000,2458.0000,0.1000,0.6814,0.0000,0.0000,3381.4632,0.0000,9,0,0
74.8585,-2.2217,2.3564,0.1000,0.6902,0.0000,0.0000,-2327.0000,2458.0000,0.1000,0.6867,0.0000,0.0000,3381.5351,0.0000,9,0,0
74.8597,-2.1667,2.3094,0.1000,0.6916,0.0000,0.0000,-2327.0000,2458.0000,0.1000,0.6867,0.0000,0.0000,3381.6071,0.0000,9,0,0
74.8609,-2.1032,2.2722,0.1000,0.6931,0.0000,0.0000,-2152.1000,2272.7000,0.1000,0.6867,0.0000,0.0000,3126.8720,0.0000,9,0,0
74.8621,-2.0398,2.2350,0.1000,0.6945,0.0000,0.0000,-2152.1000,2272.7000,0.1000,0.6910,0.0000,0.0000,3126.9427,0.0000,9,0,0
74.8634,-1.9696,2.2090,0.1000,0.6960,0.0000,0.0000,-2152.1000,2272.7000,0.1000,0.6910,0.0000,0.0000,3127.0097,0.0000,9,0,0
74.8646,-1.8995,2.1831,0.1000,0.6975,0.0000,0.0000,-2152.1000,2272.7000,0.1000,0.6910,0.0000,0.0000,3127.0768,0.0000,9,0,0
74.8659,-1.8248,2.1696,0.1000,0.6990,0.0000,0.0000,-1892.4000,2183.0000,0.1000,0.6956,0.0000,0.0000,2886.2252,0.0000,9,0,0
74.8672,-1.7500,2.1561,0.1000,0.7005,0.0000,0.0000,-1892.4000,2183.0000,0.1000,0.6956,0.0000,0.0000,2886.2844,0.0000,9,0,0
74.8685,-1.6728,2.1559,0.1000,0.7020,0.0000,0.0000,-1674.8000,2156.0000,0.1000,0.6956,0.0000,0.0000,2727.3428,0.0000,9,0,0
74.8698,-1.5956,2.1557,0.1000,0.7036,0.0000,0.0000,-1674.8000,2156.0000,0.1000,0.7001,0.0000,0.0000,2727.3903,0.0000,9,0,0
74.8711,-1.5184,2.1692,0.1000,0.7051,0.0000,0.0000,-1674.8000,2156.0000,0.1000,0.7001,0.0000,0.0000,2727.4270,0.0000,9,0,0
74.8724,-1.4412,2.1828,0.1000,0.7067,0.0000,0.0000,-1674.8000,2156.0000,0.1000,0.7001,0.0000,0.0000,2727.4637,0.0000,9,0,0
74.8737,-1.3664,2.2100,0.1000,0.7082,0.0000,0.0000,-1674.8000,2156.0000,0.1000,0.7001,0.0000,0.0000,2727.4881,0.0000,9,0,0
74.8751,-1.2917,2.2372,0.1000,0.7098,0.0000,0.0000,-1202.0000,2247.4000,0.1000,0.7056,0.0000,0.0000,2546.0668,0.0000,9,0,0
74.8764,-1.2218,2.2777,0.1000,0.7114,0.0000,0.0000,-1202.0000,2247.4000,0.1000,0.7056,0.0000,0.0000,2546.0641,0.0000,9,0,0
74.8778,-1.1519,2.3182,0.1000,0.7130,0.0000,0.0000,-1202.0000,2247.4000,0.1000,0.7056,0.0000,0.0000,2546.0613,0.0000,9,0,0
74.8791,-1.0892,2.3711,0.1000,0.7146,0.0000,0.0000,-1143.1000,2318.0000,0.1000,0.7110,0.0000,0.0000,2581.9229,0.0000,9,0,0
74.8805,-1.0265,2.4240,0.1000,0.7163,0.0000,0.0000,-1143.1000,2318.0000,0.1000,0.7110,0.0000,0.0000,2581.9032,0.0000,9,0,0
74.8819,-0.9733,2.4880,0.1000,0.7179,0.0000,0.0000,-1143.1000,2318.0000,0.1000,0.7110,0.0000,0.0000,2581.8694,0.0000,9,0,0
74.8833,-0.9201,2.5519,0.1000,0.7196,0.0000,0.0000,-1143.1000,2318.0000,0.1000,0.7110,0.0000,0.0000,2581.8356,0.0000,9,0,0
74.8847,-0.8782,2.6252,0.1000,0.7212,0.0000,0.0000,-1143.1000,2318.0000,0.1000,0.7110,0.0000,0.0000,2581.7883,0.0000,9,0,0
74.8861,-0.8364,2.6986,0.1000,0.7229,0.0000,0.0000,-912.1000,2559.9000,0.1000,0.7187,0.0000,0.0000,2714.7155,0.0000,9,0,0
74.8876,-0.8076,2.7792,0.1000,0.7246,0.0000,0.0000,-912.1000,2559.9000,0.1000,0.7187,0.0000,0.0000,2714.6492,0.0000,9,0,0
74.8890,-0.7789,2.8599,0.1000,0.7263,0.0000,0.0000,-779.0000,2856.9000,0.1000,0.7187,0.0000,0.0000,2958.2382,0.0000,9,0,0
74.8905,-0.7644,2.9455,0.1000,0.7280,0.0000,0.0000,-779.0000,2856.9000,0.1000,0.7187,0.0000,0.0000,2958.1594,0.0000,9,0,0
74.8919,-0.7500,3.0311,0.1000,0.7298,0.0000,0.0000,-779.0000,2856.9000,0.1000,0.7187,0.0000,0.0000,2958.0806,0.0000,9,0,0
74.8934,-0.7508,3.1191,0.1000,0.7315,0.0000,0.0000,-779.0000,2856.9000,0.1000,0.7187,0.0000,0.0000,2957.9955,0.0000,9,0,0
74.8949,-0.7515,3.2071,0.1000,0.7333,0.0000,0.0000,-751.7000,3261.9000,0.1000,0.7187,0.0000,0.0000,3344.0997,0.0000,9,0,0
74.8964,-0.7679,3.2949,0.1000,0.7350,0.0000,0.0000,-751.7000,3261.9000,0.1000,0.7249,0.0000,0.0000,3344.0105,0.0000,9,0,0
74.8978,-0.7842,3.3826,0.1000,0.7368,0.0000,0.0000,-751.7000,3261.9000,0.1000,0.7249,0.0000,0.0000,3343.9214,0.0000,9,0,0
74.8994,-0.8160,3.4673,0.1000,0.7386,0.0000,0.0000,-812.5000,3491.1000,0.1000,0.7249,0.0000,0.0000,3580.8397,0.0000,9,0,0
74.9009,-0.8479,3.5519,0.1000,0.7404,0.0000,0.0000,-812.5000,3491.1000,0.1000,0.7362,0.0000,0.0000,3580.7500,0.0000,9,0,0
74.9024,-0.8946,3.6308,0.1000,0.7422,0.0000,0.0000,-812.5000,3491.1000,0.1000,0.7362,0.0000,0.0000,3580.6626,0.0000,9,0,0
74.9039,-0.9414,3.7096,0.1000,0.7440,0.0000,0.0000,-941.0000,3703.3000,0.1000,0.7362,0.0000,0.0000,3817.1559,0.0000,9,0,0
74.9055,-1.0020,3.7800,0.1000,0.7459,0.0000,0.0000,-941.0000,3703.3000,0.1000,0.7362,0.0000,0.0000,3817.0728,0.0000,9,0,0
74.9071,-1.0626,3.8503,0.1000,0.7477,0.0000,0.0000,-941.0000,3703.3000,0.1000,0.7362,0.0000,0.0000,3816.9897,0.0000,9,0,0
74.9086,-1.1355,3.9098,0.1000,0.7496,0.0000,0.0000,-941.0000,3703.3000,0.1000,0.7362,0.0000,0.0000,3816.9141,0.0000,9,0,0
74.9102,-1.2083,3.9693,0.1000,0.7514,0.0000,0.0000,-1135.0000,3911.9000,0.1000,0.7362,0.0000,0.0000,4069.0793,0.0000,9,0,0
74.9118,-1.2915,4.0157,0.1000,0.7533,0.0000,0.0000,-1135.0000,3911.9000,0.1000,0.7423,0.0000,0.0000,4069.0115,0.0000,9,0,0
74.9134,-1.3747,4.0621,0.1000,0.7552,0.0000,0.0000,-1135.0000,3911.9000,0.1000,0.7423,0.0000,0.0000,4068.9437,0.0000,9,0,0
74.9150,-1.4659,4.0937,0.1000,0.7571,0.0000,0.0000,-1438.2000,4094.0000,0.1000,0.7423,0.0000,0.0000,4334.9208,0.0000,9,0,0
74.9166,-1.5571,4.1253,0.1000,0.7590,0.0000,0.0000,-1438.2000,4094.0000,0.1000,0.7544,0.0000,0.0000,4334.8608,0.0000,9,0,0
74.9183,-1.6535,4.1407,0.1000,0.7610,0.0000,0.0000,-1438.2000,4094.0000,0.1000,0.7544,0.0000,0.0000,4334.8143,0.0000,9,0,0
74.9199,-1.7500,4.1561,0.1000,0.7629,0.0000,0.0000,-1753.7000,4156.0000,0.1000,0.7544,0.0000,0.0000,4506.3440,0.0000,9,0,0
74.9216,-1.8489,4.1544,0.1000,0.7649,0.0000,0.0000,-1753.7000,4156.0000,0.1000,0.7613,0.0000,0.0000,4506.3072,0.0000,9,0,0
74.9232,-1.9478,4.1527,0.1000,0.7668,0.0000,0.0000,-1753.7000,4156.0000,0.1000,0.7613,0.0000,0.0000,4506.2703,0.0000,9,0,0
74.9249,-2.0460,4.1335,0.1000,0.7688,0.0000,0.0000,-1753.7000,4156.0000,0.1000,0.7613,0.0000,0.0000,4506.2498,0.0000,9,0,0
74.9266,-2.1443,4.1143,0.1000,0.7708,0.0000,0.0000,-2118.1000,4133.1000,0.1000,0.7666,0.0000,0.0000,4639.5895,0.0000,9,0,0
74.9283,-2.2388,4.0779,0.1000,0.7728,0.0000,0.0000,-2118.1000,4133.1000,0.1000,0.7666,0.0000,0.0000,4639.5789,0.0000,9,0,0
74.9300,-2.3333,4.0415,0.1000,0.7748,0.0000,0.0000,-2329.1000,4041.0000,0.1000,0.7666,0.0000,0.0000,4659.4933,0.0000,9,0,0
74.9317,-2.4211,3.9884,0.1000,0.7768,0.0000,0.0000,-2329.1000,4041.0000,0.1000,0.7724,0.0000,0.0000,4659.4954,0.0000,9,0,0
74.9334,-2.5088,3.9354,0.1000,0.7789,0.0000,0.0000,-2329.1000,4041.0000,0.1000,0.7724,0.0000,0.0000,4659.4975,0.0000,9,0,0
74.9351,-2.5869,3.8672,0.1000,0.7809,0.0000,0.0000,-2329.1000,4041.0000,0.1000,0.7724,0.0000,0.0000,4659.5176,0.0000,9,0,0
74.9369,-2.6650,3.7989,0.1000,0.7830,0.0000,0.0000,-2674.5000,3790.4000,0.1000,0.7724,0.0000,0.0000,4634.3339,0.0000,9,0,0
74.9386,-2.7307,3.7171,0.1000,0.7851,0.0000,0.0000,-2674.5000,3790.4000,0.1000,0.7724,0.0000,0.0000,4634.3628,0.0000,9,0,0
74.9404,-2.7964,3.6353,0.1000,0.7872,0.0000,0.0000,-2674.5000,3790.4000,0.1000,0.7724,0.0000,0.0000,4634.3918,0.0000,9,0,0
74.9422,-2.8475,3.5422,0.1000,0.7893,0.0000,0.0000,-2674.5000,3790.4000,0.1000,0.7724,0.0000,0.0000,4634.4384,0.0000,9,0,0
74.9439,-2.8985,3.4491,0.1000,0.7914,0.0000,0.0000,-2847.0000,3542.0000,0.1000,0.7724,0.0000,0.0000,4539.8519,0.0000,9,0,0
74.9457,-2.9329,3.3474,0.1000,0.7935,0.0000,0.0000,-2847.0000,3542.0000,0.1000,0.7800,0.0000,0.0000,4539.9096,0.0000,9,0,0
74.9475,-2.9673,3.2457,0.1000,0.7956,0.0000,0.0000,-2847.0000,3542.0000,0.1000,0.7800,0.0000,0.0000,4539.9674,0.0000,9,0,0
74.9493,-2.9837,3.1384,0.1000,0.7978,0.0000,0.0000,-2983.9000,3123.4000,0.1000,0.7800,0.0000,0.0000,4315.3093,0.0000,9,0,0
74.9512,-3.0000,3.0311,0.1000,0.7999,0.0000,0.0000,-2983.9000,3123.4000,0.1000,0.7946,0.0000,0.0000,4315.3756,0.0000,9,0,0
74.9530,-2.9973,2.9214,0.1000,0.8021,0.0000,0.0000,-2983.9000,3123.4000,0.1000,0.7946,0.0000,0.0000,4315.4568,0.0000,9,0,0
74.9548,-2.9947,2.8116,0.1000,0.8043,0.0000,0.0000,-2995.0000,2815.9000,0.1000,0.7946,0.0000,0.0000,4106.7703,0.0000,9,0,0
74.9567,-2.9727,2.7028,0.1000,0.8065,0.0000,0.0000,-2995.0000,2815.9000,0.1000,0.8008,0.0000,0.0000,4106.8608,0.0000,9,0,0
74.9586,-2.9507,2.5941,0.1000,0.8087,0.0000,0.0000,-2995.0000,2815.9000,0.1000,0.8008,0.0000,0.0000,4106.9513,0.0000,9,0,0
74.9604,-2.9097,2.4897,0.1000,0.8109,0.0000,0.0000,-2907.3000,2560.1000,0.1000,0.8008,0.0000,0.0000,3869.9940,0.0000,9,0,0
74.9623,-2.8686,2.3853,0.1000,0.8131,0.0000,0.0000,-2907.3000,2560.1000,0.1000,0.8081,0.0000,0.0000,3870.0938,0.0000,9,0,0
74.9642,-2.8094,2.2886,0.1000,0.8154,0.0000,0.0000,-2907.3000,2560.1000,0.1000,0.8081,0.0000,0.0000,3870.2022,0.0000,9,0,0
74.9661,-2.7501,2.1919,0.1000,0.8176,0.0000,0.0000,-2907.3000,2560.1000,0.1000,0.8081,0.0000,0.0000,3870.3106,0.0000,9,0,0
74.9680,-2.6741,2.1061,0.1000,0.8199,0.0000,0.0000,-2746.5000,2174.2000,0.1000,0.8148,0.0000,0.0000,3499.5103,0.0000,9,0,0
74.9700,-2.5981,2.0203,0.1000,0.8222,0.0000,0.0000,-2746.5000,2174.2000,0.1000,0.8148,0.0000,0.0000,3499.6231,0.0000,9,0,0
74.9719,-2.5074,1.9484,0.1000,0.8245,0.0000,0.0000,-2746.5000,2174.2000,0.1000,0.8148,0.0000,0.0000,3499.7389,0.0000,9,0,0
74.9738,-2.4167,1.8764,0.1000,0.8268,0.0000,0.0000,-2512.9000,1941.0000,0.1000,0.8148,0.0000,0.0000,3172.1802,0.0000,9,0,0
74.9758,-2.3137,1.8208,0.1000,0.8291,0.0000,0.0000,-2512.9000,1941.0000,0.1000,0.8237,0.0000,0.0000,3172.2956,0.0000,9,0,0
74.9777,-2.2108,1.7651,0.1000,0.8314,0.0000,0.0000,-2512.9000,1941.0000,0.1000,0.8237,0.0000,0.0000,3172.4111,0.0000,9,0,0
74.9797,-2.0986,1.7279,0.1000,0.8338,0.0000,0.0000,-2129.4000,1728.2000,0.1000,0.8237,0.0000,0.0000,2739.7294,0.0000,9,0,0
74.9817,-1.9864,1.6907,0.1000,0.8361,0.0000,0.0000,-2129.4000,1728.2000,0.1000,0.8307,0.0000,0.0000,2739.8400,0.0000,9,0,0
74.9837,-1.8682,1.6734,0.1000,0.8385,0.0000,0.0000,-2129.4000,1728.2000,0.1000,0.8307,0.0000,0.0000,2739.9427,0.0000,9,0,0
74.9857,-1.7500,1.6561,0.1000,0.8408,0.0000,0.0000,-1738.3000,1656.0000,0.1000,0.8307,0.0000,0.0000,2398.4286,0.0000,9,0,0
74.9877,-1.6294,1.6597,0.1000,0.8432,0.0000,0.0000,-1738.3000,1656.0000,0.1000,0.8378,0.0000,0.0000,2398.5134,0.0000,9,0,0
74.9897,-1.5088,1.6633,0.1000,0.8456,0.0000,0.0000,-1738.3000,1656.0000,0.1000,0.8378,0.0000,0.0000,2398.5982,0.0000,9,0,0
74.9918,-1.3895,1.6881,0.1000,0.8480,0.0000,0.0000,-1738.3000,1656.0000,0.1000,0.8378,0.0000,0.0000,2398.6675,0.0000,9,0,0
74.9938,-1.2702,1.7129,0.1000,0.8504,0.0000,0.0000,-1738.3000,1656.0000,0.1000,0.8378,0.0000,0.0000,2398.7368,0.0000,9,0,0
74.9959,-1.1559,1.7586,0.1000,0.8529,0.0000,0.0000,-1280.8000,1713.0000,0.1000,0.8480,0.0000,0.0000,2136.7817,0.0000,9,0,0
74.9980,-1.0417,1.8042,0.1000,0.8553,0.0000,0.0000,-1280.8000,1713.0000,0.1000,0.8480,0.0000,0.0000,2136.8136,0.0000,9,0,0
75.0000,-0.9361,1.8697,0.1000,0.8578,0.0000,0.0000,-1280.8000,1713.0000,0.1000,0.8480,0.0000,0.0000,2136.8244,0.0000,9,0,0
75.0021,-0.8305,1.9352,0.1000,0.8603,0.0000,0.0000,-930.0000,1876.6000,0.1000,0.8480,0.0000,0.0000,2092.3011,0.0000,9,0,0
75.0042,-0.7370,2.0189,0.1000,0.8627,0.0000,0.0000,-930.0000,1876.6000,0.1000,0.8572,0.0000,0.0000,2092.2677,0.0000,9,0,0
75.0063,-0.6435,2.1026,0.1000,0.8652,0.0000,0.0000,-930.0000,1876.6000,0.1000,0.8572,0.0000,0.0000,2092.2342,0.0000,9,0,0
75.0084,-0.5653,2.2023,0.1000,0.8677,0.0000,0.0000,-567.3000,2191.2000,0.1000,0.8572,0.0000,0.0000,2261.1721,0.0000,9,0,0
75.0106,-0.4870,2.3019,0.1000,0.8703,0.0000,0.0000,-567.3000,2191.2000,0.1000,0.8644,0.0000,0.0000,2261.0952,0.0000,9,0,0
75.0127,-0.4268,2.4147,0.1000,0.8728,0.0000,0.0000,-567.3000,2191.2000,0.1000,0.8644,0.0000,0.0000,2261.0011,0.0000,9,0,0
75.0148,-0.3666,2.5276,0.1000,0.8753,0.0000,0.0000,-567.3000,2191.2000,0.1000,0.8644,0.0000,0.0000,2260.9070,0.0000,9,0,0
75.0170,-0.3265,2.6503,0.1000,0.8779,0.0000,0.0000,-567.3000,2191.2000,0.1000,0.8644,0.0000,0.0000,2260.7983,0.0000,9,0,0
75.0192,-0.2865,2.7730,0.1000,0.8804,0.0000,0.0000,-361.2000,2650.5000,0.1000,0.8744,0.0000,0.0000,2672.2119,0.0000,9,0,0
75.0213,-0.2682,2.9021,0.1000,0.8830,0.0000,0.0000,-361.2000,2650.5000,0.1000,0.8744,0.0000,0.0000,2672.0866,0.0000,9,0,0
75.0235,-0.2500,3.0311,0.1000,0.8856,0.0000,0.0000,-250.0000,3034.1000,0.1000,0.8744,0.0000,0.0000,3041.3408,0.0000,9,0,0
75.0607,-1.8750,1.5155,0.1000,0.9297,0.0000,0.0000,-250.0000,3034.1000,0.1000,0.8823,0.0000,0.0000,3042.7183,0.0000,9,0,0
75.0979,-3.5000,0.0000,0.1000,0.9737,0.0000,0.0000,-250.0000,3034.1000,0.1000,0.8823,0.0000,0.0000,3044.0968,0.0000,9,0,0
75.0981,-3.4932,0.0012,0.1000,0.9739,0.0000,0.0000,-3476.4000,17.8000,0.1000,0.8823,0.0000,0.0000,3472.9524,0.0000,9,0,0
75.0982,-3.4863,0.0024,0.1000,0.9740,0.0000,0.0000,-3476.4000,17.8000,0.1000,0.9588,0.0000,0.0000,3472.9593,0.0000,9,0,0
75.0983,-3.4801,0.0060,0.1000,0.9742,0.0000,0.0000,-3476.4000,17.8000,0.1000,0.9588,0.0000,0.0000,3472.9655,0.0000,9,0,0
75.0984,-3.4739,0.0095,0.1000,0.9743,0.0000,0.0000,-3476.4000,17.8000,0.1000,0.9588,0.0000,0.0000,3472.9717,0.0000,9,0,0
75.0985,-3.4689,0.0152,0.1000,0.9744,0.0000,0.0000,-3470.4000,9.9000,0.1000,0.9737,0.0000,0.0000,3466.9452,0.0000,9,0,0
75.0987,-3.4639,0.0208,0.1000,0.9746,0.0000,0.0000,-3470.4000,9.9000,0.1000,0.9737,0.0000,0.0000,3466.9502,0.0000,9,0,0
75.0988,-3.4607,0.0283,0.1000,0.9748,0.0000,0.0000,-3470.4000,9.9000,0.1000,0.9737,0.0000,0.0000,3466.9534,0.0000,9,0,0
75.0989,-3.4574,0.0357,0.1000,0.9749,0.0000,0.0000,-3470.4000,9.9000,0.1000,0.9737,0.0000,0.0000,3466.9566,0.0000,9,0,0
75.0991,-3.4564,0.0445,0.1000,0.9751,0.0000,0.0000,-3450.2000,12.6000,0.1000,0.9737,0.0000,0.0000,3446.7665,0.0000,9,0,0
75.0992,-3.4554,0.0532,0.1000,0.9753,0.0000,0.0000,-3450.2000,12.6000,0.1000,0.9749,0.0000,0.0000,3446.7675,0.0000,9,0,0
75.0994,-3.4568,0.0627,0.1000,0.9755,0.0000,0.0000,-3450.2000,12.6000,0.1000,0.9749,0.0000,0.0000,3446.7660,0.0000,9,0,0
75.0996,-3.4583,0.0722,0.1000,0.9756,0.0000,0.0000,-3450.2000,12.6000,0.1000,0.9749,0.0000,0.0000,3446.7644,0.0000,9,0,0
75.0997,-3.4625,0.0818,0.1000,0.9759,0.0000,0.0000,-3450.2000,12.6000,0.1000,0.9749,0.0000,0.0000,3446.7602,0.0000,9,0,0
75.0999,-3.4667,0.0914,0.1000,0.9761,0.0000,0.0000,-3469.1000,90.2000,0.1000,0.9749,0.0000,0.0000,3466.8045,0.0000,9,0,0
75.1001,-3.4737,0.1004,0.1000,0.9763,0.0000,0.0000,-3469.1000,90.2000,0.1000,0.9756,0.0000,0.0000,3466.7973,0.0000,9,0,0
75.1003,-3.4807,0.1094,0.1000,0.9765,0.0000,0.0000,-3469.1000,90.2000,0.1000,0.9756,0.0000,0.0000,3466.7901,0.0000,9,0,0
75.1005,-3.4904,0.1172,0.1000,0.9768,0.0000,0.0000,-3488.0000,114.5000,0.1000,0.9756,0.0000,0.0000,3486.3865,0.0000,9,0,0
75.1007,-3.5000,0.1250,0.1000,0.9770,0.0000,0.0000,-3488.0000,114.5000,0.1000,0.9764,0.0000,0.0000,3486.3766,0.0000,9,0,0
75.1009,-3.5121,0.1309,0.1000,0.9773,0.0000,0.0000,-3488.0000,114.5000,0.1000,0.9764,0.0000,0.0000,3486.3644,0.0000,9,0,0
75.1012,-3.5241,0.1368,0.1000,0.9775,0.0000,0.0000,-3488.0000,114.5000,0.1000,0.9764,0.0000,0.0000,3486.3521,0.0000,9,0,0
75.1014,-3.5382,0.1402,0.1000,0.9778,0.0000,0.0000,-3488.0000,114.5000,0.1000,0.9764,0.0000,0.0000,3486.3380,0.0000,9,0,0
75.1016,-3.5523,0.1436,0.1000,0.9781,0.0000,0.0000,-3552.2000,144.8000,0.1000,0.9764,0.0000,0.0000,3551.5949,0.0000,9,0,0
75.1019,-3.5678,0.1440,0.1000,0.9784,0.0000,0.0000,-3552.2000,144.8000,0.1000,0.9777,0.0000,0.0000,3551.5794,0.0000,9,0,0
75.1022,-3.5833,0.1443,0.1000,0.9787,0.0000,0.0000,-3552.2000,144.8000,0.1000,0.9777,0.0000,0.0000,3551.5638,0.0000,9,0,0
75.1024,-3.5997,0.1413,0.1000,0.9791,0.0000,0.0000,-3552.2000,144.8000,0.1000,0.9777,0.0000,0.0000,3551.5476,0.0000,9,0,0
75.1027,-3.6161,0.1383,0.1000,0.9794,0.0000,0.0000,-3534.7000,137.9000,0.1000,0.9777,0.0000,0.0000,3533.7702,0.0000,9,0,0
75.1030,-3.6325,0.1317,0.1000,0.9797,0.0000,0.0000,-3534.7000,137.9000,0.1000,0.9790,0.0000,0.0000,3533.7541,0.0000,9,0,0
75.1033,-3.6490,0.1250,0.1000,0.9801,0.0000,0.0000,-3534.7000,137.9000,0.1000,0.9790,0.0000,0.0000,3533.7379,0.0000,9,0,0
75.1036,-3.6647,0.1146,0.1000,0.9805,0.0000,0.0000,-3534.7000,137.9000,0.1000,0.9790,0.0000,0.0000,3533.7226,0.0000,9,0,0
75.1039,-3.6804,0.1042,0.1000,0.9808,0.0000,0.0000,-3666.8000,115.0000,0.1000,0.9801,0.0000,0.0000,3664.9210,0.0000,9,0,0
75.1043,-3.6946,0.0901,0.1000,0.9812,0.0000,0.0000,-3666.8000,115.0000,0.1000,0.9801,0.0000,0.0000,3664.9073,0.0000,9,0,0
75.1046,-3.7088,0.0760,0.1000,0.9816,0.0000,0.0000,-3666.8000,115.0000,0.1000,0.9801,0.0000,0.0000,3664.8935,0.0000,9,0,0
75.1050,-3.7207,0.0585,0.1000,0.9821,0.0000,0.0000,-3666.8000,115.0000,0.1000,0.9801,0.0000,0.0000,3664.8822,0.0000,9,0,0
75.1053,-3.7325,0.0410,0.1000,0.9825,0.0000,0.0000,-3733.9000,43.3000,0.1000,0.9801,0.0000,0.0000,3730.4183,0.0000,9,0,0
75.1057,-3.7413,0.0205,0.1000,0.9829,0.0000,0.0000,-3733.9000,43.3000,0.1000,0.9817,0.0000,0.0000,3730.4098,0.0000,9,0,0
75.1061,-3.7500,0.0000,0.1000,0.9834,0.0000,0.0000,-3733.9000,43.3000,0.1000,0.9817,0.0000,0.0000,3730.4013,0.0000,9,0,0
75.1065,-3.7549,-0.0229,0.1000,0.9838,0.0000,0.0000,-3755.0000,-34.4000,0.1000,0.9817,0.0000,0.0000,3751.4026,0.0000,9,0,0
75.1069,-3.7599,-0.0458,0.1000,0.9843,0.0000,0.0000,-3755.0000,-34.4000,0.1000,0.9832,0.0000,0.0000,3751.3974,0.0000,9,0,0
75.1073,-3.7605,-0.0704,0.1000,0.9848,0.0000,0.0000,-3755.0000,-34.4000,0.1000,0.9832,0.0000,0.0000,3751.3966,0.0000,9,0,0
75.1077,-3.7610,-0.0950,0.1000,0.9853,0.0000,0.0000,-3755.0000,-34.4000,0.1000,0.9832,0.0000,0.0000,3751.3958,0.0000,9,0,0
75.1081,-3.7568,-0.1204,0.1000,0.9858,0.0000,0.0000,-3760.8000,-95.4000,0.1000,0.9847,0.0000,0.0000,3758.2512,0.0000,9,0,0
75.1085,-3.7526,-0.1458,0.1000,0.9863,0.0000,0.0000,-3760.8000,-95.4000,0.1000,0.9847,0.0000,0.0000,3758.2547,0.0000,9,0,0
75.1090,-3.7433,-0.1711,0.1000,0.9868,0.0000,0.0000,-3760.8000,-95.4000,0.1000,0.9847,0.0000,0.0000,3758.2633,0.0000,9,0,0
75.1094,-3.7341,-0.1964,0.1000,0.9874,0.0000,0.0000,-3745.3000,-167.3000,0.1000,0.9861,0.0000,0.0000,3745.2956,0.0000,9,0,0
75.1099,-3.7197,-0.2206,0.1000,0.9879,0.0000,0.0000,-3745.3000,-167.3000,0.1000,0.9861,0.0000,0.0000,3745.3089,0.0000,9,0,0
75.1104,-3.7053,-0.2447,0.1000,0.9885,0.0000,0.0000,-3703.4000,-247.4000,0.1000,0.9861,0.0000,0.0000,3707.9410,0.0000,9,0,0
75.1109,-3.6860,-0.2667,0.1000,0.9890,0.0000,0.0000,-3703.4000,-247.4000,0.1000,0.9877,0.0000,0.0000,3707.9588,0.0000,9,0,0
75.1114,-3.6667,-0.2887,0.1000,0.9896,0.0000,0.0000,-3703.4000,-247.4000,0.1000,0.9877,0.0000,0.0000,3707.9766,0.0000,9,0,0
75.1119,-3.6427,-0.3075,0.1000,0.9902,0.0000,0.0000,-3703.4000,-247.4000,0.1000,0.9877,0.0000,0.0000,3707.9993,0.0000,9,0,0
75.1124,-3.6188,-0.3263,0.1000,0.9908,0.0000,0.0000,-3703.4000,-247.4000,0.1000,0.9877,0.0000,0.0000,3708.0219,0.0000,9,0,0
75.1129,-3.5907,-0.3410,0.1000,0.9915,0.0000,0.0000,-3703.4000,-247.4000,0.1000,0.9877,0.0000,0.0000,3708.0489,0.0000,9,0,0
75.1134,-3.5627,-0.3556,0.1000,0.9921,0.0000,0.0000,-3588.0000,-341.1000,0.1000,0.9904,0.0000,0.0000,3600.5968,0.0000,9,0,0
75.1140,-3.5314,-0.3653,0.1000,0.9927,0.0000,0.0000,-3588.0000,-341.1000,0.1000,0.9904,0.0000,0.0000,3600.6271,0.0000,9,0,0
75.1145,-3.5000,-0.3750,0.1000,0.9934,0.0000,0.0000,-3588.0000,-341.1000,0.1000,0.9904,0.0000,0.0000,3600.6574,0.0000,9,0,0
75.1151,-3.4662,-0.3790,0.1000,0.9941,0.0000,0.0000,-3504.1000,-397.4000,0.1000,0.9904,0.0000,0.0000,3523.0757,0.0000,9,0,0
75.1157,-3.4325,-0.3830,0.1000,0.9947,0.0000,0.0000,-3504.1000,-397.4000,0.1000,0.9931,0.0000,0.0000,3523.1088,0.0000,9,0,0
75.1163,-3.3974,-0.3807,0.1000,0.9954,0.0000,0.0000,-3504.1000,-397.4000,0.1000,0.9931,0.0000,0.0000,3523.1440,0.0000,9,0,0
75.1169,-3.3622,-0.3785,0.1000,0.9961,0.0000,0.0000,-3504.1000,-397.4000,0.1000,0.9931,0.0000,0.0000,3523.1791,0.0000,9,0,0
75.1175,-3.3270,-0.3697,0.1000,0.9969,0.0000,0.0000,-3356.7000,-378.0000,0.1000,0.9952,0.0000,0.0000,3374.5689,0.0000,9,0,0
75.1181,-3.2917,-0.3608,0.1000,0.9976,0.0000,0.0000,-3356.7000,-378.0000,0.1000,0.9952,0.0000,0.0000,3374.6050,0.0000,9,0,0
75.1187,-3.2575,-0.3453,0.1000,0.9983,0.0000,0.0000,-3356.7000,-378.0000,0.1000,0.9952,0.0000,0.0000,3374.6407,0.0000,9,0,0
75.1193,-3.2232,-0.3298,0.1000,0.9991,0.0000,0.0000,-3219.9000,-328.1000,0.1000,0.9952,0.0000,0.0000,3233.3331,0.0000,9,0,0
75.1200,-3.1914,-0.3078,0.1000,0.9998,0.0000,0.0000,-3219.9000,-328.1000,0.1000,0.9979,0.0000,0.0000,3233.3670,0.0000,9,0,0
75.1206,-3.1595,-0.2857,0.1000,1.0006,0.0000,0.0000,-3219.9000,-328.1000,0.1000,0.9979,0.0000,0.0000,3233.4009,0.0000,9,0,0
75.1213,-3.1313,-0.2574,0.1000,1.0014,0.0000,0.0000,-3184.5000,-257.8000,0.1000,0.9979,0.0000,0.0000,3191.7761,0.0000,9,0,0
75.1220,-3.1031,-0.2292,0.1000,1.0022,0.0000,0.0000,-3184.5000,-257.8000,0.1000,1.0003,0.0000,0.0000,3191.8066,0.0000,9,0,0
75.1227,-3.0797,-0.1953,0.1000,1.0030,0.0000,0.0000,-3184.5000,-257.8000,0.1000,1.0003,0.0000,0.0000,3191.8326,0.0000,9,0,0
75.1234,-3.0563,-0.1615,0.1000,1.0038,0.0000,0.0000,-3184.5000,-257.8000,0.1000,1.0003,0.0000,0.0000,3191.8587,0.0000,9,0,0
75.1241,-3.0388,-0.1230,0.1000,1.0047,0.0000,0.0000,-3184.5000,-257.8000,0.1000,1.0003,0.0000,0.0000,3191.8792,0.0000,9,0,0
75.1248,-3.0213,-0.0844,0.1000,1.0055,0.0000,0.0000,-3056.0000,-162.0000,0.1000,1.0003,0.0000,0.0000,3057.2693,0.0000,9,0,0
75.1255,-3.0106,-0.0422,0.1000,1.0064,0.0000,0.0000,-3056.0000,-162.0000,0.1000,1.0003,0.0000,0.0000,3057.2822,0.0000,9,0,0
75.1262,-3.0000,0.0000,0.1000,1.0072,0.0000,0.0000,-3056.0000,-162.0000,0.1000,1.0003,0.0000,0.0000,3057.2950,0.0000,9,0,0
75.1270,-2.9970,0.0446,0.1000,1.0081,0.0000,0.0000,-2997.0000,31.1000,0.1000,1.0003,0.0000,0.0000,2994.1641,0.0000,9,0,0
75.1277,-2.9939,0.0892,0.1000,1.0090,0.0000,0.0000,-2997.0000,31.1000,0.1000,1.0034,0.0000,0.0000,2994.1667,0.0000,9,0,0
75.1285,-2.9990,0.1349,0.1000,1.0099,0.0000,0.0000,-2997.0000,31.1000,0.1000,1.0034,0.0000,0.0000,2994.1611,0.0000,9,0,0
75.1293,-3.0041,0.1805,0.1000,1.0108,0.0000,0.0000,-3004.0000,185.5000,0.1000,1.0034,0.0000,0.0000,3006.7125,0.0000,9,0,0
75.1301,-3.0175,0.2257,0.1000,1.0118,0.0000,0.0000,-3004.0000,185.5000,0.1000,1.0095,0.0000,0.0000,3006.6963,0.0000,9,0,0
75.1308,-3.0309,0.2708,0.1000,1.0127,0.0000,0.0000,-3004.0000,185.5000,0.1000,1.0095,0.0000,0.0000,3006.6801,0.0000,9,0,0
75.1317,-3.0527,0.3140,0.1000,1.0136,0.0000,0.0000,-3054.5000,356.6000,0.1000,1.0095,0.0000,0.0000,3072.1768,0.0000,9,0,0
75.1325,-3.0744,0.3571,0.1000,1.0146,0.0000,0.0000,-3054.5000,356.6000,0.1000,1.0095,0.0000,0.0000,3072.1502,0.0000,9,0,0
75.1333,-3.1042,0.3967,0.1000,1.0156,0.0000,0.0000,-3054.5000,356.6000,0.1000,1.0095,0.0000,0.0000,3072.1161,0.0000,9,0,0
75.1341,-3.1340,0.4362,0.1000,1.0166,0.0000,0.0000,-3134.3000,468.9000,0.1000,1.0095,0.0000,0.0000,3166.0163,0.0000,9,0,0
75.1350,-3.1712,0.4707,0.1000,1.0176,0.0000,0.0000,-3134.3000,468.9000,0.1000,1.0128,0.0000,0.0000,3165.9744,0.0000,9,0,0
75.1358,-3.2083,0.5052,0.1000,1.0186,0.0000,0.0000,-3134.3000,468.9000,0.1000,1.0128,0.0000,0.0000,3165.9325,0.0000,9,0,0
75.1367,-3.2520,0.5332,0.1000,1.0196,0.0000,0.0000,-3247.5000,499.9000,0.1000,1.0128,0.0000,0.0000,3282.4552,0.0000,9,0,0
75.1376,-3.2957,0.5612,0.1000,1.0206,0.0000,0.0000,-3247.5000,499.9000,0.1000,1.0182,0.0000,0.0000,3282.4077,0.0000,9,0,0
75.1384,-3.3448,0.5815,0.1000,1.0217,0.0000,0.0000,-3247.5000,499.9000,0.1000,1.0182,0.0000,0.0000,3282.3561,0.0000,9,0,0
75.1393,-3.3939,0.6018,0.1000,1.0227,0.0000,0.0000,-3383.7000,602.3000,0.1000,1.0182,0.0000,0.0000,3433.4400,0.0000,9,0,0
75.1402,-3.4469,0.6134,0.1000,1.0238,0.0000,0.0000,-3383.7000,602.3000,0.1000,1.0214,0.0000,0.0000,3433.3857,0.0000,9,0,0
75.1412,-3.5000,0.6250,0.1000,1.0249,0.0000,0.0000,-3383.7000,602.3000,0.1000,1.0214,0.0000,0.0000,3433.3315,0.0000,9,0,0
75.1421,-3.5555,0.6271,0.1000,1.0260,0.0000,0.0000,-3383.7000,602.3000,0.1000,1.0214,0.0000,0.0000,3433.2765,0.0000,9,0,0
75.1430,-3.6109,0.6292,0.1000,1.0271,0.0000,0.0000,-3575.3000,627.0000,0.1000,1.0214,0.0000,0.0000,3626.1968,0.0000,9,0,0
75.1440,-3.6671,0.6213,0.1000,1.0282,0.0000,0.0000,-3575.3000,627.0000,0.1000,1.0249,0.0000,0.0000,3626.1428,0.0000,9,0,0
75.1449,-3.7233,0.6134,0.1000,1.0293,0.0000,0.0000,-3575.3000,627.0000,0.1000,1.0249,0.0000,0.0000,3626.0889,0.0000,9,0,0
75.1459,-3.7783,0.5954,0.1000,1.0305,0.0000,0.0000,-3575.3000,627.0000,0.1000,1.0249,0.0000,0.0000,3626.0378,0.0000,9,0,0
75.1468,-3.8333,0.5774,0.1000,1.0316,0.0000,0.0000,-3838.4000,576.5000,0.1000,1.0249,0.0000,0.0000,3877.5751,0.0000,9,0,0
75.1478,-3.8854,0.5493,0.1000,1.0328,0.0000,0.0000,-3838.4000,576.5000,0.1000,1.0300,0.0000,0.0000,3877.5277,0.0000,9,0,0
75.1488,-3.9375,0.5213,0.1000,1.0340,0.0000,0.0000,-3838.4000,576.5000,0.1000,1.0300,0.0000,0.0000,3877.4804,0.0000,9,0,0
75.1498,-3.9847,0.4839,0.1000,1.0352,0.0000,0.0000,-3989.0000,479.3000,0.1000,1.0300,0.0000,0.0000,4013.6781,0.0000,9,0,0
75.1508,-4.0320,0.4464,0.1000,1.0364,0.0000,0.0000,-3989.0000,479.3000,0.1000,1.0334,0.0000,0.0000,4013.6356,0.0000,9,0,0
75.1519,-4.0727,0.4003,0.1000,1.0376,0.0000,0.0000,-3989.0000,479.3000,0.1000,1.0334,0.0000,0.0000,4013.6007,0.0000,9,0,0
75.1529,-4.1134,0.3542,0.1000,1.0388,0.0000,0.0000,-3989.0000,479.3000,0.1000,1.0334,0.0000,0.0000,4013.5658,0.0000,9,0,0
75.1540,-4.1461,0.3006,0.1000,1.0401,0.0000,0.0000,-4146.0000,301.0000,0.1000,1.0334,0.0000,0.0000,4152.7550,0.0000,9,0,0
75.1550,-4.1787,0.2470,0.1000,1.0413,0.0000,0.0000,-4146.0000,301.0000,0.1000,1.0382,0.0000,0.0000,4152.7264,0.0000,9,0,0
75.1561,-4.2018,0.1874,0.1000,1.0426,0.0000,0.0000,-4146.0000,301.0000,0.1000,1.0382,0.0000,0.0000,4152.7076,0.0000,9,0,0
75.1572,-4.2249,0.1278,0.1000,1.0438,0.0000,0.0000,-4146.0000,301.0000,0.1000,1.0382,0.0000,0.0000,4152.6889,0.0000,9,0,0
75.1582,-4.2375,0.0639,0.1000,1.0451,0.0000,0.0000,-4225.9000,31.5000,0.1000,1.0424,0.0000,0.0000,4221.7796,0.0000,9,0,0
75.1593,-4.2500,0.0000,0.1000,1.0464,0.0000,0.0000,-4225.9000,31.5000,0.1000,1.0424,0.0000,0.0000,4221.7675,0.0000,9,0,0
75.1604,-4.2511,-0.0663,0.1000,1.0477,0.0000,0.0000,-4251.0000,-66.0000,0.1000,1.0424,0.0000,0.0000,4247.2607,0.0000,9,0,0
75.1616,-4.2523,-0.1326,0.1000,1.0491,0.0000,0.0000,-4251.0000,-66.0000,0.1000,1.0460,0.0000,0.0000,4247.2585,0.0000,9,0,0
75.1627,-4.2416,-0.1993,0.1000,1.0504,0.0000,0.0000,-4251.0000,-66.0000,0.1000,1.0460,0.0000,0.0000,4247.2682,0.0000,9,0,0
75.1638,-4.2309,-0.2660,0.1000,1.0517,0.0000,0.0000,-4251.0000,-66.0000,0.1000,1.0460,0.0000,0.0000,4247.2778,0.0000,9,0,0
75.1650,-4.2082,-0.3309,0.1000,1.0531,0.0000,0.0000,-4206.5000,-328.8000,0.1000,1.0460,0.0000,0.0000,4215.1095,0.0000,9,0,0
75.1661,-4.1856,-0.3958,0.1000,1.0545,0.0000,0.0000,-4206.5000,-328.8000,0.1000,1.0510,0.0000,0.0000,4215.1270,0.0000,9,0,0
75.1673,-4.1513,-0.4568,0.1000,1.0558,0.0000,0.0000,-4206.5000,-328.8000,0.1000,1.0510,0.0000,0.0000,4215.1564,0.0000,9,0,0
75.1685,-4.1171,-0.5178,0.1000,1.0572,0.0000,0.0000,-4115.6000,-646.3000,0.1000,1.0510,0.0000,0.0000,4161.8898,0.0000,9,0,0
75.1697,-4.0719,-0.5728,0.1000,1.0586,0.0000,0.0000,-4115.6000,-646.3000,0.1000,1.0553,0.0000,0.0000,4161.9259,0.0000,9,0,0
75.1708,-4.0267,-0.6277,0.1000,1.0601,0.0000,0.0000,-4115.6000,-646.3000,0.1000,1.0553,0.0000,0.0000,4161.9620,0.0000,9,0,0
75.1721,-3.9717,-0.6747,0.1000,1.0615,0.0000,0.0000,-4115.6000,-646.3000,0.1000,1.0553,0.0000,0.0000,4162.0090,0.0000,9,0,0
75.1733,-3.9167,-0.7217,0.1000,1.0629,0.0000,0.0000,-3930.6000,-711.8000,0.1000,1.0553,0.0000,0.0000,3990.5481,0.0000,9,0,0
75.1745,-3.8532,-0.7589,0.1000,1.0644,0.0000,0.0000,-3930.6000,-711.8000,0.1000,1.0605,0.0000,0.0000,3990.6039,0.0000,9,0,0
75.1757,-3.7898,-0.7961,0.1000,1.0658,0.0000,0.0000,-3930.6000,-711.8000,0.1000,1.0605,0.0000,0.0000,3990.6597,0.0000,9,0,0
75.1770,-3.7196,-0.8221,0.1000,1.0673,0.0000,0.0000,-3724.7000,-822.0000,0.1000,1.0605,0.0000,0.0000,3810.5154,0.0000,9,0,0
75.1782,-3.6495,-0.8480,0.1000,1.0688,0.0000,0.0000,-3724.7000,-822.0000,0.1000,1.0654,0.0000,0.0000,3810.5783,0.0000,9,0,0
75.1795,-3.5748,-0.8615,0.1000,1.0703,0.0000,0.0000,-3724.7000,-822.0000,0.1000,1.0654,0.0000,0.0000,3810.6484,0.0000,9,0,0
75.1808,-3.5000,-0.8750,0.1000,1.0718,0.0000,0.0000,-3458.0000,-875.1000,0.1000,1.0654,0.0000,0.0000,3563.4028,0.0000,9,0,0
75.1821,-3.4228,-0.8752,0.1000,1.0734,0.0000,0.0000,-3458.0000,-875.1000,0.1000,1.0699,0.0000,0.0000,3563.4776,0.0000,9,0,0
75.1834,-3.3456,-0.8754,0.1000,1.0749,0.0000,0.0000,-3458.0000,-875.1000,0.1000,1.0699,0.0000,0.0000,3563.5524,0.0000,9,0,0
75.1847,-3.2684,-0.8619,0.1000,1.0764,0.0000,0.0000,-3458.0000,-875.1000,0.1000,1.0699,0.0000,0.0000,3563.6305,0.0000,9,0,0
75.1860,-3.1912,-0.8483,0.1000,1.0780,0.0000,0.0000,-3237.8000,-862.1000,0.1000,1.0699,0.0000,0.0000,3347.3046,0.0000,9,0,0
75.1873,-3.1164,-0.8211,0.1000,1.0796,0.0000,0.0000,-3237.8000,-862.1000,0.1000,1.0760,0.0000,0.0000,3347.3839,0.0000,9,0,0
75.1887,-3.0417,-0.7939,0.1000,1.0811,0.0000,0.0000,-3237.8000,-862.1000,0.1000,1.0760,0.0000,0.0000,3347.4632,0.0000,9,0,0
75.1900,-2.9718,-0.7534,0.1000,1.0827,0.0000,0.0000,-3237.8000,-862.1000,0.1000,1.0760,0.0000,0.0000,3347.5412,0.0000,9,0,0
75.1914,-2.9019,-0.7128,0.1000,1.0844,0.0000,0.0000,-2972.0000,-753.0000,0.1000,1.0760,0.0000,0.0000,3062.9201,0.0000,9,0,0
75.1927,-2.8392,-0.6600,0.1000,1.0860,0.0000,0.0000,-2972.0000,-753.0000,0.1000,1.0821,0.0000,0.0000,3062.9939,0.0000,9,0,0
75.1941,-2.7765,-0.6071,0.1000,1.0876,0.0000,0.0000,-2972.0000,-753.0000,0.1000,1.0821,0.0000,0.0000,3063.0676,0.0000,9,0,0
75.1955,-2.7233,-0.5431,0.1000,1.0893,0.0000,0.0000,-2684.9000,-527.8000,0.1000,1.0821,0.0000,0.0000,2733.5091,0.0000,9,0,0
75.1969,-2.6701,-0.4792,0.1000,1.0909,0.0000,0.0000,-2684.9000,-527.8000,0.1000,1.0869,0.0000,0.0000,2733.5736,0.0000,9,0,0
75.1983,-2.6282,-0.4058,0.1000,1.0926,0.0000,0.0000,-2684.9000,-527.8000,0.1000,1.0869,0.0000,0.0000,2733.6288,0.0000,9,0,0
75.1997,-2.5864,-0.3325,0.1000,1.0943,0.0000,0.0000,-2684.9000,-527.8000,0.1000,1.0869,0.0000,0.0000,2733.6840,0.0000,9,0,0
75.2012,-2.5576,-0.2519,0.1000,1.0959,0.0000,0.0000,-2684.9000,-527.8000,0.1000,1.0869,0.0000,0.0000,2733.7278,0.0000,9,0,0
75.2026,-2.5289,-0.1712,0.1000,1.0976,0.0000,0.0000,-2558.0000,-252.0000,0.1000,1.0869,0.0000,0.0000,2567.8494,0.0000,9,0,0
75.2040,-2.5144,-0.0856,0.1000,1.0994,0.0000,0.0000,-2558.0000,-252.0000,0.1000,1.0951,0.0000,0.0000,2567.8721,0.0000,9,0,0
75.2055,-2.5000,-0.0000,0.1000,1.1011,0.0000,0.0000,-2558.0000,-252.0000,0.1000,1.0951,0.0000,0.0000,2567.8949,0.0000,9,0,0
75.2070,-2.5008,0.0880,0.1000,1.1028,0.0000,0.0000,-2501.0000,143.3000,0.1000,1.0951,0.0000,0.0000,2502.6003,0.0000,9,0,0
75.2084,-2.5015,0.1761,0.1000,1.1046,0.0000,0.0000,-2501.0000,143.3000,0.1000,1.1008,0.0000,0.0000,2502.5945,0.0000,9,0,0
75.2099,-2.5179,0.2638,0.1000,1.1064,0.0000,0.0000,-2501.0000,143.3000,0.1000,1.1008,0.0000,0.0000,2502.5731,0.0000,9,0,0
75.2114,-2.5342,0.3515,0.1000,1.1081,0.0000,0.0000,-2501.0000,143.3000,0.1000,1.1008,0.0000,0.0000,2502.5518,0.0000,9,0,0
75.2129,-2.5660,0.4362,0.1000,1.1099,0.0000,0.0000,-2533.9000,341.1000,0.1000,1.1059,0.0000,0.0000,2554.1541,0.0000,9,0,0
75.2145,-2.5979,0.5208,0.1000,1.1117,0.0000,0.0000,-2533.9000,341.1000,0.1000,1.1059,0.0000,0.0000,2554.1113,0.0000,9,0,0
75.2160,-2.6446,0.5997,0.1000,1.1135,0.0000,0.0000,-2533.9000,341.1000,0.1000,1.1059,0.0000,0.0000,2554.0545,0.0000,9,0,0
75.2175,-2.6914,0.6785,0.1000,1.1153,0.0000,0.0000,-2645.0000,596.2000,0.1000,1.1112,0.0000,0.0000,2708.5865,0.0000,9,0,0
75.2191,-2.7520,0.7489,0.1000,1.1172,0.0000,0.0000,-2645.0000,596.2000,0.1000,1.1112,0.0000,0.0000,2708.5119,0.0000,9,0,0
75.2206,-2.8126,0.8192,0.1000,1.1190,0.0000,0.0000,-2645.0000,596.2000,0.1000,1.1112,0.0000,0.0000,2708.4373,0.0000,9,0,0
75.2222,-2.8855,0.8787,0.1000,1.1209,0.0000,0.0000,-2810.3000,819.9000,0.1000,1.1112,0.0000,0.0000,2924.4439,0.0000,9,0,0
75.2238,-2.9583,0.9382,0.1000,1.1228,0.0000,0.0000,-2810.3000,819.9000,0.1000,1.1191,0.0000,0.0000,2924.3573,0.0000,9,0,0
75.2254,-3.0415,0.9846,0.1000,1.1246,0.0000,0.0000,-2810.3000,819.9000,0.1000,1.1191,0.0000,0.0000,2924.2644,0.0000,9,0,0
75.2270,-3.1247,1.0311,0.1000,1.1265,0.0000,0.0000,-3105.0000,1031.0000,0.1000,1.1191,0.0000,0.0000,3268.4042,0.0000,9,0,0
75.2286,-3.2159,1.0626,0.1000,1.1284,0.0000,0.0000,-3105.0000,1031.0000,0.1000,1.1241,0.0000,0.0000,3268.3078,0.0000,9,0,0
75.2302,-3.3071,1.0942,0.1000,1.1304,0.0000,0.0000,-3105.0000,1031.0000,0.1000,1.1241,0.0000,0.0000,3268.2113,0.0000,9,0,0
75.2319,-3.4035,1.1096,0.1000,1.1323,0.0000,0.0000,-3408.7000,1110.0000,0.1000,1.1241,0.0000,0.0000,3581.2961,0.0000,9,0,0
75.2335,-3.5000,1.1250,0.1000,1.1342,0.0000,0.0000,-3408.7000,1110.0000,0.1000,1.1301,0.0000,0.0000,3581.1996,0.0000,9,0,0
75.2351,-3.5989,1.1233,0.1000,1.1362,0.0000,0.0000,-3408.7000,1110.0000,0.1000,1.1301,0.0000,0.0000,3581.1061,0.0000,9,0,0
75.2368,-3.6978,1.1216,0.1000,1.1382,0.0000,0.0000,-3678.9000,1122.0000,0.1000,1.1301,0.0000,0.0000,3842.3274,0.0000,9,0,0
75.2385,-3.7960,1.1024,0.1000,1.1401,0.0000,0.0000,-3678.9000,1122.0000,0.1000,1.1354,0.0000,0.0000,3842.2390,0.0000,9,0,0
75.2402,-3.8943,1.0833,0.1000,1.1421,0.0000,0.0000,-3678.9000,1122.0000,0.1000,1.1354,0.0000,0.0000,3842.1506,0.0000,9,0,0
75.2418,-3.9888,1.0468,0.1000,1.1441,0.0000,0.0000,-3979.4000,1047.0000,0.1000,1.1354,0.0000,0.0000,4110.7070,0.0000,9,0,0
75.2435,-4.0833,1.0104,0.1000,1.1461,0.0000,0.0000,-3979.4000,1047.0000,0.1000,1.1354,0.0000,0.0000,4110.6249,0.0000,9,0,0
75.2453,-4.1711,0.9574,0.1000,1.1482,0.0000,0.0000,-3979.4000,1047.0000,0.1000,1.1354,0.0000,0.0000,4110.5535,0.0000,9,0,0
75.2470,-4.2588,0.9044,0.1000,1.1502,0.0000,0.0000,-3979.4000,1047.0000,0.1000,1.1354,0.0000,0.0000,4110.4821,0.0000,9,0,0
75.2487,-4.3369,0.8361,0.1000,1.1523,0.0000,0.0000,-4363.2000,818.3000,0.1000,1.1354,0.0000,0.0000,4434.8545,0.0000,9,0,0
75.2505,-4.4150,0.7678,0.1000,1.1543,0.0000,0.0000,-4363.2000,818.3000,0.1000,1.1418,0.0000,0.0000,4434.7904,0.0000,9,0,0
75.2522,-4.4807,0.6860,0.1000,1.1564,0.0000,0.0000,-4363.2000,818.3000,0.1000,1.1418,0.0000,0.0000,4434.7409,0.0000,9,0,0
75.2540,-4.5464,0.6042,0.1000,1.1585,0.0000,0.0000,-4363.2000,818.3000,0.1000,1.1418,0.0000,0.0000,4434.6913,0.0000,9,0,0
75.2557,-4.5975,0.5111,0.1000,1.1606,0.0000,0.0000,-4545.6000,606.4000,0.1000,1.1418,0.0000,0.0000,4581.2449,0.0000,9,0,0
75.2575,-4.6485,0.4180,0.1000,1.1627,0.0000,0.0000,-4545.6000,606.4000,0.1000,1.1577,0.0000,0.0000,4581.2067,0.0000,9,0,0
75.2593,-4.6829,0.3163,0.1000,1.1648,0.0000,0.0000,-4545.6000,606.4000,0.1000,1.1577,0.0000,0.0000,4581.1860,0.0000,9,0,0
75.2611,-4.7173,0.2146,0.1000,1.1670,0.0000,0.0000,-4717.0000,217.9000,0.1000,1.1577,0.0000,0.0000,4717.3080,0.0000,9,0,0
75.2629,-4.7337,0.1073,0.1000,1.1691,0.0000,0.0000,-4717.0000,217.9000,0.1000,1.1639,0.0000,0.0000,4717.2966,0.0000,9,0,0
75.2648,-4.7500,0.0000,0.1000,1.1713,0.0000,0.0000,-4717.0000,217.9000,0.1000,1.1639,0.0000,0.0000,4717.2853,0.0000,9,0,0
75.2666,-4.7473,-0.1097,0.1000,1.1734,0.0000,0.0000,-4747.0000,-97.5000,0.1000,1.1639,0.0000,0.0000,4743.2526,0.0000,9,0,0
75.2684,-4.7447,-0.2195,0.1000,1.1756,0.0000,0.0000,-4747.0000,-97.5000,0.1000,1.1706,0.0000,0.0000,4743.2530,0.0000,9,0,0
75.2703,-4.7227,-0.3282,0.1000,1.1778,0.0000,0.0000,-4747.0000,-97.5000,0.1000,1.1706,0.0000,0.0000,4743.2727,0.0000,9,0,0
75.2721,-4.7007,-0.4370,0.1000,1.1800,0.0000,0.0000,-4747.0000,-97.5000,0.1000,1.1706,0.0000,0.0000,4743.2925,0.0000,9,0,0
75.2740,-4.6597,-0.5414,0.1000,1.1822,0.0000,0.0000,-4700.6000,-506.5000,0.1000,1.1781,0.0000,0.0000,4723.1186,0.0000,9,0,0
75.2759,-4.6186,-0.6458,0.1000,1.1845,0.0000,0.0000,-4700.6000,-506.5000,0.1000,1.1781,0.0000,0.0000,4723.1483,0.0000,9,0,0
75.2778,-4.5594,-0.7425,0.1000,1.1867,0.0000,0.0000,-4700.6000,-506.5000,0.1000,1.1781,0.0000,0.0000,4723.1968,0.0000,9,0,0
75.2797,-4.5001,-0.8392,0.1000,1.1890,0.0000,0.0000,-4499.0000,-841.4000,0.1000,1.1781,0.0000,0.0000,4572.4251,0.0000,9,0,0
75.2816,-4.4241,-0.9250,0.1000,1.1912,0.0000,0.0000,-4499.0000,-841.4000,0.1000,1.1861,0.0000,0.0000,4572.4841,0.0000,9,0,0
75.2835,-4.3481,-1.0108,0.1000,1.1935,0.0000,0.0000,-4499.0000,-841.4000,0.1000,1.1861,0.0000,0.0000,4572.5430,0.0000,9,0,0
75.2855,-4.2574,-1.0827,0.1000,1.1958,0.0000,0.0000,-4499.0000,-841.4000,0.1000,1.1861,0.0000,0.0000,4572.6190,0.0000,9,0,0
75.2874,-4.1667,-1.1547,0.1000,1.1981,0.0000,0.0000,-4254.7000,-1083.0000,0.1000,1.1929,0.0000,0.0000,4386.0487,0.0000,9,0,0
75.2894,-4.0637,-1.2103,0.1000,1.2004,0.0000,0.0000,-4254.7000,-1083.0000,0.1000,1.1929,0.0000,0.0000,4386.1347,0.0000,9,0,0
75.2913,-3.9608,-1.2660,0.1000,1.2027,0.0000,0.0000,-4254.7000,-1083.0000,0.1000,1.1929,0.0000,0.0000,4386.2207,0.0000,9,0,0
75.2933,-3.8486,-1.3032,0.1000,1.2051,0.0000,0.0000,-3953.5000,-1267.9000,0.1000,1.1929,0.0000,0.0000,4147.7722,0.0000,9,0,0
75.2953,-3.7364,-1.3404,0.1000,1.2074,0.0000,0.0000,-3953.5000,-1267.9000,0.1000,1.2024,0.0000,0.0000,4147.8676,0.0000,9,0,0
75.2973,-3.6182,-1.3577,0.1000,1.2098,0.0000,0.0000,-3953.5000,-1267.9000,0.1000,1.2024,0.0000,0.0000,4147.9749,0.0000,9,0,0
75.2993,-3.5000,-1.3750,0.1000,1.2122,0.0000,0.0000,-3507.7000,-1375.0000,0.1000,1.2024,0.0000,0.0000,3763.8097,0.0000,9,0,0
75.3013,-3.3794,-1.3714,0.1000,1.2146,0.0000,0.0000,-3507.7000,-1375.0000,0.1000,1.2088,0.0000,0.0000,3763.9233,0.0000,9,0,0
75.3033,-3.2588,-1.3678,0.1000,1.2169,0.0000,0.0000,-3260.0000,-1368.0000,0.1000,1.2088,0.0000,0.0000,3531.8616,0.0000,9,0,0
75.3054,-3.1395,-1.3430,0.1000,1.2194,0.0000,0.0000,-3260.0000,-1368.0000,0.1000,1.2155,0.0000,0.0000,3531.9813,0.0000,9,0,0
75.3074,-3.0202,-1.3182,0.1000,1.2218,0.0000,0.0000,-3260.0000,-1368.0000,0.1000,1.2155,0.0000,0.0000,3532.1009,0.0000,9,0,0
75.3095,-2.9059,-1.2725,0.1000,1.2242,0.0000,0.0000,-2965.3000,-1272.1000,0.1000,1.2155,0.0000,0.0000,3223.4734,0.0000,9,0,0
75.3115,-2.7917,-1.2269,0.1000,1.2267,0.0000,0.0000,-2965.3000,-1272.1000,0.1000,1.2209,0.0000,0.0000,3223.5965,0.0000,9,0,0
75.3136,-2.6861,-1.1614,0.1000,1.2291,0.0000,0.0000,-2965.3000,-1272.1000,0.1000,1.2209,0.0000,0.0000,3223.7193,0.0000,9,0,0
75.3157,-2.5805,-1.0959,0.1000,1.2316,0.0000,0.0000,-2965.3000,-1272.1000,0.1000,1.2209,0.0000,0.0000,3223.8422,0.0000,9,0,0
75.3178,-2.4870,-1.0122,0.1000,1.2341,0.0000,0.0000,-2474.9000,-1081.4000,0.1000,1.2282,0.0000,0.0000,2698.1594,0.0000,9,0,0
75.3199,-2.3935,-0.9285,0.1000,1.2366,0.0000,0.0000,-2474.9000,-1081.4000,0.1000,1.2282,0.0000,0.0000,2698.2786,0.0000,9,0,0
75.3220,-2.3153,-0.8288,0.1000,1.2391,0.0000,0.0000,-2474.9000,-1081.4000,0.1000,1.2282,0.0000,0.0000,2698.3901,0.0000,9,0,0
75.3241,-2.2370,-0.7292,0.1000,1.2416,0.0000,0.0000,-2315.0000,-829.0000,0.1000,1.2364,0.0000,0.0000,2456.6044,0.0000,9,0,0
75.3263,-2.1768,-0.6163,0.1000,1.2441,0.0000,0.0000,-2315.0000,-829.0000,0.1000,1.2364,0.0000,0.0000,2456.6991,0.0000,9,0,0
75.3284,-2.1166,-0.5035,0.1000,1.2467,0.0000,0.0000,-2315.0000,-829.0000,0.1000,1.2364,0.0000,0.0000,2456.7939,0.0000,9,0,0
75.3306,-2.0765,-0.3808,0.1000,1.2492,0.0000,0.0000,-2117.0000,-490.0000,0.1000,1.2430,0.0000,0.0000,2170.8589,0.0000,9,0,0
75.3328,-2.0365,-0.2581,0.1000,1.2518,0.0000,0.0000,-2117.0000,-490.0000,0.1000,1.2430,0.0000,0.0000,2170.9256,0.0000,9,0,0
75.3349,-2.0182,-0.1290,0.1000,1.2544,0.0000,0.0000,-2117.0000,-490.0000,0.1000,1.2430,0.0000,0.0000,2170.9725,0.0000,9,0,0
75.3371,-2.0000,-0.0000,0.1000,1.2569,0.0000,0.0000,-2018.5000,-103.6000,0.1000,1.2511,0.0000,0.0000,2019.1595,0.0000,9,0,0
75.3626,-1.8750,-1.5155,0.1000,1.2871,0.0000,0.0000,-2018.5000,-103.6000,0.1000,1.2511,0.0000,0.0000,2019.2072,0.0000,9,0,0
75.3880,-1.7500,-3.0311,0.1000,1.3173,0.0000,0.0000,-2018.5000,-103.6000,0.1000,1.2511,0.0000,0.0000,2019.2560,0.0000,9,0,0
75.3882,-1.7432,-3.0299,0.1000,1.3174,0.0000,0.0000,-1771.3000,-3038.2000,0.1000,1.2511,0.0000,0.0000,3513.3444,0.0000,9,0,0
75.3883,-1.7363,-3.0287,0.1000,1.3175,0.0000,0.0000,-1771.3000,-3038.2000,0.1000,1.3070,0.0000,0.0000,3513.3489,0.0000,9,0,0
75.3884,-1.7301,-3.0251,0.1000,1.3177,0.0000,0.0000,-1771.3000,-3038.2000,0.1000,1.3070,0.0000,0.0000,3513.3551,0.0000,9,0,0
75.3885,-1.7239,-3.0216,0.1000,1.3178,0.0000,0.0000,-1701.5000,-3022.0000,0.1000,1.3070,0.0000,0.0000,3464.6024,0.0000,9,0,0
75.3886,-1.7189,-3.0159,0.1000,1.3180,0.0000,0.0000,-1701.5000,-3022.0000,0.1000,1.3174,0.0000,0.0000,3464.6097,0.0000,9,0,0
75.3888,-1.7139,-3.0103,0.1000,1.3181,0.0000,0.0000,-1701.5000,-3022.0000,0.1000,1.3174,0.0000,0.0000,3464.6171,0.0000,9,0,0
75.3889,-1.7107,-3.0028,0.1000,1.3183,0.0000,0.0000,-1703.5000,-3003.2000,0.1000,1.3174,0.0000,0.0000,3449.2420,0.0000,9,0,0
75.3890,-1.7074,-2.9954,0.1000,1.3184,0.0000,0.0000,-1703.5000,-3003.2000,0.1000,1.3181,0.0000,0.0000,3449.2500,0.0000,9,0,0
75.3892,-1.7064,-2.9866,0.1000,1.3186,0.0000,0.0000,-1703.5000,-3003.2000,0.1000,1.3181,0.0000,0.0000,3449.2581,0.0000,9,0,0
75.3893,-1.7054,-2.9779,0.1000,1.3188,0.0000,0.0000,-1703.5000,-3003.2000,0.1000,1.3181,0.0000,0.0000,3449.2663,0.0000,9,0,0
75.3895,-1.7068,-2.9684,0.1000,1.3190,0.0000,0.0000,-1688.5000,-2927.3000,0.1000,1.3181,0.0000,0.0000,3375.9423,0.0000,9,0,0
75.3897,-1.7083,-2.9589,0.1000,1.3192,0.0000,0.0000,-1688.5000,-2927.3000,0.1000,1.3187,0.0000,0.0000,3375.9498,0.0000,9,0,0
75.3898,-1.7125,-2.9493,0.1000,1.3194,0.0000,0.0000,-1688.5000,-2927.3000,0.1000,1.3187,0.0000,0.0000,3375.9560,0.0000,9,0,0
75.3900,-1.7167,-2.9397,0.1000,1.3196,0.0000,0.0000,-1717.0000,-2940.0000,0.1000,1.3187,0.0000,0.0000,3401.2527,0.0000,9,0,0
75.3902,-1.7237,-2.9307,0.1000,1.3198,0.0000,0.0000,-1717.0000,-2940.0000,0.1000,1.3193,0.0000,0.0000,3401.2569,0.0000,9,0,0
75.3904,-1.7307,-2.9217,0.1000,1.3200,0.0000,0.0000,-1717.0000,-2940.0000,0.1000,1.3193,0.0000,0.0000,3401.2612,0.0000,9,0,0
75.3906,-1.7404,-2.9139,0.1000,1.3203,0.0000,0.0000,-1581.9000,-2912.6000,0.1000,1.3193,0.0000,0.0000,3311.0690,0.0000,9,0,0
75.3908,-1.7500,-2.9061,0.1000,1.3205,0.0000,0.0000,-1581.9000,-2912.6000,0.1000,1.3200,0.0000,0.0000,3311.0712,0.0000,9,0,0
75.3910,-1.7621,-2.9002,0.1000,1.3208,0.0000,0.0000,-1581.9000,-2912.6000,0.1000,1.3200,0.0000,0.0000,3311.0706,0.0000,9,0,0
75.3913,-1.7741,-2.8943,0.1000,1.3211,0.0000,0.0000,-1808.6000,-2909.9000,0.1000,1.3200,0.0000,0.0000,3422.7623,0.0000,9,0,0
75.3915,-1.7882,-2.8909,0.1000,1.3213,0.0000,0.0000,-1808.6000,-2909.9000,0.1000,1.3207,0.0000,0.0000,3422.7578,0.0000,9,0,0
75.3917,-1.8023,-2.8875,0.1000,1.3216,0.0000,0.0000,-1808.6000,-2909.9000,0.1000,1.3207,0.0000,0.0000,3422.7532,0.0000,9,0,0
75.3920,-1.8178,-2.8871,0.1000,1.3219,0.0000,0.0000,-1806.8000,-2887.0000,0.1000,1.3207,0.0000,0.0000,3402.3621,0.0000,9,0,0
75.3923,-1.8333,-2.8868,0.1000,1.3222,0.0000,0.0000,-1806.8000,-2887.0000,0.1000,1.3215,0.0000,0.0000,3402.3542,0.0000,9,0,0
75.3925,-1.8497,-2.8898,0.1000,1.3226,0.0000,0.0000,-1806.8000,-2887.0000,0.1000,1.3215,0.0000,0.0000,3402.3429,0.0000,9,0,0
75.3928,-1.8661,-2.8928,0.1000,1.3229,0.0000,0.0000,-1806.8000,-2887.0000,0.1000,1.3215,0.0000,0.0000,3402.3317,0.0000,9,0,0
75.3931,-1.8825,-2.8994,0.1000,1.3233,0.0000,0.0000,-1960.4000,-2926.3000,0.1000,1.3215,0.0000,0.0000,3518.8154,0.0000,9,0,0
75.3934,-1.8990,-2.9061,0.1000,1.3236,0.0000,0.0000,-1960.4000,-2926.3000,0.1000,1.3226,0.0000,0.0000,3518.8007,0.0000,9,0,0
75.3937,-1.9147,-2.9165,0.1000,1.3240,0.0000,0.0000,-1960.4000,-2926.3000,0.1000,1.3226,0.0000,0.0000,3518.7833,0.0000,9,0,0
75.3940,-1.9304,-2.9269,0.1000,1.3244,0.0000,0.0000,-1960.4000,-2926.3000,0.1000,1.3226,0.0000,0.0000,3518.7659,0.0000,9,0,0
75.3944,-1.9446,-2.9410,0.1000,1.3248,0.0000,0.0000,-1929.4000,-2933.3000,0.1000,1.3226,0.0000,0.0000,3507.4333,0.0000,9,0,0
75.3947,-1.9588,-2.9551,0.1000,1.3252,0.0000,0.0000,-1929.4000,-2933.3000,0.1000,1.3242,0.0000,0.0000,3507.4137,0.0000,9,0,0
75.3951,-1.9707,-2.9726,0.1000,1.3256,0.0000,0.0000,-1929.4000,-2933.3000,0.1000,1.3242,0.0000,0.0000,3507.3926,0.0000,9,0,0
75.3954,-1.9825,-2.9901,0.1000,1.3260,0.0000,0.0000,-1929.4000,-2933.3000,0.1000,1.3242,0.0000,0.0000,3507.3714,0.0000,9,0,0
75.3958,-1.9913,-3.0106,0.1000,1.3264,0.0000,0.0000,-1991.0000,-3012.1000,0.1000,1.3242,0.0000,0.0000,3607.0452,0.0000,9,0,0
75.3962,-2.0000,-3.0311,0.1000,1.3269,0.0000,0.0000,-1991.0000,-3012.1000,0.1000,1.3258,0.0000,0.0000,3607.0232,0.0000,9,0,0
75.3966,-2.0049,-3.0540,0.1000,1.3273,0.0000,0.0000,-1991.0000,-3012.1000,0.1000,1.3258,0.0000,0.0000,3607.0014,0.0000,9,0,0
75.3970,-2.0099,-3.0769,0.1000,1.3278,0.0000,0.0000,-2021.0000,-3050.5000,0.1000,1.3258,0.0000,0.0000,3655.5586,0.0000,9,0,0
75.3974,-2.0105,-3.1015,0.1000,1.3283,0.0000,0.0000,-2021.0000,-3050.5000,0.1000,1.3272,0.0000,0.0000,3655.5378,0.0000,9,0,0
75.3978,-2.0110,-3.1261,0.1000,1.3288,0.0000,0.0000,-2021.0000,-3050.5000,0.1000,1.3272,0.0000,0.0000,3655.5170,0.0000,9,0,0
75.3982,-2.0068,-3.1515,0.1000,1.3293,0.0000,0.0000,-2021.0000,-3050.5000,0.1000,1.3272,0.0000,0.0000,3655.4981,0.0000,9,0,0
75.3986,-2.0026,-3.1769,0.1000,1.3298,0.0000,0.0000,-2007.0000,-3146.7000,0.1000,1.3286,0.0000,0.0000,3728.5053,0.0000,9,0,0
75.3991,-1.9933,-3.2022,0.1000,1.3303,0.0000,0.0000,-2007.0000,-3146.7000,0.1000,1.3286,0.0000,0.0000,3728.4890,0.0000,9,0,0
75.3995,-1.9841,-3.2275,0.1000,1.3309,0.0000,0.0000,-2007.0000,-3146.7000,0.1000,1.3286,0.0000,0.0000,3728.4726,0.0000,9,0,0
75.4000,-1.9697,-3.2516,0.1000,1.3314,0.0000,0.0000,-1984.0000,-3227.0000,0.1000,1.3286,0.0000,0.0000,3784.3094,0.0000,9,0,0
75.4005,-1.9553,-3.2758,0.1000,1.3320,0.0000,0.0000,-1984.0000,-3227.0000,0.1000,1.3307,0.0000,0.0000,3784.2963,0.0000,9,0,0
75.4010,-1.9360,-3.2978,0.1000,1.3326,0.0000,0.0000,-1984.0000,-3227.0000,0.1000,1.3307,0.0000,0.0000,3784.2877,0.0000,9,0,0
75.4015,-1.9167,-3.3198,0.1000,1.3331,0.0000,0.0000,-1984.0000,-3227.0000,0.1000,1.3307,0.0000,0.0000,3784.2791,0.0000,9,0,0
75.4020,-1.8927,-3.3386,0.1000,1.3337,0.0000,0.0000,-1900.1000,-3293.2000,0.1000,1.3324,0.0000,0.0000,3798.2074,0.0000,9,0,0
75.4025,-1.8688,-3.3574,0.1000,1.3344,0.0000,0.0000,-1900.1000,-3293.2000,0.1000,1.3324,0.0000,0.0000,3798.2030,0.0000,9,0,0
75.4030,-1.8407,-3.3720,0.1000,1.3350,0.0000,0.0000,-1886.9000,-3372.1000,0.1000,1.3324,0.0000,0.0000,3860.2819,0.0000,9,0,0
75.4035,-1.8127,-3.3867,0.1000,1.3356,0.0000,0.0000,-1886.9000,-3372.1000,0.1000,1.3341,0.0000,0.0000,3860.2828,0.0000,9,0,0
75.4041,-1.7814,-3.3964,0.1000,1.3363,0.0000,0.0000,-1886.9000,-3372.1000,0.1000,1.3341,0.0000,0.0000,3860.2897,0.0000,9,0,0
75.4046,-1.7500,-3.4061,0.1000,1.3369,0.0000,0.0000,-1746.4000,-3406.0000,0.1000,1.3341,0.0000,0.0000,3823.8003,0.0000,9,0,0
75.4052,-1.7162,-3.4101,0.1000,1.3376,0.0000,0.0000,-1746.4000,-3406.0000,0.1000,1.3364,0.0000,0.0000,3823.8122,0.0000,9,0,0
75.4058,-1.6825,-3.4141,0.1000,1.3383,0.0000,0.0000,-1746.4000,-3406.0000,0.1000,1.3364,0.0000,0.0000,3823.8240,0.0000,9,0,0
75.4064,-1.6474,-3.4118,0.1000,1.3390,0.0000,0.0000,-1746.4000,-3406.0000,0.1000,1.3364,0.0000,0.0000,3823.8421,0.0000,9,0,0
75.4070,-1.6122,-3.4096,0.1000,1.3397,0.0000,0.0000,-1746.4000,-3406.0000,0.1000,1.3364,0.0000,0.0000,3823.8601,0.0000,9,0,0
75.4076,-1.5770,-3.4008,0.1000,1.3404,0.0000,0.0000,-1583.7000,-3409.8000,0.1000,1.3364,0.0000,0.0000,3755.8846,0.0000,9,0,0
75.4082,-1.5417,-3.3919,0.1000,1.3411,0.0000,0.0000,-1583.7000,-3409.8000,0.1000,1.3393,0.0000,0.0000,3755.9075,0.0000,9,0,0
75.4088,-1.5075,-3.3764,0.1000,1.3418,0.0000,0.0000,-1583.7000,-3409.8000,0.1000,1.3393,0.0000,0.0000,3755.9359,0.0000,9,0,0
75.4094,-1.4732,-3.3609,0.1000,1.3426,0.0000,0.0000,-1583.7000,-3409.8000,0.1000,1.3393,0.0000,0.0000,3755.9644,0.0000,9,0,0
75.4101,-1.4414,-3.3388,0.1000,1.3434,0.0000,0.0000,-1583.7000,-3409.8000,0.1000,1.3393,0.0000,0.0000,3755.9979,0.0000,9,0,0
75.4107,-1.4095,-3.3168,0.1000,1.3441,0.0000,0.0000,-1441.1000,-3336.5000,0.1000,1.3423,0.0000,0.0000,3630.8152,0.0000,9,0,0
75.4114,-1.3813,-3.2885,0.1000,1.3449,0.0000,0.0000,-1441.1000,-3336.5000,0.1000,1.3423,0.0000,0.0000,3630.8523,0.0000,9,0,0
75.4121,-1.3531,-3.2603,0.1000,1.3457,0.0000,0.0000,-1441.1000,-3336.5000,0.1000,1.3423,0.0000,0.0000,3630.8895,0.0000,9,0,0
75.4128,-1.3297,-3.2264,0.1000,1.3465,0.0000,0.0000,-1349.5000,-3260.0000,0.1000,1.3447,0.0000,0.0000,3524.7890,0.0000,9,0,0
75.4135,-1.3063,-3.1926,0.1000,1.3473,0.0000,0.0000,-1349.5000,-3260.0000,0.1000,1.3447,0.0000,0.0000,3524.8292,0.0000,9,0,0
75.4142,-1.2888,-3.1540,0.1000,1.3482,0.0000,0.0000,-1349.5000,-3260.0000,0.1000,1.3447,0.0000,0.0000,3524.8715,0.0000,9,0,0
75.4149,-1.2713,-3.1155,0.1000,1.3490,0.0000,0.0000,-1288.7000,-3138.2000,0.1000,1.3471,0.0000,0.0000,3389.1337,0.0000,9,0,0
75.4156,-1.2606,-3.0733,0.1000,1.3499,0.0000,0.0000,-1288.7000,-3138.2000,0.1000,1.3471,0.0000,0.0000,3389.1768,0.0000,9,0,0
75.4163,-1.2500,-3.0311,0.1000,1.3507,0.0000,0.0000,-1288.7000,-3138.2000,0.1000,1.3471,0.0000,0.0000,3389.2199,0.0000,9,0,0
75.4171,-1.2470,-2.9865,0.1000,1.3516,0.0000,0.0000,-1288.7000,-3138.2000,0.1000,1.3471,0.0000,0.0000,3389.2623,0.0000,9,0,0
75.4178,-1.2439,-2.9419,0.1000,1.3525,0.0000,0.0000,-1247.0000,-2989.8000,0.1000,1.3504,0.0000,0.0000,3236.2370,0.0000,9,0,0
75.4186,-1.2490,-2.8962,0.1000,1.3534,0.0000,0.0000,-1247.0000,-2989.8000,0.1000,1.3504,0.0000,0.0000,3236.2772,0.0000,9,0,0
75.4194,-1.2541,-2.8506,0.1000,1.3543,0.0000,0.0000,-1247.0000,-2989.8000,0.1000,1.3504,0.0000,0.0000,3236.3173,0.0000,9,0,0
75.4202,-1.2675,-2.8054,0.1000,1.3553,0.0000,0.0000,-1247.0000,-2989.8000,0.1000,1.3504,0.0000,0.0000,3236.3538,0.0000,9,0,0
75.4209,-1.2809,-2.7603,0.1000,1.3562,0.0000,0.0000,-1267.0000,-2786.7000,0.1000,1.3504,0.0000,0.0000,3058.1637,0.0000,9,0,0
75.4217,-1.3027,-2.7171,0.1000,1.3572,0.0000,0.0000,-1267.0000,-2786.7000,0.1000,1.3549,0.0000,0.0000,3058.1940,0.0000,9,0,0
75.4226,-1.3244,-2.6740,0.1000,1.3581,0.0000,0.0000,-1267.0000,-2786.7000,0.1000,1.3549,0.0000,0.0000,3058.2242,0.0000,9,0,0
75.4234,-1.3542,-2.6344,0.1000,1.3591,0.0000,0.0000,-1267.0000,-2786.7000,0.1000,1.3549,0.0000,0.0000,3058.2479,0.0000,9,0,0
75.4242,-1.3840,-2.5949,0.1000,1.3601,0.0000,0.0000,-1267.0000,-2786.7000,0.1000,1.3549,0.0000,0.0000,3058.2716,0.0000,9,0,0
75.4251,-1.4212,-2.5604,0.1000,1.3611,0.0000,0.0000,-1384.3000,-2592.6000,0.1000,1.3587,0.0000,0.0000,2936.0959,0.0000,9,0,0
75.4259,-1.4583,-2.5259,0.1000,1.3621,0.0000,0.0000,-1384.3000,-2592.6000,0.1000,1.3587,0.0000,0.0000,2936.1088,0.0000,9,0,0
75.4268,-1.5020,-2.4979,0.1000,1.3631,0.0000,0.0000,-1384.3000,-2592.6000,0.1000,1.3587,0.0000,0.0000,2936.1129,0.0000,9,0,0
75.4277,-1.5457,-2.4699,0.1000,1.3642,0.0000,0.0000,-1496.4000,-2498.2000,0.1000,1.3620,0.0000,0.0000,2909.1679,0.0000,9,0,0
75.4285,-1.5948,-2.4496,0.1000,1.3652,0.0000,0.0000,-1496.4000,-2498.2000,0.1000,1.3620,0.0000,0.0000,2909.1601,0.0000,9,0,0
75.4294,-1.6439,-2.4293,0.1000,1.3663,0.0000,0.0000,-1662.8000,-2430.8000,0.1000,1.3620,0.0000,0.0000,2942.1802,0.0000,9,0,0
75.4303,-1.6969,-2.4177,0.1000,1.3673,0.0000,0.0000,-1662.8000,-2430.8000,0.1000,1.3648,0.0000,0.0000,2942.1598,0.0000,9,0,0
75.4313,-1.7500,-2.4061,0.1000,1.3684,0.0000,0.0000,-1662.8000,-2430.8000,0.1000,1.3648,0.0000,0.0000,2942.1394,0.0000,9,0,0
75.4322,-1.8055,-2.4040,0.1000,1.3695,0.0000,0.0000,-1801.5000,-2404.0000,0.1000,1.3648,0.0000,0.0000,3001.0938,0.0000,9,0,0
75.4331,-1.8609,-2.4019,0.1000,1.3706,0.0000,0.0000,-1801.5000,-2404.0000,0.1000,1.3682,0.0000,0.0000,3001.0622,0.0000,9,0,0
75.4341,-1.9171,-2.4098,0.1000,1.3717,0.0000,0.0000,-1801.5000,-2404.0000,0.1000,1.3682,0.0000,0.0000,3001.0222,0.0000,9,0,0
75.4350,-1.9733,-2.4177,0.1000,1.3729,0.0000,0.0000,-1801.5000,-2404.0000,0.1000,1.3682,0.0000,0.0000,3000.9822,0.0000,9,0,0
75.4360,-2.0283,-2.4357,0.1000,1.3740,0.0000,0.0000,-2045.5000,-2438.0000,0.1000,1.3682,0.0000,0.0000,3179.2688,0.0000,9,0,0
75.4369,-2.0833,-2.4537,0.1000,1.3752,0.0000,0.0000,-2045.5000,-2438.0000,0.1000,1.3729,0.0000,0.0000,3179.2196,0.0000,9,0,0
75.4379,-2.1354,-2.4817,0.1000,1.3763,0.0000,0.0000,-2045.5000,-2438.0000,0.1000,1.3729,0.0000,0.0000,3179.1647,0.0000,9,0,0
75.4389,-2.1875,-2.5098,0.1000,1.3775,0.0000,0.0000,-2045.5000,-2438.0000,0.1000,1.3729,0.0000,0.0000,3179.1098,0.0000,9,0,0
75.4399,-2.2347,-2.5472,0.1000,1.3787,0.0000,0.0000,-2181.2000,-2499.3000,0.1000,1.3729,0.0000,0.0000,3313.8594,0.0000,9,0,0
75.4409,-2.2820,-2.5847,0.1000,1.3799,0.0000,0.0000,-2181.2000,-2499.3000,0.1000,1.3770,0.0000,0.0000,3313.8001,0.0000,9,0,0
75.4420,-2.3227,-2.6308,0.1000,1.3811,0.0000,0.0000,-2181.2000,-2499.3000,0.1000,1.3770,0.0000,0.0000,3313.7386,0.0000,9,0,0
75.4430,-2.3634,-2.6769,0.1000,1.3823,0.0000,0.0000,-2365.3000,-2676.2000,0.1000,1.3770,0.0000,0.0000,3568.0800,0.0000,9,0,0
75.4441,-2.3961,-2.7305,0.1000,1.3836,0.0000,0.0000,-2365.3000,-2676.2000,0.1000,1.3806,0.0000,0.0000,3568.0183,0.0000,9,0,0
75.4451,-2.4287,-2.7841,0.1000,1.3848,0.0000,0.0000,-2365.3000,-2676.2000,0.1000,1.3806,0.0000,0.0000,3567.9565,0.0000,9,0,0
75.4462,-2.4518,-2.8437,0.1000,1.3861,0.0000,0.0000,-2453.9000,-2847.5000,0.1000,1.3806,0.0000,0.0000,3755.2188,0.0000,9,0,0
75.4473,-2.4749,-2.9033,0.1000,1.3874,0.0000,0.0000,-2453.9000,-2847.5000,0.1000,1.3845,0.0000,0.0000,3755.1585,0.0000,9,0,0
75.4483,-2.4875,-2.9672,0.1000,1.3887,0.0000,0.0000,-2453.9000,-2847.5000,0.1000,1.3845,0.0000,0.0000,3755.1019,0.0000,9,0,0
75.4494,-2.5000,-3.0311,0.1000,1.3899,0.0000,0.0000,-2500.6000,-3101.7000,0.1000,1.3845,0.0000,0.0000,3980.2327,0.0000,9,0,0
75.4505,-2.5011,-3.0974,0.1000,1.3913,0.0000,0.0000,-2500.6000,-3101.7000,0.1000,1.3883,0.0000,0.0000,3980.1804,0.0000,9,0,0
75.4517,-2.5023,-3.1637,0.1000,1.3926,0.0000,0.0000,-2500.6000,-3101.7000,0.1000,1.3883,0.0000,0.0000,3980.1280,0.0000,9,0,0
75.4528,-2.4916,-3.2304,0.1000,1.3939,0.0000,0.0000,-2492.0000,-3233.2000,0.1000,1.3883,0.0000,0.0000,4078.0333,0.0000,9,0,0
75.4539,-2.4809,-3.2971,0.1000,1.3953,0.0000,0.0000,-2492.0000,-3233.2000,0.1000,1.3920,0.0000,0.0000,4077.9870,0.0000,9,0,0
75.4551,-2.4582,-3.3620,0.1000,1.3966,0.0000,0.0000,-2492.0000,-3233.2000,0.1000,1.3920,0.0000,0.0000,4077.9494,0.0000,9,0,0
75.4562,-2.4356,-3.4269,0.1000,1.3980,0.0000,0.0000,-2492.0000,-3233.2000,0.1000,1.3920,0.0000,0.0000,4077.9118,0.0000,9,0,0
75.4574,-2.4013,-3.4879,0.1000,1.3994,0.0000,0.0000,-2435.6000,-3418.6000,0.1000,1.3920,0.0000,0.0000,4193.2620,0.0000,9,0,0
75.4586,-2.3671,-3.5489,0.1000,1.4008,0.0000,0.0000,-2435.6000,-3418.6000,0.1000,1.3971,0.0000,0.0000,4193.2322,0.0000,9,0,0
75.4598,-2.3219,-3.6039,0.1000,1.4022,0.0000,0.0000,-2435.6000,-3418.6000,0.1000,1.3971,0.0000,0.0000,4193.2137,0.0000,9,0,0
75.4609,-2.2767,-3.6588,0.1000,1.4036,0.0000,0.0000,-2435.6000,-3418.6000,0.1000,1.3971,0.0000,0.0000,4193.1951,0.0000,9,0,0
75.4622,-2.2217,-3.7058,0.1000,1.4050,0.0000,0.0000,-2226.1000,-3705.9000,0.1000,1.3971,0.0000,0.0000,4318.7818,0.0000,9,0,0
75.4634,-2.1667,-3.7528,0.1000,1.4064,0.0000,0.0000,-2226.1000,-3705.9000,0.1000,1.4031,0.0000,0.0000,4318.7699,0.0000,9,0,0
75.4646,-2.1032,-3.7900,0.1000,1.4079,0.0000,0.0000,-2226.1000,-3705.9000,0.1000,1.4031,0.0000,0.0000,4318.7707,0.0000,9,0,0
75.4658,-2.0398,-3.8272,0.1000,1.4094,0.0000,0.0000,-2226.1000,-3705.9000,0.1000,1.4031,0.0000,0.0000,4318.7714,0.0000,9,0,0
75.4671,-1.9696,-3.8532,0.1000,1.4108,0.0000,0.0000,-2226.1000,-3705.9000,0.1000,1.4031,0.0000,0.0000,4318.7853,0.0000,9,0,0
75.4683,-1.8995,-3.8791,0.1000,1.4123,0.0000,0.0000,-1995.0000,-3853.0000,0.1000,1.4031,0.0000,0.0000,4334.5335,0.0000,9,0,0
75.4696,-1.8248,-3.8926,0.1000,1.4138,0.0000,0.0000,-1995.0000,-3853.0000,0.1000,1.4101,0.0000,0.0000,4334.5559,0.0000,9,0,0
75.4709,-1.7500,-3.9061,0.1000,1.4153,0.0000,0.0000,-1995.0000,-3853.0000,0.1000,1.4101,0.0000,0.0000,4334.5784,0.0000,9,0,0
75.4722,-1.6728,-3.9063,0.1000,1.4169,0.0000,0.0000,-1995.0000,-3853.0000,0.1000,1.4101,0.0000,0.0000,4334.6137,0.0000,9,0,0
75.4735,-1.5956,-3.9065,0.1000,1.4184,0.0000,0.0000,-1533.6000,-3906.4000,0.1000,1.4149,0.0000,0.0000,4192.4328,0.0000,9,0,0
75.4748,-1.5184,-3.8929,0.1000,1.4200,0.0000,0.0000,-1533.6000,-3906.4000,0.1000,1.4149,0.0000,0.0000,4192.4736,0.0000,9,0,0
75.4761,-1.4412,-3.8794,0.1000,1.4215,0.0000,0.0000,-1533.6000,-3906.4000,0.1000,1.4149,0.0000,0.0000,4192.5144,0.0000,9,0,0
75.4774,-1.3664,-3.8522,0.1000,1.4231,0.0000,0.0000,-1533.6000,-3906.4000,0.1000,1.4149,0.0000,0.0000,4192.5671,0.0000,9,0,0
75.4788,-1.2917,-3.8249,0.1000,1.4247,0.0000,0.0000,-1366.4000,-3857.2000,0.1000,1.4210,0.0000,0.0000,4088.0338,0.0000,9,0,0
75.4801,-1.2218,-3.7844,0.1000,1.4263,0.0000,0.0000,-1366.4000,-3857.2000,0.1000,1.4210,0.0000,0.0000,4088.0953,0.0000,9,0,0
75.4815,-1.1519,-3.7439,0.1000,1.4279,0.0000,0.0000,-1154.1000,-3746.7000,0.1000,1.4210,0.0000,0.0000,3916.5048,0.0000,9,0,0
75.4828,-1.0892,-3.6911,0.1000,1.4295,0.0000,0.0000,-1154.1000,-3746.7000,0.1000,1.4255,0.0000,0.0000,3916.5737,0.0000,9,0,0
75.4842,-1.0265,-3.6382,0.1000,1.4311,0.0000,0.0000,-1154.1000,-3746.7000,0.1000,1.4255,0.0000,0.0000,3916.6427,0.0000,9,0,0
75.4856,-0.9733,-3.5742,0.1000,1.4328,0.0000,0.0000,-1017.7000,-3619.8000,0.1000,1.4255,0.0000,0.0000,3756.4374,0.0000,9,0,0
75.4870,-0.9201,-3.5103,0.1000,1.4344,0.0000,0.0000,-1017.7000,-3619.8000,0.1000,1.4306,0.0000,0.0000,3756.5134,0.0000,9,0,0
75.4884,-0.8782,-3.4369,0.1000,1.4361,0.0000,0.0000,-1017.7000,-3619.8000,0.1000,1.4306,0.0000,0.0000,3756.5953,0.0000,9,0,0
75.4898,-0.8364,-3.3636,0.1000,1.4378,0.0000,0.0000,-836.3000,-3376.9000,0.1000,1.4306,0.0000,0.0000,3475.4492,0.0000,9,0,0
75.4913,-0.8076,-3.2830,0.1000,1.4395,0.0000,0.0000,-836.3000,-3376.9000,0.1000,1.4353,0.0000,0.0000,3475.5344,0.0000,9,0,0
75.4927,-0.7789,-3.2023,0.1000,1.4412,0.0000,0.0000,-836.3000,-3376.9000,0.1000,1.4353,0.0000,0.0000,3475.6196,0.0000,9,0,0
75.4941,-0.7644,-3.1167,0.1000,1.4429,0.0000,0.0000,-836.3000,-3376.9000,0.1000,1.4353,0.0000,0.0000,3475.7062,0.0000,9,0,0
75.4956,-0.7500,-3.0311,0.1000,1.4446,0.0000,0.0000,-761.6000,-2951.9000,0.1000,1.4408,0.0000,0.0000,3045.4426,0.0000,9,0,0
75.4971,-0.7508,-2.9431,0.1000,1.4464,0.0000,0.0000,-761.6000,-2951.9000,0.1000,1.4408,0.0000,0.0000,3045.5276,0.0000,9,0,0
75.4985,-0.7515,-2.8550,0.1000,1.4481,0.0000,0.0000,-761.6000,-2951.9000,0.1000,1.4408,0.0000,0.0000,3045.6127,0.0000,9,0,0
75.5000,-0.7679,-2.7673,0.1000,1.4499,0.0000,0.0000,-752.0000,-2855.0000,0.1000,1.4408,0.0000,0.0000,2949.5052,0.0000,9,0,0
75.5015,-0.7842,-2.6796,0.1000,1.4516,0.0000,0.0000,-752.0000,-2855.0000,0.1000,1.4408,0.0000,0.0000,2949.5859,0.0000,9,0,0
75.5030,-0.8160,-2.5949,0.1000,1.4534,0.0000,0.0000,-752.0000,-2855.0000,0.1000,1.4408,0.0000,0.0000,2949.6597,0.0000,9,0,0
75.5046,-0.8479,-2.5103,0.1000,1.4552,0.0000,0.0000,-901.0000,-2505.4000,0.1000,1.4408,0.0000,0.0000,2659.8366,0.0000,9,0,0
75.5061,-0.8946,-2.4314,0.1000,1.4570,0.0000,0.0000,-901.0000,-2505.4000,0.1000,1.4464,0.0000,0.0000,2659.8950,0.0000,9,0,0
75.5076,-0.9414,-2.3526,0.1000,1.4589,0.0000,0.0000,-901.0000,-2505.4000,0.1000,1.4464,0.0000,0.0000,2659.9533,0.0000,9,0,0
75.5092,-1.0020,-2.2822,0.1000,1.4607,0.0000,0.0000,-901.0000,-2505.4000,0.1000,1.4464,0.0000,0.0000,2659.9991,0.0000,9,0,0
75.5107,-1.0626,-2.2118,0.1000,1.4625,0.0000,0.0000,-976.7000,-2281.9000,0.1000,1.4464,0.0000,0.0000,2479.6868,0.0000,9,0,0
75.5123,-1.1355,-2.1524,0.1000,1.4644,0.0000,0.0000,-976.7000,-2281.9000,0.1000,1.4599,0.0000,0.0000,2479.7128,0.0000,9,0,0
75.5139,-1.2083,-2.0929,0.1000,1.4663,0.0000,0.0000,-976.7000,-2281.9000,0.1000,1.4599,0.0000,0.0000,2479.7388,0.0000,9,0,0
75.5155,-1.2915,-2.0465,0.1000,1.4682,0.0000,0.0000,-976.7000,-2281.9000,0.1000,1.4599,0.0000,0.0000,2479.7487,0.0000,9,0,0
75.5171,-1.3747,-2.0000,0.1000,1.4700,0.0000,0.0000,-1285.5000,-2044.4000,0.1000,1.4655,0.0000,0.0000,2412.5454,0.0000,9,0,0
75.5187,-1.4659,-1.9684,0.1000,1.4720,0.0000,0.0000,-1285.5000,-2044.4000,0.1000,1.4655,0.0000,0.0000,2412.5236,0.0000,9,0,0
75.5203,-1.5571,-1.9369,0.1000,1.4739,0.0000,0.0000,-1285.5000,-2044.4000,0.1000,1.4655,0.0000,0.0000,2412.5018,0.0000,9,0,0
75.5219,-1.6535,-1.9215,0.1000,1.4758,0.0000,0.0000,-1285.5000,-2044.4000,0.1000,1.4655,0.0000,0.0000,2412.4635,0.0000,9,0,0
75.5236,-1.7500,-1.9061,0.1000,1.4777,0.0000,0.0000,-1565.6000,-1930.3000,0.1000,1.4655,0.0000,0.0000,2482.8069,0.0000,9,0,0
75.5252,-1.8489,-1.9078,0.1000,1.4797,0.0000,0.0000,-1565.6000,-1930.3000,0.1000,1.4749,0.0000,0.0000,2482.7433,0.0000,9,0,0
75.5269,-1.9478,-1.9095,0.1000,1.4817,0.0000,0.0000,-1565.6000,-1930.3000,0.1000,1.4749,0.0000,0.0000,2482.6796,0.0000,9,0,0
75.5286,-2.0460,-1.9287,0.1000,1.4837,0.0000,0.0000,-1565.6000,-1930.3000,0.1000,1.4749,0.0000,0.0000,2482.6029,0.0000,9,0,0
75.5303,-2.1443,-1.9478,0.1000,1.4856,0.0000,0.0000,-2216.0000,-1930.0000,0.1000,1.4749,0.0000,0.0000,2935.7354,0.0000,9,0,0
75.5319,-2.2388,-1.9843,0.1000,1.4877,0.0000,0.0000,-2216.0000,-1930.0000,0.1000,1.4827,0.0000,0.0000,2935.6402,0.0000,9,0,0
75.5336,-2.3333,-2.0207,0.1000,1.4897,0.0000,0.0000,-2216.0000,-1930.0000,0.1000,1.4827,0.0000,0.0000,2935.5450,0.0000,9,0,0
75.5354,-2.4211,-2.0737,0.1000,1.4917,0.0000,0.0000,-2418.4000,-2074.0000,0.1000,1.4827,0.0000,0.0000,3182.7398,0.0000,9,0,0
75.5371,-2.5088,-2.1267,0.1000,1.4937,0.0000,0.0000,-2418.4000,-2074.0000,0.1000,1.4891,0.0000,0.0000,3182.6387,0.0000,9,0,0
75.5388,-2.5869,-2.1950,0.1000,1.4958,0.0000,0.0000,-2418.4000,-2074.0000,0.1000,1.4891,0.0000,0.0000,3182.5349,0.0000,9,0,0
75.5406,-2.6650,-2.2633,0.1000,1.4978,0.0000,0.0000,-2418.4000,-2074.0000,0.1000,1.4891,0.0000,0.0000,3182.4312,0.0000,9,0,0
75.5423,-2.7307,-2.3451,0.1000,1.4999,0.0000,0.0000,-2660.2000,-2263.7000,0.1000,1.4952,0.0000,0.0000,3489.3938,0.0000,9,0,0
75.5441,-2.7964,-2.4269,0.1000,1.5020,0.0000,0.0000,-2660.2000,-2263.7000,0.1000,1.4952,0.0000,0.0000,3489.2907,0.0000,9,0,0
75.5458,-2.8475,-2.5200,0.1000,1.5041,0.0000,0.0000,-2660.2000,-2263.7000,0.1000,1.4952,0.0000,0.0000,3489.1915,0.0000,9,0,0
75.5476,-2.8985,-2.6131,0.1000,1.5062,0.0000,0.0000,-2660.2000,-2263.7000,0.1000,1.4952,0.0000,0.0000,3489.0923,0.0000,9,0,0
75.5494,-2.9329,-2.7148,0.1000,1.5083,0.0000,0.0000,-2899.0000,-2613.0000,0.1000,1.4952,0.0000,0.0000,3898.8195,0.0000,9,0,0
75.5512,-2.9673,-2.8164,0.1000,1.5105,0.0000,0.0000,-2899.0000,-2613.0000,0.1000,1.5049,0.0000,0.0000,3898.7259,0.0000,9,0,0
75.5530,-2.9837,-2.9238,0.1000,1.5126,0.0000,0.0000,-2899.0000,-2613.0000,0.1000,1.5049,0.0000,0.0000,3898.6419,0.0000,9,0,0
75.5549,-3.0000,-3.0311,0.1000,1.5148,0.0000,0.0000,-2899.0000,-2613.0000,0.1000,1.5049,0.0000,0.0000,3898.5579,0.0000,9,0,0
75.5567,-2.9973,-3.1408,0.1000,1.5169,0.0000,0.0000,-2998.0000,-3056.7000,0.1000,1.5049,0.0000,0.0000,4277.1795,0.0000,9,0,0
75.5585,-2.9947,-3.2506,0.1000,1.5191,0.0000,0.0000,-2998.0000,-3056.7000,0.1000,1.5139,0.0000,0.0000,4277.1030,0.0000,9,0,0
75.5604,-2.9727,-3.3593,0.1000,1.5213,0.0000,0.0000,-2998.0000,-3056.7000,0.1000,1.5139,0.0000,0.0000,4277.0408,0.0000,9,0,0
75.5622,-2.9507,-3.4681,0.1000,1.5235,0.0000,0.0000,-2998.0000,-3056.7000,0.1000,1.5139,0.0000,0.0000,4276.9785,0.0000,9,0,0
75.5641,-2.9097,-3.5725,0.1000,1.5258,0.0000,0.0000,-2998.0000,-3056.7000,0.1000,1.5139,0.0000,0.0000,4276.9327,0.0000,9,0,0
75.5660,-2.8686,-3.6769,0.1000,1.5280,0.0000,0.0000,-2914.0000,-3573.0000,0.1000,1.5139,0.0000,0.0000,4605.9476,0.0000,9,0,0
75.5679,-2.8094,-3.7736,0.1000,1.5302,0.0000,0.0000,-2914.0000,-3573.0000,0.1000,1.5246,0.0000,0.0000,4605.9101,0.0000,9,0,0
75.5698,-2.7501,-3.8703,0.1000,1.5325,0.0000,0.0000,-2914.0000,-3573.0000,0.1000,1.5246,0.0000,0.0000,4605.8726,0.0000,9,0,0
75.5717,-2.6741,-3.9561,0.1000,1.5347,0.0000,0.0000,-2914.0000,-3573.0000,0.1000,1.5246,0.0000,0.0000,4605.8542,0.0000,9,0,0
75.5736,-2.5981,-4.0418,0.1000,1.5370,0.0000,0.0000,-2672.7000,-3958.4000,0.1000,1.5320,0.0000,0.0000,4771.4141,0.0000,9,0,0
75.5756,-2.5074,-4.1138,0.1000,1.5393,0.0000,0.0000,-2672.7000,-3958.4000,0.1000,1.5320,0.0000,0.0000,4771.4052,0.0000,9,0,0
75.5775,-2.4167,-4.1858,0.1000,1.5416,0.0000,0.0000,-2416.8000,-4177.2000,0.1000,1.5320,0.0000,0.0000,4821.1300,0.0000,9,0,0
75.5795,-2.3137,-4.2414,0.1000,1.5439,0.0000,0.0000,-2416.8000,-4177.2000,0.1000,1.5387,0.0000,0.0000,4821.1334,0.0000,9,0,0
75.5814,-2.2108,-4.2971,0.1000,1.5463,0.0000,0.0000,-2416.8000,-4177.2000,0.1000,1.5387,0.0000,0.0000,4821.1368,0.0000,9,0,0
75.5834,-2.0986,-4.3343,0.1000,1.5486,0.0000,0.0000,-1922.3000,-4337.0000,0.1000,1.5387,0.0000,0.0000,4739.1102,0.0000,9,0,0
75.5854,-1.9864,-4.3715,0.1000,1.5509,0.0000,0.0000,-1922.3000,-4337.0000,0.1000,1.5453,0.0000,0.0000,4739.1217,0.0000,9,0,0
75.5874,-1.8682,-4.3888,0.1000,1.5533,0.0000,0.0000,-1922.3000,-4337.0000,0.1000,1.5453,0.0000,0.0000,4739.1537,0.0000,9,0,0
75.5894,-1.7500,-4.4061,0.1000,1.5557,0.0000,0.0000,-1922.3000,-4337.0000,0.1000,1.5453,0.0000,0.0000,4739.1858,0.0000,9,0,0
75.5914,-1.6294,-4.4025,0.1000,1.5581,0.0000,0.0000,-1749.3000,-4406.4000,0.1000,1.5528,0.0000,0.0000,4736.2363,0.0000,9,0,0
75.5934,-1.5088,-4.3989,0.1000,1.5605,0.0000,0.0000,-1749.3000,-4406.4000,0.1000,1.5528,0.0000,0.0000,4736.2842,0.0000,9,0,0
75.5955,-1.3895,-4.3741,0.1000,1.5629,0.0000,0.0000,-1382.1000,-4374.0000,0.1000,1.5528,0.0000,0.0000,4582.5748,0.0000,9,0,0
75.5975,-1.2702,-4.3493,0.1000,1.5653,0.0000,0.0000,-1382.1000,-4374.0000,0.1000,1.5595,0.0000,0.0000,4582.6344,0.0000,9,0,0
75.5996,-1.1559,-4.3036,0.1000,1.5677,0.0000,0.0000,-1382.1000,-4374.0000,0.1000,1.5595,0.0000,0.0000,4582.7124,0.0000,9,0,0
75.6016,-1.0417,-4.2580,0.1000,1.5702,0.0000,0.0000,-1084.3000,-4257.1000,0.1000,1.5595,0.0000,0.0000,4388.6346,0.0000,9,0,0
75.6037,-0.9361,-4.1925,0.1000,1.5726,0.0000,0.0000,-1084.3000,-4257.1000,0.1000,1.5595,0.0000,0.0000,4388.7242,0.0000,9,0,0
75.6058,-0.8305,-4.1270,0.1000,1.5751,0.0000,0.0000,-1084.3000,-4257.1000,0.1000,1.5595,0.0000,0.0000,4388.8137,0.0000,9,0,0
75.6079,-0.7370,-4.0433,0.1000,1.5776,0.0000,0.0000,-808.7000,-4121.9000,0.1000,1.5595,0.0000,0.0000,4196.3732,0.0000,9,0,0
75.6100,-0.6435,-3.9596,0.1000,1.5801,0.0000,0.0000,-808.7000,-4121.9000,0.1000,1.5679,0.0000,0.0000,4196.4734,0.0000,9,0,0
75.6121,-0.5653,-3.8599,0.1000,1.5826,0.0000,0.0000,-808.7000,-4121.9000,0.1000,1.5679,0.0000,0.0000,4196.5862,0.0000,9,0,0
75.6142,-0.4870,-3.7603,0.1000,1.5851,0.0000,0.0000,-808.7000,-4121.9000,0.1000,1.5679,0.0000,0.0000,4196.6991,0.0000,9,0,0
75.6164,-0.4268,-3.6474,0.1000,1.5876,0.0000,0.0000,-453.6000,-3750.9000,0.1000,1.5816,0.0000,0.0000,3774.5553,0.0000,9,0,0
75.6185,-0.3666,-3.5346,0.1000,1.5902,0.0000,0.0000,-453.6000,-3750.9000,0.1000,1.5816,0.0000,0.0000,3774.6745,0.0000,9,0,0
75.6207,-0.3265,-3.4119,0.1000,1.5927,0.0000,0.0000,-453.6000,-3750.9000,0.1000,1.5816,0.0000,0.0000,3774.8012,0.0000,9,0,0
75.6229,-0.2865,-3.2891,0.1000,1.5953,0.0000,0.0000,-313.8000,-3178.1000,0.1000,1.5892,0.0000,0.0000,3190.2531,0.0000,9,0,0
75.6250,-0.2682,-3.1601,0.1000,1.5979,0.0000,0.0000,-313.8000,-3178.1000,0.1000,1.5892,0.0000,0.0000,3190.3833,0.0000,9,0,0
75.6272,-0.2500,-3.0311,0.1000,1.6005,0.0000,0.0000,-250.0000,-2981.0000,0.1000,1.5892,0.0000,0.0000,2988.4233,0.0000,9,0,0
75.6440,0.7500,-3.0311,0.1000,1.6203,0.0000,0.0000,-250.0000,-2981.0000,0.1000,1.5892,0.0000,0.0000,2988.5071,0.0000,9,0,0
75.6607,1.7500,-3.0311,0.1000,1.6401,0.0000,0.0000,-250.0000,-2981.0000,0.1000,1.5892,0.0000,0.0000,2988.5911,0.0000,9,0,0
75.6608,1.7568,-3.0299,0.1000,1.6403,0.0000,0.0000,-250.0000,-2981.0000,0.1000,1.5892,0.0000,0.0000,2988.5929,0.0000,9,0,0
75.6609,1.7637,-3.0287,0.1000,1.6404,0.0000,0.0000,1464.0000,-3029.6000,0.1000,1.5892,0.0000,0.0000,3361.2898,0.0000,9,0,0
75.6611,1.7699,-3.0251,0.1000,1.6405,0.0000,0.0000,1464.0000,-3029.6000,0.1000,1.5984,0.0000,0.0000,3361.2903,0.0000,9,0,0
75.6612,1.7761,-3.0216,0.1000,1.6407,0.0000,0.0000,1464.0000,-3029.6000,0.1000,1.5984,0.0000,0.0000,3361.2908,0.0000,9,0,0
75.6613,1.7811,-3.0159,0.1000,1.6408,0.0000,0.0000,1779.8000,-3013.1000,0.1000,1.5984,0.0000,0.0000,3495.9916,0.0000,9,0,0
75.6614,1.7861,-3.0103,0.1000,1.6410,0.0000,0.0000,1779.8000,-3013.1000,0.1000,1.6406,0.0000,0.0000,3495.9940,0.0000,9,0,0
75.6616,1.7893,-3.0028,0.1000,1.6411,0.0000,0.0000,1779.8000,-3013.1000,0.1000,1.6406,0.0000,0.0000,3495.9987,0.0000,9,0,0
75.6617,1.7926,-2.9954,0.1000,1.6413,0.0000,0.0000,1745.8000,-2997.3000,0.1000,1.6406,0.0000,0.0000,3465.1727,0.0000,9,0,0
75.6619,1.7936,-2.9866,0.1000,1.6415,0.0000,0.0000,1745.8000,-2997.3000,0.1000,1.6411,0.0000,0.0000,3465.1798,0.0000,9,0,0
75.6620,1.7946,-2.9779,0.1000,1.6416,0.0000,0.0000,1745.8000,-2997.3000,0.1000,1.6411,0.0000,0.0000,3465.1868,0.0000,9,0,0
75.6622,1.7932,-2.9684,0.1000,1.6418,0.0000,0.0000,1745.8000,-2997.3000,0.1000,1.6411,0.0000,0.0000,3465.1957,0.0000,9,0,0
75.6623,1.7917,-2.9589,0.1000,1.6420,0.0000,0.0000,1793.0000,-2971.9000,0.1000,1.6411,0.0000,0.0000,3467.4253,0.0000,9,0,0
75.6625,1.7875,-2.9493,0.1000,1.6422,0.0000,0.0000,1793.0000,-2971.9000,0.1000,1.6418,0.0000,0.0000,3467.4357,0.0000,9,0,0
75.6627,1.7833,-2.9397,0.1000,1.6424,0.0000,0.0000,1793.0000,-2971.9000,0.1000,1.6418,0.0000,0.0000,3467.4461,0.0000,9,0,0
75.6629,1.7763,-2.9307,0.1000,1.6427,0.0000,0.0000,1793.0000,-2971.9000,0.1000,1.6418,0.0000,0.0000,3467.4574,0.0000,9,0,0
75.6631,1.7693,-2.9217,0.1000,1.6429,0.0000,0.0000,1806.6000,-2928.6000,0.1000,1.6418,0.0000,0.0000,3437.5875,0.0000,9,0,0
75.6633,1.7596,-2.9139,0.1000,1.6431,0.0000,0.0000,1806.6000,-2928.6000,0.1000,1.6426,0.0000,0.0000,3437.5992,0.0000,9,0,0
75.6635,1.7500,-2.9061,0.1000,1.6434,0.0000,0.0000,1806.6000,-2928.6000,0.1000,1.6426,0.0000,0.0000,3437.6109,0.0000,9,0,0
75.6637,1.7379,-2.9002,0.1000,1.6437,0.0000,0.0000,1806.6000,-2928.6000,0.1000,1.6426,0.0000,0.0000,3437.6222,0.0000,9,0,0
75.6639,1.7259,-2.8943,0.1000,1.6439,0.0000,0.0000,1727.9000,-2894.1000,0.1000,1.6426,0.0000,0.0000,3367.3057,0.0000,9,0,0
75.6642,1.7118,-2.8909,0.1000,1.6442,0.0000,0.0000,1727.9000,-2894.1000,0.1000,1.6435,0.0000,0.0000,3367.3158,0.0000,9,0,0
75.6644,1.6977,-2.8875,0.1000,1.6445,0.0000,0.0000,1727.9000,-2894.1000,0.1000,1.6435,0.0000,0.0000,3367.3259,0.0000,9,0,0
75.6647,1.6822,-2.8871,0.1000,1.6448,0.0000,0.0000,1727.9000,-2894.1000,0.1000,1.6435,0.0000,0.0000,3367.3342,0.0000,9,0,0
75.6649,1.6667,-2.8868,0.1000,1.6451,0.0000,0.0000,1727.9000,-2894.1000,0.1000,1.6435,0.0000,0.0000,3367.3425,0.0000,9,0,0
75.6652,1.6503,-2.8898,0.1000,1.6454,0.0000,0.0000,1695.6000,-2889.6000,0.1000,1.6435,0.0000,0.0000,3347.0228,0.0000,9,0,0
75.6655,1.6339,-2.8928,0.1000,1.6458,0.0000,0.0000,1695.6000,-2889.6000,0.1000,1.6449,0.0000,0.0000,3347.0285,0.0000,9,0,0
75.6658,1.6175,-2.8994,0.1000,1.6461,0.0000,0.0000,1695.6000,-2889.6000,0.1000,1.6449,0.0000,0.0000,3347.0311,0.0000,9,0,0
75.6661,1.6010,-2.9061,0.1000,1.6465,0.0000,0.0000,1598.1000,-2907.2000,0.1000,1.6449,0.0000,0.0000,3314.1714,0.0000,9,0,0
75.6664,1.5853,-2.9165,0.1000,1.6469,0.0000,0.0000,1598.1000,-2907.2000,0.1000,1.6460,0.0000,0.0000,3314.1698,0.0000,9,0,0
75.6667,1.5696,-2.9269,0.1000,1.6472,0.0000,0.0000,1598.1000,-2907.2000,0.1000,1.6460,0.0000,0.0000,3314.1683,0.0000,9,0,0
75.6670,1.5554,-2.9410,0.1000,1.6476,0.0000,0.0000,1543.6000,-2941.0000,0.1000,1.6460,0.0000,0.0000,3318.1459,0.0000,9,0,0
75.6674,1.5412,-2.9551,0.1000,1.6480,0.0000,0.0000,1543.6000,-2941.0000,0.1000,1.6460,0.0000,0.0000,3318.1400,0.0000,9,0,0
75.6677,1.5293,-2.9726,0.1000,1.6484,0.0000,0.0000,1543.6000,-2941.0000,0.1000,1.6460,0.0000,0.0000,3318.1301,0.0000,9,0,0
75.6681,1.5175,-2.9901,0.1000,1.6489,0.0000,0.0000,1543.6000,-2941.0000,0.1000,1.6460,0.0000,0.0000,3318.1201,0.0000,9,0,0
75.6685,1.5087,-3.0106,0.1000,1.6493,0.0000,0.0000,1543.6000,-2941.0000,0.1000,1.6460,0.0000,0.0000,3318.1060,0.0000,9,0,0
75.6688,1.5000,-3.0311,0.1000,1.6497,0.0000,0.0000,1509.0000,-3011.0000,0.1000,1.6473,0.0000,0.0000,3364.5851,0.0000,9,0,0
75.6692,1.4951,-3.0540,0.1000,1.6502,0.0000,0.0000,1509.0000,-3011.0000,0.1000,1.6473,0.0000,0.0000,3364.5669,0.0000,9,0,0
75.6696,1.4901,-3.0769,0.1000,1.6507,0.0000,0.0000,1489.9000,-3051.8000,0.1000,1.6473,0.0000,0.0000,3392.6504,0.0000,9,0,0
75.6700,1.4895,-3.1015,0.1000,1.6512,0.0000,0.0000,1489.9000,-3051.8000,0.1000,1.6500,0.0000,0.0000,3392.6285,0.0000,9,0,0
75.6704,1.4890,-3.1261,0.1000,1.6516,0.0000,0.0000,1489.9000,-3051.8000,0.1000,1.6500,0.0000,0.0000,3392.6067,0.0000,9,0,0
75.6709,1.4932,-3.1515,0.1000,1.6522,0.0000,0.0000,1490.4000,-3153.5000,0.1000,1.6500,0.0000,0.0000,3484.4711,0.0000,9,0,0
75.6713,1.4974,-3.1769,0.1000,1.6527,0.0000,0.0000,1490.4000,-3153.5000,0.1000,1.6514,0.0000,0.0000,3484.4464,0.0000,9,0,0
75.6718,1.5067,-3.2022,0.1000,1.6532,0.0000,0.0000,1490.4000,-3153.5000,0.1000,1.6514,0.0000,0.0000,3484.4195,0.0000,9,0,0
75.6722,1.5159,-3.2275,0.1000,1.6537,0.0000,0.0000,1513.8000,-3194.9000,0.1000,1.6514,0.0000,0.0000,3531.8234,0.0000,9,0,0
75.6727,1.5303,-3.2516,0.1000,1.6543,0.0000,0.0000,1513.8000,-3194.9000,0.1000,1.6530,0.0000,0.0000,3531.7954,0.0000,9,0,0
75.6731,1.5447,-3.2758,0.1000,1.6548,0.0000,0.0000,1513.8000,-3194.9000,0.1000,1.6530,0.0000,0.0000,3531.7674,0.0000,9,0,0
75.6736,1.5640,-3.2978,0.1000,1.6554,0.0000,0.0000,1563.4000,-3287.1000,0.1000,1.6530,0.0000,0.0000,3636.3015,0.0000,9,0,0
75.6741,1.5833,-3.3198,0.1000,1.6560,0.0000,0.0000,1563.4000,-3287.1000,0.1000,1.6547,0.0000,0.0000,3636.2734,0.0000,9,0,0
75.6746,1.6073,-3.3386,0.1000,1.6566,0.0000,0.0000,1563.4000,-3287.1000,0.1000,1.6547,0.0000,0.0000,3636.2461,0.0000,9,0,0
75.6751,1.6312,-3.3574,0.1000,1.6572,0.0000,0.0000,1631.0000,-3317.8000,0.1000,1.6547,0.0000,0.0000,3693.2875,0.0000,9,0,0
75.6757,1.6593,-3.3720,0.1000,1.6578,0.0000,0.0000,1631.0000,-3317.8000,0.1000,1.6564,0.0000,0.0000,3693.2620,0.0000,9,0,0
75.6762,1.6873,-3.3867,0.1000,1.6585,0.0000,0.0000,1690.5000,-3387.7000,0.1000,1.6564,0.0000,0.0000,3782.2830,0.0000,9,0,0
75.6768,1.7186,-3.3964,0.1000,1.6591,0.0000,0.0000,1690.5000,-3387.7000,0.1000,1.6578,0.0000,0.0000,3782.2603,0.0000,9,0,0
75.6773,1.7500,-3.4061,0.1000,1.6598,0.0000,0.0000,1690.5000,-3387.7000,0.1000,1.6578,0.0000,0.0000,3782.2377,0.0000,9,0,0
75.6779,1.7838,-3.4101,0.1000,1.6604,0.0000,0.0000,1845.3000,-3410.3000,0.1000,1.6578,0.0000,0.0000,3873.6870,0.0000,9,0,0
75.6784,1.8175,-3.4141,0.1000,1.6611,0.0000,0.0000,1845.3000,-3410.3000,0.1000,1.6596,0.0000,0.0000,3873.6674,0.0000,9,0,0
75.6790,1.8526,-3.4118,0.1000,1.6618,0.0000,0.0000,1845.3000,-3410.3000,0.1000,1.6596,0.0000,0.0000,3873.6527,0.0000,9,0,0
75.6796,1.8878,-3.4096,0.1000,1.6625,0.0000,0.0000,1845.3000,-3410.3000,0.1000,1.6596,0.0000,0.0000,3873.6380,0.0000,9,0,0
75.6802,1.9230,-3.4008,0.1000,1.6632,0.0000,0.0000,1855.3000,-3404.9000,0.1000,1.6596,0.0000,0.0000,3873.6550,0.0000,9,0,0
75.6808,1.9583,-3.3919,0.1000,1.6640,0.0000,0.0000,1855.3000,-3404.9000,0.1000,1.6621,0.0000,0.0000,3873.6459,0.0000,9,0,0
75.6815,1.9925,-3.3764,0.1000,1.6647,0.0000,0.0000,1855.3000,-3404.9000,0.1000,1.6621,0.0000,0.0000,3873.6431,0.0000,9,0,0
75.6821,2.0268,-3.3609,0.1000,1.6654,0.0000,0.0000,1855.3000,-3404.9000,0.1000,1.6621,0.0000,0.0000,3873.6404,0.0000,9,0,0
75.6827,2.0586,-3.3388,0.1000,1.6662,0.0000,0.0000,2025.1000,-3364.3000,0.1000,1.6621,0.0000,0.0000,3922.8505,0.0000,9,0,0
75.6834,2.0905,-3.3168,0.1000,1.6670,0.0000,0.0000,2025.1000,-3364.3000,0.1000,1.6651,0.0000,0.0000,3922.8530,0.0000,9,0,0
75.6841,2.1187,-3.2885,0.1000,1.6678,0.0000,0.0000,2025.1000,-3364.3000,0.1000,1.6651,0.0000,0.0000,3922.8627,0.0000,9,0,0
75.6847,2.1469,-3.2603,0.1000,1.6686,0.0000,0.0000,2025.1000,-3364.3000,0.1000,1.6651,0.0000,0.0000,3922.8723,0.0000,9,0,0
75.6854,2.1703,-3.2264,0.1000,1.6694,0.0000,0.0000,2166.9000,-3270.2000,0.1000,1.6651,0.0000,0.0000,3919.0778,0.0000,9,0,0
75.6861,2.1937,-3.1926,0.1000,1.6702,0.0000,0.0000,2166.9000,-3270.2000,0.1000,1.6681,0.0000,0.0000,3919.0931,0.0000,9,0,0
75.6868,2.2112,-3.1540,0.1000,1.6710,0.0000,0.0000,2166.9000,-3270.2000,0.1000,1.6681,0.0000,0.0000,3919.1155,0.0000,9,0,0
75.6875,2.2287,-3.1155,0.1000,1.6719,0.0000,0.0000,2231.2000,-2941.4000,0.1000,1.6681,0.0000,0.0000,3688.0657,0.0000,9,0,0
75.6883,2.2394,-3.0733,0.1000,1.6727,0.0000,0.0000,2231.2000,-2941.4000,0.1000,1.6708,0.0000,0.0000,3688.0929,0.0000,9,0,0
75.6890,2.2500,-3.0311,0.1000,1.6736,0.0000,0.0000,2231.2000,-2941.4000,0.1000,1.6708,0.0000,0.0000,3688.1201,0.0000,9,0,0
75.6897,2.2530,-2.9865,0.1000,1.6745,0.0000,0.0000,2231.2000,-2941.4000,0.1000,1.6708,0.0000,0.0000,3688.1538,0.0000,9,0,0
75.6905,2.2561,-2.9419,0.1000,1.6754,0.0000,0.0000,2253.2000,-3327.9000,0.1000,1.6708,0.0000,0.0000,4015.2329,0.0000,9,0,0
75.6913,2.2510,-2.8962,0.1000,1.6763,0.0000,0.0000,2253.2000,-3327.9000,0.1000,1.6708,0.0000,0.0000,4015.2735,0.0000,9,0,0
75.6920,2.2459,-2.8506,0.1000,1.6772,0.0000,0.0000,2253.2000,-3327.9000,0.1000,1.6708,0.0000,0.0000,4015.3142,0.0000,9,0,0
75.6928,2.2325,-2.8054,0.1000,1.6781,0.0000,0.0000,2253.2000,-3327.9000,0.1000,1.6708,0.0000,0.0000,4015.3591,0.0000,9,0,0
75.6936,2.2191,-2.7603,0.1000,1.6791,0.0000,0.0000,2219.0000,-2821.5000,0.1000,1.6708,0.0000,0.0000,3586.0021,0.0000,9,0,0
75.6944,2.1973,-2.7171,0.1000,1.6800,0.0000,0.0000,2219.0000,-2821.5000,0.1000,1.6747,0.0000,0.0000,3586.0495,0.0000,9,0,0
75.6952,2.1756,-2.6740,0.1000,1.6810,0.0000,0.0000,2219.0000,-2821.5000,0.1000,1.6747,0.0000,0.0000,3586.0968,0.0000,9,0,0
75.6960,2.1458,-2.6344,0.1000,1.6820,0.0000,0.0000,2148.3000,-2632.2000,0.1000,1.6747,0.0000,0.0000,3394.1999,0.0000,9,0,0
75.6969,2.1160,-2.5949,0.1000,1.6829,0.0000,0.0000,2148.3000,-2632.2000,0.1000,1.6807,0.0000,0.0000,3394.2494,0.0000,9,0,0
75.6977,2.0788,-2.5604,0.1000,1.6840,0.0000,0.0000,2148.3000,-2632.2000,0.1000,1.6807,0.0000,0.0000,3394.2996,0.0000,9,0,0
75.6986,2.0417,-2.5259,0.1000,1.6850,0.0000,0.0000,2148.3000,-2632.2000,0.1000,1.6807,0.0000,0.0000,3394.3498,0.0000,9,0,0
75.6994,1.9980,-2.4979,0.1000,1.6860,0.0000,0.0000,2051.0000,-2524.7000,0.1000,1.6837,0.0000,0.0000,3249.6019,0.0000,9,0,0
75.7003,1.9543,-2.4699,0.1000,1.6870,0.0000,0.0000,2051.0000,-2524.7000,0.1000,1.6837,0.0000,0.0000,3249.6512,0.0000,9,0,0
75.7012,1.9052,-2.4496,0.1000,1.6881,0.0000,0.0000,2051.0000,-2524.7000,0.1000,1.6837,0.0000,0.0000,3249.6979,0.0000,9,0,0
75.7021,1.8561,-2.4293,0.1000,1.6891,0.0000,0.0000,2051.0000,-2524.7000,0.1000,1.6837,0.0000,0.0000,3249.7447,0.0000,9,0,0
75.7030,1.8031,-2.4177,0.1000,1.6902,0.0000,0.0000,1743.6000,-2415.2000,0.1000,1.6837,0.0000,0.0000,2975.7982,0.0000,9,0,0
75.7039,1.7500,-2.4061,0.1000,1.6913,0.0000,0.0000,1743.6000,-2415.2000,0.1000,1.6887,0.0000,0.0000,2975.8387,0.0000,9,0,0
75.7048,1.6945,-2.4040,0.1000,1.6924,0.0000,0.0000,1743.6000,-2415.2000,0.1000,1.6887,0.0000,0.0000,2975.8728,0.0000,9,0,0
75.7058,1.6391,-2.4019,0.1000,1.6935,0.0000,0.0000,1578.8000,-2401.9000,0.1000,1.6887,0.0000,0.0000,2871.4156,0.0000,9,0,0
75.7067,1.5829,-2.4098,0.1000,1.6946,0.0000,0.0000,1578.8000,-2401.9000,0.1000,1.6921,0.0000,0.0000,2871.4399,0.0000,9,0,0
75.7077,1.5267,-2.4177,0.1000,1.6957,0.0000,0.0000,1578.8000,-2401.9000,0.1000,1.6921,0.0000,0.0000,2871.4641,0.0000,9,0,0
75.7086,1.4717,-2.4357,0.1000,1.6969,0.0000,0.0000,1578.8000,-2401.9000,0.1000,1.6921,0.0000,0.0000,2871.4793,0.0000,9,0,0
75.7096,1.4167,-2.4537,0.1000,1.6980,0.0000,0.0000,1316.5000,-2467.6000,0.1000,1.6921,0.0000,0.0000,2793.9918,0.0000,9,0,0
75.7106,1.3646,-2.4817,0.1000,1.6992,0.0000,0.0000,1316.5000,-2467.6000,0.1000,1.6959,0.0000,0.0000,2793.9916,0.0000,9,0,0
75.7116,1.3125,-2.5098,0.1000,1.7004,0.0000,0.0000,1316.5000,-2467.6000,0.1000,1.6959,0.0000,0.0000,2793.9914,0.0000,9,0,0
75.7126,1.2653,-2.5472,0.1000,1.7016,0.0000,0.0000,1398.1000,-2443.0000,0.1000,1.6959,0.0000,0.0000,2811.9312,0.0000,9,0,0
75.7136,1.2180,-2.5847,0.1000,1.7028,0.0000,0.0000,1398.1000,-2443.0000,0.1000,1.6999,0.0000,0.0000,2811.9221,0.0000,9,0,0
75.7146,1.1773,-2.6308,0.1000,1.7040,0.0000,0.0000,1398.1000,-2443.0000,0.1000,1.6999,0.0000,0.0000,2811.9023,0.0000,9,0,0
75.7157,1.1366,-2.6769,0.1000,1.7052,0.0000,0.0000,1398.1000,-2443.0000,0.1000,1.6999,0.0000,0.0000,2811.8826,0.0000,9,0,0
75.7167,1.1039,-2.7305,0.1000,1.7064,0.0000,0.0000,837.5000,-2680.3000,0.1000,1.6999,0.0000,0.0000,2805.1625,0.0000,9,0,0
75.7178,1.0713,-2.7841,0.1000,1.7077,0.0000,0.0000,837.5000,-2680.3000,0.1000,1.7048,0.0000,0.0000,2805.1211,0.0000,9,0,0
75.7188,1.0482,-2.8437,0.1000,1.7090,0.0000,0.0000,837.5000,-2680.3000,0.1000,1.7048,0.0000,0.0000,2805.0711,0.0000,9,0,0
75.7199,1.0251,-2.9033,0.1000,1.7102,0.0000,0.0000,1023.4000,-2862.8000,0.1000,1.7048,0.0000,0.0000,3037.1467,0.0000,9,0,0
75.7210,1.0125,-2.9672,0.1000,1.7115,0.0000,0.0000,1023.4000,-2862.8000,0.1000,1.7084,0.0000,0.0000,3037.0907,0.0000,9,0,0
75.7221,1.0000,-3.0311,0.1000,1.7128,0.0000,0.0000,1023.4000,-2862.8000,0.1000,1.7084,0.0000,0.0000,3037.0347,0.0000,9,0,0
75.7232,0.9989,-3.0974,0.1000,1.7141,0.0000,0.0000,999.0000,-2986.1000,0.1000,1.7084,0.0000,0.0000,3145.5223,0.0000,9,0,0
75.7243,0.9977,-3.1637,0.1000,1.7154,0.0000,0.0000,999.0000,-2986.1000,0.1000,1.7123,0.0000,0.0000,3145.4598,0.0000,9,0,0
75.7254,1.0084,-3.2304,0.1000,1.7168,0.0000,0.0000,999.0000,-2986.1000,0.1000,1.7123,0.0000,0.0000,3145.3932,0.0000,9,0,0
75.7266,1.0191,-3.2971,0.1000,1.7181,0.0000,0.0000,999.0000,-2986.1000,0.1000,1.7123,0.0000,0.0000,3145.3265,0.0000,9,0,0
75.7277,1.0418,-3.3620,0.1000,1.7195,0.0000,0.0000,999.0000,-2986.1000,0.1000,1.7123,0.0000,0.0000,3145.2578,0.0000,9,0,0
75.7289,1.0644,-3.4269,0.1000,1.7208,0.0000,0.0000,1072.6000,-3431.4000,0.1000,1.7123,0.0000,0.0000,3591.5440,0.0000,9,0,0
75.7300,1.0987,-3.4879,0.1000,1.7222,0.0000,0.0000,1072.6000,-3431.4000,0.1000,1.7188,0.0000,0.0000,3591.4755,0.0000,9,0,0
75.7312,1.1329,-3.5489,0.1000,1.7236,0.0000,0.0000,1072.6000,-3431.4000,0.1000,1.7188,0.0000,0.0000,3591.4071,0.0000,9,0,0
75.7324,1.1781,-3.6039,0.1000,1.7250,0.0000,0.0000,1072.6000,-3431.4000,0.1000,1.7188,0.0000,0.0000,3591.3412,0.0000,9,0,0
75.7336,1.2233,-3.6588,0.1000,1.7264,0.0000,0.0000,1202.4000,-3627.9000,0.1000,1.7188,0.0000,0.0000,3818.1081,0.0000,9,0,0
75.7348,1.2783,-3.7058,0.1000,1.7279,0.0000,0.0000,1202.4000,-3627.9000,0.1000,1.7245,0.0000,0.0000,3818.0462,0.0000,9,0,0
75.7360,1.3333,-3.7528,0.1000,1.7293,0.0000,0.0000,1202.4000,-3627.9000,0.1000,1.7245,0.0000,0.0000,3817.9843,0.0000,9,0,0
75.7373,1.3968,-3.7900,0.1000,1.7308,0.0000,0.0000,1394.4000,-3789.4000,0.1000,1.7245,0.0000,0.0000,4033.7701,0.0000,9,0,0
75.7385,1.4602,-3.8272,0.1000,1.7322,0.0000,0.0000,1394.4000,-3789.4000,0.1000,1.7287,0.0000,0.0000,4033.7132,0.0000,9,0,0
75.7397,1.5304,-3.8532,0.1000,1.7337,0.0000,0.0000,1394.4000,-3789.4000,0.1000,1.7287,0.0000,0.0000,4033.6647,0.0000,9,0,0
75.7410,1.6005,-3.8791,0.1000,1.7352,0.0000,0.0000,1595.9000,-3879.0000,0.1000,1.7287,0.0000,0.0000,4190.2688,0.0000,9,0,0
75.7423,1.6752,-3.8926,0.1000,1.7367,0.0000,0.0000,1595.9000,-3879.0000,0.1000,1.7332,0.0000,0.0000,4190.2279,0.0000,9,0,0
75.7435,1.7500,-3.9061,0.1000,1.7382,0.0000,0.0000,1595.9000,-3879.0000,0.1000,1.7332,0.0000,0.0000,4190.1870,0.0000,9,0,0
75.7448,1.8272,-3.9063,0.1000,1.7397,0.0000,0.0000,1595.9000,-3879.0000,0.1000,1.7332,0.0000,0.0000,4190.1575,0.0000,9,0,0
75.7461,1.9044,-3.9065,0.1000,1.7413,0.0000,0.0000,1827.0000,-3906.0000,0.1000,1.7332,0.0000,0.0000,4307.8194,0.0000,9,0,0
75.7474,1.9816,-3.8929,0.1000,1.7428,0.0000,0.0000,1827.0000,-3906.0000,0.1000,1.7391,0.0000,0.0000,4307.7989,0.0000,9,0,0
75.7487,2.0588,-3.8794,0.1000,1.7444,0.0000,0.0000,1827.0000,-3906.0000,0.1000,1.7391,0.0000,0.0000,4307.7785,0.0000,9,0,0
75.7501,2.1336,-3.8522,0.1000,1.7460,0.0000,0.0000,1827.0000,-3906.0000,0.1000,1.7391,0.0000,0.0000,4307.7715,0.0000,9,0,0
75.7514,2.2083,-3.8249,0.1000,1.7475,0.0000,0.0000,2134.0000,-3852.0000,0.1000,1.7391,0.0000,0.0000,4399.2030,0.0000,9,0,0
75.7528,2.2782,-3.7844,0.1000,1.7491,0.0000,0.0000,2134.0000,-3852.0000,0.1000,1.7455,0.0000,0.0000,4399.2045,0.0000,9,0,0
75.7541,2.3481,-3.7439,0.1000,1.7507,0.0000,0.0000,2134.0000,-3852.0000,0.1000,1.7455,0.0000,0.0000,4399.2061,0.0000,9,0,0
75.7555,2.4108,-3.6911,0.1000,1.7524,0.0000,0.0000,2134.0000,-3852.0000,0.1000,1.7455,0.0000,0.0000,4399.2220,0.0000,9,0,0
75.7569,2.4735,-3.6382,0.1000,1.7540,0.0000,0.0000,2405.0000,-3690.9000,0.1000,1.7503,0.0000,0.0000,4400.9128,0.0000,9,0,0
75.7583,2.5267,-3.5742,0.1000,1.7556,0.0000,0.0000,2405.0000,-3690.9000,0.1000,1.7503,0.0000,0.0000,4400.9373,0.0000,9,0,0
75.7597,2.5799,-3.5103,0.1000,1.7573,0.0000,0.0000,2405.0000,-3690.9000,0.1000,1.7503,0.0000,0.0000,4400.9619,0.0000,9,0,0
75.7611,2.6218,-3.4369,0.1000,1.7590,0.0000,0.0000,2580.3000,-3504.2000,0.1000,1.7503,0.0000,0.0000,4347.3862,0.0000,9,0,0
75.7625,2.6636,-3.3636,0.1000,1.7606,0.0000,0.0000,2580.3000,-3504.2000,0.1000,1.7568,0.0000,0.0000,4347.4205,0.0000,9,0,0
75.7639,2.6924,-3.2830,0.1000,1.7623,0.0000,0.0000,2580.3000,-3504.2000,0.1000,1.7568,0.0000,0.0000,4347.4684,0.0000,9,0,0
75.7653,2.7211,-3.2023,0.1000,1.7640,0.0000,0.0000,2729.9000,-3158.7000,0.1000,1.7568,0.0000,0.0000,4170.6918,0.0000,9,0,0
75.7668,2.7356,-3.1167,0.1000,1.7657,0.0000,0.0000,2729.9000,-3158.7000,0.1000,1.7616,0.0000,0.0000,4170.7471,0.0000,9,0,0
75.7683,2.7500,-3.0311,0.1000,1.7675,0.0000,0.0000,2729.9000,-3158.7000,0.1000,1.7616,0.0000,0.0000,4170.8025,0.0000,9,0,0
75.7697,2.7492,-2.9431,0.1000,1.7692,0.0000,0.0000,2749.0000,-2923.1000,0.1000,1.7616,0.0000,0.0000,4008.6419,0.0000,9,0,0
75.7712,2.7485,-2.8550,0.1000,1.7710,0.0000,0.0000,2749.0000,-2923.1000,0.1000,1.7669,0.0000,0.0000,4008.7065,0.0000,9,0,0
75.7727,2.7321,-2.7673,0.1000,1.7727,0.0000,0.0000,2749.0000,-2923.1000,0.1000,1.7669,0.0000,0.0000,4008.7816,0.0000,9,0,0
75.7742,2.7158,-2.6796,0.1000,1.7745,0.0000,0.0000,2716.1000,-2676.6000,0.1000,1.7669,0.0000,0.0000,3809.5018,0.0000,9,0,0
75.7757,2.6840,-2.5949,0.1000,1.7763,0.0000,0.0000,2716.1000,-2676.6000,0.1000,1.7723,0.0000,0.0000,3809.5839,0.0000,9,0,0
75.7772,2.6521,-2.5103,0.1000,1.7781,0.0000,0.0000,2716.1000,-2676.6000,0.1000,1.7723,0.0000,0.0000,3809.6661,0.0000,9,0,0
75.7788,2.6054,-2.4314,0.1000,1.7799,0.0000,0.0000,2716.1000,-2676.6000,0.1000,1.7723,0.0000,0.0000,3809.7547,0.0000,9,0,0
75.7803,2.5586,-2.3526,0.1000,1.7817,0.0000,0.0000,2716.1000,-2676.6000,0.1000,1.7723,0.0000,0.0000,3809.8433,0.0000,9,0,0
75.7818,2.4980,-2.2822,0.1000,1.7836,0.0000,0.0000,2559.0000,-2420.8000,0.1000,1.7723,0.0000,0.0000,3519.2230,0.0000,9,0,0
75.7834,2.4374,-2.2118,0.1000,1.7854,0.0000,0.0000,2559.0000,-2420.8000,0.1000,1.7808,0.0000,0.0000,3519.3154,0.0000,9,0,0
75.7850,2.3645,-2.1524,0.1000,1.7873,0.0000,0.0000,2559.0000,-2420.8000,0.1000,1.7808,0.0000,0.0000,3519.4092,0.0000,9,0,0
75.7866,2.2917,-2.0929,0.1000,1.7891,0.0000,0.0000,2223.1000,-2087.0000,0.1000,1.7808,0.0000,0.0000,3046.1168,0.0000,9,0,0
75.7881,2.2085,-2.0465,0.1000,1.7910,0.0000,0.0000,2223.1000,-2087.0000,0.1000,1.7869,0.0000,0.0000,3046.2092,0.0000,9,0,0
75.7897,2.1253,-2.0000,0.1000,1.7929,0.0000,0.0000,2223.1000,-2087.0000,0.1000,1.7869,0.0000,0.0000,3046.3016,0.0000,9,0,0
75.7914,2.0341,-1.9684,0.1000,1.7948,0.0000,0.0000,2084.7000,-2038.1000,0.1000,1.7869,0.0000,0.0000,2912.6155,0.0000,9,0,0
75.7930,1.9429,-1.9369,0.1000,1.7967,0.0000,0.0000,2084.7000,-2038.1000,0.1000,1.7924,0.0000,0.0000,2912.7027,0.0000,9,0,0
75.7946,1.8465,-1.9215,0.1000,1.7987,0.0000,0.0000,2084.7000,-2038.1000,0.1000,1.7924,0.0000,0.0000,2912.7825,0.0000,9,0,0
75.7962,1.7500,-1.9061,0.1000,1.8006,0.0000,0.0000,2084.7000,-2038.1000,0.1000,1.7924,0.0000,0.0000,2912.8622,0.0000,9,0,0
75.7979,1.6511,-1.9078,0.1000,1.8026,0.0000,0.0000,1741.6000,-1905.9000,0.1000,1.7924,0.0000,0.0000,2579.2651,0.0000,9,0,0
75.7996,1.5522,-1.9095,0.1000,1.8045,0.0000,0.0000,1741.6000,-1905.9000,0.1000,1.7998,0.0000,0.0000,2579.3305,0.0000,9,0,0
75.8012,1.4540,-1.9287,0.1000,1.8065,0.0000,0.0000,1741.6000,-1905.9000,0.1000,1.7998,0.0000,0.0000,2579.3827,0.0000,9,0,0
75.8029,1.3557,-1.9478,0.1000,1.8085,0.0000,0.0000,1741.6000,-1905.9000,0.1000,1.7998,0.0000,0.0000,2579.4348,0.0000,9,0,0
75.8046,1.2612,-1.9843,0.1000,1.8105,0.0000,0.0000,1027.5000,-1986.8000,0.1000,1.7998,0.0000,0.0000,2234.4260,0.0000,9,0,0
75.8063,1.1667,-2.0207,0.1000,1.8125,0.0000,0.0000,1027.5000,-1986.8000,0.1000,1.8076,0.0000,0.0000,2234.4370,0.0000,9,0,0
75.8080,1.0789,-2.0737,0.1000,1.8146,0.0000,0.0000,1027.5000,-1986.8000,0.1000,1.8076,0.0000,0.0000,2234.4303,0.0000,9,0,0
75.8097,0.9912,-2.1267,0.1000,1.8166,0.0000,0.0000,1027.5000,-1986.8000,0.1000,1.8076,0.0000,0.0000,2234.4235,0.0000,9,0,0
75.8115,0.9131,-2.1950,0.1000,1.8186,0.0000,0.0000,913.1000,-2239.5000,0.1000,1.8076,0.0000,0.0000,2416.1164,0.0000,9,0,0
75.8132,0.8350,-2.2633,0.1000,1.8207,0.0000,0.0000,913.1000,-2239.5000,0.1000,1.8160,0.0000,0.0000,2416.0827,0.0000,9,0,0
75.8150,0.7693,-2.3451,0.1000,1.8228,0.0000,0.0000,913.1000,-2239.5000,0.1000,1.8160,0.0000,0.0000,2416.0317,0.0000,9,0,0
75.8167,0.7036,-2.4269,0.1000,1.8249,0.0000,0.0000,913.1000,-2239.5000,0.1000,1.8160,0.0000,0.0000,2415.9808,0.0000,9,0,0
75.8185,0.6525,-2.5200,0.1000,1.8270,0.0000,0.0000,701.3000,-2490.8000,0.1000,1.8222,0.0000,0.0000,2585.0424,0.0000,9,0,0
75.8203,0.6015,-2.6131,0.1000,1.8291,0.0000,0.0000,701.3000,-2490.8000,0.1000,1.8222,0.0000,0.0000,2584.9667,0.0000,9,0,0
75.8221,0.5671,-2.7148,0.1000,1.8312,0.0000,0.0000,701.3000,-2490.8000,0.1000,1.8222,0.0000,0.0000,2584.8781,0.0000,9,0,0
75.8239,0.5327,-2.8164,0.1000,1.8333,0.0000,0.0000,569.3000,-2715.0000,0.1000,1.8285,0.0000,0.0000,2771.1795,0.0000,9,0,0
75.8257,0.5163,-2.9238,0.1000,1.8355,0.0000,0.0000,569.3000,-2715.0000,0.1000,1.8285,0.0000,0.0000,2771.0778,0.0000,9,0,0
75.8275,0.5000,-3.0311,0.1000,1.8376,0.0000,0.0000,569.3000,-2715.0000,0.1000,1.8285,0.0000,0.0000,2770.9761,0.0000,9,0,0
75.8293,0.5027,-3.1408,0.1000,1.8398,0.0000,0.0000,501.2000,-2971.0000,0.1000,1.8285,0.0000,0.0000,3009.7983,0.0000,9,0,0
75.8312,0.5053,-3.2506,0.1000,1.8420,0.0000,0.0000,501.2000,-2971.0000,0.1000,1.8367,0.0000,0.0000,3009.6897,0.0000,9,0,0
75.8330,0.5273,-3.3593,0.1000,1.8442,0.0000,0.0000,501.2000,-2971.0000,0.1000,1.8367,0.0000,0.0000,3009.5788,0.0000,9,0,0
75.8349,0.5493,-3.4681,0.1000,1.8464,0.0000,0.0000,501.2000,-2971.0000,0.1000,1.8367,0.0000,0.0000,3009.4678,0.0000,9,0,0
75.8368,0.5903,-3.5725,0.1000,1.8486,0.0000,0.0000,549.0000,-3475.8000,0.1000,1.8367,0.0000,0.0000,3515.2691,0.0000,9,0,0
75.8387,0.6314,-3.6769,0.1000,1.8508,0.0000,0.0000,549.0000,-3475.8000,0.1000,1.8457,0.0000,0.0000,3515.1596,0.0000,9,0,0
75.8406,0.6906,-3.7736,0.1000,1.8531,0.0000,0.0000,549.0000,-3475.8000,0.1000,1.8457,0.0000,0.0000,3515.0548,0.0000,9,0,0
75.8425,0.7499,-3.8703,0.1000,1.8553,0.0000,0.0000,754.0000,-3903.0000,0.1000,1.8457,0.0000,0.0000,3971.2213,0.0000,9,0,0
75.8444,0.8259,-3.9561,0.1000,1.8576,0.0000,0.0000,754.0000,-3903.0000,0.1000,1.8525,0.0000,0.0000,3971.1226,0.0000,9,0,0
75.8463,0.9019,-4.0418,0.1000,1.8599,0.0000,0.0000,754.0000,-3903.0000,0.1000,1.8525,0.0000,0.0000,3971.0240,0.0000,9,0,0
75.8482,0.9926,-4.1138,0.1000,1.8622,0.0000,0.0000,993.1000,-4114.5000,0.1000,1.8525,0.0000,0.0000,4228.4219,0.0000,9,0,0
75.8502,1.0833,-4.1858,0.1000,1.8645,0.0000,0.0000,993.1000,-4114.5000,0.1000,1.8589,0.0000,0.0000,4228.3306,0.0000,9,0,0
75.8521,1.1863,-4.2414,0.1000,1.8668,0.0000,0.0000,993.1000,-4114.5000,0.1000,1.8589,0.0000,0.0000,4228.2524,0.0000,9,0,0
75.8541,1.2892,-4.2971,0.1000,1.8691,0.0000,0.0000,993.1000,-4114.5000,0.1000,1.8589,0.0000,0.0000,4228.1742,0.0000,9,0,0
75.8561,1.4014,-4.3343,0.1000,1.8715,0.0000,0.0000,1537.0000,-4335.0000,0.1000,1.8589,0.0000,0.0000,4594.8589,0.0000,9,0,0
75.8581,1.5136,-4.3715,0.1000,1.8738,0.0000,0.0000,1537.0000,-4335.0000,0.1000,1.8680,0.0000,0.0000,4594.7863,0.0000,9,0,0
75.8601,1.6318,-4.3888,0.1000,1.8762,0.0000,0.0000,1537.0000,-4335.0000,0.1000,1.8680,0.0000,0.0000,4594.7305,0.0000,9,0,0
75.8621,1.7500,-4.4061,0.1000,1.8785,0.0000,0.0000,1770.4000,-4402.3000,0.1000,1.8680,0.0000,0.0000,4740.2103,0.0000,9,0,0
75.8641,1.8706,-4.4025,0.1000,1.8809,0.0000,0.0000,1770.4000,-4402.3000,0.1000,1.8764,0.0000,0.0000,4740.1687,0.0000,9,0,0
75.8661,1.9912,-4.3989,0.1000,1.8833,0.0000,0.0000,1770.4000,-4402.3000,0.1000,1.8764,0.0000,0.0000,4740.1270,0.0000,9,0,0
75.8681,2.1105,-4.3741,0.1000,1.8857,0.0000,0.0000,1770.4000,-4402.3000,0.1000,1.8764,0.0000,0.0000,4740.1055,0.0000,9,0,0
75.8702,2.2298,-4.3493,0.1000,1.8882,0.0000,0.0000,2135.9000,-4360.4000,0.1000,1.8764,0.0000,0.0000,4850.5388,0.0000,9,0,0
75.8722,2.3441,-4.3036,0.1000,1.8906,0.0000,0.0000,2135.9000,-4360.4000,0.1000,1.8847,0.0000,0.0000,4850.5295,0.0000,9,0,0
75.8743,2.4583,-4.2580,0.1000,1.8930,0.0000,0.0000,2135.9000,-4360.4000,0.1000,1.8847,0.0000,0.0000,4850.5203,0.0000,9,0,0
75.8764,2.5639,-4.1925,0.1000,1.8955,0.0000,0.0000,2575.1000,-4192.7000,0.1000,1.8847,0.0000,0.0000,4915.4387,0.0000,9,0,0
75.8785,2.6695,-4.1270,0.1000,1.8980,0.0000,0.0000,2575.1000,-4192.7000,0.1000,1.8925,0.0000,0.0000,4915.4392,0.0000,9,0,0
75.8806,2.7630,-4.0433,0.1000,1.9005,0.0000,0.0000,2575.1000,-4192.7000,0.1000,1.8925,0.0000,0.0000,4915.4616,0.0000,9,0,0
75.8827,2.8565,-3.9596,0.1000,1.9029,0.0000,0.0000,2856.3000,-3957.6000,0.1000,1.8925,0.0000,0.0000,4875.7987,0.0000,9,0,0
75.8848,2.9347,-3.8599,0.1000,1.9055,0.0000,0.0000,2856.3000,-3957.6000,0.1000,1.8999,0.0000,0.0000,4875.8337,0.0000,9,0,0
75.8869,3.0130,-3.7603,0.1000,1.9080,0.0000,0.0000,2856.3000,-3957.6000,0.1000,1.8999,0.0000,0.0000,4875.8687,0.0000,9,0,0
75.8890,3.0732,-3.6474,0.1000,1.9105,0.0000,0.0000,2856.3000,-3957.6000,0.1000,1.8999,0.0000,0.0000,4875.9249,0.0000,9,0,0
75.8912,3.1334,-3.5346,0.1000,1.9130,0.0000,0.0000,3184.7000,-3437.7000,0.1000,1.8999,0.0000,0.0000,4681.4376,0.0000,9,0,0
75.8933,3.1735,-3.4119,0.1000,1.9156,0.0000,0.0000,3184.7000,-3437.7000,0.1000,1.9098,0.0000,0.0000,4681.5004,0.0000,9,0,0
75.8955,3.2135,-3.2891,0.1000,1.9182,0.0000,0.0000,3184.7000,-3437.7000,0.1000,1.9098,0.0000,0.0000,4681.5632,0.0000,9,0,0
75.8977,3.2318,-3.1601,0.1000,1.9207,0.0000,0.0000,3231.8000,-3201.0000,0.1000,1.9098,0.0000,0.0000,4544.2087,0.0000,9,0,0
75.8999,3.2500,-3.0311,0.1000,1.9233,0.0000,0.0000,3231.8000,-3201.0000,0.1000,1.9175,0.0000,0.0000,4544.2866,0.0000,9,0,0
75.9520,3.2500,-3.0311,0.1000,1.9067,0.0000,0.0000,3231.8000,-3201.0000,0.1000,1.9175,0.0000,0.0000,4544.2866,0.0000,9,0,1
76.0040,3.2500,-3.0311,0.1000,1.8555,0.0000,0.0000,3231.8000,-3201.0000,0.1000,1.9175,0.0000,0.0000,4544.2866,0.0000,9,0,1
76.0561,3.2500,-3.0311,0.1000,1.7948,0.0000,0.0000,3231.8000,-3201.0000,0.1000,1.9175,0.0000,0.0000,4544.2866,0.0000,9,0,1
76.1082,3.2500,-3.0311,0.1000,1.7340,0.0000,0.0000,3231.8000,-3201.0000,0.1000,1.9175,0.0000,0.0000,4544.2866,0.0000,9,0,1
76.1603,3.2500,-3.0311,0.1000,1.6733,0.0000,0.0000,3231.8000,-3201.0000,0.1000,1.9175,0.0000,0.0000,4544.2866,0.0000,9,0,1
76.2124,3.2500,-3.0311,0.1000,1.6126,0.0000,0.0000,3231.8000,-3201.0000,0.1000,1.9175,0.0000,0.0000,4544.2866,0.0000,9,0,1
76.2645,3.2500,-3.0311,0.1000,1.5519,0.0000,0.0000,3231.8000,-3201.0000,0.1000,1.9175,0.0000,0.0000,4544.2866,0.0000,9,0,1
76.3165,3.2500,-3.0311,0.1000,1.4912,0.0000,0.0000,3250.0000,-3031.0000,0.1000,1.9175,0.0000,0.0000,4439.5925,0.0000,9,0,1
76.3686,3.2500,-3.0311,0.1000,1.4400,0.0000,0.0000,3250.0000,-3031.0000,0.1000,1.7639,0.0000,0.0000,4439.5925,0.0000,9,0,1
76.4207,3.2500,-3.0311,0.1000,1.4233,0.0000,0.0000,3250.0000,-3031.0000,0.1000,1.7639,0.0000,0.0000,4439.5925,0.0000,9,0,1
76.6795,3.2500,-3.0311,0.1381,1.4233,0.0000,0.0000,3250.0000,-3031.0000,0.1000,1.7639,0.0000,0.0000,4439.5925,0.0381,9,1,0
76.9383,3.2500,-3.0311,0.2522,1.4233,0.0000,0.0000,3250.0000,-3031.0000,0.1000,1.7639,0.0000,0.0000,4439.5925,0.1522,9,1,0
77.1972,3.2500,-3.0311,0.4426,1.4233,0.0000,0.0000,3250.0000,-3031.0000,0.1000,1.7639,0.0000,0.0000,4439.5925,0.3426,9,1,0
77.4560,3.2500,-3.0311,0.7470,1.4233,0.0000,0.0000,3250.0000,-3031.0000,0.1000,1.7639,0.0000,0.0000,4439.5925,0.6470,9,1,0
77.7148,3.2500,-3.0311,1.0921,1.4233,0.0000,0.0000,3250.0000,-3031.0000,0.1000,1.7639,0.0000,0.0000,4439.5925,0.9921,9,1,0
77.9736,3.2500,-3.0311,1.4372,1.4233,0.0000,0.0000,3250.0000,-3031.0000,0.1000,1.7639,0.0000,0.0000,4439.5925,1.3372,9,1,0
78.2324,3.2500,-3.0311,1.7823,1.4233,0.0000,0.0000,3250.0000,-3031.0000,0.1000,1.7639,0.0000,0.0000,4439.5925,1.6823,9,1,0
78.4913,3.2500,-3.0311,2.1274,1.4233,0.0000,0.0000,3250.0000,-3031.0000,0.7868,1.4307,0.0000,0.0000,4439.5925,1.3406,9,1,0
78.7501,3.2500,-3.0311,2.4725,1.4233,0.0000,0.0000,3250.0000,-3031.0000,0.7868,1.4307,0.0000,0.0000,4439.5925,1.6857,9,1,0
79.0089,3.2500,-3.0311,2.8176,1.4233,0.0000,0.0000,3250.0000,-3031.0000,0.7868,1.4307,0.0000,0.0000,4439.5925,2.0308,9,1,0
79.2677,3.2500,-3.0311,3.1627,1.4233,0.0000,0.0000,3250.0000,-3031.0000,0.7868,1.4307,0.0000,0.0000,4439.5925,2.3759,9,1,0
79.5265,3.2500,-3.0311,3.5078,1.4233,0.0000,0.0000,3250.0000,-3031.0000,0.7868,1.4307,0.0000,0.0000,4439.5925,2.7210,9,1,0
79.7853,3.2500,-3.0311,3.8529,1.4233,0.0000,0.0000,3250.0000,-3031.0000,0.7868,1.4307,0.0000,0.0000,4439.5925,3.0661,9,1,0
80.0442,3.2500,-3.0311,4.1573,1.4233,0.0000,0.0000,3250.0000,-3031.0000,0.7868,1.4307,0.0000,0.0000,4439.5925,3.3705,9,1,0
80.3030,3.2500,-3.0311,4.3477,1.4233,0.0000,0.0000,3250.0000,-3031.0000,3.4595,1.4235,0.0000,0.0000,4439.5925,0.8882,9,1,0
80.5618,3.2500,-3.0311,4.4618,1.4233,0.0000,0.0000,3250.0000,-3031.0000,3.4595,1.4235,0.0000,0.0000,4439.5925,1.0023,9,1,0
80.8206,3.2500,-3.0311,4.4999,1.4233,0.0000,0.0000,3250.0000,-3031.0000,3.4595,1.4235,0.0000,0.0000,4439.5925,1.0404,9,1,0
80.9456,3.2500,-3.0311,4.7500,1.4233,0.0000,0.0000,3250.0000,-3031.0000,3.4595,1.4235,0.0000,0.0000,4439.5925,1.2905,9,1,0
81.0707,3.2500,-3.0311,5.0000,1.4233,0.0000,0.0000,3250.0000,-3031.0000,3.4595,1.4235,0.0000,0.0000,4439.5925,1.5405,9,1,0
81.3494,13.0694,3.1720,5.0000,1.4233,0.0000,0.0000,3250.0000,-3031.0000,3.4595,1.4235,0.0000,0.0000,4436.6563,1.5405,11,1,0
81.6282,28.7806,13.0969,5.0000,1.4233,0.0000,0.0000,5278.8000,-1584.8000,3.4595,1.4235,0.0000,0.0000,5487.8027,1.5405,11,1,0
81.9069,38.6000,19.3000,5.0000,1.4233,0.0000,0.0000,5278.8000,-1584.8000,4.9361,1.4233,0.0000,0.0000,5480.2220,0.0639,11,1,0
82.2069,38.6000,19.3000,5.0000,1.4233,0.0000,0.0000,5278.8000,-1584.8000,4.9361,1.4233,0.0000,0.0000,5480.2220,0.0639,11,0,0
82.3319,38.6000,19.3000,4.7500,1.4233,0.0000,0.0000,11567.3000,2108.5000,5.0000,1.4233,0.0000,0.0000,11716.4705,0.2500,11,1,0
82.4570,38.6000,19.3000,4.4999,1.4233,0.0000,0.0000,11567.3000,2108.5000,5.0000,1.4233,0.0000,0.0000,11716.4705,0.5001,11,1,0
82.7158,38.6000,19.3000,4.4618,1.4233,0.0000,0.0000,11567.3000,2108.5000,5.0000,1.4233,0.0000,0.0000,11716.4705,0.5382,11,1,0
82.9746,38.6000,19.3000,4.3477,1.4233,0.0000,0.0000,12830.5000,3046.7000,5.0000,1.4233,0.0000,0.0000,13145.2598,0.6523,11,1,0
83.2334,38.6000,19.3000,4.1573,1.4233,0.0000,0.0000,12830.5000,3046.7000,4.5148,1.4233,0.0000,0.0000,13145.2598,0.3575,11,1,0
83.4922,38.6000,19.3000,3.8529,1.4233,0.0000,0.0000,12830.5000,3046.7000,4.5148,1.4233,0.0000,0.0000,13145.2598,0.6619,11,1,0
83.7511,38.6000,19.3000,3.5078,1.4233,0.0000,0.0000,18956.7000,6654.3000,4.5148,1.4233,0.0000,0.0000,20047.8860,1.0070,11,1,0
84.0099,38.6000,19.3000,3.1627,1.4233,0.0000,0.0000,18956.7000,6654.3000,3.8791,1.4233,0.0000,0.0000,20047.8860,0.7164,11,1,0
84.2687,38.6000,19.3000,2.8176,1.4233,0.0000,0.0000,18956.7000,6654.3000,3.8791,1.4233,0.0000,0.0000,20047.8860,1.0615,11,1,0
84.5275,38.6000,19.3000,2.4725,1.4233,0.0000,0.0000,18956.7000,6654.3000,3.8791,1.4233,0.0000,0.0000,20047.8860,1.4066,11,1,0
84.7863,38.6000,19.3000,2.1274,1.4233,0.0000,0.0000,23601.9000,9215.0000,3.8791,1.4233,0.0000,0.0000,25294.0706,1.7517,11,1,0
85.0451,38.6000,19.3000,1.7823,1.4233,0.0000,0.0000,23601.9000,9215.0000,2.5708,1.4233,0.0000,0.0000,25294.0706,0.7885,11,1,0
85.3040,38.6000,19.3000,1.4372,1.4233,0.0000,0.0000,23601.9000,9215.0000,2.5708,1.4233,0.0000,0.0000,25294.0706,1.1336,11,1,0
85.5628,38.6000,19.3000,1.0921,1.4233,0.0000,0.0000,30112.0000,13492.8000,2.5708,1.4233,0.0000,0.0000,32953.6734,1.4787,11,1,0
85.8216,38.6000,19.3000,0.7470,1.4233,0.0000,0.0000,30112.0000,13492.8000,1.5026,1.4233,0.0000,0.0000,32953.6734,0.7556,11,1,0
86.0804,38.6000,19.3000,0.4426,1.4233,0.0000,0.0000,30112.0000,13492.8000,1.5026,1.4233,0.0000,0.0000,32953.6734,1.0600,11,1,0
86.3392,38.6000,19.3000,0.2522,1.4233,0.0000,0.0000,35204.6000,16906.0000,1.5026,1.4233,0.0000,0.0000,39010.3601,1.2504,11,1,0
86.5980,38.6000,19.3000,0.1381,1.4233,0.0000,0.0000,35204.6000,16906.0000,0.5393,1.4233,0.0000,0.0000,39010.3601,0.4012,11,1,0
86.8569,38.6000,19.3000,0.1000,1.4233,0.0000,0.0000,35204.6000,16906.0000,0.5393,1.4233,0.0000,0.0000,39010.3601,0.4393,11,1,0
86.9078,38.6000,19.3000,0.1000,1.4274,0.0000,0.0000,38597.2000,19301.7000,0.5393,1.4233,0.0000,0.0000,43111.2118,0.4393,11,0,0
86.9587,38.6000,19.3000,0.1000,1.4396,0.0000,0.0000,38597.2000,19301.7000,0.1309,1.4238,0.0000,0.0000,43111.2118,0.0309,11,0,0
87.0096,38.6000,19.3000,0.1000,1.4600,0.0000,0.0000,38597.2000,19301.7000,0.1309,1.4238,0.0000,0.0000,43111.2118,0.0309,11,0,0
87.0606,38.6000,19.3000,0.1000,1.4885,0.0000,0.0000,38601.4000,19301.4000,0.1309,1.4238,0.0000,0.0000,43114.8342,0.0309,11,0,0
87.1115,38.6000,19.3000,0.1000,1.5252,0.0000,0.0000,38601.4000,19301.4000,0.1010,1.4525,0.0000,0.0000,43114.8342,0.0010,11,0,0
87.1624,38.6000,19.3000,0.1000,1.5700,0.0000,0.0000,38601.4000,19301.4000,0.1010,1.4525,0.0000,0.0000,43114.8342,0.0010,11,0,0
87.2133,38.6000,19.3000,0.1000,1.6293,0.0000,0.0000,38601.4000,19301.4000,0.1010,1.4525,0.0000,0.0000,43114.8342,0.0010,11,0,0
87.2643,38.6000,19.3000,0.1000,1.6887,0.0000,0.0000,38601.4000,19301.4000,0.1010,1.4525,0.0000,0.0000,43114.8342,0.0010,11,0,0
87.3152,38.6000,19.3000,0.1000,1.7481,0.0000,0.0000,38601.4000,19301.4000,0.1010,1.4525,0.0000,0.0000,43114.8342,0.0010,11,0,0
87.3661,38.6000,19.3000,0.1000,1.8074,0.0000,0.0000,38601.4000,19301.4000,0.1010,1.4525,0.0000,0.0000,43114.8342,0.0010,11,0,0
87.4170,38.6000,19.3000,0.1000,1.8668,0.0000,0.0000,38601.4000,19301.4000,0.1010,1.4525,0.0000,0.0000,43114.8342,0.0010,11,0,0
87.4679,38.6000,19.3000,0.1000,1.9262,0.0000,0.0000,38601.4000,19301.4000,0.1010,1.4525,0.0000,0.0000,43114.8342,0.0010,11,0,0
87.5189,38.6000,19.3000,0.1000,1.9855,0.0000,0.0000,38601.4000,19301.4000,0.1010,1.4525,0.0000,0.0000,43114.8342,0.0010,11,0,0
87.5698,38.6000,19.3000,0.1000,2.0449,0.0000,0.0000,38601.4000,19301.4000,0.1010,1.4525,0.0000,0.0000,43114.8342,0.0010,11,0,0
87.6207,38.6000,19.3000,0.1000,2.1042,0.0000,0.0000,38601.4000,19301.4000,0.1010,1.4525,0.0000,0.0000,43114.8342,0.0010,11,0,0
87.6716,38.6000,19.3000,0.1000,2.1636,0.0000,0.0000,38601.4000,19301.4000,0.1010,1.4525,0.0000,0.0000,43114.8342,0.0010,11,0,0
87.7226,38.6000,19.3000,0.1000,2.2230,0.0000,0.0000,38601.4000,19301.4000,0.1010,1.4525,0.0000,0.0000,43114.8342,0.0010,11,0,0
87.7735,38.6000,19.3000,0.1000,2.2823,0.0000,0.0000,38601.4000,19301.4000,0.1010,1.4525,0.0000,0.0000,43114.8342,0.0010,11,0,0
87.8244,38.6000,19.3000,0.1000,2.3417,0.0000,0.0000,38601.4000,19301.4000,0.1010,1.4525,0.0000,0.0000,43114.8342,0.0010,11,0,0
87.8753,38.6000,19.3000,0.1000,2.4011,0.0000,0.0000,38600.0000,19300.0000,0.1010,1.4525,0.0000,0.0000,43112.9559,0.0010,11,0,0
87.9263,38.6000,19.3000,0.1000,2.4604,0.0000,0.0000,38600.0000,19300.0000,0.1000,2.0377,0.0000,0.0000,43112.9559,0.0000,11,0,0
87.9772,38.6000,19.3000,0.1000,2.5198,0.0000,0.0000,38600.0000,19300.0000,0.1000,2.0377,0.0000,0.0000,43112.9559,0.0000,11,0,0
88.0281,38.6000,19.3000,0.1000,2.5791,0.0000,0.0000,38600.0000,19300.0000,0.1000,2.0377,0.0000,0.0000,43112.9559,0.0000,11,0,0
88.0790,38.6000,19.3000,0.1000,2.6385,0.0000,0.0000,38600.0000,19300.0000,0.1000,2.0377,0.0000,0.0000,43112.9559,0.0000,11,0,0
88.1300,38.6000,19.3000,0.1000,2.6979,0.0000,0.0000,38600.0000,19300.0000,0.1000,2.0377,0.0000,0.0000,43112.9559,0.0000,11,0,0
88.1809,38.6000,19.3000,0.1000,2.7572,0.0000,0.0000,38600.0000,19300.0000,0.1000,2.0377,0.0000,0.0000,43112.9559,0.0000,11,0,0
88.2318,38.6000,19.3000,0.1000,2.8166,0.0000,0.0000,38600.0000,19300.0000,0.1000,2.0377,0.0000,0.0000,43112.9559,0.0000,11,0,0
88.2827,38.6000,19.3000,0.1000,2.8760,0.0000,0.0000,38600.0000,19300.0000,0.1000,2.0377,0.0000,0.0000,43112.9559,0.0000,11,0,0
88.3336,38.6000,19.3000,0.1000,2.9353,0.0000,0.0000,38600.0000,19300.0000,0.1000,2.0377,0.0000,0.0000,43112.9559,0.0000,11,0,0
88.3846,38.6000,19.3000,0.1000,2.9947,0.0000,0.0000,38600.0000,19300.0000,0.1000,2.0377,0.0000,0.0000,43112.9559,0.0000,11,0,0
88.4355,38.6000,19.3000,0.1000,3.0540,0.0000,0.0000,38600.0000,19300.0000,0.1000,2.0377,0.0000,0.0000,43112.9559,0.0000,11,0,0
88.4864,38.6000,19.3000,0.1000,3.1134,0.0000,0.0000,38600.0000,19300.0000,0.1000,2.0377,0.0000,0.0000,43112.9559,0.0000,11,0,0
88.5373,38.6000,19.3000,0.1000,3.1728,0.0000,0.0000,38600.0000,19300.0000,0.1000,2.0377,0.0000,0.0000,43112.9559,0.0000,11,0,0
88.5883,38.6000,19.3000,0.1000,3.2321,0.0000,0.0000,38600.0000,19300.0000,0.1000,2.0377,0.0000,0.0000,43112.9559,0.0000,11,0,0
88.6392,38.6000,19.3000,0.1000,3.2769,0.0000,0.0000,38600.0000,19300.0000,0.1000,2.0377,0.0000,0.0000,43112.9559,0.0000,11,0,0
88.6901,38.6000,19.3000,0.1000,3.3136,0.0000,0.0000,38600.0000,19300.0000,0.1000,2.0377,0.0000,0.0000,43112.9559,0.0000,11,0,0
88.7410,38.6000,19.3000,0.1000,3.3421,0.0000,0.0000,38600.0000,19300.0000,0.1000,2.0377,0.0000,0.0000,43112.9559,0.0000,11,0,0
88.7920,38.6000,19.3000,0.1000,3.3625,0.0000,0.0000,38600.0000,19300.0000,0.1000,2.0377,0.0000,0.0000,43112.9559,0.0000,11,0,0
88.8429,38.6000,19.3000,0.1000,3.3747,0.0000,0.0000,38600.0000,19300.0000,0.1000,3.0791,0.0000,0.0000,43112.9559,0.0000,11,0,0
88.8938,38.6000,19.3000,0.1000,3.3788,0.0000,0.0000,38600.0000,19300.0000,0.1000,3.0791,0.0000,0.0000,43112.9559,0.0000,11,0,0
89.3938,38.6000,19.3000,0.1000,3.3788,0.0000,0.0000,38600.0000,19300.0000,0.1000,3.0791,0.0000,0.0000,43112.9559,0.0000,11,0,0
89.6526,38.6000,19.3000,0.1381,3.3788,0.0000,0.0000,38600.0000,19300.0000,0.1000,3.0791,0.0000,0.0000,43112.9559,0.0381,11,1,0
89.9114,38.6000,19.3000,0.2522,3.3788,0.0000,0.0000,38600.0000,19300.0000,0.1000,3.0791,0.0000,0.0000,43112.9559,0.1522,11,1,0
90.1703,38.6000,19.3000,0.4426,3.3788,0.0000,0.0000,38600.0000,19300.0000,0.1000,3.0791,0.0000,0.0000,43112.9559,0.3426,11,1,0
90.4291,38.6000,19.3000,0.7470,3.3788,0.0000,0.0000,38600.0000,19300.0000,0.1000,3.0791,0.0000,0.0000,43112.9559,0.6470,11,1,0
90.6879,38.6000,19.3000,1.0921,3.3788,0.0000,0.0000,38600.0000,19300.0000,0.1000,3.0791,0.0000,0.0000,43112.9559,0.9921,11,1,0
90.9467,38.6000,19.3000,1.4372,3.3788,0.0000,0.0000,38600.0000,19300.0000,0.1000,3.0791,0.0000,0.0000,43112.9559,1.3372,11,1,0
91.2055,38.6000,19.3000,1.7823,3.3788,0.0000,0.0000,38600.0000,19300.0000,0.1000,3.0791,0.0000,0.0000,43112.9559,1.6823,11,1,0
91.4643,38.6000,19.3000,2.1274,3.3788,0.0000,0.0000,38600.0000,19300.0000,0.1000,3.0791,0.0000,0.0000,43112.9559,2.0274,11,1,0
91.7232,38.6000,19.3000,2.4725,3.3788,0.0000,0.0000,38600.0000,19300.0000,0.1000,3.0791,0.0000,0.0000,43112.9559,2.3725,11,1,0
91.9820,38.6000,19.3000,2.8176,3.3788,0.0000,0.0000,38600.0000,19300.0000,0.1000,3.0791,0.0000,0.0000,43112.9559,2.7176,11,1,0
92.2408,38.6000,19.3000,3.1627,3.3788,0.0000,0.0000,38600.0000,19300.0000,1.7402,3.3714,0.0000,0.0000,43112.9559,1.4225,11,1,0
92.4996,38.6000,19.3000,3.5078,3.3788,0.0000,0.0000,38600.0000,19300.0000,1.7402,3.3714,0.0000,0.0000,43112.9559,1.7676,11,1,0
92.7584,38.6000,19.3000,3.8529,3.3788,0.0000,0.0000,38600.0000,19300.0000,1.7402,3.3714,0.0000,0.0000,43112.9559,2.1127,11,1,0
93.0173,38.6000,19.3000,4.1573,3.3788,0.0000,0.0000,38600.0000,19300.0000,1.7402,3.3714,0.0000,0.0000,43112.9559,2.4171,11,1,0
93.2761,38.6000,19.3000,4.3477,3.3788,0.0000,0.0000,38600.0000,19300.0000,1.7402,3.3714,0.0000,0.0000,43112.9559,2.6075,11,1,0
93.5349,38.6000,19.3000,4.4618,3.3788,0.0000,0.0000,38600.0000,19300.0000,1.7402,3.3714,0.0000,0.0000,43112.9559,2.7216,11,1,0
93.7937,38.6000,19.3000,4.4999,3.3788,0.0000,0.0000,38600.0000,19300.0000,1.7402,3.3714,0.0000,0.0000,43112.9559,2.7597,11,1,0
93.9187,38.6000,19.3000,4.7500,3.3788,0.0000,0.0000,38600.0000,19300.0000,1.7402,3.3714,0.0000,0.0000,43112.9559,3.0098,11,1,0
94.0438,38.6000,19.3000,5.0000,3.3788,0.0000,0.0000,38600.0000,19300.0000,1.7402,3.3714,0.0000,0.0000,43112.9559,3.2598,11,1,0
94.2368,38.6000,9.6500,5.0000,3.3788,0.0000,0.0000,38600.0000,19300.0000,1.7402,3.3714,0.0000,0.0000,43117.2723,3.2598,12,1,0
94.4298,38.6000,0.0000,5.0000,3.3788,0.0000,0.0000,38600.0000,19119.3000,1.7402,3.3714,0.0000,0.0000,43041.0177,3.2598,12,1,0
94.7298,38.6000,0.0000,5.0000,3.3788,0.0000,0.0000,38600.0000,19119.3000,4.8468,3.3787,0.0000,0.0000,43041.0177,0.1532,12,0,0
94.8548,38.6000,0.0000,4.7500,3.3788,0.0000,0.0000,38600.0000,12757.8000,5.0000,3.3788,0.0000,0.0000,40617.0288,0.2500,12,1,0
94.9798,38.6000,0.0000,4.4999,3.3788,0.0000,0.0000,38600.0000,12757.8000,5.0000,3.3788,0.0000,0.0000,40617.0288,0.5001,12,1,0
95.2386,38.6000,0.0000,4.4618,3.3788,0.0000,0.0000,38600.0000,12607.4000,5.0000,3.3788,0.0000,0.0000,40570.0395,0.5382,12,1,0
95.4974,38.6000,0.0000,4.3477,3.3788,0.0000,0.0000,38600.0000,12607.4000,4.6395,3.3788,0.0000,0.0000,40570.0395,0.2918,12,1,0
95.7563,38.6000,0.0000,4.1573,3.3788,0.0000,0.0000,38600.0000,12607.4000,4.6395,3.3788,0.0000,0.0000,40570.0395,0.4822,12,1,0
96.0151,38.6000,0.0000,3.8529,3.3788,0.0000,0.0000,38600.0000,5751.8000,4.6395,3.3788,0.0000,0.0000,38988.0081,0.7866,12,1,0
96.2739,38.6000,0.0000,3.5078,3.3788,0.0000,0.0000,38600.0000,5751.8000,4.1911,3.3788,0.0000,0.0000,38988.0081,0.6833,12,1,0
96.5327,38.6000,0.0000,3.1627,3.3788,0.0000,0.0000,38600.0000,5751.8000,4.1911,3.3788,0.0000,0.0000,38988.0081,1.0284,12,1,0
96.7915,38.6000,0.0000,2.8176,3.3788,0.0000,0.0000,38600.0000,7.1000,4.1911,3.3788,0.0000,0.0000,38561.4007,1.3735,12,1,0
97.0503,38.6000,0.0000,2.4725,3.3788,0.0000,0.0000,38600.0000,7.1000,3.2591,3.3788,0.0000,0.0000,38561.4007,0.7866,12,1,0
97.3092,38.6000,0.0000,2.1274,3.3788,0.0000,0.0000,38600.0000,7.1000,3.2591,3.3788,0.0000,0.0000,38561.4007,1.1317,12,1,0
97.5680,38.6000,0.0000,1.7823,3.3788,0.0000,0.0000,38600.0000,7.1000,3.2591,3.3788,0.0000,0.0000,38561.4007,1.4768,12,1,0
97.8268,38.6000,0.0000,1.4372,3.3788,0.0000,0.0000,38600.0000,7.1000,3.2591,3.3788,0.0000,0.0000,38561.4007,1.8219,12,1,0
98.0856,38.6000,0.0000,1.0921,3.3788,0.0000,0.0000,38600.0000,7.1000,3.2591,3.3788,0.0000,0.0000,38561.4007,2.1670,12,1,0
98.3444,38.6000,0.0000,0.7470,3.3788,0.0000,0.0000,38600.0000,7.1000,3.2591,3.3788,0.0000,0.0000,38561.4007,2.5121,12,1,0
98.6033,38.6000,0.0000,0.4426,3.3788,0.0000,0.0000,38600.0000,7.1000,3.2591,3.3788,0.0000,0.0000,38561.4007,2.8165,12,1,0
98.8621,38.6000,0.0000,0.2522,3.3788,0.0000,0.0000,38600.0000,7.1000,3.2591,3.3788,0.0000,0.0000,38561.4007,3.0069,12,1,0
99.1209,38.6000,0.0000,0.1381,3.3788,0.0000,0.0000,38600.0000,7.1000,3.2591,3.3788,0.0000,0.0000,38561.4007,3.1210,12,1,0
99.3797,38.6000,0.0000,0.1000,3.3788,0.0000,0.0000,38600.0000,7.1000,3.2591,3.3788,0.0000,0.0000,38561.4007,3.1591,12,1,0
104.3797,38.6000,0.0000,0.1000,3.3788,0.0000,0.0000,38600.0000,7.1000,3.2591,3.3788,0.0000,0.0000,38561.4007,3.1591,12,0,0
104.6385,38.6000,0.0000,0.1381,3.3788,0.0000,0.0000,38600.0000,0.0000,3.2591,3.3788,0.0000,0.0000,38561.4000,3.1210,12,1,0
104.8973,38.6000,0.0000,0.2522,3.3788,0.0000,0.0000,38600.0000,0.0000,0.5844,3.3788,0.0000,0.0000,38561.4000,0.3322,12,1,0
105.1562,38.6000,0.0000,0.4426,3.3788,0.0000,0.0000,38600.0000,0.0000,0.5844,3.3788,0.0000,0.0000,38561.4000,0.1418,12,1,0
105.4150,38.6000,0.0000,0.7470,3.3788,0.0000,0.0000,38600.0000,0.0000,0.5844,3.3788,0.0000,0.0000,38561.4000,0.1626,12,1,0
105.6738,38.6000,0.0000,1.0921,3.3788,0.0000,0.0000,38600.0000,0.0000,0.5844,3.3788,0.0000,0.0000,38561.4000,0.5077,12,1,0
105.9326,38.6000,0.0000,1.4372,3.3788,0.0000,0.0000,38600.0000,0.0000,0.5844,3.3788,0.0000,0.0000,38561.4000,0.8528,12,1,0
106.1914,38.6000,0.0000,1.7823,3.3788,0.0000,0.0000,38600.0000,0.0000,0.5844,3.3788,0.0000,0.0000,38561.4000,1.1979,12,1,0
106.4502,38.6000,0.0000,2.1274,3.3788,0.0000,0.0000,38600.0000,0.0000,0.5844,3.3788,0.0000,0.0000,38561.4000,1.5430,12,1,0
106.7091,38.6000,0.0000,2.4725,3.3788,0.0000,0.0000,38600.0000,0.0000,0.5844,3.3788,0.0000,0.0000,38561.4000,1.8881,12,1,0
106.9679,38.6000,0.0000,2.8176,3.3788,0.0000,0.0000,38600.0000,0.0000,0.5844,3.3788,0.0000,0.0000,38561.4000,2.2332,12,1,0
107.2267,38.6000,0.0000,3.1627,3.3788,0.0000,0.0000,38600.0000,0.0000,0.5844,3.3788,0.0000,0.0000,38561.4000,2.5783,12,1,0
107.4855,38.6000,0.0000,3.5078,3.3788,0.0000,0.0000,38600.0000,0.0000,0.5844,3.3788,0.0000,0.0000,38561.4000,2.9234,12,1,0
107.7443,38.6000,0.0000,3.8529,3.3788,0.0000,0.0000,38600.0000,0.0000,0.5844,3.3788,0.0000,0.0000,38561.4000,3.2685,12,1,0
108.0032,38.6000,0.0000,4.1573,3.3788,0.0000,0.0000,38600.0000,0.0000,0.5844,3.3788,0.0000,0.0000,38561.4000,3.5729,12,1,0
108.2620,38.6000,0.0000,4.3477,3.3788,0.0000,0.0000,38600.0000,0.0000,2.8269,3.3788,0.0000,0.0000,38561.4000,1.5208,12,1,0
108.5208,38.6000,0.0000,4.4618,3.3788,0.0000,0.0000,38600.0000,0.0000,2.8269,3.3788,0.0000,0.0000,38561.4000,1.6349,12,1,0
108.7796,38.6000,0.0000,4.4999,3.3788,0.0000,0.0000,38600.0000,0.0000,2.8269,3.3788,0.0000,0.0000,38561.4000,1.6730,12,1,0
108.9046,38.6000,0.0000,4.7500,3.3788,0.0000,0.0000,38600.0000,0.0000,2.8269,3.3788,0.0000,0.0000,38561.4000,1.9230,12,1,0
109.0297,38.6000,0.0000,5.0000,3.3788,0.0000,0.0000,38600.0000,0.0000,2.8269,3.3788,0.0000,0.0000,38561.4000,2.1731,12,1,0
109.1913,19.3000,0.0000,5.0000,3.3788,0.0000,0.0000,38600.0000,0.0000,2.8269,3.3788,0.0000,0.0000,38580.7000,2.1731,13,1,0
109.3528,0.0000,0.0000,5.0000,3.3788,0.0000,0.0000,38600.0000,0.0000,2.8269,3.3788,0.0000,0.0000,38600.0000,2.1731,13,1,0
109.3528,0.0000,0.0000,5.0000,3.3788,0.0000,0.0000,36591.5000,0.0000,2.8269,3.3788,0.0000,0.0000,36591.5000,2.1731,13,0,0
