-0.8716777121134882,-1.3384606024751033,0.0,0.0,0.0,0.0,0.0
-0.8716777121134882,-1.3384606024751033,0.0,0.0,0.0,0.0,0.0
-0.8695798114826495,-1.3384606024751033,0.0,0.0,2.0979006308387007e-05,2.0979006308387007e-05,4.195801261677401e-06
0.871677712113488,-1.3384606024751033,0.0,0.0,0.017433554242269764,0.017433554242269764,0.0034867108484539526
0.871677712113488,-1.2167823658864576,0.0,0.0,0.01865033660815622,0.01865033660815622,0.0037300673216312443
-0.8695798114826495,-1.2167823658864576,0.0,0.0,0.0360629118441176,0.0360629118441176,0.007212582368823519
-0.8716777121134882,-1.2167823658864576,0.0,2.0979006308387007e-05,0.03608389085042599,0.03608389085042599,0.007216778170085196
-0.8716777121134882,-1.0951041292978119,0.0,0.0012377613721948446,0.03730067321631245,0.03730067321631245,0.007460134643262488
-0.8716777121134882,-1.0951041292978119,0.0,0.0012377613721948446,0.03730067321631245,0.03730067321631245,0.007460134643262488
-0.8695798114826495,-1.0951041292978119,0.0,0.0012377613721948446,0.037321652222620835,0.037321652222620835,0.007464330444524165
0.871677712113488,-1.0951041292978119,0.0,0.0012377613721948446,0.05473422745858221,0.05473422745858221,0.01094684549171644
0.871677712113488,-0.9734258927091661,0.0,0.0012377613721948446,0.05595100982446867,0.05595100982446867,0.011190201964893731
0.6241254376745189,-0.9734258927091661,0.0,0.0012377613721948446,0.05842653256885836,0.05842653256885836,0.011685306513771669
0.6220275370436805,-0.9734258927091661,0.0,0.0012587403785032283,0.05844751157516674,0.05844751157516674,0.011689502315033346
0.04720276419387104,-0.9734258927091661,0.0,0.007006988107001323,0.06419575930366483,0.06419575930366483,0.012839151860732964
0.04510486356303245,-0.9734258927091661,0.0,0.007027967113309709,0.06421673830997322,0.06421673830997322,0.012843347661994641
0.04510486356303245,-0.9734258927091661,0.0,0.007027967113309709,0.06421673830997322,0.06421673830997322,0.012843347661994641
0.04300696293219364,-0.9734258927091661,0.0,0.007048946119618097,0.06421673830997322,0.06423771731628161,0.012847543463256318
-0.04300696293219386,-0.9734258927091661,0.0,0.007909085378261972,0.06421673830997322,0.06509785657492549,0.013019571314985092
-0.04510486356303267,-0.9734258927091661,0.0,0.00793006438457036,0.06423771731628161,0.06511883558123388,0.01302376711624677
-0.04510486356303267,-0.9734258927091661,0.0,0.00793006438457036,0.06423771731628161,0.06511883558123388,0.01302376711624677
-0.04720276419387126,-0.9734258927091661,0.0,0.007951043390878746,0.06425869632259,0.06513981458754227,0.013027962917508447
-0.6199296364128418,-0.9734258927091661,0.0,0.013678312113068452,0.0699859650447797,0.07086708330973197,0.014173416661946388
-0.6220275370436806,-0.9734258927091661,0.0,0.01369929111937684,0.0700069440510881,0.07088806231604036,0.014177612463208065
-0.6220275370436806,-0.9734258927091661,0.0,0.01369929111937684,0.0700069440510881,0.07088806231604036,0.014177612463208065
-0.6241254376745193,-0.9734258927091661,0.0,0.01369929111937684,0.07002792305739648,0.07090904132234875,0.014181808264469742
-0.8695798114826495,-0.9734258927091661,0.0,0.01369929111937684,0.07248246679547779,0.07336358506043006,0.014672717012086002
-0.8716777121134882,-0.9734258927091661,0.0,0.013720270125685228,0.07250344580178618,0.07338456406673845,0.01467691281334768
-0.8716777121134882,-0.8517476561205203,0.0,0.014937052491571685,0.07372022816767264,0.07460134643262491,0.01492026928652497
-0.8716777121134882,-0.8517476561205203,0.0,0.014937052491571685,0.07372022816767264,0.07460134643262491,0.01492026928652497
-0.8695798114826495,-0.8517476561205203,0.0,0.014937052491571685,0.07374120717398103,0.0746223254389333,0.014924465087786647
-0.6241254376745193,-0.8517476561205203,0.0,0.014937052491571685,0.07619575091206233,0.0770768691770146,0.015415373835402908
-0.6220275370436806,-0.8517476561205203,0.0,0.014958031497880072,0.07621672991837072,0.07709784818332299,0.015419569636664585
-0.6220275370436806,-0.8517476561205203,0.0,0.014958031497880072,0.07621672991837072,0.07709784818332299,0.015419569636664585
-0.6199296364128418,-0.8517476561205203,0.0,0.014979010504188461,0.07623770892467911,0.07711882718963138,0.015423765437926262
-0.09335657807232312,-0.8517476561205203,0.0,0.020244741087593648,0.0815034395080843,0.08238455777303656,0.016476911554607298
-0.09125867744148453,-0.8517476561205203,0.0,0.020265720093902033,0.08152441851439268,0.08240553677934495,0.016481107355868975
-0.09125867744148453,-0.8517476561205203,0.0,0.020265720093902033,0.08152441851439268,0.08240553677934495,0.016481107355868975
-0.08916077681064571,-0.8517476561205203,0.0,0.02028669910021042,0.08152441851439268,0.08242651578565334,0.016485303157130652
0.0912586774414843,-0.8517476561205203,0.0,0.022090893642731722,0.08152441851439268,0.08423071032817464,0.016846142065634912
0.0933565780723229,-0.8517476561205203,0.0,0.022111872649040108,0.08154539752070107,0.08425168933448303,0.01685033786689659
0.0933565780723229,-0.8517476561205203,0.0,0.022111872649040108,0.08154539752070107,0.08425168933448303,0.01685033786689659
0.0954544787031617,-0.8517476561205203,0.0,0.022132851655348496,0.08156637652700946,0.08427266834079142,0.016854533668158266
0.6220275370436805,-0.8517476561205203,0.0,0.027398582238753685,0.08683210711041464,0.0895383989241966,0.017907679784839304
0.6241254376745189,-0.8517476561205203,0.0,0.027398582238753685,0.08685308611672303,0.08955937793050499,0.01791187558610098
0.871677712113488,-0.8517476561205203,0.0,0.027398582238753685,0.08932860886111273,0.09203490067489468,0.01840698013497892
0.871677712113488,-0.7300694195318745,0.0,0.027398582238753685,0.09054539122699919,0.09325168304078114,0.018650336608156213
0.41433537459064707,-0.7300694195318745,0.0,0.027398582238753685,0.0951188146022276,0.09782510641600956,0.019565021283201894
0.4122374739598085,-0.7300694195318745,0.0,0.02741956124506207,0.09513979360853599,0.09784608542231794,0.01956921708446357
0.4122374739598085,-0.7300694195318745,0.0,0.02741956124506207,0.09513979360853599,0.09784608542231794,0.01956921708446357
0.41013957332896966,-0.7300694195318745,0.0,0.02744054025137046,0.09516077261484437,0.09786706442862633,0.01957341288572525
0.14160829258161356,-0.7300694195318745,0.0,0.03012585305884402,0.09784608542231793,0.10055237723609989,0.02011047544721996
0.13951039195077475,-0.7300694195318745,0.0,0.03014683206515241,0.09786706442862632,0.10057335624240828,0.02011467124848164
0.13951039195077475,-0.7300694195318745,0.0,0.03014683206515241,0.09786706442862632,0.10057335624240828,0.02011467124848164
0.13741249131993616,-0.7300694195318745,0.0,0.030167811071460795,0.09786706442862632,0.10059433524871667,0.020118867049743316
-0.13741249131993616,-0.7300694195318745,0.0,0.03291606089785952,0.09786706442862632,0.10334258507511539,0.02066851701502306
-0.13951039195077497,-0.7300694195318745,0.0,0.03293703990416791,0.09788804343493471,0.10336356408142378,0.020672712816284737
-0.13951039195077497,-0.7300694195318745,0.0,0.03293703990416791,0.09788804343493471,0.10336356408142378,0.020672712816284737
-0.14160829258161378,-0.7300694195318745,0.0,0.0329580189104763,0.0979090224412431,0.10338454308773216,0.020676908617546414
-0.4101395733289699,-0.7300694195318745,0.0,0.03564333171794986,0.10059433524871665,0.10606985589520572,0.021213971179041127
-0.4122374739598085,-0.7300694195318745,0.0,0.03566431072425825,0.10061531425502504,0.10609083490151411,0.021218166980302804
-0.4122374739598085,-0.7300694195318745,0.0,0.03566431072425825,0.10061531425502504,0.10609083490151411,0.021218166980302804
-0.4143353745906473,-0.7300694195318745,0.0,0.03566431072425825,0.10063629326133343,0.1061118139078225,0.02122236278156448
-0.8695798114826495,-0.7300694195318745,0.0,0.03566431072425825,0.10518873763025345,0.11066425827674252,0.022132851655348486
-0.8716777121134882,-0.7300694195318745,0.0,0.03568528973056664,0.10520971663656184,0.11068523728305091,0.022137047456610163
-0.8716777121134882,-0.6083911829432288,0.0,0.0369020720964531,0.1064264990024483,0.11190201964893737,0.022380403929787455
-0.8716777121134882,-0.6083911829432288,0.0,0.0369020720964531,0.1064264990024483,0.11190201964893737,0.022380403929787455
-0.8695798114826495,-0.6083911829432288,0.0,0.0369020720964531,0.10644747800875669,0.11192299865524576,0.022384599731049133
-0.46048918846909914,-0.6083911829432288,0.0,0.0369020720964531,0.11053838423889219,0.11601390488538126,0.02320278097707623
-0.45839128783826033,-0.6083911829432288,0.0,0.036923051102761485,0.11055936324520058,0.11603488389168964,0.02320697677833791
-0.45839128783826033,-0.6083911829432288,0.0,0.036923051102761485,0.11055936324520058,0.11603488389168964,0.02320697677833791
-0.45629338720742174,-0.6083911829432288,0.0,0.036944030109069874,0.11058034225150896,0.11605586289799803,0.023211172579599586
-0.18776210646006564,-0.6083911829432288,0.0,0.039629342916543436,0.11326565505898252,0.11874117570547159,0.0237482351410943
-0.18566420582922682,-0.6083911829432288,0.0,0.039650321922851825,0.11328663406529091,0.11876215471177998,0.023752430942355976
-0.18566420582922682,-0.6083911829432288,0.0,0.039650321922851825,0.11328663406529091,0.11876215471177998,0.023752430942355976
-0.183566305198388,-0.6083911829432288,0.0,0.039671300929160214,0.11328663406529091,0.11878313371808837,0.023756626743617653
0.1856642058292266,-0.6083911829432288,0.0,0.04336360603943636,0.11328663406529091,0.12247543882836451,0.02449508776567288
0.18776210646006541,-0.6083911829432288,0.0,0.04338458504574475,0.1133076130715993,0.1224964178346729,0.02449928356693456
0.18776210646006541,-0.6083911829432288,0.0,0.04338458504574475,0.1133076130715993,0.1224964178346729,0.02449928356693456
0.189860007090904,-0.6083911829432288,0.0,0.04340556405205314,0.11332859207790769,0.12251739684098129,0.024503479368196236
0.45839128783826033,-0.6083911829432288,0.0,0.0460908768595267,0.11601390488538126,0.12520270964845484,0.02504054192969095
0.4604891884690989,-0.6083911829432288,0.0,0.04611185586583509,0.11603488389168964,0.12522368865476322,0.025044737730952626
0.4604891884690989,-0.6083911829432288,0.0,0.04611185586583509,0.11603488389168964,0.12522368865476322,0.025044737730952626
0.46258708909993773,-0.6083911829432288,0.0,0.04611185586583509,0.11605586289799803,0.1252446676610716,0.025048933532214303
0.871677712113488,-0.6083911829432288,0.0,0.04611185586583509,0.12014676912813353,0.1293355738912071,0.025458024155227854
0.7646847799407135,-0.48671294635458306,0.0,0.0477321361130223,0.12176704937532074,0.1309558541383943,0.025782080204665294
0.7646847799407135,-0.48671294635458306,0.0,0.0477321361130223,0.12176704937532074,0.1309558541383943,0.025782080204665294
0.7625868793098747,-0.48671294635458306,0.0,0.0477321361130223,0.12178802838162912,0.13097683314470268,0.02578627600592697
0.5087409029783896,-0.48671294635458306,0.0,0.0477321361130223,0.12432648814494397,0.13351529290801753,0.02629396795858994
0.5066430023475508,-0.48671294635458306,0.0,0.04775311511933069,0.12434746715125236,0.1335362719143259,0.02629816375985162
0.5066430023475508,-0.48671294635458306,0.0,0.04775311511933069,0.12434746715125236,0.1335362719143259,0.02629816375985162
0.504545101716712,-0.48671294635458306,0.0,0.04777409412563908,0.12436844615756075,0.13355725092063428,0.026302359561113296
0.23601382096935586,-0.48671294635458306,0.0,0.05045940693311264,0.12705375896503432,0.13624256372810783,0.02683942212260801
0.23391592033851727,-0.48671294635458306,0.0,0.05048038593942103,0.1270747379713427,0.1362635427344162,0.026843617923869686
0.23391592033851727,-0.48671294635458306,0.0,0.05048038593942103,0.1270747379713427,0.1362635427344162,0.026843617923869686
0.23181801970767846,-0.48671294635458306,0.0,0.05050136494572942,0.1270747379713427,0.13628452174072458,0.026847813725131363
-0.23181801970767868,-0.48671294635458306,0.0,0.05513772533988299,0.1270747379713427,0.14092088213487816,0.027775085803962075
-0.2339159203385175,-0.48671294635458306,0.0,0.05515870434619138,0.12709571697765107,0.14094186114118654,0.027779281605223752
-0.2339159203385175,-0.48671294635458306,0.0,0.05515870434619138,0.12709571697765107,0.14094186114118654,0.027779281605223752
-0.23601382096935608,-0.48671294635458306,0.0,0.055179683352499766,0.12711669598395944,0.1409628401474949,0.02778347740648543
-0.5045451017167123,-0.48671294635458306,0.0,0.05786499615997333,0.129802008791433,0.14364815295496847,0.028320539967980143
-0.506643002347551,-0.48671294635458306,0.0,0.05788597516628172,0.12982298779774137,0.14366913196127684,0.02832473576924182
-0.506643002347551,-0.48671294635458306,0.0,0.05788597516628172,0.12982298779774137,0.14366913196127684,0.02832473576924182
-0.5087409029783897,-0.48671294635458306,0.0,0.05788597516628172,0.12984396680404975,0.14369011096758522,0.028328931570503497
-0.7625868793098748,-0.48671294635458306,0.0,0.05788597516628172,0.1323824265673646,0.14622857073090006,0.028836623523166467
-0.7646847799407135,-0.48671294635458306,0.0,0.057906954172590105,0.13240340557367297,0.14624954973720844,0.028840819324428144
-0.8087406931883266,-0.3650347097659372,0.0,0.057906954172590105,0.13369748890759717,0.14754363307113263,0.029099635991212985
-0.5569926174876803,-0.3650347097659372,0.0,0.057906954172590105,0.13621496966460364,0.1500611138281391,0.02960313214261428
-0.5548947168568416,-0.3650347097659372,0.0,0.057927933178898494,0.13623594867091202,0.15008209283444748,0.029607327943875956
-0.5548947168568416,-0.3650347097659372,0.0,0.057927933178898494,0.13623594867091202,0.15008209283444748,0.029607327943875956
-0.5527968162260029,-0.3650347097659372,0.0,0.05794891218520688,0.1362569276772204,0.15010307184075586,0.029611523745137633
-0.28216763484780794,-0.3650347097659372,0.0,0.060655203998988834,0.13896321949100235,0.15280936365453782,0.030152782107894023
-0.2800697342169691,-0.3650347097659372,0.0,0.06067618300529722,0.13898419849731072,0.1528303426608462,0.0301569779091557
-0.2800697342169691,-0.3650347097659372,0.0,0.06067618300529722,0.13898419849731072,0.1528303426608462,0.0301569779091557
-0.27797183358613053,-0.3650347097659372,0.0,0.06069716201160561,0.13898419849731072,0.15285132166715457,0.030161173710417377
-0.005244751577096807,-0.3650347097659372,0.0,0.06342443283169595,0.13898419849731072,0.1555785924872449,0.030706627874435444
-0.0031468509462582173,-0.3650347097659372,0.0,0.06344541183800434,0.1390051775036191,0.15559957149355327,0.03071082367569712
-0.0031468509462582173,-0.3650347097659372,0.0,0.06344541183800434,0.1390051775036191,0.15559957149355327,0.03071082367569712
-0.0010489503154194058,-0.3650347097659372,0.0,0.06346639084431273,0.13902615650992747,0.15562055049986165,0.0307150194769588
0.009440552838774208,-0.3650347097659372,0.0,0.06357128587585466,0.1391310515414694,0.15572544553140358,0.030735998483267187
0.011538453469612797,-0.3650347097659372,0.0,0.06359226488216305,0.13915203054777778,0.15574642453771195,0.030740194284528864
0.011538453469612797,-0.3650347097659372,0.0,0.06359226488216305,0.13915203054777778,0.15574642453771195,0.030740194284528864
0.013636354100451609,-0.3650347097659372,0.0,0.06361324388847144,0.13915203054777778,0.15576740354402033,0.03074439008579054
0.2779718335861303,-0.3650347097659372,0.0,0.06625659868332823,0.13915203054777778,0.1584107583388771,0.0312730610447619
0.2800697342169691,-0.3650347097659372,0.0,0.06627757768963662,0.13917300955408615,0.15843173734518548,0.03127725684602358
0.2800697342169691,-0.3650347097659372,0.0,0.06627757768963662,0.13917300955408615,0.15843173734518548,0.03127725684602358
0.2821676348478077,-0.3650347097659372,0.0,0.066298556695945,0.13919398856039453,0.15845271635149386,0.03128145264728526
0.2821676348478077,-0.3650347097659372,0.0,0.066298556695945,0.13919398856039453,0.15845271635149386,0.03128145264728526
0.2842655354786465,-0.3650347097659372,0.0,0.0663195357022534,0.1392149675667029,0.15847369535780223,0.03128564844854694
0.5527968162260024,-0.3650347097659372,0.0,0.06900484850972695,0.14190028037417646,0.16115900816527579,0.03182271101004165
0.5548947168568412,-0.3650347097659372,0.0,0.06902582751603534,0.14192125938048483,0.16117998717158416,0.03182690681130333
0.5548947168568412,-0.3650347097659372,0.0,0.06902582751603534,0.14192125938048483,0.16117998717158416,0.03182690681130333
0.55699261748768,-0.3650347097659372,0.0,0.06902582751603534,0.1419422383867932,0.16120096617789254,0.03183110261256501
0.8087406931883263,-0.3650347097659372,0.0,0.06902582751603534,0.14445971914379968,0.163718446934899,0.032334598763966306
0.8108385938191651,-0.3650347097659372,0.0,0.06904680652234373,0.14448069815010806,0.16373942594120738,0.032338794565227987
0.8548945070667784,-0.24335647317729148,0.0,0.06904680652234373,0.14577478148403225,0.16503350927513158,0.032597611232012824
0.6052443319969705,-0.24335647317729148,0.0,0.06904680652234373,0.14827128323473032,0.16753001102582965,0.03309691158215244
0.6031464313661321,-0.24335647317729148,0.0,0.06906778552865211,0.1482922622410387,0.16755099003213803,0.03310110738341411
0.6031464313661321,-0.24335647317729148,0.0,0.06906778552865211,0.1482922622410387,0.16755099003213803,0.03310110738341411
0.6010485307352933,-0.24335647317729148,0.0,0.0690887645349605,0.14831324124734707,0.1675719690384464,0.03310530318467579
0.6010485307352933,-0.24335647317729148,0.0,0.0690887645349605,0.14831324124734707,0.1675719690384464,0.03310530318467579
0.5989506301044545,-0.24335647317729148,0.0,0.06910974354126889,0.14833422025365545,0.16759294804475477,0.03310949898593747
0.3304193493570984,-0.24335647317729148,0.0,0.07179505634874245,0.151019533061129,0.17027826085222833,0.03364656154743218
0.32832144872625957,-0.24335647317729148,0.0,0.07181603535505084,0.15104051206743738,0.1702992398585367,0.03365075734869386
0.32832144872625957,-0.24335647317729148,0.0,0.07181603535505084,0.15104051206743738,0.1702992398585367,0.03365075734869386
0.32622354809542076,-0.24335647317729148,0.0,0.07183701436135922,0.15104051206743738,0.17032021886484508,0.03365495314995554
0.05979016797890346,-0.24335647317729148,0.0,0.07450134816252439,0.15104051206743738,0.17298455266601026,0.03418781991018858
0.05769226734806465,-0.24335647317729148,0.0,0.07452232716883278,0.15106149107374575,0.17300553167231864,0.03419201571145026
0.05769226734806465,-0.24335647317729148,0.0,0.07452232716883278,0.15106149107374575,0.17300553167231864,0.03419201571145026
0.05559436671722606,-0.24335647317729148,0.0,0.07454330617514117,0.15108247008005413,0.173026510678627,0.03419621151271194
-0.04930066482471007,-0.24335647317729148,0.0,0.07559225649056053,0.15213142039547348,0.17407546099404636,0.03440600157579581
-0.05139856545554866,-0.24335647317729148,0.0,0.07561323549686892,0.15215239940178185,0.17409644000035474,0.03441019737705749
-0.05139856545554866,-0.24335647317729148,0.0,0.07561323549686892,0.15215239940178185,0.17409644000035474,0.03441019737705749
-0.05349646608638747,-0.24335647317729148,0.0,0.07563421450317731,0.15215239940178185,0.1741174190066631,0.03441439317831917
-0.3241256474645824,-0.24335647317729148,0.0,0.07834050631695925,0.15215239940178185,0.17682371082044507,0.034955651541075564
-0.326223548095421,-0.24335647317729148,0.0,0.07836148532326764,0.15217337840809023,0.17684468982675344,0.034959847342337244
-0.326223548095421,-0.24335647317729148,0.0,0.07836148532326764,0.15217337840809023,0.17684468982675344,0.034959847342337244
-0.3283214487262598,-0.24335647317729148,0.0,0.07838246432957603,0.1521943574143986,0.17686566883306182,0.034964043143598925
-0.5989506301044547,-0.24335647317729148,0.0,0.08108875614335798,0.15490064922818056,0.17957196064684378,0.035505301506355315
-0.6010485307352934,-0.24335647317729148,0.0,0.08110973514966636,0.15492162823448893,0.17959293965315215,0.035509497307616995
-0.6010485307352934,-0.24335647317729148,0.0,0.08110973514966636,0.15492162823448893,0.17959293965315215,0.035509497307616995
-0.6031464313661321,-0.24335647317729148,0.0,0.08110973514966636,0.1549426072407973,0.17961391865946053,0.035513693108878676
-0.8548945070667785,-0.24335647317729148,0.0,0.08110973514966636,0.15746008799780378,0.182131399416467,0.03601718926027997
-0.9010483209452304,-0.12167823658864574,0.0,0.08241111010696535,0.15876146295510277,0.18343277437376598,0.03627746425173976
-0.9010483209452304,-0.12167823658864574,0.0,0.08241111010696535,0.15876146295510277,0.18343277437376598,0.03627746425173976
-0.8989504203143917,-0.12167823658864574,0.0,0.08241111010696535,0.15878244196141114,0.18345375338007436,0.036281660053001444
-0.6513981458754227,-0.12167823658864574,0.0,0.08241111010696535,0.16125796470580084,0.18592927612446405,0.03677676460187938
-0.649300245244584,-0.12167823658864574,0.0,0.08243208911327374,0.1612789437121092,0.18595025513077243,0.036780960403141064
-0.649300245244584,-0.12167823658864574,0.0,0.08243208911327374,0.1612789437121092,0.18595025513077243,0.036780960403141064
-0.6472023446137453,-0.12167823658864574,0.0,0.08245306811958213,0.1612999227184176,0.1859712341370808,0.036785156204402744
-0.37657316323555023,-0.12167823658864574,0.0,0.08515935993336407,0.16400621453219955,0.18867752595086276,0.037326414567159134
-0.37447526260471165,-0.12167823658864574,0.0,0.08518033893967246,0.16402719353850792,0.18869850495717114,0.037330610368420815
-0.37447526260471165,-0.12167823658864574,0.0,0.08518033893967246,0.16402719353850792,0.18869850495717114,0.037330610368420815
-0.37237736197387283,-0.12167823658864574,0.0,0.08520131794598085,0.16402719353850792,0.1887194839634795,0.037334806169682495
-0.10174818059567792,-0.12167823658864574,0.0,0.08790760975976279,0.16402719353850792,0.19142577577726147,0.037876064532438886
-0.09965027996483933,-0.12167823658864574,0.0,0.08792858876607118,0.1640481725448163,0.19144675478356984,0.037880260333700566
-0.09965027996483933,-0.12167823658864574,0.0,0.08792858876607118,0.1640481725448163,0.19144675478356984,0.037880260333700566
-0.09755237933400052,-0.12167823658864574,0.0,0.08794956777237957,0.16406915155112467,0.19146773378987822,0.03788445613496225
0.10174818059567792,-0.12167823658864574,0.0,0.08994257337167635,0.16606215715042144,0.193460739389175,0.038283057254821604
0.1038460812265165,-0.12167823658864574,0.0,0.08996355237798474,0.16608313615672982,0.19348171839548337,0.038287253056083284
0.1038460812265165,-0.12167823658864574,0.0,0.08996355237798474,0.16608313615672982,0.19348171839548337,0.038287253056083284
0.10594398185735532,-0.12167823658864574,0.0,0.08998453138429313,0.16608313615672982,0.19350269740179174,0.038291448857344965
0.3723773619738726,-0.12167823658864574,0.0,0.0926488651854583,0.16608313615672982,0.19616703120295692,0.038824315617578
0.3744752626047114,-0.12167823658864574,0.0,0.09266984419176669,0.1661041151630382,0.1961880102092653,0.03882851141883968
0.3744752626047114,-0.12167823658864574,0.0,0.09266984419176669,0.1661041151630382,0.1961880102092653,0.03882851141883968
0.37657316323555023,-0.12167823658864574,0.0,0.09269082319807508,0.16612509416934657,0.19620898921557367,0.03883270722010136
0.6472023446137449,-0.12167823658864574,0.0,0.09539711501185702,0.16883138598312852,0.19891528102935563,0.03937396558285775
0.6493002452445837,-0.12167823658864574,0.0,0.09541809401816541,0.1688523649894369,0.198936260035664,0.03937816138411943
0.6493002452445837,-0.12167823658864574,0.0,0.09541809401816541,0.1688523649894369,0.198936260035664,0.03937816138411943
0.6513981458754226,-0.12167823658864574,0.0,0.09541809401816541,0.16887334399574527,0.19895723904197238,0.03938235718538111
0.90104832094523,-0.12167823658864574,0.0,0.09541809401816541,0.17136984574644334,0.20145374079267045,0.039881657535520726
0.9472021348236821,0.0,0.0,0.09671946897546439,0.17267122070374233,0.20275511574996943,0.04014193252698052
0.9472021348236821,0.0,0.0,0.09671946897546439,0.17267122070374233,0.20275511574996943,0.04014193252698052
0.9451042341928433,0.0,0.0,0.09671946897546439,0.1726921997100507,0.2027760947562778,0.0401461283282422
0.699649860384713,0.0,0.0,0.09671946897546439,0.175146743448132,0.2052306384943591,0.04063703707585846
0.6975519597538742,0.0,0.0,0.09674044798177278,0.17516772245444037,0.20525161750066748,0.04064123287712014
0.6975519597538742,0.0,0.0,0.09674044798177278,0.17516772245444037,0.20525161750066748,0.04064123287712014
0.6954540591230354,0.0,0.0,0.09676142698808117,0.17518870146074875,0.20527259650697585,0.04064542867838182
0.4248248777448407,0.0,0.0,0.09946771880186311,0.1778949932745307,0.2079788883207578,0.04118668704113821
0.4227269771140021,0.0,0.0,0.0994886978081715,0.17791597228083908,0.20799986732706618,0.04119088284239989
0.4227269771140021,0.0,0.0,0.0994886978081715,0.17791597228083908,0.20799986732706618,0.04119088284239989
0.4206290764831633,0.0,0.0,0.09950967681447989,0.17791597228083908,0.20802084633337456,0.04119507864366157
0.15209779573580717,0.0,0.0,0.10219498962195345,0.17791597228083908,0.21070615914084811,0.04173214120515628
0.14999989510496836,0.0,0.0,0.10221596862826184,0.17793695128714745,0.2107271381471565,0.04173633700641796
0.14999989510496836,0.0,0.0,0.10221596862826184,0.17793695128714745,0.2107271381471565,0.04173633700641796
0.14790199447412955,0.0,0.0,0.10223694763457022,0.17795793029345583,0.21074811715346486,0.04174053280767964
-0.14370619321245237,0.0,0.0,0.10515302951143604,0.18087401217032165,0.21366419903033068,0.0423237491830528
-0.14580409384329118,0.0,0.0,0.10517400851774443,0.18089499117663002,0.21368517803663906,0.04232794498431448
-0.14580409384329118,0.0,0.0,0.10517400851774443,0.18089499117663002,0.21368517803663906,0.04232794498431448
-0.14790199447412977,0.0,0.0,0.10519498752405282,0.18089499117663002,0.21370615704294743,0.042332140785576164
-0.4185311758523247,0.0,0.0,0.10790127933783476,0.18089499117663002,0.2164124488567294,0.042873399148332554
-0.4206290764831635,0.0,0.0,0.10792225834414315,0.1809159701829384,0.21643342786303776,0.042877594949594235
-0.4206290764831635,0.0,0.0,0.10792225834414315,0.1809159701829384,0.21643342786303776,0.042877594949594235
-0.4227269771140021,0.0,0.0,0.10794323735045154,0.18093694918924677,0.21645440686934614,0.042881790750855915
-0.693356158492197,0.0,0.0,0.11064952916423348,0.18364324100302873,0.2191606986831281,0.043423049113612305
-0.6954540591230358,0.0,0.0,0.11067050817054187,0.1836642200093371,0.21918167768943647,0.043427244914873986
-0.6954540591230358,0.0,0.0,0.11067050817054187,0.1836642200093371,0.21918167768943647,0.043427244914873986
-0.6975519597538745,0.0,0.0,0.11067050817054187,0.18368519901564548,0.21920265669574485,0.043431440716135666
-0.9451042341928435,0.0,0.0,0.11067050817054187,0.18616072176003517,0.22167817944013454,0.043926545265013606
-0.9912580480712953,0.12167823658864574,0.0,0.11067050817054187,0.18746209671733416,0.22297955439743353,0.0441868202564734
-0.7458036742631651,0.12167823658864574,0.0,0.11067050817054187,0.18991664045541545,0.22543409813551482,0.04467772900408966
-0.7437057736323264,0.12167823658864574,0.0,0.11069148717685026,0.18993761946172383,0.2254550771418232,0.04468192480535134
-0.7437057736323264,0.12167823658864574,0.0,0.11069148717685026,0.18993761946172383,0.2254550771418232,0.04468192480535134
-0.7416078730014877,0.12167823658864574,0.0,0.11071246618315865,0.1899585984680322,0.22547605614813157,0.04468612060661302
-0.47097869162329276,0.12167823658864574,0.0,0.1134187579969406,0.19266489028181416,0.22818234796191353,0.04522737896936941
-0.46888079099245394,0.12167823658864574,0.0,0.11343973700324898,0.19268586928812254,0.2282033269682219,0.04523157477063109
-0.46888079099245394,0.12167823658864574,0.0,0.11343973700324898,0.19268586928812254,0.2282033269682219,0.04523157477063109
-0.46678289036161535,0.12167823658864574,0.0,0.11346071600955737,0.19268586928812254,0.22822430597453028,0.04523577057189277
-0.19615370898342044,0.12167823658864574,0.0,0.11616700782333932,0.19268586928812254,0.23093059778831224,0.04577702893464916
-0.19405580835258163,0.12167823658864574,0.0,0.1161879868296477,0.1927068482944309,0.2309515767946206,0.04578122473591084
-0.19405580835258163,0.12167823658864574,0.0,0.1161879868296477,0.1927068482944309,0.2309515767946206,0.04578122473591084
-0.19195790772174304,0.12167823658864574,0.0,0.1162089658359561,0.19272782730073929,0.23097255580092899,0.04578542053717252
0.1940558083525814,0.12167823658864574,0.0,0.12006910299669935,0.19658796446148252,0.23483269296167222,0.046557447969321174
0.19615370898342022,0.12167823658864574,0.0,0.12009008200300773,0.1966089434677909,0.2348536719679806,0.046561643770582854
0.19615370898342022,0.12167823658864574,0.0,0.12009008200300773,0.1966089434677909,0.2348536719679806,0.046561643770582854
0.19825160961425903,0.12167823658864574,0.0,0.12011106100931612,0.1966089434677909,0.23487465097428897,0.046565839571844535
0.46678289036161513,0.12167823658864574,0.0,0.12279637381678968,0.1966089434677909,0.23755996378176253,0.047102902133339244
0.4688807909924537,0.12167823658864574,0.0,0.12281735282309807,0.19662992247409927,0.2375809427880709,0.047107097934600925
0.4688807909924537,0.12167823658864574,0.0,0.12281735282309807,0.19662992247409927,0.2375809427880709,0.047107097934600925
0.47097869162329253,0.12167823658864574,0.0,0.12283833182940646,0.19665090148040765,0.23760192179437928,0.047111293735862605
0.7416078730014874,0.12167823658864574,0.0,0.1255446236431884,0.1993571932941896,0.24030821360816124,0.047652552098618996
0.7437057736323263,0.12167823658864574,0.0,0.1255656026494968,0.19937817230049798,0.2403291926144696,0.047656747899880676
0.7437057736323263,0.12167823658864574,0.0,0.1255656026494968,0.19937817230049798,0.2403291926144696,0.047656747899880676
0.7458036742631651,0.12167823658864574,0.0,0.1255656026494968,0.19939915130680635,0.24035017162077799,0.04766094370114236
0.9912580480712949,0.12167823658864574,0.0,0.1255656026494968,0.20185369504488765,0.24280471535885928,0.048151852448758616
1.037411861949747,0.24335647317729148,0.0,0.1255656026494968,0.20315507000218663,0.24410609031615826,0.04841212744021841
0.7940553887724555,0.24335647317729148,0.0,0.1255656026494968,0.20558863473395955,0.24653965504793118,0.048898840386572995
0.7919574881416167,0.24335647317729148,0.0,0.12558658165580516,0.20560961374026793,0.24656063405423956,0.048903036187834675
0.7919574881416167,0.24335647317729148,0.0,0.12558658165580516,0.20560961374026793,0.24656063405423956,0.048903036187834675
0.7898595875107779,0.24335647317729148,0.0,0.12560756066211354,0.2056305927465763,0.24658161306054793,0.048907231989096356
0.5192304061325832,0.24335647317729148,0.0,0.1283138524758955,0.20833688456035826,0.2492879048743299,0.049448490351852746
0.5171325055017444,0.24335647317729148,0.0,0.12833483148220387,0.20835786356666663,0.24930888388063827,0.04945268615311443
0.5171325055017444,0.24335647317729148,0.0,0.12833483148220387,0.20835786356666663,0.24930888388063827,0.04945268615311443
0.5150346048709056,0.24335647317729148,0.0,0.12835581048851225,0.20835786356666663,0.24932986288694664,0.04945688195437611
-0.5129367042400671,0.24335647317729148,0.0,0.13863552357962197,0.20835786356666663,0.2596095759780564,0.05151282457259805
-0.5150346048709059,0.24335647317729148,0.0,0.13865650258593035,0.208378842572975,0.25963055498436477,0.05151702037385973
-0.5150346048709059,0.24335647317729148,0.0,0.13865650258593035,0.208378842572975,0.25963055498436477,0.05151702037385973
-0.5171325055017446,0.24335647317729148,0.0,0.13867748159223872,0.20839982157928338,0.25965153399067314,0.05152121617512141
-0.7877616868799394,0.24335647317729148,0.0,0.14138377340602068,0.21110611339306534,0.2623578258044551,0.0520624745378778
-0.7898595875107782,0.24335647317729148,0.0,0.14140475241232905,0.21112709239937372,0.2623788048107635,0.05206667033913948
-0.7898595875107782,0.24335647317729148,0.0,0.14140475241232905,0.21112709239937372,0.2623788048107635,0.05206667033913948
-0.7919574881416169,0.24335647317729148,0.0,0.14140475241232905,0.2111480714056821,0.26239978381707185,0.05207086614040116
-1.0353139613189084,0.24335647317729148,0.0,0.14140475241232905,0.213581636137455,0.26483334854884477,0.05255757908675575
-1.0374118619497472,0.24335647317729148,0.0,0.14142573141863743,0.21360261514376339,0.26485432755515315,0.05256177488801743
-1.0835656758281988,0.3650347097659372,0.0,0.1427271063759364,0.21490399010106237,0.26615570251245213,0.05282204987947722
-1.0835656758281988,0.3650347097659372,0.0,0.1427271063759364,0.21490399010106237,0.26615570251245213,0.05282204987947722
-1.0814677751973603,0.3650347097659372,0.0,0.1427271063759364,0.21492496910737074,0.2661766815187605,0.052826245680738904
-0.8402092026509075,0.3650347097659372,0.0,0.1427271063759364,0.21733755483283526,0.26858926724422505,0.05330876282583181
-0.8381113020200688,0.3650347097659372,0.0,0.1427480853822448,0.21735853383914364,0.2686102462505334,0.05331295862709349
-0.8381113020200688,0.3650347097659372,0.0,0.1427480853822448,0.21735853383914364,0.2686102462505334,0.05331295862709349
-0.83601340138923,0.3650347097659372,0.0,0.14276906438855316,0.217379512845452,0.2686312252568418,0.05331715442835517
-0.5632863193801965,0.3650347097659372,0.0,0.1454963352086435,0.22010678366554234,0.27135849607693213,0.05386260859237323
-0.5611884187493577,0.3650347097659372,0.0,0.14551731421495187,0.22012776267185072,0.2713794750832405,0.053866804393634914
-0.5611884187493577,0.3650347097659372,0.0,0.14551731421495187,0.22012776267185072,0.2713794750832405,0.053866804393634914
-0.559090518118519,0.3650347097659372,0.0,0.14553829322126025,0.22012776267185072,0.2714004540895489,0.053871000194896594
0.5611884187493577,0.3650347097659372,0.0,0.15674108258993902,0.22012776267185072,0.2826032434582276,0.05611155806863235
0.563286319380196,0.3650347097659372,0.0,0.1567620615962474,0.2201487416781591,0.282624222464536,0.05611575386989402
0.563286319380196,0.3650347097659372,0.0,0.1567620615962474,0.2201487416781591,0.282624222464536,0.05611575386989402
0.5653842200110348,0.3650347097659372,0.0,0.15678304060255577,0.22016972068446747,0.2826452014708444,0.0561199496711557
0.83601340138923,0.3650347097659372,0.0,0.15948933241633773,0.22287601249824943,0.28535149328462633,0.05666120803391209
0.8381113020200683,0.3650347097659372,0.0,0.1595103114226461,0.2228969915045578,0.2853724722909347,0.05666540383517377
0.8381113020200683,0.3650347097659372,0.0,0.1595103114226461,0.2228969915045578,0.2853724722909347,0.05666540383517377
0.8402092026509071,0.3650347097659372,0.0,0.1595103114226461,0.22291797051086618,0.2853934512972431,0.05666959963643545
1.0814677751973603,0.3650347097659372,0.0,0.1595103114226461,0.22533055623633072,0.28780603702270763,0.05715211678152835
1.0835656758281986,0.3650347097659372,0.0,0.15953129042895448,0.2253515352426391,0.287827016029016,0.057156312582790025
1.1297194897066507,0.48671294635458295,0.0,0.16083266538625346,0.22665291019993808,0.289128390986315,0.05741658757424982
1.1297194897066507,0.48671294635458295,0.0,0.16083266538625346,0.22665291019993808,0.289128390986315,0.05741658757424982
1.127621589075812,0.48671294635458295,0.0,0.16083266538625346,0.22667388920624645,0.28914936999262336,0.0574207833755115
0.888460917160198,0.48671294635458295,0.0,0.16083266538625346,0.2290654959254026,0.2915409767117795,0.05789910471934273
0.8863630165293592,0.48671294635458295,0.0,0.16085364439256183,0.22908647493171097,0.29156195571808785,0.05790330052060441
0.8863630165293592,0.48671294635458295,0.0,0.16085364439256183,0.22908647493171097,0.29156195571808785,0.05790330052060441
0.8842651158985204,0.48671294635458295,0.0,0.1608746233988702,0.22910745393801935,0.2915829347243962,0.05790749632186609
0.6136359345203257,0.48671294635458295,0.0,0.16358091521265217,0.2318137457518013,0.2942892265381782,0.05844875468462248
0.6115380338894869,0.48671294635458295,0.0,0.16360189421896054,0.23183472475810968,0.29431020554448656,0.05845295048588416
0.6115380338894869,0.48671294635458295,0.0,0.16360189421896054,0.23183472475810968,0.29431020554448656,0.05845295048588416
0.6094401332586481,0.48671294635458295,0.0,0.16362287322526892,0.23183472475810968,0.29433118455079493,0.05845714628714584
0.340908852511292,0.48671294635458295,0.0,0.16630818603274247,0.23183472475810968,0.2970164973582685,0.05899420884864055
0.3388109518804532,0.48671294635458295,0.0,0.16632916503905085,0.23185570376441805,0.2970374763645769,0.058998404649902234
0.3388109518804532,0.48671294635458295,0.0,0.16632916503905085,0.23185570376441805,0.2970374763645769,0.058998404649902234
0.33671305124961437,0.48671294635458295,0.0,0.16635014404535922,0.23187668277072643,0.29705845537088527,0.059002600451163914
-0.3367130512496146,0.48671294635458295,0.0,0.1730844050703515,0.2386109437957187,0.30379271639587757,0.06034945265616237
-0.3388109518804534,0.48671294635458295,0.0,0.17310538407665987,0.23863192280202708,0.30381369540218595,0.06035364845742405
-0.3388109518804534,0.48671294635458295,0.0,0.17310538407665987,0.23863192280202708,0.30381369540218595,0.06035364845742405
-0.340908852511292,0.48671294635458295,0.0,0.17312636308296825,0.23863192280202708,0.3038346744084943,0.06035784425868573
-0.6073422326278095,0.48671294635458295,0.0,0.17579069688413343,0.23863192280202708,0.3064990082096595,0.06089071101891877
-0.6094401332586482,0.48671294635458295,0.0,0.1758116758904418,0.23865290180833545,0.30651998721596785,0.06089490682018045
-0.6094401332586482,0.48671294635458295,0.0,0.1758116758904418,0.23865290180833545,0.30651998721596785,0.06089490682018045
-0.611538033889487,0.48671294635458295,0.0,0.17583265489675018,0.23867388081464383,0.3065409662222762,0.06089910262144213
-0.8842651158985205,0.48671294635458295,0.0,0.1785599257168405,0.24140115163473416,0.30926823704236656,0.061444556785460194
-0.8863630165293593,0.48671294635458295,0.0,0.1785809047231489,0.24142213064104254,0.30928921604867493,0.061448752586721875
-0.8863630165293593,0.48671294635458295,0.0,0.1785809047231489,0.24142213064104254,0.30928921604867493,0.061448752586721875
-0.888460917160198,0.48671294635458295,0.0,0.1785809047231489,0.2414431096473509,0.3093101950549833,0.061452948387983555
-1.1276215890758121,0.48671294635458295,0.0,0.1785809047231489,0.24383471636650705,0.3117018017741394,0.061931269731814786
-1.173775402954264,0.6083911829432289,0.0,0.17988227968044787,0.24513609132380604,0.3130031767314384,0.06219154472327458
-1.173775402954264,0.6083911829432289,0.0,0.17988227968044787,0.24513609132380604,0.3130031767314384,0.06219154472327458
-1.1716775023234252,0.6083911829432289,0.0,0.17988227968044787,0.2451570703301144,0.3130241557377468,0.06219574052453626
-0.9346147310386499,0.6083911829432289,0.0,0.17988227968044787,0.24752769804296215,0.3153947834505945,0.06266986606710581
-0.9325168304078112,0.6083911829432289,0.0,0.17990325868675625,0.24754867704927053,0.3154157624569029,0.06267406186836749
-0.9325168304078112,0.6083911829432289,0.0,0.17990325868675625,0.24754867704927053,0.3154157624569029,0.06267406186836749
-0.9304189297769724,0.6083911829432289,0.0,0.17992423769306462,0.2475696560555789,0.31543674146321127,0.06267825766962917
-0.6576918477679389,0.6083911829432289,0.0,0.18265150851315495,0.25029692687566923,0.3181640122833016,0.06322371183364724
-0.6555939471371001,0.6083911829432289,0.0,0.18267248751946333,0.2503179058819776,0.31818499128961,0.06322790763490892
-0.6555939471371001,0.6083911829432289,0.0,0.18267248751946333,0.2503179058819776,0.31818499128961,0.06322790763490892
-0.6534960465062614,0.6083911829432289,0.0,0.1826934665257717,0.2503179058819776,0.31820597029591835,0.0632321034361706
-0.38916056702058266,0.6083911829432289,0.0,0.18533682132062848,0.2503179058819776,0.32084932509077513,0.06376077439514195
-0.38706266638974385,0.6083911829432289,0.0,0.18535780032693686,0.250338884888286,0.3208703040970835,0.06376497019640363
-0.38706266638974385,0.6083911829432289,0.0,0.18535780032693686,0.250338884888286,0.3208703040970835,0.06376497019640363
-0.38496476575890526,0.6083911829432289,0.0,0.18537877933324523,0.25035986389459436,0.3208912831033919,0.06376916599766531
0.38496476575890504,0.6083911829432289,0.0,0.19307807464842333,0.25805915920977246,0.32859057841857,0.06530902506070094
0.38706266638974385,0.6083911829432289,0.0,0.1930990536547317,0.25808013821608083,0.32861155742487835,0.06531322086196262
0.38706266638974385,0.6083911829432289,0.0,0.1930990536547317,0.25808013821608083,0.32861155742487835,0.06531322086196262
0.38916056702058244,0.6083911829432289,0.0,0.19312003266104008,0.25808013821608083,0.32863253643118673,0.0653174166632243
0.6555939471370997,0.6083911829432289,0.0,0.19578436646220526,0.25808013821608083,0.3312968702323519,0.06585028342345733
0.6576918477679385,0.6083911829432289,0.0,0.19580534546851364,0.2581011172223892,0.33131784923866026,0.06585447922471901
0.6576918477679385,0.6083911829432289,0.0,0.19580534546851364,0.2581011172223892,0.33131784923866026,0.06585447922471901
0.6597897483987774,0.6083911829432289,0.0,0.195826324474822,0.2581220962286976,0.33133882824496863,0.0658586750259807
0.930418929776972,0.6083911829432289,0.0,0.19853261628860397,0.26082838804247954,0.3340451200587506,0.06639993338873708
0.9325168304078109,0.6083911829432289,0.0,0.19855359529491234,0.2608493670487879,0.33406609906505896,0.06640412918999876
0.9325168304078109,0.6083911829432289,0.0,0.19855359529491234,0.2608493670487879,0.33406609906505896,0.06640412918999876
0.9346147310386497,0.6083911829432289,0.0,0.19857457430122072,0.2608703460550963,0.33408707807136734,0.06640832499126044
0.9346147310386497,0.6083911829432289,0.0,0.19857457430122072,0.2608703460550963,0.33408707807136734,0.06640832499126044
0.9367126316694885,0.6083911829432289,0.0,0.19857457430122072,0.26089132506140467,0.3341080570776757,0.06641252079252212
1.1737754029542635,0.6083911829432289,0.0,0.19857457430122072,0.2632619527742524,0.33647868479052345,0.06688664633509167
1.4989500007342655,0.7300694195318747,0.0,0.19857457430122072,0.26673389909153195,0.339950631107803,0.06723384096681963
0.9828664455479401,0.7300694195318747,0.0,0.19857457430122072,0.2718947346433952,0.34511146665966624,0.06826600807719228
0.9807685449171013,0.7300694195318747,0.0,0.1985955533075291,0.27191571364970357,0.3451324456659746,0.06827020387845396
0.9807685449171013,0.7300694195318747,0.0,0.1985955533075291,0.27191571364970357,0.3451324456659746,0.06827020387845396
0.9786706442862629,0.7300694195318747,0.0,0.19861653231383747,0.27193669265601195,0.345153424672283,0.06827439967971564
0.7101393635389066,0.7300694195318747,0.0,0.20130184512131102,0.27462200546348553,0.3478387374797566,0.06881146224121036
0.7080414629080678,0.7300694195318747,0.0,0.2013228241276194,0.2746429844697939,0.34785971648606495,0.06881565804247204
0.7080414629080678,0.7300694195318747,0.0,0.2013228241276194,0.2746429844697939,0.34785971648606495,0.06881565804247204
0.705943562277229,0.7300694195318747,0.0,0.20134380313392777,0.2746429844697939,0.3478806954923733,0.06881985384373372
0.4374122815298731,0.7300694195318747,0.0,0.20402911594140133,0.2746429844697939,0.3505660082998469,0.06935691640522844
0.4353143808990343,0.7300694195318747,0.0,0.2040500949477097,0.2746639634761023,0.3505869873061553,0.06936111220649012
0.4353143808990343,0.7300694195318747,0.0,0.2040500949477097,0.2746639634761023,0.3505869873061553,0.06936111220649012
0.4332164802681955,0.7300694195318747,0.0,0.20407107395401808,0.27468494248241065,0.35060796631246366,0.0693653080077518
-0.4332164802681957,0.7300694195318747,0.0,0.212735403559382,0.28334927208777455,0.35927229591782756,0.07109817392882459
-0.4353143808990345,0.7300694195318747,0.0,0.21275638256569038,0.2833702510940829,0.35929327492413593,0.07110236973008627
-0.4353143808990345,0.7300694195318747,0.0,0.21275638256569038,0.2833702510940829,0.35929327492413593,0.07110236973008627
-0.4374122815298733,0.7300694195318747,0.0,0.21277736157199875,0.2833702510940829,0.3593142539304443,0.07110656553134795
-0.7017477610155519,0.7300694195318747,0.0,0.21542071636685553,0.2833702510940829,0.3619576087253011,0.0716352364903193
-0.7038456616463906,0.7300694195318747,0.0,0.2154416953731639,0.2833912301003913,0.36197858773160946,0.07163943229158098
-0.7038456616463906,0.7300694195318747,0.0,0.2154416953731639,0.2833912301003913,0.36197858773160946,0.07163943229158098
-0.7059435622772294,0.7300694195318747,0.0,0.21546267437947228,0.2834122091066997,0.36199956673791783,0.07164362809284266
-0.9786706442862629,0.7300694195318747,0.0,0.2181899451995626,0.28613947992679,0.36472683755800817,0.07218908225686073
-0.9807685449171017,0.7300694195318747,0.0,0.218210924205871,0.2861604589330984,0.36474781656431654,0.07219327805812241
-0.9807685449171017,0.7300694195318747,0.0,0.218210924205871,0.2861604589330984,0.36474781656431654,0.07219327805812241
-0.9828664455479404,0.7300694195318747,0.0,0.218210924205871,0.28618143793940676,0.3647687955706249,0.07219747385938409
-1.4968521001034267,0.7300694195318747,0.0,0.218210924205871,0.29132129448496163,0.3699086521161798,0.07322544516849507
-1.4989500007342655,0.7300694195318747,0.0,0.21823190321217936,0.29134227349127,0.36992963112248817,0.07322964096975675
-1.4989500007342655,0.8517476561205204,0.0,0.21944868557806582,0.29255905585715647,0.3711464134883746,0.07347299744293403
-1.4989500007342655,0.8517476561205204,0.0,0.21944868557806582,0.29255905585715647,0.3711464134883746,0.07347299744293403
-1.4968521001034267,0.8517476561205204,0.0,0.21944868557806582,0.29258003486346484,0.371167392494683,0.07347719324419572
-1.0290202594263922,0.8517476561205204,0.0,0.21944868557806582,0.2972583532702352,0.37584571090145336,0.07441285692554979
-1.0269223587955536,0.8517476561205204,0.0,0.2194696645843742,0.2972793322765436,0.37586668990776173,0.07441705272681147
-1.0269223587955536,0.8517476561205204,0.0,0.2194696645843742,0.2972793322765436,0.37586668990776173,0.07441705272681147
-1.0248244581647148,0.8517476561205204,0.0,0.21949064359068257,0.29730031128285195,0.3758876689140701,0.07442124852807315
-0.7898595875107782,0.8517476561205204,0.0,0.22184029229722194,0.2996499599893913,0.37823731762060947,0.07489117826938102
-0.7877616868799394,0.8517476561205204,0.0,0.2218612713035303,0.2996709389956997,0.37825829662691784,0.0748953740706427
-0.7877616868799394,0.8517476561205204,0.0,0.2218612713035303,0.2996709389956997,0.37825829662691784,0.0748953740706427
-0.7856637862491007,0.8517476561205204,0.0,0.22188225030983869,0.2996709389956997,0.3782792756332262,0.07489956987190438
-0.47517449288497016,0.8517476561205204,0.0,0.22498714324348,0.2996709389956997,0.3813841685668675,0.07552054845863264
-0.47307659225413157,0.8517476561205204,0.0,0.22500812224978836,0.29969191800200806,0.3814051475731759,0.07552474425989432
0.47307659225413135,0.8517476561205204,0.0,0.234469654094871,0.3091534498470907,0.39086667941825853,0.07741705062891084
0.47517449288496993,0.8517476561205204,0.0,0.23449063310117937,0.3091744288533991,0.3908876584245669,0.07742124643017252
0.47517449288496993,0.8517476561205204,0.0,0.23449063310117937,0.3091744288533991,0.3908876584245669,0.07742124643017252
0.47727239351580875,0.8517476561205204,0.0,0.23451161210748775,0.3091744288533991,0.3909086374308753,0.0774254422314342
0.7856637862491007,0.8517476561205204,0.0,0.23759552603482068,0.3091744288533991,0.3939925513582082,0.07804222501690079
0.7877616868799391,0.8517476561205204,0.0,0.23761650504112905,0.30919540785970745,0.3940135303645166,0.07804642081816247
0.7877616868799391,0.8517476561205204,0.0,0.23761650504112905,0.30919540785970745,0.3940135303645166,0.07804642081816247
0.7898595875107779,0.8517476561205204,0.0,0.23763748404743743,0.3092163868660158,0.39403450937082496,0.07805061661942415
0.7898595875107779,0.8517476561205204,0.0,0.23763748404743743,0.3092163868660158,0.39403450937082496,0.07805061661942415
0.7919574881416167,0.8517476561205204,0.0,0.2376584630537458,0.3092373658723242,0.39405548837713333,0.07805481242068583
1.0269223587955534,0.8517476561205204,0.0,0.24000811176028516,0.31158701457886356,0.3964051370836727,0.0785247421619937
1.0290202594263922,0.8517476561205204,0.0,0.24002909076659354,0.31160799358517194,0.3964261160899811,0.07852893796325539
1.0290202594263922,0.8517476561205204,0.0,0.24002909076659354,0.31160799358517194,0.3964261160899811,0.07852893796325539
1.0311181600572306,0.8517476561205204,0.0,0.24002909076659354,0.3116289725914803,0.39644709509628945,0.07853313376451707
1.4989500007342655,0.8517476561205204,0.0,0.24002909076659354,0.31630729099825067,0.4011254135030598,0.07946879744587114
1.4989500007342655,0.9734258927091661,0.0,0.24002909076659354,0.3175240733641371,0.40234219586894626,0.07971215391904843
1.2513977262952964,0.9734258927091661,0.0,0.24002909076659354,0.3199995961085268,0.40481771861333593,0.08020725846792637
1.2492998256644576,0.9734258927091661,0.0,0.24005006977290191,0.32002057511483517,0.4048386976196443,0.08021145426918805
1.2492998256644576,0.9734258927091661,0.0,0.24005006977290191,0.32002057511483517,0.4048386976196443,0.08021145426918805
1.2472019250336188,0.9734258927091661,0.0,0.2400710487792103,0.32004155412114355,0.4048596766259527,0.08021565007044973
0.40384587143645345,0.9734258927091661,0.0,0.24850460931518195,0.3284751146571152,0.41329323716192434,0.08190236217764406
0.40174797080561486,0.9734258927091661,0.0,0.24850460931518195,0.3284960936634236,0.4133142161682327,0.08190655797890574
0.16888100078251678,0.9734258927091661,0.0,0.24850460931518195,0.3308247633636546,0.4156428858684637,0.08237229191895193
0.1667831001516782,0.9734258927091661,0.0,0.24852558832149033,0.33084574236996295,0.4156638648747721,0.08237648772021361
0.1667831001516782,0.9734258927091661,0.0,0.24852558832149033,0.33084574236996295,0.4156638648747721,0.08237648772021361
0.16468519952083938,0.9734258927091661,0.0,0.2485465673277987,0.3308667213762713,0.41568484388108046,0.08238068352147529
-0.15839149762832339,0.9734258927091661,0.0,0.25177733429929033,0.3340974883477629,0.41891561085257206,0.08302683691577362
-0.1604893982591622,0.9734258927091661,0.0,0.25177733429929033,0.3341184673540713,0.41893658985888044,0.0830310327170353
-0.3996500701747763,0.9734258927091661,0.0,0.25177733429929033,0.3365100740732274,0.42132819657803655,0.08350935406086653
-0.4017479708056151,0.9734258927091661,0.0,0.2517983133055987,0.3365310530795358,0.4213491755843449,0.08351354986212821
-0.4017479708056151,0.9734258927091661,0.0,0.2517983133055987,0.3365310530795358,0.4213491755843449,0.08351354986212821
-0.4038458714364537,0.9734258927091661,0.0,0.2518192923119071,0.33655203208584417,0.4213701545906533,0.08351774566338989
-1.247201925033619,0.9734258927091661,0.0,0.26025285284787875,0.34498559262181583,0.42980371512662496,0.08520445777058422
-1.2492998256644579,0.9734258927091661,0.0,0.2602738318541871,0.3450065716281242,0.42982469413293334,0.0852086535718459
-1.2492998256644579,0.9734258927091661,0.0,0.2602738318541871,0.3450065716281242,0.42982469413293334,0.0852086535718459
-1.2513977262952967,0.9734258927091661,0.0,0.2602738318541871,0.3450275506344326,0.4298456731392417,0.08521284937310758
-1.4968521001034267,0.9734258927091661,0.0,0.2602738318541871,0.34748209437251387,0.432300216877323,0.08570375812072384
-1.4989500007342655,0.9734258927091661,0.0,0.2602948108604955,0.34750307337882225,0.4323211958836314,0.08570795392198552
-1.4989500007342655,1.0951041292978119,0.0,0.26151159322638196,0.3487198557447087,0.43353797824951784,0.08595131039516281
-1.4989500007342655,1.0951041292978119,0.0,0.26151159322638196,0.3487198557447087,0.43353797824951784,0.08595131039516281
-1.4968521001034267,1.0951041292978119,0.0,0.26151159322638196,0.3487408347510171,0.4335589572558262,0.08595550619642449
-1.2513977262952967,1.0951041292978119,0.0,0.26151159322638196,0.3511953784890984,0.4360135009939075,0.08644641494404075
-1.2492998256644579,1.0951041292978119,0.0,0.26153257223269033,0.35121635749540675,0.4360344800002159,0.08645061074530243
-1.2492998256644579,1.0951041292978119,0.0,0.26153257223269033,0.35121635749540675,0.4360344800002159,0.08645061074530243
-1.247201925033619,1.0951041292978119,0.0,0.2615535512389987,0.3512373365017151,0.43605545900652426,0.08645480654656411
-0.4038458714364537,1.0951041292978119,0.0,0.26998711177497037,0.3596708970376868,0.4444890195424959,0.08814151865375844
-0.4017479708056151,1.0951041292978119,0.0,0.27000809078127874,0.35969187604399516,0.4445099985488043,0.08814571445502012
-0.4017479708056151,1.0951041292978119,0.0,0.27000809078127874,0.35969187604399516,0.4445099985488043,0.08814571445502012
-0.3996500701747763,1.0951041292978119,0.0,0.27000809078127874,0.35971285505030354,0.44453097755511267,0.0881499102562818
-0.1604893982591622,1.0951041292978119,0.0,0.27000809078127874,0.36210446176945965,0.4469225842742688,0.08862823160011303
-0.15839149762832339,1.0951041292978119,0.0,0.2700290697875871,0.362125440775768,0.44694356328057716,0.08863242740137471
0.16468519952083938,1.0951041292978119,0.0,0.2732598367590787,0.36535620774725963,0.45017433025206877,0.08927858079567304
0.1667831001516782,1.0951041292978119,0.0,0.2732808157653871,0.365377186753568,0.45019530925837714,0.08928277659693472
0.1667831001516782,1.0951041292978119,0.0,0.2732808157653871,0.365377186753568,0.45019530925837714,0.08928277659693472
0.16888100078251678,1.0951041292978119,0.0,0.2732808157653871,0.3653981657598764,0.4502162882646855,0.0892869723981964
0.40174797080561486,1.0951041292978119,0.0,0.2732808157653871,0.36772683546010737,0.4525449579649165,0.08975270633824259
0.40384587143645345,1.0951041292978119,0.0,0.27330179477169547,0.36774781446641575,0.4525659369712249,0.08975690213950427
1.2472019250336188,1.0951041292978119,0.0,0.28173535530766713,0.3761813750023874,0.46099949750719654,0.0914436142466986
1.2492998256644576,1.0951041292978119,0.0,0.2817563343139755,0.3762023540086958,0.4610204765135049,0.09144781004796028
1.2492998256644576,1.0951041292978119,0.0,0.2817563343139755,0.3762023540086958,0.4610204765135049,0.09144781004796028
1.2513977262952964,1.0951041292978119,0.0,0.2817563343139755,0.37622333301500416,0.4610414555198133,0.09145200584922196
1.4989500007342655,1.0951041292978119,0.0,0.2817563343139755,0.3786988557593938,0.46351697826420296,0.0919471103980999
1.4989500007342655,1.2167823658864576,0.0,0.2817563343139755,0.3799156381252803,0.4647337606300894,0.09219046687127719
0.16888100078251678,1.2167823658864576,0.0,0.2817563343139755,0.3932163281247978,0.4780344506296069,0.09485060487118069
0.1667831001516782,1.2167823658864576,0.0,0.2817773133202839,0.39323730713110616,0.4780554296359153,0.09485480067244237
0.1667831001516782,1.2167823658864576,0.0,0.2817773133202839,0.39323730713110616,0.4780554296359153,0.09485480067244237
0.16468519952083938,1.2167823658864576,0.0,0.28179829232659226,0.39325828613741454,0.47807640864222367,0.09485899647370405
-0.15839149762832339,1.2167823658864576,0.0,0.28502905929808386,0.39648905310890614,0.4813071756137153,0.09550514986800238
-0.1604893982591622,1.2167823658864576,0.0,0.28502905929808386,0.3965100321152145,0.48132815462002365,0.09550934566926406
-1.4968521001034267,1.2167823658864576,0.0,0.28502905929808386,0.40987365913365714,0.4946917816384663,0.09818207107295258
-1.4989500007342655,1.2167823658864576,0.0,0.28505003830439224,0.4098946381399655,0.49471276064477465,0.09818626687421426
-1.4989500007342655,1.3384606024751033,0.0,0.2862668206702787,0.411111420505852,0.4959295430106611,0.09842962334739155
-1.4989500007342655,1.3384606024751033,0.0,0.2862668206702787,0.411111420505852,0.4959295430106611,0.09842962334739155
-1.4968521001034267,1.3384606024751033,0.0,0.2862668206702787,0.41113239951216035,0.4959505220169695,0.09843381914865323
-0.1604893982591622,1.3384606024751033,0.0,0.2862668206702787,0.424496026530603,0.5093141490354122,0.10110654455234176
-0.15839149762832339,1.3384606024751033,0.0,0.2862877996765871,0.42451700553691135,0.5093351280417205,0.10111074035360344
0.16468519952083938,1.3384606024751033,0.0,0.2895185666480787,0.42774777250840296,0.5125658950132121,0.10175689374790177
0.1667831001516782,1.3384606024751033,0.0,0.28953954565438705,0.42776875151471133,0.5125868740195205,0.10176108954916345
0.1667831001516782,1.3384606024751033,0.0,0.28953954565438705,0.42776875151471133,0.5125868740195205,0.10176108954916345
0.16888100078251678,1.3384606024751033,0.0,0.28953954565438705,0.4277897305210197,0.5126078530258289,0.10176528535042513
1.4989500007342655,1.3384606024751033,0.0,0.28953954565438705,0.4410904205205372,0.5259085430253464,0.10309535435037688
1.4989500007342655,1.3384606024751033,0.1,0.0,0.0,0.0,0.10309535435037688
0.16888100078251678,1.3384606024751033,0.1,0.0,0.013300689999517487,0.0,0.10575549235028038
0.1667831001516782,1.3384606024751033,0.1,2.0979006308385895e-05,0.013321669005825872,2.0979006308385895e-05,0.10575968815154206
0.1667831001516782,1.3384606024751033,0.1,2.0979006308385895e-05,0.013321669005825872,2.0979006308385895e-05,0.10575968815154206
0.16468519952083938,1.3384606024751033,0.1,4.1958012616774006e-05,0.013342648012134261,4.1958012616774006e-05,0.10576388395280373
-0.15839149762832339,1.3384606024751033,0.1,0.0032727249841084014,0.016573414983625887,0.0032727249841084014,0.10641003734710205
-0.1604893982591622,1.3384606024751033,0.1,0.0032727249841084014,0.016594393989934276,0.0032727249841084014,0.10641423314836373
-1.4968521001034267,1.3384606024751033,0.1,0.0032727249841084014,0.029958021008376922,0.0032727249841084014,0.10908695855205226
-1.4989500007342655,1.3384606024751033,0.1,0.0032937039904167888,0.02997900001468531,0.0032937039904167888,0.10909115435331394
-1.4989500007342655,1.3384606024751033,0.1,0.0032937039904167888,0.02997900001468531,0.0032937039904167888,0.10909115435331394
-1.4989500007342655,1.2167823658864576,0.1,0.004510486356303247,0.031195782380571767,0.004510486356303247,0.10933451082649123
-1.4968521001034267,1.2167823658864576,0.1,0.004510486356303247,0.031216761386880156,0.004510486356303247,0.10933870662775291
-0.1604893982591622,1.2167823658864576,0.1,0.004510486356303247,0.0445803884053228,0.004510486356303247,0.11201143203144144
-0.15839149762832339,1.2167823658864576,0.1,0.0045314653626116344,0.04460136741163119,0.0045314653626116344,0.11201562783270312
0.16468519952083938,1.2167823658864576,0.1,0.0077622323341032615,0.04783213438312282,0.0077622323341032615,0.11266178122700143
0.1667831001516782,1.2167823658864576,0.1,0.007783211340411649,0.047853113389431205,0.007783211340411649,0.11266597702826311
0.1667831001516782,1.2167823658864576,0.1,0.007783211340411649,0.047853113389431205,0.007783211340411649,0.11266597702826311
0.16888100078251678,1.2167823658864576,0.1,0.007783211340411649,0.047874092395739594,0.007783211340411649,0.1126701728295248
1.4989500007342655,1.2167823658864576,0.1,0.007783211340411649,0.06117478239525708,0.007783211340411649,0.1153303108294283
1.4989500007342655,1.0951041292978119,0.1,0.007783211340411649,0.06239156476114354,0.007783211340411649,0.11557366730260558
1.2513977262952964,1.0951041292978119,0.1,0.007783211340411649,0.06486708750553323,0.007783211340411649,0.11606877185148352
1.2492998256644576,1.0951041292978119,0.1,0.007804190346720037,0.06488806651184162,0.007804190346720037,0.11607296765274519
1.2492998256644576,1.0951041292978119,0.1,0.007804190346720037,0.06488806651184162,0.007804190346720037,0.11607296765274519
1.2472019250336188,1.0951041292978119,0.1,0.007825169353028426,0.06490904551815001,0.007825169353028426,0.11607716345400687
0.40384587143645345,1.0951041292978119,0.1,0.01625872988900008,0.07334260605412166,0.01625872988900008,0.1177638755612012
0.40174797080561486,1.0951041292978119,0.1,0.01625872988900008,0.07336358506043004,0.01625872988900008,0.11776807136246288
0.16888100078251678,1.0951041292978119,0.1,0.01625872988900008,0.07569225476066102,0.01625872988900008,0.11823380530250908
0.1667831001516782,1.0951041292978119,0.1,0.016279708895308467,0.07571323376696941,0.016279708895308467,0.11823800110377075
0.1667831001516782,1.0951041292978119,0.1,0.016279708895308467,0.07571323376696941,0.016279708895308467,0.11823800110377075
0.16468519952083938,1.0951041292978119,0.1,0.016300687901616855,0.0757342127732778,0.016300687901616855,0.11824219690503243
-0.15839149762832339,1.0951041292978119,0.1,0.01953145487310848,0.07896497974476943,0.01953145487310848,0.11888835029933076
-0.1604893982591622,1.0951041292978119,0.1,0.01953145487310848,0.07898595875107782,0.01953145487310848,0.11889254610059244
-0.4017479708056151,1.0951041292978119,0.1,0.01953145487310848,0.08139854447654235,0.01953145487310848,0.11937506324568534
-0.4038458714364537,1.0951041292978119,0.1,0.019552433879416867,0.08141952348285074,0.019552433879416867,0.11937925904694702
-1.247201925033619,1.0951041292978119,0.1,0.027985994415388522,0.08985308401882239,0.027985994415388522,0.12106597115414135
-1.2492998256644579,1.0951041292978119,0.1,0.02800697342169691,0.08987406302513078,0.02800697342169691,0.12107016695540303
-1.2492998256644579,1.0951041292978119,0.1,0.02800697342169691,0.08987406302513078,0.02800697342169691,0.12107016695540303
-1.2513977262952967,1.0951041292978119,0.1,0.02800697342169691,0.08989504203143917,0.02800697342169691,0.1210743627566647
-1.4968521001034267,1.0951041292978119,0.1,0.02800697342169691,0.09234958576952047,0.02800697342169691,0.12156527150428095
-1.4989500007342655,1.0951041292978119,0.1,0.0280279524280053,0.09237056477582886,0.0280279524280053,0.12156946730554263
-1.4989500007342655,1.0951041292978119,0.1,0.0280279524280053,0.09237056477582886,0.0280279524280053,0.12156946730554263
-1.4989500007342655,0.9734258927091661,0.1,0.029244734793891756,0.09358734714171532,0.029244734793891756,0.12181282377871994
-1.4968521001034267,0.9734258927091661,0.1,0.029244734793891756,0.09360832614802371,0.029244734793891756,0.1218170195799816
-1.2513977262952967,0.9734258927091661,0.1,0.029244734793891756,0.09606286988610502,0.029244734793891756,0.12230792832759786
-1.2492998256644579,0.9734258927091661,0.1,0.029265713800200144,0.0960838488924134,0.029265713800200144,0.12231212412885954
-1.2492998256644579,0.9734258927091661,0.1,0.029265713800200144,0.0960838488924134,0.029265713800200144,0.12231212412885954
-1.247201925033619,0.9734258927091661,0.1,0.029286692806508533,0.0961048278987218,0.029286692806508533,0.12231631993012122
-0.4038458714364537,0.9734258927091661,0.1,0.03772025334248019,0.10453838843469346,0.03772025334248019,0.12400303203731555
-0.4017479708056151,0.9734258927091661,0.1,0.03772025334248019,0.10455936744100185,0.03772025334248019,0.12400722783857723
-0.1604893982591622,0.9734258927091661,0.1,0.03772025334248019,0.10697195316646638,0.03772025334248019,0.12448974498367013
-0.15839149762832339,0.9734258927091661,0.1,0.03774123234878858,0.10699293217277477,0.03774123234878858,0.12449394078493181
0.16468519952083938,0.9734258927091661,0.1,0.04097199932028021,0.1102236991442664,0.04097199932028021,0.12514009417923014
0.1667831001516782,0.9734258927091661,0.1,0.040992978326588596,0.11024467815057479,0.040992978326588596,0.12514428998049182
0.1667831001516782,0.9734258927091661,0.1,0.040992978326588596,0.11024467815057479,0.040992978326588596,0.12514428998049182
0.16888100078251678,0.9734258927091661,0.1,0.040992978326588596,0.11026565715688318,0.040992978326588596,0.1251484857817535
0.40174797080561486,0.9734258927091661,0.1,0.040992978326588596,0.11259432685711415,0.040992978326588596,0.12561421972179967
0.40384587143645345,0.9734258927091661,0.1,0.041013957332896984,0.11261530586342254,0.041013957332896984,0.12561841552306136
1.2472019250336188,0.9734258927091661,0.1,0.04944751786886864,0.12104886639939419,0.04944751786886864,0.1273051276302557
1.2492998256644576,0.9734258927091661,0.1,0.04946849687517703,0.12106984540570258,0.04946849687517703,0.12730932343151738
1.2492998256644576,0.9734258927091661,0.1,0.04946849687517703,0.12106984540570258,0.04946849687517703,0.12730932343151738
1.2513977262952964,0.9734258927091661,0.1,0.04946849687517703,0.12109082441201097,0.04946849687517703,0.12731351923277906
1.4989500007342655,0.9734258927091661,0.1,0.04946849687517703,0.12356634715640066,0.04946849687517703,0.12780862378165697
1.4989500007342655,0.8517476561205204,0.1,0.04946849687517703,0.12478312952228712,0.04946849687517703,0.12805198025483427
1.0290202594263922,0.8517476561205204,0.1,0.04946849687517703,0.12948242693536585,0.04946849687517703,0.12899183973745001
1.0269223587955534,0.8517476561205204,0.1,0.04948947588148542,0.12950340594167423,0.04948947588148542,0.1289960355387117
0.7919574881416167,0.8517476561205204,0.1,0.05183912458802478,0.1318530546482136,0.05183912458802478,0.12946596528001958
0.7898595875107779,0.8517476561205204,0.1,0.05186010359433317,0.13187403365452197,0.05186010359433317,0.12947016108128126
0.7898595875107779,0.8517476561205204,0.1,0.05186010359433317,0.13187403365452197,0.05186010359433317,0.12947016108128126
0.7877616868799391,0.8517476561205204,0.1,0.05188108260064156,0.13189501266083034,0.05188108260064156,0.12947435688254294
0.7877616868799391,0.8517476561205204,0.1,0.05188108260064156,0.13189501266083034,0.05188108260064156,0.12947435688254294
0.7856637862491007,0.8517476561205204,0.1,0.05190206160694994,0.13189501266083034,0.05190206160694994,0.1294785526838046
0.47727239351580875,0.8517476561205204,0.1,0.05498597553428286,0.13189501266083034,0.05498597553428286,0.13009533546927118
0.47517449288496993,0.8517476561205204,0.1,0.05500695454059125,0.13191599166713872,0.05500695454059125,0.13009953127053286
0.47517449288496993,0.8517476561205204,0.1,0.05500695454059125,0.13191599166713872,0.05500695454059125,0.13009953127053286
0.47307659225413135,0.8517476561205204,0.1,0.05502793354689964,0.1319369706734471,0.05502793354689964,0.13010372707179454
-0.47307659225413157,0.8517476561205204,0.1,0.06448946539198226,0.14139850251852973,0.06448946539198226,0.13199603344081107
-0.47517449288497016,0.8517476561205204,0.1,0.06451044439829065,0.14139850251852973,0.06451044439829065,0.13200022924207275
-0.7856637862491007,0.8517476561205204,0.1,0.06761533733193195,0.14139850251852973,0.06761533733193195,0.13262120782880102
-0.7877616868799394,0.8517476561205204,0.1,0.06763631633824034,0.1414194815248381,0.06763631633824034,0.1326254036300627
-0.7877616868799394,0.8517476561205204,0.1,0.06763631633824034,0.1414194815248381,0.06763631633824034,0.1326254036300627
-0.7898595875107782,0.8517476561205204,0.1,0.06765729534454873,0.14144046053114648,0.06765729534454873,0.13262959943132435
-1.0248244581647148,0.8517476561205204,0.1,0.0700069440510881,0.14379010923768584,0.0700069440510881,0.13309952917263224
-1.0269223587955536,0.8517476561205204,0.1,0.07002792305739648,0.14381108824399422,0.07002792305739648,0.13310372497389392
-1.0269223587955536,0.8517476561205204,0.1,0.07002792305739648,0.14381108824399422,0.07002792305739648,0.13310372497389392
-1.0290202594263922,0.8517476561205204,0.1,0.07002792305739648,0.1438320672503026,0.07002792305739648,0.1331079207751556
-1.4968521001034267,0.8517476561205204,0.1,0.07002792305739648,0.14851038565707295,0.07002792305739648,0.13404358445650966
-1.4989500007342655,0.8517476561205204,0.1,0.07004890206370487,0.14853136466338132,0.07004890206370487,0.13404778025777134
-1.4989500007342655,0.8517476561205204,0.1,0.07004890206370487,0.14853136466338132,0.07004890206370487,0.13404778025777134
-1.4989500007342655,0.7300694195318747,0.1,0.07126568442959133,0.14974814702926778,0.07126568442959133,0.13429113673094864
-1.4968521001034267,0.7300694195318747,0.1,0.07126568442959133,0.14976912603557616,0.07126568442959133,0.13429533253221032
-0.9807685449171017,0.7300694195318747,0.1,0.07126568442959133,0.1549299615874394,0.07126568442959133,0.13532749964258295
-0.9786706442862629,0.7300694195318747,0.1,0.07128666343589972,0.15495094059374778,0.07128666343589972,0.13533169544384463
-0.7059435622772294,0.7300694195318747,0.1,0.07401393425599005,0.15767821141383812,0.07401393425599005,0.1358771496078627
-0.7038456616463906,0.7300694195318747,0.1,0.07403491326229844,0.1576991904201465,0.07403491326229844,0.1358813454091244
-0.7038456616463906,0.7300694195318747,0.1,0.07403491326229844,0.1576991904201465,0.07403491326229844,0.1358813454091244
-0.7017477610155519,0.7300694195318747,0.1,0.07405589226860683,0.1576991904201465,0.07405589226860683,0.13588554121038607
-0.4374122815298733,0.7300694195318747,0.1,0.07669924706346362,0.1576991904201465,0.07669924706346362,0.13641421216935742
-0.4353143808990345,0.7300694195318747,0.1,0.07672022606977201,0.15772016942645486,0.07672022606977201,0.1364184079706191
-0.4353143808990345,0.7300694195318747,0.1,0.07672022606977201,0.15772016942645486,0.07672022606977201,0.1364184079706191
-0.4332164802681957,0.7300694195318747,0.1,0.0767412050760804,0.15774114843276324,0.0767412050760804,0.13642260377188078
0.4332164802681955,0.7300694195318747,0.1,0.08540553468144431,0.16640547803812716,0.08540553468144431,0.13815546969295356
0.4353143808990343,0.7300694195318747,0.1,0.0854265136877527,0.16642645704443554,0.0854265136877527,0.13815966549421524
0.4353143808990343,0.7300694195318747,0.1,0.0854265136877527,0.16642645704443554,0.0854265136877527,0.13815966549421524
0.4374122815298731,0.7300694195318747,0.1,0.08544749269406109,0.16642645704443554,0.08544749269406109,0.13816386129547692
0.705943562277229,0.7300694195318747,0.1,0.08813280550153464,0.16642645704443554,0.08813280550153464,0.13870092385697164
0.7080414629080678,0.7300694195318747,0.1,0.08815378450784303,0.1664474360507439,0.08815378450784303,0.13870511965823332
0.7080414629080678,0.7300694195318747,0.1,0.08815378450784303,0.1664474360507439,0.08815378450784303,0.13870511965823332
0.7101393635389066,0.7300694195318747,0.1,0.08817476351415142,0.1664684150570523,0.08817476351415142,0.138709315459495
0.9786706442862629,0.7300694195318747,0.1,0.09086007632162499,0.16915372786452584,0.09086007632162499,0.13924637802098971
0.9807685449171013,0.7300694195318747,0.1,0.09088105532793338,0.16917470687083422,0.09088105532793338,0.13925057382225137
0.9807685449171013,0.7300694195318747,0.1,0.09088105532793338,0.16917470687083422,0.09088105532793338,0.13925057382225137
0.9828664455479401,0.7300694195318747,0.1,0.09088105532793338,0.1691956858771426,0.09088105532793338,0.13925476962351305
1.4989500007342655,0.7300694195318747,0.1,0.09088105532793338,0.17435652142900585,0.09088105532793338,0.1397708531786994
1.1737754029542635,0.6083911829432289,0.1,0.09088105532793338,0.17782846774628536,0.09088105532793338,0.1404652424421553
0.9346147310386497,0.6083911829432289,0.1,0.09088105532793338,0.1802200744654415,0.09088105532793338,0.14094356378598652
0.9325168304078109,0.6083911829432289,0.1,0.09090203433424177,0.18024105347174987,0.09090203433424177,0.1409477595872482
0.9325168304078109,0.6083911829432289,0.1,0.09090203433424177,0.18024105347174987,0.09090203433424177,0.1409477595872482
0.930418929776972,0.6083911829432289,0.1,0.09092301334055015,0.18026203247805825,0.09092301334055015,0.14095195538850988
0.6597897483987774,0.6083911829432289,0.1,0.0936293051543321,0.1829683242918402,0.0936293051543321,0.14149321375126628
0.6576918477679385,0.6083911829432289,0.1,0.09365028416064049,0.18298930329814858,0.09365028416064049,0.14149740955252796
0.6576918477679385,0.6083911829432289,0.1,0.09365028416064049,0.18298930329814858,0.09365028416064049,0.14149740955252796
0.6555939471370997,0.6083911829432289,0.1,0.09367126316694888,0.18298930329814858,0.09367126316694888,0.14150160535378964
0.38916056702058244,0.6083911829432289,0.1,0.09633559696811404,0.18298930329814858,0.09633559696811404,0.14203447211402268
0.38706266638974385,0.6083911829432289,0.1,0.09635657597442243,0.18301028230445696,0.09635657597442243,0.14203866791528436
0.38706266638974385,0.6083911829432289,0.1,0.09635657597442243,0.18301028230445696,0.09635657597442243,0.14203866791528436
0.38496476575890504,0.6083911829432289,0.1,0.09637755498073082,0.18303126131076533,0.09637755498073082,0.14204286371654604
-0.38496476575890526,0.6083911829432289,0.1,0.10407685029590892,0.19073055662594343,0.10407685029590892,0.14358272277958165
-0.38706266638974385,0.6083911829432289,0.1,0.10409782930221731,0.1907515356322518,0.10409782930221731,0.14358691858084333
-0.38706266638974385,0.6083911829432289,0.1,0.10409782930221731,0.1907515356322518,0.10409782930221731,0.14358691858084333
-0.38916056702058266,0.6083911829432289,0.1,0.1041188083085257,0.1907515356322518,0.1041188083085257,0.143591114382105
-0.6534960465062614,0.6083911829432289,0.1,0.10676216310338249,0.1907515356322518,0.10676216310338249,0.14411978534107636
-0.6555939471371001,0.6083911829432289,0.1,0.10678314210969088,0.19077251463856018,0.10678314210969088,0.14412398114233804
-0.6555939471371001,0.6083911829432289,0.1,0.10678314210969088,0.19077251463856018,0.10678314210969088,0.14412398114233804
-0.6576918477679389,0.6083911829432289,0.1,0.10680412111599927,0.19079349364486856,0.10680412111599927,0.14412817694359972
-0.9304189297769724,0.6083911829432289,0.1,0.1095313919360896,0.1935207644649589,0.1095313919360896,0.1446736311076178
-0.9325168304078112,0.6083911829432289,0.1,0.10955237094239799,0.19354174347126726,0.10955237094239799,0.14467782690887948
-0.9325168304078112,0.6083911829432289,0.1,0.10955237094239799,0.19354174347126726,0.10955237094239799,0.14467782690887948
-0.9346147310386499,0.6083911829432289,0.1,0.10955237094239799,0.19356272247757564,0.10955237094239799,0.14468202271014116
-1.173775402954264,0.6083911829432289,0.1,0.10955237094239799,0.19595432919673178,0.10955237094239799,0.14516034405397238
-1.1276215890758121,0.48671294635458295,0.1,0.10955237094239799,0.19725570415403076,0.10955237094239799,0.1454206190454322
-0.8863630165293593,0.48671294635458295,0.1,0.10955237094239799,0.19966828987949528,0.10955237094239799,0.14590313619052508
-0.8842651158985205,0.48671294635458295,0.1,0.10957334994870638,0.19968926888580366,0.10957334994870638,0.14590733199178677
-0.611538033889487,0.48671294635458295,0.1,0.11230062076879671,0.202416539705894,0.11230062076879671,0.14645278615580481
-0.6094401332586482,0.48671294635458295,0.1,0.1123215997751051,0.20243751871220236,0.1123215997751051,0.14645698195706652
-0.6094401332586482,0.48671294635458295,0.1,0.1123215997751051,0.20243751871220236,0.1123215997751051,0.14645698195706652
-0.6073422326278095,0.48671294635458295,0.1,0.11234257878141349,0.20243751871220236,0.11234257878141349,0.14646117775832818
-0.340908852511292,0.48671294635458295,0.1,0.11500691258257867,0.20243751871220236,0.11500691258257867,0.14699404451856124
-0.3388109518804534,0.48671294635458295,0.1,0.11502789158888706,0.20245849771851074,0.11502789158888706,0.1469982403198229
-0.3388109518804534,0.48671294635458295,0.1,0.11502789158888706,0.20245849771851074,0.11502789158888706,0.1469982403198229
-0.3367130512496146,0.48671294635458295,0.1,0.11504887059519545,0.2024794767248191,0.11504887059519545,0.1470024361210846
0.33671305124961437,0.48671294635458295,0.1,0.12178313162018774,0.2092137377498114,0.12178313162018774,0.14834928832608305
0.3388109518804532,0.48671294635458295,0.1,0.12180411062649613,0.20923471675611977,0.12180411062649613,0.14835348412734473
0.3388109518804532,0.48671294635458295,0.1,0.12180411062649613,0.20923471675611977,0.12180411062649613,0.14835348412734473
0.340908852511292,0.48671294635458295,0.1,0.12182508963280451,0.20923471675611977,0.12182508963280451,0.1483576799286064
0.6094401332586481,0.48671294635458295,0.1,0.12451040244027807,0.20923471675611977,0.12451040244027807,0.14889474249010112
0.6115380338894869,0.48671294635458295,0.1,0.12453138144658646,0.20925569576242814,0.12453138144658646,0.1488989382913628
0.6115380338894869,0.48671294635458295,0.1,0.12453138144658646,0.20925569576242814,0.12453138144658646,0.1488989382913628
0.6136359345203257,0.48671294635458295,0.1,0.12455236045289485,0.20927667476873651,0.12455236045289485,0.14890313409262448
0.8842651158985204,0.48671294635458295,0.1,0.1272586522666768,0.21198296658251847,0.1272586522666768,0.14944439245538088
0.8863630165293592,0.48671294635458295,0.1,0.12727963127298517,0.21200394558882685,0.12727963127298517,0.14944858825664253
0.8863630165293592,0.48671294635458295,0.1,0.12727963127298517,0.21200394558882685,0.12727963127298517,0.14944858825664253
0.888460917160198,0.48671294635458295,0.1,0.12727963127298517,0.21202492459513522,0.12727963127298517,0.14945278405790424
1.127621589075812,0.48671294635458295,0.1,0.12727963127298517,0.21441653131429136,0.12727963127298517,0.14993110540173546
1.1297194897066507,0.48671294635458295,0.1,0.12730061027929354,0.21443751032059974,0.12730061027929354,0.14993530120299714
1.1297194897066507,0.48671294635458295,0.1,0.12730061027929354,0.21443751032059974,0.12730061027929354,0.14993530120299714
1.0835656758281986,0.3650347097659372,0.1,0.12730061027929354,0.21573888527789872,0.12730061027929354,0.15019557619445695
0.8402092026509071,0.3650347097659372,0.1,0.12730061027929354,0.21817245000967164,0.12730061027929354,0.15068228914081153
0.8381113020200683,0.3650347097659372,0.1,0.12732158928560192,0.21819342901598002,0.12732158928560192,0.1506864849420732
0.8381113020200683,0.3650347097659372,0.1,0.12732158928560192,0.21819342901598002,0.12732158928560192,0.1506864849420732
0.83601340138923,0.3650347097659372,0.1,0.1273425682919103,0.2182144080222884,0.1273425682919103,0.15069068074333486
0.5653842200110348,0.3650347097659372,0.1,0.13004886010569225,0.22092069983607035,0.13004886010569225,0.15123193910609126
0.563286319380196,0.3650347097659372,0.1,0.13006983911200062,0.22094167884237872,0.13006983911200062,0.15123613490735294
0.563286319380196,0.3650347097659372,0.1,0.13006983911200062,0.22094167884237872,0.13006983911200062,0.15123613490735294
0.5611884187493577,0.3650347097659372,0.1,0.130090818118309,0.22094167884237872,0.130090818118309,0.15124033070861462
-0.559090518118519,0.3650347097659372,0.1,0.14129360748698777,0.22094167884237872,0.14129360748698777,0.15348088858235037
-0.5611884187493577,0.3650347097659372,0.1,0.14131458649329615,0.2209626578486871,0.14131458649329615,0.15348508438361205
-0.5611884187493577,0.3650347097659372,0.1,0.14131458649329615,0.2209626578486871,0.14131458649329615,0.15348508438361205
-0.5632863193801965,0.3650347097659372,0.1,0.14133556549960452,0.22098363685499547,0.14133556549960452,0.15348928018487373
-0.83601340138923,0.3650347097659372,0.1,0.14406283631969485,0.2237109076750858,0.14406283631969485,0.1540347343488918
-0.8381113020200688,0.3650347097659372,0.1,0.14408381532600323,0.22373188668139418,0.14408381532600323,0.15403893015015346
-0.8381113020200688,0.3650347097659372,0.1,0.14408381532600323,0.22373188668139418,0.14408381532600323,0.15403893015015346
-0.8402092026509075,0.3650347097659372,0.1,0.14408381532600323,0.22375286568770256,0.14408381532600323,0.15404312595141517
-1.0814677751973603,0.3650347097659372,0.1,0.14408381532600323,0.22616545141316707,0.14408381532600323,0.15452564309650807
-1.0835656758281988,0.3650347097659372,0.1,0.1441047943323116,0.22618643041947545,0.1441047943323116,0.15452983889776975
-1.0835656758281988,0.3650347097659372,0.1,0.1441047943323116,0.22618643041947545,0.1441047943323116,0.15452983889776975
-1.0374118619497472,0.24335647317729148,0.1,0.1441047943323116,0.22748780537677443,0.1441047943323116,0.15479011388922953
-0.7919574881416169,0.24335647317729148,0.1,0.1441047943323116,0.22994234911485573,0.1441047943323116,0.1552810226368458
-0.7898595875107782,0.24335647317729148,0.1,0.14412577333861998,0.2299633281211641,0.14412577333861998,0.15528521843810747
-0.7898595875107782,0.24335647317729148,0.1,0.14412577333861998,0.2299633281211641,0.14412577333861998,0.15528521843810747
-0.7877616868799394,0.24335647317729148,0.1,0.14414675234492835,0.22998430712747248,0.14414675234492835,0.15528941423936915
-0.5171325055017446,0.24335647317729148,0.1,0.1468530441587103,0.23269059894125443,0.1468530441587103,0.15583067260212555
-0.5150346048709059,0.24335647317729148,0.1,0.14687402316501869,0.2327115779475628,0.14687402316501869,0.15583486840338723
-0.5150346048709059,0.24335647317729148,0.1,0.14687402316501869,0.2327115779475628,0.14687402316501869,0.15583486840338723
-0.5129367042400671,0.24335647317729148,0.1,0.14689500217132706,0.2327115779475628,0.14689500217132706,0.1558390642046489
0.5150346048709056,0.24335647317729148,0.1,0.1571747152624368,0.2327115779475628,0.1571747152624368,0.15789500682287086
0.5171325055017444,0.24335647317729148,0.1,0.15719569426874516,0.23273255695387118,0.15719569426874516,0.15789920262413254
0.5171325055017444,0.24335647317729148,0.1,0.15719569426874516,0.23273255695387118,0.15719569426874516,0.15789920262413254
0.5192304061325832,0.24335647317729148,0.1,0.15721667327505354,0.23275353596017956,0.15721667327505354,0.15790339842539422
0.7898595875107779,0.24335647317729148,0.1,0.1599229650888355,0.23545982777396152,0.1599229650888355,0.15844465678815062
0.7919574881416167,0.24335647317729148,0.1,0.1599229650888355,0.2354808067802699,0.1599229650888355,0.15844885258941227
1.037411861949747,0.24335647317729148,0.1,0.1599229650888355,0.23793535051835119,0.1599229650888355,0.15893976133702853
0.9912580480712949,0.12167823658864574,0.1,0.1599229650888355,0.23923672547565017,0.1599229650888355,0.15920003632848834
0.7458036742631651,0.12167823658864574,0.1,0.1599229650888355,0.24169126921373146,0.1599229650888355,0.1596909450761046
0.7437057736323263,0.12167823658864574,0.1,0.15994394409514387,0.24171224822003984,0.15994394409514387,0.15969514087736628
0.7437057736323263,0.12167823658864574,0.1,0.15994394409514387,0.24171224822003984,0.15994394409514387,0.15969514087736628
0.7416078730014874,0.12167823658864574,0.1,0.15996492310145224,0.2417332272263482,0.15996492310145224,0.15969933667862796
0.47097869162329253,0.12167823658864574,0.1,0.1626712149152342,0.24443951904013017,0.1626712149152342,0.16024059504138435
0.4688807909924537,0.12167823658864574,0.1,0.16269219392154258,0.24446049804643855,0.16269219392154258,0.16024479084264603
0.4688807909924537,0.12167823658864574,0.1,0.16269219392154258,0.24446049804643855,0.16269219392154258,0.16024479084264603
0.46678289036161513,0.12167823658864574,0.1,0.16271317292785095,0.24446049804643855,0.16271317292785095,0.16024898664390771
0.19825160961425903,0.12167823658864574,0.1,0.1653984857353245,0.24446049804643855,0.1653984857353245,0.1607860492054024
0.19615370898342022,0.12167823658864574,0.1,0.16541946474163288,0.24448147705274692,0.16541946474163288,0.1607902450066641
0.19615370898342022,0.12167823658864574,0.1,0.16541946474163288,0.24448147705274692,0.16541946474163288,0.1607902450066641
0.1940558083525814,0.12167823658864574,0.1,0.16544044374794126,0.2445024560590553,0.16544044374794126,0.16079444080792576
-0.19195790772174304,0.12167823658864574,0.1,0.1693005809086845,0.24836259321979853,0.1693005809086845,0.16156646824007442
-0.19405580835258163,0.12167823658864574,0.1,0.16932155991499287,0.2483835722261069,0.16932155991499287,0.1615706640413361
-0.19405580835258163,0.12167823658864574,0.1,0.16932155991499287,0.2483835722261069,0.16932155991499287,0.1615706640413361
-0.19615370898342044,0.12167823658864574,0.1,0.16934253892130124,0.2483835722261069,0.16934253892130124,0.16157485984259778
-0.46678289036161535,0.12167823658864574,0.1,0.1720488307350832,0.2483835722261069,0.1720488307350832,0.16211611820535418
-0.46888079099245394,0.12167823658864574,0.1,0.17206980974139158,0.24840455123241528,0.17206980974139158,0.16212031400661586
-0.46888079099245394,0.12167823658864574,0.1,0.17206980974139158,0.24840455123241528,0.17206980974139158,0.16212031400661586
-0.47097869162329276,0.12167823658864574,0.1,0.17209078874769995,0.24842553023872366,0.17209078874769995,0.16212450980787754
-0.7416078730014877,0.12167823658864574,0.1,0.1747970805614819,0.2511318220525056,0.1747970805614819,0.16266576817063394
-0.7437057736323264,0.12167823658864574,0.1,0.17481805956779028,0.251152801058814,0.17481805956779028,0.16266996397189562
-0.7437057736323264,0.12167823658864574,0.1,0.17481805956779028,0.251152801058814,0.17481805956779028,0.16266996397189562
-0.7458036742631651,0.12167823658864574,0.1,0.17481805956779028,0.25117378006512237,0.17481805956779028,0.1626741597731573
-0.9912580480712953,0.12167823658864574,0.1,0.17481805956779028,0.25362832380320366,0.17481805956779028,0.16316506852077356
-0.9451042341928435,0.0,0.1,0.17481805956779028,0.25492969876050264,0.17481805956779028,0.16342534351223334
-0.6975519597538745,0.0,0.1,0.17481805956779028,0.2574052215048923,0.17481805956779028,0.16392044806111128
-0.6954540591230358,0.0,0.1,0.17483903857409866,0.2574262005112007,0.17483903857409866,0.16392464386237296
-0.6954540591230358,0.0,0.1,0.17483903857409866,0.2574262005112007,0.17483903857409866,0.16392464386237296
-0.693356158492197,0.0,0.1,0.17486001758040703,0.25744717951750906,0.17486001758040703,0.16392883966363464
-0.4227269771140021,0.0,0.1,0.177566309394189,0.260153471331291,0.177566309394189,0.16447009802639104
-0.4206290764831635,0.0,0.1,0.17758728840049737,0.2601744503375994,0.17758728840049737,0.16447429382765272
-0.4206290764831635,0.0,0.1,0.17758728840049737,0.2601744503375994,0.17758728840049737,0.16447429382765272
-0.4185311758523247,0.0,0.1,0.17760826740680574,0.2601744503375994,0.17760826740680574,0.1644784896289144
-0.14790199447412977,0.0,0.1,0.1803145592205877,0.2601744503375994,0.1803145592205877,0.1650197479916708
-0.14580409384329118,0.0,0.1,0.18033553822689607,0.26019542934390777,0.18033553822689607,0.16502394379293248
-0.14580409384329118,0.0,0.1,0.18033553822689607,0.26019542934390777,0.18033553822689607,0.16502394379293248
-0.14370619321245237,0.0,0.1,0.18035651723320445,0.26021640835021614,0.18035651723320445,0.16502813959419416
0.14790199447412955,0.0,0.1,0.18327259911007027,0.26313249022708196,0.18327259911007027,0.16561135596956733
0.14999989510496836,0.0,0.1,0.18329357811637864,0.26315346923339034,0.18329357811637864,0.16561555177082898
0.14999989510496836,0.0,0.1,0.18329357811637864,0.26315346923339034,0.18329357811637864,0.16561555177082898
0.15209779573580717,0.0,0.1,0.18331455712268702,0.26315346923339034,0.18331455712268702,0.1656197475720907
0.4206290764831633,0.0,0.1,0.18599986993016057,0.26315346923339034,0.18599986993016057,0.1661568101335854
0.4227269771140021,0.0,0.1,0.18602084893646895,0.2631744482396987,0.18602084893646895,0.16616100593484706
0.4227269771140021,0.0,0.1,0.18602084893646895,0.2631744482396987,0.18602084893646895,0.16616100593484706
0.4248248777448407,0.0,0.1,0.18604182794277732,0.2631954272460071,0.18604182794277732,0.16616520173610877
0.6954540591230354,0.0,0.1,0.18874811975655928,0.26590171905978904,0.18874811975655928,0.16670646009886514
0.6975519597538742,0.0,0.1,0.18874811975655928,0.2659226980660974,0.18874811975655928,0.16671065590012682
0.9472021348236821,0.0,0.1,0.18874811975655928,0.2684191998167955,0.18874811975655928,0.16720995625026644
0.90104832094523,-0.12167823658864574,0.1,0.18874811975655928,0.2697205747740945,0.18874811975655928,0.16747023124172622
0.6513981458754226,-0.12167823658864574,0.1,0.18874811975655928,0.2722170765247926,0.18874811975655928,0.16796953159186584
0.6493002452445837,-0.12167823658864574,0.1,0.18876909876286765,0.272238055531101,0.18876909876286765,0.16797372739312755
0.6493002452445837,-0.12167823658864574,0.1,0.18876909876286765,0.272238055531101,0.18876909876286765,0.16797372739312755
0.6472023446137449,-0.12167823658864574,0.1,0.18879007776917603,0.27225903453740935,0.18879007776917603,0.1679779231943892
0.37657316323555023,-0.12167823658864574,0.1,0.191496369582958,0.2749653263511913,0.191496369582958,0.1685191815571456
0.3744752626047114,-0.12167823658864574,0.1,0.19151734858926636,0.2749863053574997,0.19151734858926636,0.16852337735840728
0.3744752626047114,-0.12167823658864574,0.1,0.19151734858926636,0.2749863053574997,0.19151734858926636,0.16852337735840728
0.3723773619738726,-0.12167823658864574,0.1,0.19153832759557474,0.2749863053574997,0.19153832759557474,0.16852757315966896
0.10594398185735532,-0.12167823658864574,0.1,0.19420266139673992,0.2749863053574997,0.19420266139673992,0.169060439919902
0.1038460812265165,-0.12167823658864574,0.1,0.1942236404030483,0.27500728436380806,0.1942236404030483,0.16906463572116368
0.1038460812265165,-0.12167823658864574,0.1,0.1942236404030483,0.27500728436380806,0.1942236404030483,0.16906463572116368
0.10174818059567792,-0.12167823658864574,0.1,0.19424461940935667,0.27502826337011643,0.19424461940935667,0.16906883152242536
-0.09755237933400052,-0.12167823658864574,0.1,0.19623762500865344,0.2770212689694132,0.19623762500865344,0.1694674326422847
-0.09965027996483933,-0.12167823658864574,0.1,0.1962586040149618,0.2770422479757216,0.1962586040149618,0.1694716284435464
-0.09965027996483933,-0.12167823658864574,0.1,0.1962586040149618,0.2770422479757216,0.1962586040149618,0.1694716284435464
-0.10174818059567792,-0.12167823658864574,0.1,0.1962795830212702,0.2770422479757216,0.1962795830212702,0.16947582424480806
-0.37237736197387283,-0.12167823658864574,0.1,0.19898587483505215,0.2770422479757216,0.19898587483505215,0.17001708260756446
-0.37447526260471165,-0.12167823658864574,0.1,0.19900685384136052,0.27706322698202995,0.19900685384136052,0.17002127840882614
-0.37447526260471165,-0.12167823658864574,0.1,0.19900685384136052,0.27706322698202995,0.19900685384136052,0.17002127840882614
-0.37657316323555023,-0.12167823658864574,0.1,0.1990278328476689,0.27708420598833833,0.1990278328476689,0.17002547421008782
-0.6472023446137453,-0.12167823658864574,0.1,0.20173412466145085,0.2797904978021203,0.20173412466145085,0.17056673257284422
-0.649300245244584,-0.12167823658864574,0.1,0.20173412466145085,0.27981147680842866,0.20173412466145085,0.17057092837410587
-0.9010483209452304,-0.12167823658864574,0.1,0.20173412466145085,0.28232895756543513,0.20173412466145085,0.17107442452550717
-0.8548945070667785,-0.24335647317729148,0.1,0.20173412466145085,0.2836303325227341,0.20173412466145085,0.17133469951696695
-0.6031464313661321,-0.24335647317729148,0.1,0.20173412466145085,0.2861478132797406,0.20173412466145085,0.17183819566836825
-0.6010485307352934,-0.24335647317729148,0.1,0.20175510366775923,0.28616879228604897,0.20175510366775923,0.17184239146962993
-0.6010485307352934,-0.24335647317729148,0.1,0.20175510366775923,0.28616879228604897,0.20175510366775923,0.17184239146962993
-0.5989506301044547,-0.24335647317729148,0.1,0.2017760826740676,0.28618977129235734,0.2017760826740676,0.1718465872708916
-0.3283214487262598,-0.24335647317729148,0.1,0.20448237448784956,0.2888960631061393,0.20448237448784956,0.172387845633648
-0.326223548095421,-0.24335647317729148,0.1,0.20450335349415794,0.2889170421124477,0.20450335349415794,0.17239204143490966
-0.326223548095421,-0.24335647317729148,0.1,0.20450335349415794,0.2889170421124477,0.20450335349415794,0.17239204143490966
-0.3241256474645824,-0.24335647317729148,0.1,0.2045243325004663,0.2889170421124477,0.2045243325004663,0.17239623723617137
-0.05349646608638747,-0.24335647317729148,0.1,0.20723062431424827,0.2889170421124477,0.20723062431424827,0.17293749559892774
-0.05139856545554866,-0.24335647317729148,0.1,0.20725160332055664,0.28893802111875605,0.20725160332055664,0.17294169140018942
-0.05139856545554866,-0.24335647317729148,0.1,0.20725160332055664,0.28893802111875605,0.20725160332055664,0.17294169140018942
-0.04930066482471007,-0.24335647317729148,0.1,0.20727258232686502,0.2889590001250644,0.20727258232686502,0.1729458872014511
0.05559436671722606,-0.24335647317729148,0.1,0.20832153264228437,0.2900079504404838,0.20832153264228437,0.17315567726453496
0.05769226734806465,-0.24335647317729148,0.1,0.20834251164859274,0.29002892944679215,0.20834251164859274,0.17315987306579667
0.05769226734806465,-0.24335647317729148,0.1,0.20834251164859274,0.29002892944679215,0.20834251164859274,0.17315987306579667
0.05979016797890346,-0.24335647317729148,0.1,0.20836349065490112,0.29002892944679215,0.20836349065490112,0.17316406886705832
0.32622354809542076,-0.24335647317729148,0.1,0.2110278244560663,0.29002892944679215,0.2110278244560663,0.17369693562729138
0.32832144872625957,-0.24335647317729148,0.1,0.21104880346237467,0.2900499084531005,0.21104880346237467,0.17370113142855304
0.32832144872625957,-0.24335647317729148,0.1,0.21104880346237467,0.2900499084531005,0.21104880346237467,0.17370113142855304
0.3304193493570984,-0.24335647317729148,0.1,0.21106978246868305,0.2900708874594089,0.21106978246868305,0.17370532722981474
0.5989506301044545,-0.24335647317729148,0.1,0.2137550952761566,0.2927562002668825,0.2137550952761566,0.17424238979130946
0.6010485307352933,-0.24335647317729148,0.1,0.21377607428246498,0.29277717927319086,0.21377607428246498,0.1742465855925711
0.6010485307352933,-0.24335647317729148,0.1,0.21377607428246498,0.29277717927319086,0.21377607428246498,0.1742465855925711
0.6031464313661321,-0.24335647317729148,0.1,0.21377607428246498,0.29279815827949923,0.21377607428246498,0.17425078139383282
0.8548945070667784,-0.24335647317729148,0.1,0.21377607428246498,0.2953156390365057,0.21377607428246498,0.1747542775452341
0.8108385938191651,-0.3650347097659372,0.1,0.21507015761638917,0.29660972237042993,0.21507015761638917,0.17501309421201894
0.8087406931883263,-0.3650347097659372,0.1,0.21507015761638917,0.2966307013767383,0.21507015761638917,0.17501729001328062
0.55699261748768,-0.3650347097659372,0.1,0.21507015761638917,0.2991481821337448,0.21507015761638917,0.17552078616468192
0.5548947168568412,-0.3650347097659372,0.1,0.21509113662269755,0.29916916114005315,0.21509113662269755,0.17552498196594357
0.5548947168568412,-0.3650347097659372,0.1,0.21509113662269755,0.29916916114005315,0.21509113662269755,0.17552498196594357
0.5527968162260024,-0.3650347097659372,0.1,0.21511211562900592,0.2991901401463615,0.21511211562900592,0.17552917776720528
0.2842655354786465,-0.3650347097659372,0.1,0.21779742843647948,0.3018754529538351,0.21779742843647948,0.1760662403287
0.2821676348478077,-0.3650347097659372,0.1,0.21781840744278785,0.3018964319601435,0.21781840744278785,0.17607043612996165
0.2821676348478077,-0.3650347097659372,0.1,0.21781840744278785,0.3018964319601435,0.21781840744278785,0.17607043612996165
0.2800697342169691,-0.3650347097659372,0.1,0.21783938644909623,0.30191741096645186,0.21783938644909623,0.17607463193122336
0.2800697342169691,-0.3650347097659372,0.1,0.21783938644909623,0.30191741096645186,0.21783938644909623,0.17607463193122336
0.2779718335861303,-0.3650347097659372,0.1,0.2178603654554046,0.30191741096645186,0.2178603654554046,0.176078827732485
0.013636354100451609,-0.3650347097659372,0.1,0.22050372025026138,0.30191741096645186,0.22050372025026138,0.17660749869145637
0.011538453469612797,-0.3650347097659372,0.1,0.22052469925656976,0.30193838997276023,0.22052469925656976,0.17661169449271807
0.011538453469612797,-0.3650347097659372,0.1,0.22052469925656976,0.30193838997276023,0.22052469925656976,0.17661169449271807
0.009440552838774208,-0.3650347097659372,0.1,0.22054567826287813,0.3019593689790686,0.22054567826287813,0.17661589029397973
-0.0010489503154194058,-0.3650347097659372,0.1,0.22065057329442006,0.30206426401061054,0.22065057329442006,0.17663686930028813
-0.0031468509462582173,-0.3650347097659372,0.1,0.22067155230072844,0.3020852430169189,0.22067155230072844,0.1766410651015498
-0.0031468509462582173,-0.3650347097659372,0.1,0.22067155230072844,0.3020852430169189,0.22067155230072844,0.1766410651015498
-0.005244751577096807,-0.3650347097659372,0.1,0.2206925313070368,0.3020852430169189,0.2206925313070368,0.1766452609028115
-0.27797183358613053,-0.3650347097659372,0.1,0.22341980212712714,0.3020852430169189,0.22341980212712714,0.17719071506682954
-0.2800697342169691,-0.3650347097659372,0.1,0.22344078113343552,0.3021062220232273,0.22344078113343552,0.17719491086809125
-0.2800697342169691,-0.3650347097659372,0.1,0.22344078113343552,0.3021062220232273,0.22344078113343552,0.17719491086809125
-0.28216763484780794,-0.3650347097659372,0.1,0.2234617601397439,0.30212720102953566,0.2234617601397439,0.1771991066693529
-0.5527968162260029,-0.3650347097659372,0.1,0.22616805195352585,0.3048334928433176,0.22616805195352585,0.1777403650321093
-0.5548947168568416,-0.3650347097659372,0.1,0.22616805195352585,0.304854471849626,0.22616805195352585,0.17774456083337098
-0.8087406931883266,-0.3650347097659372,0.1,0.22616805195352585,0.30739293161294085,0.22616805195352585,0.17825225278603396
-0.7646847799407135,-0.48671294635458306,0.1,0.22746213528745005,0.30868701494686507,0.22746213528745005,0.1785110694528188
-0.7625868793098748,-0.48671294635458306,0.1,0.22746213528745005,0.30870799395317344,0.22746213528745005,0.17851526525408046
-0.5087409029783897,-0.48671294635458306,0.1,0.22746213528745005,0.3112464537164883,0.22746213528745005,0.17902295720674344
-0.506643002347551,-0.48671294635458306,0.1,0.22748311429375842,0.31126743272279667,0.22748311429375842,0.17902715300800512
-0.506643002347551,-0.48671294635458306,0.1,0.22748311429375842,0.31126743272279667,0.22748311429375842,0.17902715300800512
-0.5045451017167123,-0.48671294635458306,0.1,0.2275040933000668,0.31128841172910504,0.2275040933000668,0.1790313488092668
-0.23601382096935608,-0.48671294635458306,0.1,0.23018940610754035,0.3139737245365786,0.23018940610754035,0.17956841137076152
-0.2339159203385175,-0.48671294635458306,0.1,0.23021038511384873,0.313994703542887,0.23021038511384873,0.1795726071720232
-0.2339159203385175,-0.48671294635458306,0.1,0.23021038511384873,0.313994703542887,0.23021038511384873,0.1795726071720232
-0.23181801970767868,-0.48671294635458306,0.1,0.2302313641201571,0.313994703542887,0.2302313641201571,0.17957680297328488
0.23181801970767846,-0.48671294635458306,0.1,0.23486772451431068,0.313994703542887,0.23486772451431068,0.18050407505211558
0.23391592033851727,-0.48671294635458306,0.1,0.23488870352061905,0.3140156825491954,0.23488870352061905,0.18050827085337728
0.23391592033851727,-0.48671294635458306,0.1,0.23488870352061905,0.3140156825491954,0.23488870352061905,0.18050827085337728
0.23601382096935586,-0.48671294635458306,0.1,0.23490968252692743,0.31403666155550375,0.23490968252692743,0.18051246665463894
0.504545101716712,-0.48671294635458306,0.1,0.23759499533440098,0.31672197436297733,0.23759499533440098,0.18104952921613365
0.5066430023475508,-0.48671294635458306,0.1,0.23761597434070936,0.3167429533692857,0.23761597434070936,0.18105372501739536
0.5066430023475508,-0.48671294635458306,0.1,0.23761597434070936,0.3167429533692857,0.23761597434070936,0.18105372501739536
0.5087409029783896,-0.48671294635458306,0.1,0.23761597434070936,0.3167639323755941,0.23761597434070936,0.18105792081865701
0.7646847799407135,-0.48671294635458306,0.1,0.23761597434070936,0.3193233711452173,0.23761597434070936,0.18156980857258168
0.871677712113488,-0.6083911829432288,0.1,0.23761597434070936,0.3209436513924045,0.23761597434070936,0.1817318365973004
0.46258708909993773,-0.6083911829432288,0.1,0.23761597434070936,0.32503455762254,0.23761597434070936,0.1825500178433275
0.4604891884690989,-0.6083911829432288,0.1,0.23763695334701773,0.3250555366288484,0.23763695334701773,0.18255421364458918
0.4604891884690989,-0.6083911829432288,0.1,0.23763695334701773,0.3250555366288484,0.23763695334701773,0.18255421364458918
0.45839128783826033,-0.6083911829432288,0.1,0.2376579323533261,0.32507651563515677,0.2376579323533261,0.18255840944585086
0.189860007090904,-0.6083911829432288,0.1,0.24034324516079966,0.32776182844263035,0.24034324516079966,0.18309547200734558
0.18776210646006541,-0.6083911829432288,0.1,0.24036422416710804,0.32778280744893873,0.24036422416710804,0.18309966780860726
0.18776210646006541,-0.6083911829432288,0.1,0.24036422416710804,0.32778280744893873,0.24036422416710804,0.18309966780860726
0.1856642058292266,-0.6083911829432288,0.1,0.2403852031734164,0.32778280744893873,0.2403852031734164,0.18310386360986894
-0.183566305198388,-0.6083911829432288,0.1,0.24407750828369257,0.32778280744893873,0.24407750828369257,0.18384232463192418
-0.18566420582922682,-0.6083911829432288,0.1,0.24409848729000094,0.3278037864552471,0.24409848729000094,0.18384652043318583
-0.18566420582922682,-0.6083911829432288,0.1,0.24409848729000094,0.3278037864552471,0.24409848729000094,0.18384652043318583
-0.18776210646006564,-0.6083911829432288,0.1,0.24411946629630932,0.3278247654615555,0.24411946629630932,0.18385071623444754
-0.45629338720742174,-0.6083911829432288,0.1,0.24680477910378287,0.33051007826902906,0.24680477910378287,0.18438777879594226
-0.45839128783826033,-0.6083911829432288,0.1,0.24682575811009125,0.33053105727533744,0.24682575811009125,0.1843919745972039
-0.45839128783826033,-0.6083911829432288,0.1,0.24682575811009125,0.33053105727533744,0.24682575811009125,0.1843919745972039
-0.46048918846909914,-0.6083911829432288,0.1,0.24682575811009125,0.3305520362816458,0.24682575811009125,0.18439617039846562
-0.8716777121134882,-0.6083911829432288,0.1,0.24682575811009125,0.3346639215180897,0.24682575811009125,0.1852185474457544
-0.8716777121134882,-0.7300694195318745,0.1,0.24682575811009125,0.3358807038839762,0.24682575811009125,0.1854619039189317
-0.4143353745906473,-0.7300694195318745,0.1,0.24682575811009125,0.3404541272592046,0.24682575811009125,0.18637658859397738
-0.4122374739598085,-0.7300694195318745,0.1,0.24684673711639962,0.340475106265513,0.24684673711639962,0.18638078439523903
-0.4122374739598085,-0.7300694195318745,0.1,0.24684673711639962,0.340475106265513,0.24684673711639962,0.18638078439523903
-0.4101395733289699,-0.7300694195318745,0.1,0.246867716122708,0.34049608527182135,0.246867716122708,0.18638498019650074
-0.14160829258161378,-0.7300694195318745,0.1,0.24955302893018155,0.34318139807929493,0.24955302893018155,0.18692204275799545
-0.13951039195077497,-0.7300694195318745,0.1,0.24957400793648993,0.3432023770856033,0.24957400793648993,0.1869262385592571
-0.13951039195077497,-0.7300694195318745,0.1,0.24957400793648993,0.3432023770856033,0.24957400793648993,0.1869262385592571
-0.13741249131993616,-0.7300694195318745,0.1,0.2495949869427983,0.3432023770856033,0.2495949869427983,0.18693043436051882
0.13741249131993616,-0.7300694195318745,0.1,0.252343236769197,0.3432023770856033,0.252343236769197,0.18748008432579855
0.13951039195077475,-0.7300694195318745,0.1,0.2523642157755054,0.3432233560919117,0.2523642157755054,0.18748428012706023
0.13951039195077475,-0.7300694195318745,0.1,0.2523642157755054,0.3432233560919117,0.2523642157755054,0.18748428012706023
0.14160829258161356,-0.7300694195318745,0.1,0.25238519478181376,0.34324433509822005,0.25238519478181376,0.1874884759283219
0.41013957332896966,-0.7300694195318745,0.1,0.25507050758928734,0.34592964790569364,0.25507050758928734,0.18802553848981662
0.4122374739598085,-0.7300694195318745,0.1,0.2550914865955957,0.345950626912002,0.2550914865955957,0.1880297342910783
0.4122374739598085,-0.7300694195318745,0.1,0.2550914865955957,0.345950626912002,0.2550914865955957,0.1880297342910783
0.41433537459064707,-0.7300694195318745,0.1,0.2550914865955957,0.3459716059183104,0.2550914865955957,0.18803393009233998
0.871677712113488,-0.7300694195318745,0.1,0.2550914865955957,0.3505450292935388,0.2550914865955957,0.18894861476738567
0.871677712113488,-0.8517476561205203,0.1,0.2550914865955957,0.35176181165942527,0.2550914865955957,0.18919197124056297
0.6241254376745189,-0.8517476561205203,0.1,0.2550914865955957,0.35423733440381494,0.2550914865955957,0.18968707578944088
0.6220275370436805,-0.8517476561205203,0.1,0.2551124656019041,0.3542583134101233,0.2551124656019041,0.1896912715907026
0.0954544787031617,-0.8517476561205203,0.1,0.2603781961853093,0.3595240439935285,0.2603781961853093,0.1907444177073836
0.0933565780723229,-0.8517476561205203,0.1,0.26039917519161765,0.35954502299983687,0.26039917519161765,0.1907486135086453
0.0933565780723229,-0.8517476561205203,0.1,0.26039917519161765,0.35954502299983687,0.26039917519161765,0.1907486135086453
0.0912586774414843,-0.8517476561205203,0.1,0.260420154197926,0.35954502299983687,0.260420154197926,0.19075280930990696
-0.08916077681064571,-0.8517476561205203,0.1,0.2622243487404473,0.35954502299983687,0.2622243487404473,0.19111364821841123
-0.09125867744148453,-0.8517476561205203,0.1,0.2622453277467557,0.35956600200614525,0.2622453277467557,0.1911178440196729
-0.09125867744148453,-0.8517476561205203,0.1,0.2622453277467557,0.35956600200614525,0.2622453277467557,0.1911178440196729
-0.09335657807232312,-0.8517476561205203,0.1,0.26226630675306406,0.3595869810124536,0.26226630675306406,0.1911220398209346
-0.6199296364128418,-0.8517476561205203,0.1,0.26753203733646924,0.3648527115958588,0.26753203733646924,0.19217518593761562
-0.6220275370436806,-0.8517476561205203,0.1,0.2675530163427776,0.3648736906021672,0.2675530163427776,0.1921793817388773
-0.6220275370436806,-0.8517476561205203,0.1,0.2675530163427776,0.3648736906021672,0.2675530163427776,0.1921793817388773
-0.6241254376745193,-0.8517476561205203,0.1,0.2675530163427776,0.36489466960847555,0.2675530163427776,0.19218357754013898
-0.8716777121134882,-0.8517476561205203,0.1,0.2675530163427776,0.3673701923528652,0.2675530163427776,0.19267868208901692
-0.8716777121134882,-0.9734258927091661,0.1,0.2675530163427776,0.3685869747187517,0.2675530163427776,0.1929220385621942
-0.6241254376745193,-0.9734258927091661,0.1,0.2675530163427776,0.37106249746314135,0.2675530163427776,0.19341714311107217
-0.6220275370436806,-0.9734258927091661,0.1,0.267573995349086,0.3710834764694497,0.267573995349086,0.19342133891233382
-0.6220275370436806,-0.9734258927091661,0.1,0.267573995349086,0.3710834764694497,0.267573995349086,0.19342133891233382
-0.6199296364128418,-0.9734258927091661,0.1,0.26759497435539437,0.3711044554757581,0.26759497435539437,0.19342553471359553
-0.04720276419387126,-0.9734258927091661,0.1,0.27332224307758407,0.3768317241979478,0.27332224307758407,0.19457098845803344
-0.04510486356303267,-0.9734258927091661,0.1,0.27334322208389245,0.3768527032042562,0.27334322208389245,0.19457518425929515
-0.04510486356303267,-0.9734258927091661,0.1,0.27334322208389245,0.3768527032042562,0.27334322208389245,0.19457518425929515
-0.04300696293219386,-0.9734258927091661,0.1,0.2733642010902008,0.3768527032042562,0.2733642010902008,0.1945793800605568
0.04300696293219364,-0.9734258927091661,0.1,0.2742243403488447,0.3768527032042562,0.2742243403488447,0.1947514079122856
0.04510486356303245,-0.9734258927091661,0.1,0.27424531935515306,0.37687368221056455,0.27424531935515306,0.19475560371354728
0.04510486356303245,-0.9734258927091661,0.1,0.27424531935515306,0.37687368221056455,0.27424531935515306,0.19475560371354728
0.04720276419387104,-0.9734258927091661,0.1,0.27426629836146144,0.37689466121687293,0.27426629836146144,0.19475979951480896
0.6220275370436805,-0.9734258927091661,0.1,0.2800145460899595,0.382642908945371,0.2800145460899595,0.19590944906050856
0.6241254376745189,-0.9734258927091661,0.1,0.2800145460899595,0.3826638879516794,0.2800145460899595,0.19591364486177026
0.871677712113488,-0.9734258927091661,0.1,0.2800145460899595,0.38513941069606905,0.2800145460899595,0.19640874941064818
0.871677712113488,-1.0951041292978119,0.1,0.2800145460899595,0.3863561930619555,0.2800145460899595,0.19665210588382548
-0.8716777121134882,-1.0951041292978119,0.1,0.2800145460899595,0.4037897473042253,0.2800145460899595,0.20013881673227943
-0.8716777121134882,-1.2167823658864576,0.1,0.2800145460899595,0.40500652967011175,0.2800145460899595,0.2003821732054567
0.871677712113488,-1.2167823658864576,0.1,0.2800145460899595,0.4224400839123815,0.2800145460899595,0.20386888405391068
0.871677712113488,-1.3384606024751033,0.1,0.2800145460899595,0.423656866278268,0.2800145460899595,0.20411224052708796
-0.8716777121134882,-1.3384606024751033,0.1,0.2800145460899595,0.44109042052053776,0.2800145460899595,0.20585559595131492
-0.8716777121134882,-1.3384606024751033,0.2,0.0,0.0,0.0,0.20585559595131492
0.871677712113488,-1.3384606024751033,0.2,0.0,0.017433554242269764,0.0,0.20934230679976887
0.871677712113488,-1.2167823658864576,0.2,0.0,0.01865033660815622,0.0,0.20958566327294617
-0.8716777121134882,-1.2167823658864576,0.2,0.0,0.03608389085042599,0.0,0.21307237412140012
-0.8716777121134882,-1.0951041292978119,0.2,0.0,0.03730067321631245,0.0,0.2133157305945774
0.871677712113488,-1.0951041292978119,0.2,0.0,0.05473422745858221,0.0,0.21680244144303135
0.871677712113488,-0.9734258927091661,0.2,0.0,0.05595100982446867,0.0,0.21704579791620865
0.6241254376745189,-0.9734258927091661,0.2,0.0,0.05842653256885836,0.0,0.2175409024650866
0.6220275370436805,-0.9734258927091661,0.2,2.0979006308383676e-05,0.05844751157516674,2.0979006308383676e-05,0.21754509826634827
0.04720276419387104,-0.9734258927091661,0.2,0.005769226734806478,0.06419575930366483,0.005769226734806478,0.2186947478120479
0.04510486356303245,-0.9734258927091661,0.2,0.0057902057411148644,0.06421673830997322,0.0057902057411148644,0.21869894361330955
0.04510486356303245,-0.9734258927091661,0.2,0.0057902057411148644,0.06421673830997322,0.0057902057411148644,0.21869894361330955
0.04300696293219364,-0.9734258927091661,0.2,0.005811184747423252,0.06421673830997322,0.005811184747423252,0.21870313941457123
-0.04300696293219386,-0.9734258927091661,0.2,0.006671324006067127,0.06421673830997322,0.006671324006067127,0.21887516726630002
-0.04510486356303267,-0.9734258927091661,0.2,0.006692303012375515,0.06423771731628161,0.006692303012375515,0.2188793630675617
-0.04510486356303267,-0.9734258927091661,0.2,0.006692303012375515,0.06423771731628161,0.006692303012375515,0.2188793630675617
-0.04720276419387126,-0.9734258927091661,0.2,0.006713282018683901,0.06425869632259,0.006713282018683901,0.21888355886882338
-0.6199296364128418,-0.9734258927091661,0.2,0.012440550740873607,0.0699859650447797,0.012440550740873607,0.2200290126132613
-0.6220275370436806,-0.9734258927091661,0.2,0.012461529747181996,0.0700069440510881,0.012461529747181996,0.22003320841452298
-0.6220275370436806,-0.9734258927091661,0.2,0.012461529747181996,0.0700069440510881,0.012461529747181996,0.22003320841452298
-0.6241254376745193,-0.9734258927091661,0.2,0.012461529747181996,0.07002792305739648,0.012461529747181996,0.22003740421578466
-0.8716777121134882,-0.9734258927091661,0.2,0.012461529747181996,0.07250344580178616,0.012461529747181996,0.2205325087646626
-0.8716777121134882,-0.8517476561205203,0.2,0.012461529747181996,0.07372022816767262,0.012461529747181996,0.2207758652378399
-0.6241254376745193,-0.8517476561205203,0.2,0.012461529747181996,0.07619575091206231,0.012461529747181996,0.22127096978671784
-0.6220275370436806,-0.8517476561205203,0.2,0.012482508753490383,0.0762167299183707,0.012482508753490383,0.2212751655879795
-0.6220275370436806,-0.8517476561205203,0.2,0.012482508753490383,0.0762167299183707,0.012482508753490383,0.2212751655879795
-0.6199296364128418,-0.8517476561205203,0.2,0.012503487759798771,0.07623770892467908,0.012503487759798771,0.22127936138924117
-0.09335657807232312,-0.8517476561205203,0.2,0.017769218343203958,0.08150343950808427,0.017769218343203958,0.2223325075059222
-0.09125867744148453,-0.8517476561205203,0.2,0.017790197349512343,0.08152441851439265,0.017790197349512343,0.22233670330718389
-0.09125867744148453,-0.8517476561205203,0.2,0.017790197349512343,0.08152441851439265,0.017790197349512343,0.22233670330718389
-0.08916077681064571,-0.8517476561205203,0.2,0.017811176355820732,0.08152441851439265,0.017811176355820732,0.22234089910844557
0.0912586774414843,-0.8517476561205203,0.2,0.019615370898342033,0.08152441851439265,0.019615370898342033,0.22270173801694984
0.0933565780723229,-0.8517476561205203,0.2,0.019636349904650418,0.08154539752070104,0.019636349904650418,0.22270593381821152
0.0933565780723229,-0.8517476561205203,0.2,0.019636349904650418,0.08154539752070104,0.019636349904650418,0.22270593381821152
0.0954544787031617,-0.8517476561205203,0.2,0.019657328910958807,0.08156637652700943,0.019657328910958807,0.22271012961947317
0.6220275370436805,-0.8517476561205203,0.2,0.024923059494363995,0.08683210711041461,0.024923059494363995,0.22376327573615423
0.6241254376745189,-0.8517476561205203,0.2,0.024923059494363995,0.086853086116723,0.024923059494363995,0.2237674715374159
0.871677712113488,-0.8517476561205203,0.2,0.024923059494363995,0.0893286088611127,0.024923059494363995,0.22426257608629385
0.871677712113488,-0.7300694195318745,0.2,0.024923059494363995,0.09054539122699916,0.024923059494363995,0.22450593255947113
0.41433537459064707,-0.7300694195318745,0.2,0.024923059494363995,0.09511881460222757,0.024923059494363995,0.2254206172345168
0.4122374739598085,-0.7300694195318745,0.2,0.02494403850067238,0.09513979360853596,0.02494403850067238,0.2254248130357785
0.4122374739598085,-0.7300694195318745,0.2,0.02494403850067238,0.09513979360853596,0.02494403850067238,0.2254248130357785
0.41013957332896966,-0.7300694195318745,0.2,0.02496501750698077,0.09516077261484435,0.02496501750698077,0.22542900883704017
0.14160829258161356,-0.7300694195318745,0.2,0.02765033031445433,0.0978460854223179,0.02765033031445433,0.2259660713985349
0.13951039195077475,-0.7300694195318745,0.2,0.02767130932076272,0.09786706442862629,0.02767130932076272,0.22597026719979657
0.13951039195077475,-0.7300694195318745,0.2,0.02767130932076272,0.09786706442862629,0.02767130932076272,0.22597026719979657
0.13741249131993616,-0.7300694195318745,0.2,0.027692288327071105,0.09786706442862629,0.027692288327071105,0.22597446300105822
-0.13741249131993616,-0.7300694195318745,0.2,0.03044053815346983,0.09786706442862629,0.03044053815346983,0.22652411296633798
-0.13951039195077497,-0.7300694195318745,0.2,0.03046151715977822,0.09788804343493468,0.03046151715977822,0.22652830876759966
-0.13951039195077497,-0.7300694195318745,0.2,0.03046151715977822,0.09788804343493468,0.03046151715977822,0.22652830876759966
-0.14160829258161378,-0.7300694195318745,0.2,0.030482496166086608,0.09790902244124307,0.030482496166086608,0.22653250456886134
-0.4101395733289699,-0.7300694195318745,0.2,0.03316780897356017,0.10059433524871662,0.03316780897356017,0.22706956713035606
-0.4122374739598085,-0.7300694195318745,0.2,0.03318878797986856,0.10061531425502501,0.03318878797986856,0.22707376293161774
-0.4122374739598085,-0.7300694195318745,0.2,0.03318878797986856,0.10061531425502501,0.03318878797986856,0.22707376293161774
-0.4143353745906473,-0.7300694195318745,0.2,0.03318878797986856,0.1006362932613334,0.03318878797986856,0.2270779587328794
-0.8716777121134882,-0.7300694195318745,0.2,0.03318878797986856,0.10520971663656181,0.03318878797986856,0.22799264340792508
-0.8716777121134882,-0.6083911829432288,0.2,0.03318878797986856,0.10642649900244827,0.03318878797986856,0.22823599988110238
-0.46048918846909914,-0.6083911829432288,0.2,0.03318878797986856,0.11053838423889216,0.03318878797986856,0.22905837692839115
-0.45839128783826033,-0.6083911829432288,0.2,0.03320976698617695,0.11055936324520055,0.03320976698617695,0.22906257272965283
-0.45839128783826033,-0.6083911829432288,0.2,0.03320976698617695,0.11055936324520055,0.03320976698617695,0.22906257272965283
-0.45629338720742174,-0.6083911829432288,0.2,0.033230745992485336,0.11058034225150894,0.033230745992485336,0.2290667685309145
-0.18776210646006564,-0.6083911829432288,0.2,0.0359160587999589,0.11326565505898249,0.0359160587999589,0.22960383109240923
-0.18566420582922682,-0.6083911829432288,0.2,0.03593703780626729,0.11328663406529088,0.03593703780626729,0.2296080268936709
-0.18566420582922682,-0.6083911829432288,0.2,0.03593703780626729,0.11328663406529088,0.03593703780626729,0.2296080268936709
-0.183566305198388,-0.6083911829432288,0.2,0.035958016812575676,0.11328663406529088,0.035958016812575676,0.2296122226949326
0.1856642058292266,-0.6083911829432288,0.2,0.039650321922851825,0.11328663406529088,0.039650321922851825,0.2303506837169878
0.18776210646006541,-0.6083911829432288,0.2,0.039671300929160214,0.11330761307159927,0.039671300929160214,0.23035487951824948
0.18776210646006541,-0.6083911829432288,0.2,0.039671300929160214,0.11330761307159927,0.039671300929160214,0.23035487951824948
0.189860007090904,-0.6083911829432288,0.2,0.0396922799354686,0.11332859207790766,0.0396922799354686,0.23035907531951116
0.45839128783826033,-0.6083911829432288,0.2,0.042377592742942165,0.11601390488538123,0.042377592742942165,0.23089613788100588
0.4604891884690989,-0.6083911829432288,0.2,0.04239857174925055,0.11603488389168962,0.04239857174925055,0.23090033368226756
0.4604891884690989,-0.6083911829432288,0.2,0.04239857174925055,0.11603488389168962,0.04239857174925055,0.23090033368226756
0.46258708909993773,-0.6083911829432288,0.2,0.04239857174925055,0.116055862897998,0.04239857174925055,0.23090452948352924
0.871677712113488,-0.6083911829432288,0.2,0.04239857174925055,0.1201467691281335,0.04239857174925055,0.23131362010654277
0.7646847799407135,-0.48671294635458306,0.2,0.04239857174925055,0.12176704937532071,0.04239857174925055,0.23163767615598022
0.5087409029783896,-0.48671294635458306,0.2,0.04239857174925055,0.12432648814494394,0.04239857174925055,0.23214956390990488
0.5066430023475508,-0.48671294635458306,0.2,0.04241955075555894,0.12434746715125233,0.04241955075555894,0.23215375971116653
0.5066430023475508,-0.48671294635458306,0.2,0.04241955075555894,0.12434746715125233,0.04241955075555894,0.23215375971116653
0.504545101716712,-0.48671294635458306,0.2,0.04244052976186733,0.12436844615756072,0.04244052976186733,0.2321579555124282
0.23601382096935586,-0.48671294635458306,0.2,0.04512584256934089,0.1270537589650343,0.04512584256934089,0.23269501807392293
0.23391592033851727,-0.48671294635458306,0.2,0.04514682157564928,0.12707473797134267,0.04514682157564928,0.2326992138751846
0.23391592033851727,-0.48671294635458306,0.2,0.04514682157564928,0.12707473797134267,0.04514682157564928,0.2326992138751846
0.23181801970767846,-0.48671294635458306,0.2,0.04516780058195767,0.12707473797134267,0.04516780058195767,0.2327034096764463
-0.23181801970767868,-0.48671294635458306,0.2,0.04980416097611124,0.12707473797134267,0.04980416097611124,0.23363068175527701
-0.2339159203385175,-0.48671294635458306,0.2,0.04982513998241963,0.12709571697765104,0.04982513998241963,0.23363487755653867
-0.2339159203385175,-0.48671294635458306,0.2,0.04982513998241963,0.12709571697765104,0.04982513998241963,0.23363487755653867
-0.23601382096935608,-0.48671294635458306,0.2,0.04984611898872802,0.12711669598395942,0.04984611898872802,0.23363907335780035
-0.5045451017167123,-0.48671294635458306,0.2,0.05253143179620158,0.12980200879143297,0.05253143179620158,0.23417613591929506
-0.506643002347551,-0.48671294635458306,0.2,0.05255241080250997,0.12982298779774135,0.05255241080250997,0.23418033172055674
-0.506643002347551,-0.48671294635458306,0.2,0.05255241080250997,0.12982298779774135,0.05255241080250997,0.23418033172055674
-0.5087409029783897,-0.48671294635458306,0.2,0.05255241080250997,0.12984396680404972,0.05255241080250997,0.23418452752181843
-0.7625868793098748,-0.48671294635458306,0.2,0.05255241080250997,0.13238242656736457,0.05255241080250997,0.23469221947448138
-0.7646847799407135,-0.48671294635458306,0.2,0.05257338980881836,0.13240340557367294,0.05257338980881836,0.23469641527574306
-0.8087406931883266,-0.3650347097659372,0.2,0.05257338980881836,0.13369748890759714,0.05257338980881836,0.2349552319425279
-0.5548947168568416,-0.3650347097659372,0.2,0.05257338980881836,0.136235948670912,0.05257338980881836,0.23546292389519088
-0.5527968162260029,-0.3650347097659372,0.2,0.052594368815126746,0.13625692767722036,0.052594368815126746,0.23546711969645256
-0.28216763484780794,-0.3650347097659372,0.2,0.0553006606289087,0.13896321949100232,0.0553006606289087,0.23600837805920893
-0.2800697342169691,-0.3650347097659372,0.2,0.055321639635217086,0.1389841984973107,0.055321639635217086,0.23601257386047061
-0.2800697342169691,-0.3650347097659372,0.2,0.055321639635217086,0.1389841984973107,0.055321639635217086,0.23601257386047061
-0.27797183358613053,-0.3650347097659372,0.2,0.055342618641525475,0.1389841984973107,0.055342618641525475,0.2360167696617323
-0.005244751577096807,-0.3650347097659372,0.2,0.058069889461615815,0.1389841984973107,0.058069889461615815,0.23656222382575037
-0.0031468509462582173,-0.3650347097659372,0.2,0.0580908684679242,0.13900517750361907,0.0580908684679242,0.23656641962701205
-0.0031468509462582173,-0.3650347097659372,0.2,0.0580908684679242,0.13900517750361907,0.0580908684679242,0.23656641962701205
-0.0010489503154194058,-0.3650347097659372,0.2,0.05811184747423259,0.13902615650992745,0.05811184747423259,0.23657061542827373
0.009440552838774208,-0.3650347097659372,0.2,0.05821674250577453,0.13913105154146937,0.05821674250577453,0.2365915944345821
0.011538453469612797,-0.3650347097659372,0.2,0.05823772151208292,0.13915203054777775,0.05823772151208292,0.2365957902358438
0.011538453469612797,-0.3650347097659372,0.2,0.05823772151208292,0.13915203054777775,0.05823772151208292,0.2365957902358438
0.013636354100451609,-0.3650347097659372,0.2,0.058258700518391306,0.13915203054777775,0.058258700518391306,0.23659998603710547
0.2779718335861303,-0.3650347097659372,0.2,0.06090205531324809,0.13915203054777775,0.06090205531324809,0.23712865699607683
0.2800697342169691,-0.3650347097659372,0.2,0.06092303431955648,0.13917300955408612,0.06092303431955648,0.2371328527973385
0.2800697342169691,-0.3650347097659372,0.2,0.06092303431955648,0.13917300955408612,0.06092303431955648,0.2371328527973385
0.2821676348478077,-0.3650347097659372,0.2,0.06094401332586487,0.1391939885603945,0.06094401332586487,0.2371370485986002
0.2821676348478077,-0.3650347097659372,0.2,0.06094401332586487,0.1391939885603945,0.06094401332586487,0.2371370485986002
0.2842655354786465,-0.3650347097659372,0.2,0.06096499233217326,0.13921496756670287,0.06096499233217326,0.23714124439986187
0.5527968162260024,-0.3650347097659372,0.2,0.06365030513964681,0.14190028037417643,0.06365030513964681,0.23767830696135658
0.5548947168568412,-0.3650347097659372,0.2,0.0636712841459552,0.1419212593804848,0.0636712841459552,0.23768250276261826
0.5548947168568412,-0.3650347097659372,0.2,0.0636712841459552,0.1419212593804848,0.0636712841459552,0.23768250276261826
0.55699261748768,-0.3650347097659372,0.2,0.0636712841459552,0.14194223838679318,0.0636712841459552,0.23768669856387994
0.8087406931883263,-0.3650347097659372,0.2,0.0636712841459552,0.14445971914379965,0.0636712841459552,0.23819019471528124
0.8108385938191651,-0.3650347097659372,0.2,0.06369226315226359,0.14448069815010803,0.06369226315226359,0.2381943905165429
0.8548945070667784,-0.24335647317729148,0.2,0.06369226315226359,0.14577478148403222,0.06369226315226359,0.23845320718332774
0.6031464313661321,-0.24335647317729148,0.2,0.06369226315226359,0.1482922622410387,0.06369226315226359,0.23895670333472904
0.6010485307352933,-0.24335647317729148,0.2,0.06371324215857198,0.14831324124734707,0.06371324215857198,0.23896089913599072
0.6010485307352933,-0.24335647317729148,0.2,0.06371324215857198,0.14831324124734707,0.06371324215857198,0.23896089913599072
0.5989506301044545,-0.24335647317729148,0.2,0.06373422116488037,0.14833422025365545,0.06373422116488037,0.2389650949372524
0.3304193493570984,-0.24335647317729148,0.2,0.06641953397235392,0.151019533061129,0.06641953397235392,0.23950215749874712
0.32832144872625957,-0.24335647317729148,0.2,0.06644051297866231,0.15104051206743738,0.06644051297866231,0.2395063533000088
0.32832144872625957,-0.24335647317729148,0.2,0.06644051297866231,0.15104051206743738,0.06644051297866231,0.2395063533000088
0.32622354809542076,-0.24335647317729148,0.2,0.0664614919849707,0.15104051206743738,0.0664614919849707,0.23951054910127048
0.05979016797890346,-0.24335647317729148,0.2,0.06912582578613587,0.15104051206743738,0.06912582578613587,0.24004341586150352
0.05769226734806465,-0.24335647317729148,0.2,0.06914680479244426,0.15106149107374575,0.06914680479244426,0.2400476116627652
0.05769226734806465,-0.24335647317729148,0.2,0.06914680479244426,0.15106149107374575,0.06914680479244426,0.2400476116627652
0.05559436671722606,-0.24335647317729148,0.2,0.06916778379875264,0.15108247008005413,0.06916778379875264,0.24005180746402688
-0.04930066482471007,-0.24335647317729148,0.2,0.07021673411417201,0.15213142039547348,0.07021673411417201,0.24026159752711074
-0.05139856545554866,-0.24335647317729148,0.2,0.0702377131204804,0.15215239940178185,0.0702377131204804,0.24026579332837242
-0.05139856545554866,-0.24335647317729148,0.2,0.0702377131204804,0.15215239940178185,0.0702377131204804,0.24026579332837242
-0.05349646608638747,-0.24335647317729148,0.2,0.07025869212678879,0.15215239940178185,0.07025869212678879,0.2402699891296341
-0.3241256474645824,-0.24335647317729148,0.2,0.07296498394057073,0.15215239940178185,0.07296498394057073,0.2408112474923905
-0.326223548095421,-0.24335647317729148,0.2,0.07298596294687912,0.15217337840809023,0.07298596294687912,0.24081544329365218
-0.326223548095421,-0.24335647317729148,0.2,0.07298596294687912,0.15217337840809023,0.07298596294687912,0.24081544329365218
-0.3283214487262598,-0.24335647317729148,0.2,0.0730069419531875,0.1521943574143986,0.0730069419531875,0.24081963909491386
-0.5989506301044547,-0.24335647317729148,0.2,0.07571323376696945,0.15490064922818056,0.07571323376696945,0.24136089745767025
-0.6010485307352934,-0.24335647317729148,0.2,0.07573421277327784,0.15492162823448893,0.07573421277327784,0.24136509325893193
-0.6010485307352934,-0.24335647317729148,0.2,0.07573421277327784,0.15492162823448893,0.07573421277327784,0.24136509325893193
-0.6031464313661321,-0.24335647317729148,0.2,0.07573421277327784,0.1549426072407973,0.07573421277327784,0.24136928906019361
-0.8548945070667785,-0.24335647317729148,0.2,0.07573421277327784,0.15746008799780378,0.07573421277327784,0.2418727852115949
-0.9010483209452304,-0.12167823658864574,0.2,0.07573421277327784,0.15876146295510277,0.07573421277327784,0.2421330602030547
-0.649300245244584,-0.12167823658864574,0.2,0.07573421277327784,0.16127894371210924,0.07573421277327784,0.242636556354456
-0.6472023446137453,-0.12167823658864574,0.2,0.07575519177958623,0.16129992271841762,0.07575519177958623,0.24264075215571768
-0.37657316323555023,-0.12167823658864574,0.2,0.07846148359336817,0.16400621453219957,0.07846148359336817,0.24318201051847405
-0.37447526260471165,-0.12167823658864574,0.2,0.07848246259967656,0.16402719353850795,0.07848246259967656,0.24318620631973575
-0.37447526260471165,-0.12167823658864574,0.2,0.07848246259967656,0.16402719353850795,0.07848246259967656,0.24318620631973575
-0.37237736197387283,-0.12167823658864574,0.2,0.07850344160598495,0.16402719353850795,0.07850344160598495,0.2431904021209974
-0.10174818059567792,-0.12167823658864574,0.2,0.0812097334197669,0.16402719353850795,0.0812097334197669,0.2437316604837538
-0.09965027996483933,-0.12167823658864574,0.2,0.08123071242607528,0.16404817254481632,0.08123071242607528,0.24373585628501548
-0.09965027996483933,-0.12167823658864574,0.2,0.08123071242607528,0.16404817254481632,0.08123071242607528,0.24373585628501548
-0.09755237933400052,-0.12167823658864574,0.2,0.08125169143238367,0.1640691515511247,0.08125169143238367,0.24374005208627716
0.10174818059567792,-0.12167823658864574,0.2,0.08324469703168046,0.16606215715042147,0.08324469703168046,0.24413865320613654
0.1038460812265165,-0.12167823658864574,0.2,0.08326567603798884,0.16608313615672984,0.08326567603798884,0.24414284900739822
0.1038460812265165,-0.12167823658864574,0.2,0.08326567603798884,0.16608313615672984,0.08326567603798884,0.24414284900739822
0.10594398185735532,-0.12167823658864574,0.2,0.08328665504429723,0.16608313615672984,0.08328665504429723,0.2441470448086599
0.3723773619738726,-0.12167823658864574,0.2,0.0859509888454624,0.16608313615672984,0.0859509888454624,0.24467991156889293
0.3744752626047114,-0.12167823658864574,0.2,0.08597196785177079,0.16610411516303822,0.08597196785177079,0.2446841073701546
0.3744752626047114,-0.12167823658864574,0.2,0.08597196785177079,0.16610411516303822,0.08597196785177079,0.2446841073701546
0.37657316323555023,-0.12167823658864574,0.2,0.08599294685807918,0.1661250941693466,0.08599294685807918,0.2446883031714163
0.6472023446137449,-0.12167823658864574,0.2,0.08869923867186112,0.16883138598312855,0.08869923867186112,0.2452295615341727
0.6493002452445837,-0.12167823658864574,0.2,0.08872021767816951,0.16885236498943693,0.08872021767816951,0.24523375733543434
0.6493002452445837,-0.12167823658864574,0.2,0.08872021767816951,0.16885236498943693,0.08872021767816951,0.24523375733543434
0.6513981458754226,-0.12167823658864574,0.2,0.08872021767816951,0.1688733439957453,0.08872021767816951,0.24523795313669605
0.90104832094523,-0.12167823658864574,0.2,0.08872021767816951,0.17136984574644337,0.08872021767816951,0.24573725348683564
0.9472021348236821,0.0,0.2,0.08872021767816951,0.17267122070374236,0.08872021767816951,0.24599752847829545
0.6975519597538742,0.0,0.2,0.08872021767816951,0.17516772245444043,0.08872021767816951,0.24649682882843504
0.6954540591230354,0.0,0.2,0.0887411966844779,0.1751887014607488,0.0887411966844779,0.24650102462969675
0.4248248777448407,0.0,0.2,0.09144748849825984,0.17789499327453076,0.09144748849825984,0.24704228299245312
0.4227269771140021,0.0,0.2,0.09146846750456823,0.17791597228083914,0.09146846750456823,0.2470464787937148
0.4227269771140021,0.0,0.2,0.09146846750456823,0.17791597228083914,0.09146846750456823,0.2470464787937148
0.4206290764831633,0.0,0.2,0.09148944651087662,0.17791597228083914,0.09148944651087662,0.24705067459497648
0.15209779573580717,0.0,0.2,0.09417475931835018,0.17791597228083914,0.09417475931835018,0.2475877371564712
0.14999989510496836,0.0,0.2,0.09419573832465856,0.1779369512871475,0.09419573832465856,0.24759193295773288
0.14999989510496836,0.0,0.2,0.09419573832465856,0.1779369512871475,0.09419573832465856,0.24759193295773288
0.14790199447412955,0.0,0.2,0.09421671733096695,0.17795793029345588,0.09421671733096695,0.24759612875899456
-0.14370619321245237,0.0,0.2,0.09713279920783277,0.1808740121703217,0.09713279920783277,0.24817934513436773
-0.14580409384329118,0.0,0.2,0.09715377821414116,0.18089499117663008,0.09715377821414116,0.2481835409356294
-0.14580409384329118,0.0,0.2,0.09715377821414116,0.18089499117663008,0.09715377821414116,0.2481835409356294
-0.14790199447412977,0.0,0.2,0.09717475722044955,0.18089499117663008,0.09717475722044955,0.2481877367368911
-0.4185311758523247,0.0,0.2,0.09988104903423149,0.18089499117663008,0.09988104903423149,0.24872899509964747
-0.4206290764831635,0.0,0.2,0.09990202804053988,0.18091597018293845,0.09990202804053988,0.24873319090090915
-0.4206290764831635,0.0,0.2,0.09990202804053988,0.18091597018293845,0.09990202804053988,0.24873319090090915
-0.4227269771140021,0.0,0.2,0.09992300704684827,0.18093694918924683,0.09992300704684827,0.24873738670217083
-0.693356158492197,0.0,0.2,0.10262929886063021,0.18364324100302878,0.10262929886063021,0.24927864506492722
-0.6954540591230358,0.0,0.2,0.1026502778669386,0.18366422000933716,0.1026502778669386,0.2492828408661889
-0.6954540591230358,0.0,0.2,0.1026502778669386,0.18366422000933716,0.1026502778669386,0.2492828408661889
-0.6975519597538745,0.0,0.2,0.1026502778669386,0.18368519901564553,0.1026502778669386,0.24928703666745058
-0.9451042341928435,0.0,0.2,0.1026502778669386,0.18616072176003523,0.1026502778669386,0.24978214121632852
-0.9912580480712953,0.12167823658864574,0.2,0.1026502778669386,0.18746209671733421,0.1026502778669386,0.25004241620778833
-0.7458036742631651,0.12167823658864574,0.2,0.1026502778669386,0.1899166404554155,0.1026502778669386,0.2505333249554046
-0.7437057736323264,0.12167823658864574,0.2,0.10267125687324699,0.18993761946172388,0.10267125687324699,0.25053752075666624
-0.7437057736323264,0.12167823658864574,0.2,0.10267125687324699,0.18993761946172388,0.10267125687324699,0.25053752075666624
-0.7416078730014877,0.12167823658864574,0.2,0.10269223587955538,0.18995859846803226,0.10269223587955538,0.25054171655792795
-0.47097869162329276,0.12167823658864574,0.2,0.10539852769333732,0.19266489028181422,0.10539852769333732,0.2510829749206843
-0.46888079099245394,0.12167823658864574,0.2,0.10541950669964571,0.1926858692881226,0.10541950669964571,0.25108717072194603
-0.46888079099245394,0.12167823658864574,0.2,0.10541950669964571,0.1926858692881226,0.10541950669964571,0.25108717072194603
-0.46678289036161535,0.12167823658864574,0.2,0.1054404857059541,0.1926858692881226,0.1054404857059541,0.2510913665232077
-0.19615370898342044,0.12167823658864574,0.2,0.10814677751973605,0.1926858692881226,0.10814677751973605,0.25163262488596405
-0.19405580835258163,0.12167823658864574,0.2,0.10816775652604443,0.19270684829443097,0.10816775652604443,0.25163682068722576
-0.19405580835258163,0.12167823658864574,0.2,0.10816775652604443,0.19270684829443097,0.10816775652604443,0.25163682068722576
-0.19195790772174304,0.12167823658864574,0.2,0.10818873553235282,0.19272782730073934,0.10818873553235282,0.25164101648848747
0.1940558083525814,0.12167823658864574,0.2,0.11204887269309607,0.19658796446148258,0.11204887269309607,0.25241304392063607
0.19615370898342022,0.12167823658864574,0.2,0.11206985169940446,0.19660894346779095,0.11206985169940446,0.2524172397218978
0.19615370898342022,0.12167823658864574,0.2,0.11206985169940446,0.19660894346779095,0.11206985169940446,0.2524172397218978
0.19825160961425903,0.12167823658864574,0.2,0.11209083070571285,0.19660894346779095,0.11209083070571285,0.25242143552315943
0.46678289036161513,0.12167823658864574,0.2,0.11477614351318641,0.19660894346779095,0.11477614351318641,0.25295849808465415
0.4688807909924537,0.12167823658864574,0.2,0.1147971225194948,0.19662992247409933,0.1147971225194948,0.25296269388591586
0.4688807909924537,0.12167823658864574,0.2,0.1147971225194948,0.19662992247409933,0.1147971225194948,0.25296269388591586
0.47097869162329253,0.12167823658864574,0.2,0.11481810152580318,0.1966509014804077,0.11481810152580318,0.2529668896871775
0.7416078730014874,0.12167823658864574,0.2,0.11752439333958513,0.19935719329418966,0.11752439333958513,0.25350814804993393
0.7437057736323263,0.12167823658864574,0.2,0.11754537234589352,0.19937817230049804,0.11754537234589352,0.2535123438511956
0.7437057736323263,0.12167823658864574,0.2,0.11754537234589352,0.19937817230049804,0.11754537234589352,0.2535123438511956
0.7458036742631651,0.12167823658864574,0.2,0.11754537234589352,0.1993991513068064,0.11754537234589352,0.2535165396524573
0.9912580480712949,0.12167823658864574,0.2,0.11754537234589352,0.2018536950448877,0.11754537234589352,0.25400744840007355
1.037411861949747,0.24335647317729148,0.2,0.11754537234589352,0.2031550700021867,0.11754537234589352,0.2542677233915333
0.7919574881416167,0.24335647317729148,0.2,0.11754537234589352,0.20560961374026798,0.11754537234589352,0.25475863213914957
0.7898595875107779,0.24335647317729148,0.2,0.1175663513522019,0.20563059274657636,0.1175663513522019,0.2547628279404113
0.5192304061325832,0.24335647317729148,0.2,0.12027264316598385,0.20833688456035832,0.12027264316598385,0.25530408630316764
0.5171325055017444,0.24335647317729148,0.2,0.12029362217229224,0.2083578635666667,0.12029362217229224,0.25530828210442935
0.5171325055017444,0.24335647317729148,0.2,0.12029362217229224,0.2083578635666667,0.12029362217229224,0.25530828210442935
0.5150346048709056,0.24335647317729148,0.2,0.12031460117860063,0.2083578635666667,0.12031460117860063,0.255312477905691
-0.5129367042400671,0.24335647317729148,0.2,0.13059431426971035,0.2083578635666667,0.13059431426971035,0.25736842052391296
-0.5150346048709059,0.24335647317729148,0.2,0.13061529327601873,0.20837884257297506,0.13061529327601873,0.25737261632517466
-0.5150346048709059,0.24335647317729148,0.2,0.13061529327601873,0.20837884257297506,0.13061529327601873,0.25737261632517466
-0.5171325055017446,0.24335647317729148,0.2,0.1306362722823271,0.20839982157928344,0.1306362722823271,0.2573768121264363
-0.7877616868799394,0.24335647317729148,0.2,0.13334256409610906,0.2111061133930654,0.13334256409610906,0.2579180704891927
-0.7898595875107782,0.24335647317729148,0.2,0.13336354310241744,0.21112709239937377,0.13336354310241744,0.2579222662904544
-0.7898595875107782,0.24335647317729148,0.2,0.13336354310241744,0.21112709239937377,0.13336354310241744,0.2579222662904544
-0.7919574881416169,0.24335647317729148,0.2,0.13336354310241744,0.21114807140568215,0.13336354310241744,0.2579264620917161
-1.0374118619497472,0.24335647317729148,0.2,0.13336354310241744,0.21360261514376344,0.13336354310241744,0.25841737083933236
-1.0835656758281988,0.3650347097659372,0.2,0.13466491805971642,0.21490399010106243,0.13466491805971642,0.2586776458307921
-1.0835656758281988,0.3650347097659372,0.2,0.13466491805971642,0.21490399010106243,0.13466491805971642,0.2586776458307921
-1.0814677751973603,0.3650347097659372,0.2,0.13466491805971642,0.2149249691073708,0.13466491805971642,0.2586818416320538
-0.8402092026509075,0.3650347097659372,0.2,0.13466491805971642,0.21733755483283532,0.13466491805971642,0.2591643587771467
-0.8381113020200688,0.3650347097659372,0.2,0.1346858970660248,0.2173585338391437,0.1346858970660248,0.25916855457840837
-0.8381113020200688,0.3650347097659372,0.2,0.1346858970660248,0.2173585338391437,0.1346858970660248,0.25916855457840837
-0.83601340138923,0.3650347097659372,0.2,0.13470687607233317,0.21737951284545207,0.13470687607233317,0.2591727503796701
-0.5632863193801965,0.3650347097659372,0.2,0.1374341468924235,0.2201067836655424,0.1374341468924235,0.25971820454368816
-0.5611884187493577,0.3650347097659372,0.2,0.13745512589873188,0.22012776267185077,0.13745512589873188,0.2597224003449498
-0.5611884187493577,0.3650347097659372,0.2,0.13745512589873188,0.22012776267185077,0.13745512589873188,0.2597224003449498
-0.559090518118519,0.3650347097659372,0.2,0.13747610490504025,0.22012776267185077,0.13747610490504025,0.2597265961462115
0.5611884187493577,0.3650347097659372,0.2,0.14867889427371903,0.22012776267185077,0.14867889427371903,0.26196715401994725
0.563286319380196,0.3650347097659372,0.2,0.1486998732800274,0.22014874167815915,0.1486998732800274,0.26197134982120895
0.563286319380196,0.3650347097659372,0.2,0.1486998732800274,0.22014874167815915,0.1486998732800274,0.26197134982120895
0.5653842200110348,0.3650347097659372,0.2,0.14872085228633578,0.22016972068446752,0.14872085228633578,0.2619755456224706
0.83601340138923,0.3650347097659372,0.2,0.15142714410011773,0.22287601249824948,0.15142714410011773,0.262516803985227
0.8381113020200683,0.3650347097659372,0.2,0.1514481231064261,0.22289699150455786,0.1514481231064261,0.2625209997864887
0.8381113020200683,0.3650347097659372,0.2,0.1514481231064261,0.22289699150455786,0.1514481231064261,0.2625209997864887
0.8402092026509071,0.3650347097659372,0.2,0.1514481231064261,0.22291797051086623,0.1514481231064261,0.26252519558775034
1.0835656758281986,0.3650347097659372,0.2,0.1514481231064261,0.22535153524263915,0.1514481231064261,0.26301190853410494
1.1297194897066507,0.48671294635458295,0.2,0.1527494980637251,0.22665291019993813,0.1527494980637251,0.26327218352556475
1.1297194897066507,0.48671294635458295,0.2,0.1527494980637251,0.22665291019993813,0.1527494980637251,0.26327218352556475
1.127621589075812,0.48671294635458295,0.2,0.1527494980637251,0.2266738892062465,0.1527494980637251,0.2632763793268264
0.888460917160198,0.48671294635458295,0.2,0.1527494980637251,0.22906549592540265,0.1527494980637251,0.26375470067065765
0.8863630165293592,0.48671294635458295,0.2,0.15277047707003347,0.22908647493171103,0.15277047707003347,0.2637588964719193
0.8863630165293592,0.48671294635458295,0.2,0.15277047707003347,0.22908647493171103,0.15277047707003347,0.2637588964719193
0.8842651158985204,0.48671294635458295,0.2,0.15279145607634184,0.2291074539380194,0.15279145607634184,0.263763092273181
0.6136359345203257,0.48671294635458295,0.2,0.1554977478901238,0.23181374575180136,0.1554977478901238,0.2643043506359374
0.6115380338894869,0.48671294635458295,0.2,0.15551872689643217,0.23183472475810973,0.15551872689643217,0.2643085464371991
0.6115380338894869,0.48671294635458295,0.2,0.15551872689643217,0.23183472475810973,0.15551872689643217,0.2643085464371991
0.6094401332586481,0.48671294635458295,0.2,0.15553970590274055,0.23183472475810973,0.15553970590274055,0.26431274223846074
0.340908852511292,0.48671294635458295,0.2,0.1582250187102141,0.23183472475810973,0.1582250187102141,0.26484980479995546
0.3388109518804532,0.48671294635458295,0.2,0.15824599771652248,0.2318557037644181,0.15824599771652248,0.26485400060121717
0.3388109518804532,0.48671294635458295,0.2,0.15824599771652248,0.2318557037644181,0.15824599771652248,0.26485400060121717
0.33671305124961437,0.48671294635458295,0.2,0.15826697672283085,0.23187668277072648,0.15826697672283085,0.2648581964024788
-0.3367130512496146,0.48671294635458295,0.2,0.16500123774782313,0.23861094379571876,0.16500123774782313,0.2662050486074773
-0.3388109518804534,0.48671294635458295,0.2,0.1650222167541315,0.23863192280202714,0.1650222167541315,0.26620924440873894
-0.3388109518804534,0.48671294635458295,0.2,0.1650222167541315,0.23863192280202714,0.1650222167541315,0.26620924440873894
-0.340908852511292,0.48671294635458295,0.2,0.16504319576043988,0.23863192280202714,0.16504319576043988,0.26621344021000065
-0.6073422326278095,0.48671294635458295,0.2,0.16770752956160506,0.23863192280202714,0.16770752956160506,0.26674630697023366
-0.6094401332586482,0.48671294635458295,0.2,0.16772850856791344,0.2386529018083355,0.16772850856791344,0.26675050277149537
-0.6094401332586482,0.48671294635458295,0.2,0.16772850856791344,0.2386529018083355,0.16772850856791344,0.26675050277149537
-0.611538033889487,0.48671294635458295,0.2,0.1677494875742218,0.23867388081464389,0.1677494875742218,0.266754698572757
-0.8842651158985205,0.48671294635458295,0.2,0.17047675839431214,0.24140115163473422,0.17047675839431214,0.2673001527367751
-0.8863630165293593,0.48671294635458295,0.2,0.17047675839431214,0.2414221306410426,0.17047675839431214,0.2673043485380368
-1.1276215890758121,0.48671294635458295,0.2,0.17047675839431214,0.2438347163665071,0.17047675839431214,0.2677868656831297
-1.173775402954264,0.6083911829432289,0.2,0.17047675839431214,0.2451360913238061,0.17047675839431214,0.26804714067458946
-0.9346147310386499,0.6083911829432289,0.2,0.17047675839431214,0.24752769804296224,0.17047675839431214,0.2685254620184207
-0.9325168304078112,0.6083911829432289,0.2,0.17049773740062052,0.2475486770492706,0.17049773740062052,0.2685296578196824
-0.9325168304078112,0.6083911829432289,0.2,0.17049773740062052,0.2475486770492706,0.17049773740062052,0.2685296578196824
-0.9304189297769724,0.6083911829432289,0.2,0.1705187164069289,0.24756965605557898,0.1705187164069289,0.26853385362094406
-0.6576918477679389,0.6083911829432289,0.2,0.17324598722701923,0.25029692687566935,0.17324598722701923,0.26907930778496214
-0.6555939471371001,0.6083911829432289,0.2,0.1732669662333276,0.2503179058819777,0.1732669662333276,0.2690835035862238
-0.6555939471371001,0.6083911829432289,0.2,0.1732669662333276,0.2503179058819777,0.1732669662333276,0.2690835035862238
-0.6534960465062614,0.6083911829432289,0.2,0.17328794523963598,0.2503179058819777,0.17328794523963598,0.2690876993874855
-0.38916056702058266,0.6083911829432289,0.2,0.17593130003449275,0.2503179058819777,0.17593130003449275,0.26961637034645686
-0.38706266638974385,0.6083911829432289,0.2,0.17595227904080113,0.2503388848882861,0.17595227904080113,0.26962056614771857
-0.38706266638974385,0.6083911829432289,0.2,0.17595227904080113,0.2503388848882861,0.17595227904080113,0.26962056614771857
-0.38496476575890526,0.6083911829432289,0.2,0.1759732580471095,0.25035986389459447,0.1759732580471095,0.2696247619489802
0.38496476575890504,0.6083911829432289,0.2,0.1836725533622876,0.25805915920977257,0.1836725533622876,0.2711646210120158
0.38706266638974385,0.6083911829432289,0.2,0.18369353236859598,0.25808013821608095,0.18369353236859598,0.27116881681327754
0.38706266638974385,0.6083911829432289,0.2,0.18369353236859598,0.25808013821608095,0.18369353236859598,0.27116881681327754
0.38916056702058244,0.6083911829432289,0.2,0.18371451137490435,0.25808013821608095,0.18371451137490435,0.2711730126145392
0.6555939471370997,0.6083911829432289,0.2,0.18637884517606954,0.25808013821608095,0.18637884517606954,0.27170587937477225
0.6576918477679385,0.6083911829432289,0.2,0.1863998241823779,0.2581011172223893,0.1863998241823779,0.2717100751760339
0.6576918477679385,0.6083911829432289,0.2,0.1863998241823779,0.2581011172223893,0.1863998241823779,0.2717100751760339
0.6597897483987774,0.6083911829432289,0.2,0.18642080318868628,0.2581220962286977,0.18642080318868628,0.2717142709772956
0.930418929776972,0.6083911829432289,0.2,0.18912709500246824,0.26082838804247965,0.18912709500246824,0.272255529340052
0.9325168304078109,0.6083911829432289,0.2,0.18914807400877662,0.26084936704878803,0.18914807400877662,0.2722597251413137
0.9325168304078109,0.6083911829432289,0.2,0.18914807400877662,0.26084936704878803,0.18914807400877662,0.2722597251413137
0.9346147310386497,0.6083911829432289,0.2,0.18914807400877662,0.2608703460550964,0.18914807400877662,0.27226392094257534
1.1737754029542635,0.6083911829432289,0.2,0.18914807400877662,0.2632619527742525,0.18914807400877662,0.2727422422864066
1.4989500007342655,0.7300694195318747,0.2,0.18914807400877662,0.26673389909153206,0.18914807400877662,0.27308943691813453
0.9828664455479401,0.7300694195318747,0.2,0.18914807400877662,0.2718947346433953,0.18914807400877662,0.27412160402850716
0.9807685449171013,0.7300694195318747,0.2,0.189169053015085,0.2719157136497037,0.189169053015085,0.27412579982976887
0.9807685449171013,0.7300694195318747,0.2,0.189169053015085,0.2719157136497037,0.189169053015085,0.27412579982976887
0.9786706442862629,0.7300694195318747,0.2,0.18919003202139337,0.27193669265601206,0.18919003202139337,0.2741299956310306
0.7101393635389066,0.7300694195318747,0.2,0.19187534482886692,0.27462200546348564,0.19187534482886692,0.27466705819252524
0.7080414629080678,0.7300694195318747,0.2,0.1918963238351753,0.274642984469794,0.1918963238351753,0.27467125399378695
0.7080414629080678,0.7300694195318747,0.2,0.1918963238351753,0.274642984469794,0.1918963238351753,0.27467125399378695
0.705943562277229,0.7300694195318747,0.2,0.19191730284148367,0.274642984469794,0.19191730284148367,0.27467544979504865
0.4374122815298731,0.7300694195318747,0.2,0.19460261564895723,0.274642984469794,0.19460261564895723,0.2752125123565433
0.4353143808990343,0.7300694195318747,0.2,0.1946235946552656,0.2746639634761024,0.1946235946552656,0.275216708157805
0.4353143808990343,0.7300694195318747,0.2,0.1946235946552656,0.2746639634761024,0.1946235946552656,0.275216708157805
0.4332164802681955,0.7300694195318747,0.2,0.19464457366157398,0.27468494248241077,0.19464457366157398,0.27522090395906673
-0.4332164802681957,0.7300694195318747,0.2,0.2033089032669379,0.28334927208777466,0.2033089032669379,0.2769537698801395
-0.4353143808990345,0.7300694195318747,0.2,0.20332988227324628,0.28337025109408304,0.20332988227324628,0.2769579656814012
-0.4353143808990345,0.7300694195318747,0.2,0.20332988227324628,0.28337025109408304,0.20332988227324628,0.2769579656814012
-0.4374122815298733,0.7300694195318747,0.2,0.20335086127955465,0.28337025109408304,0.20335086127955465,0.27696216148266284
-0.7017477610155519,0.7300694195318747,0.2,0.20599421607441143,0.28337025109408304,0.20599421607441143,0.2774908324416342
-0.7038456616463906,0.7300694195318747,0.2,0.2060151950807198,0.2833912301003914,0.2060151950807198,0.2774950282428959
-0.7038456616463906,0.7300694195318747,0.2,0.2060151950807198,0.2833912301003914,0.2060151950807198,0.2774950282428959
-0.7059435622772294,0.7300694195318747,0.2,0.20603617408702818,0.2834122091066998,0.20603617408702818,0.27749922404415756
-0.9786706442862629,0.7300694195318747,0.2,0.2087634449071185,0.2861394799267901,0.2087634449071185,0.27804467820817563
-0.9807685449171017,0.7300694195318747,0.2,0.2087634449071185,0.2861604589330985,0.2087634449071185,0.27804887400943734
-1.4968521001034267,0.7300694195318747,0.2,0.2087634449071185,0.29132129448496175,0.2087634449071185,0.27908104111980997
-1.4989500007342655,0.7300694195318747,0.2,0.2087844239134269,0.2913422734912701,0.2087844239134269,0.2790852369210717
-1.4989500007342655,0.8517476561205204,0.2,0.21000120627931335,0.2925590558571566,0.21000120627931335,0.2793285933942489
-1.4989500007342655,0.8517476561205204,0.2,0.21000120627931335,0.2925590558571566,0.21000120627931335,0.2793285933942489
-1.4968521001034267,0.8517476561205204,0.2,0.21000120627931335,0.29258003486346496,0.21000120627931335,0.27933278919551063
-1.0290202594263922,0.8517476561205204,0.2,0.21000120627931335,0.2972583532702353,0.21000120627931335,0.2802684528768647
-1.0269223587955536,0.8517476561205204,0.2,0.21002218528562172,0.2972793322765437,0.21002218528562172,0.2802726486781264
-1.0269223587955536,0.8517476561205204,0.2,0.21002218528562172,0.2972793322765437,0.21002218528562172,0.2802726486781264
-1.0248244581647148,0.8517476561205204,0.2,0.2100431642919301,0.29730031128285206,0.2100431642919301,0.28027684447938805
-0.7898595875107782,0.8517476561205204,0.2,0.21239281299846946,0.2996499599893914,0.21239281299846946,0.28074677422069594
-0.7877616868799394,0.8517476561205204,0.2,0.21241379200477783,0.2996709389956998,0.21241379200477783,0.2807509700219576
-0.7877616868799394,0.8517476561205204,0.2,0.21241379200477783,0.2996709389956998,0.21241379200477783,0.2807509700219576
-0.7856637862491007,0.8517476561205204,0.2,0.2124347710110862,0.2996709389956998,0.2124347710110862,0.2807551658232193
-0.47517449288497016,0.8517476561205204,0.2,0.2155396639447275,0.2996709389956998,0.2155396639447275,0.2813761444099475
-0.47307659225413157,0.8517476561205204,0.2,0.21556064295103589,0.2996919180020082,0.21556064295103589,0.2813803402112092
0.47307659225413135,0.8517476561205204,0.2,0.22502217479611852,0.3091534498470908,0.22502217479611852,0.2832726465802258
0.47517449288496993,0.8517476561205204,0.2,0.2250431538024269,0.3091744288533992,0.2250431538024269,0.2832768423814874
0.47517449288496993,0.8517476561205204,0.2,0.2250431538024269,0.3091744288533992,0.2250431538024269,0.2832768423814874
0.47727239351580875,0.8517476561205204,0.2,0.22506413280873527,0.3091744288533992,0.22506413280873527,0.2832810381827491
0.7856637862491007,0.8517476561205204,0.2,0.2281480467360682,0.3091744288533992,0.2281480467360682,0.2838978209682157
0.7877616868799391,0.8517476561205204,0.2,0.22816902574237657,0.30919540785970756,0.22816902574237657,0.28390201676947735
0.7877616868799391,0.8517476561205204,0.2,0.22816902574237657,0.30919540785970756,0.22816902574237657,0.28390201676947735
0.7898595875107779,0.8517476561205204,0.2,0.22819000474868495,0.30921638686601594,0.22819000474868495,0.28390621257073906
0.7898595875107779,0.8517476561205204,0.2,0.22819000474868495,0.30921638686601594,0.22819000474868495,0.28390621257073906
0.7919574881416167,0.8517476561205204,0.2,0.22821098375499332,0.3092373658723243,0.22821098375499332,0.28391040837200077
1.0269223587955534,0.8517476561205204,0.2,0.2305606324615327,0.3115870145788637,0.2305606324615327,0.2843803381133086
1.0290202594263922,0.8517476561205204,0.2,0.2305606324615327,0.31160799358517205,0.2305606324615327,0.2843845339145703
1.4989500007342655,0.8517476561205204,0.2,0.2305606324615327,0.3163072909982508,0.2305606324615327,0.285324393397186
1.4989500007342655,0.9734258927091661,0.2,0.2305606324615327,0.31752407336413724,0.2305606324615327,0.2855677498703633
1.2513977262952964,0.9734258927091661,0.2,0.2305606324615327,0.3199995961085269,0.2305606324615327,0.2860628544192413
1.2492998256644576,0.9734258927091661,0.2,0.23058161146784106,0.3200205751148353,0.23058161146784106,0.28606705022050294
1.2492998256644576,0.9734258927091661,0.2,0.23058161146784106,0.3200205751148353,0.23058161146784106,0.28606705022050294
1.2472019250336188,0.9734258927091661,0.2,0.23060259047414944,0.32004155412114366,0.23060259047414944,0.2860712460217646
0.40384587143645345,0.9734258927091661,0.2,0.2390361510101211,0.3284751146571153,0.2390361510101211,0.28775795812895893
0.40174797080561486,0.9734258927091661,0.2,0.2390361510101211,0.3284960936634237,0.2390361510101211,0.28776215393022064
0.16888100078251678,0.9734258927091661,0.2,0.2390361510101211,0.3308247633636547,0.2390361510101211,0.2882278878702668
0.1667831001516782,0.9734258927091661,0.2,0.23905713001642948,0.33084574236996306,0.23905713001642948,0.2882320836715285
0.1667831001516782,0.9734258927091661,0.2,0.23905713001642948,0.33084574236996306,0.23905713001642948,0.2882320836715285
0.16468519952083938,0.9734258927091661,0.2,0.23907810902273785,0.33086672137627143,0.23907810902273785,0.2882362794727902
-0.15839149762832339,0.9734258927091661,0.2,0.24230887599422948,0.33409748834776304,0.24230887599422948,0.2888824328670885
-0.1604893982591622,0.9734258927091661,0.2,0.24230887599422948,0.3341184673540714,0.24230887599422948,0.2888866286683502
-0.4017479708056151,0.9734258927091661,0.2,0.24230887599422948,0.33653105307953596,0.24230887599422948,0.2893691458134431
-0.4038458714364537,0.9734258927091661,0.2,0.24232985500053786,0.33655203208584433,0.24232985500053786,0.2893733416147048
-1.247201925033619,0.9734258927091661,0.2,0.2507634155365095,0.344985592621816,0.2507634155365095,0.29106005372189914
-1.2492998256644579,0.9734258927091661,0.2,0.25078439454281787,0.34500657162812437,0.25078439454281787,0.2910642495231608
-1.2492998256644579,0.9734258927091661,0.2,0.25078439454281787,0.34500657162812437,0.25078439454281787,0.2910642495231608
-1.2513977262952967,0.9734258927091661,0.2,0.25078439454281787,0.34502755063443274,0.25078439454281787,0.29106844532442244
-1.4968521001034267,0.9734258927091661,0.2,0.25078439454281787,0.34748209437251404,0.25078439454281787,0.2915593540720387
-1.4989500007342655,0.9734258927091661,0.2,0.25080537354912624,0.3475030733788224,0.25080537354912624,0.2915635498733004
-1.4989500007342655,1.0951041292978119,0.2,0.2520221559150127,0.3487198557447089,0.2520221559150127,0.2918069063464777
-1.4989500007342655,1.0951041292978119,0.2,0.2520221559150127,0.3487198557447089,0.2520221559150127,0.2918069063464777
-1.4968521001034267,1.0951041292978119,0.2,0.2520221559150127,0.34874083475101725,0.2520221559150127,0.29181110214773937
-1.2513977262952967,1.0951041292978119,0.2,0.2520221559150127,0.35119537848909854,0.2520221559150127,0.2923020108953556
-1.2492998256644579,1.0951041292978119,0.2,0.2520431349213211,0.3512163574954069,0.2520431349213211,0.29230620669661733
-1.2492998256644579,1.0951041292978119,0.2,0.2520431349213211,0.3512163574954069,0.2520431349213211,0.29230620669661733
-1.247201925033619,1.0951041292978119,0.2,0.25206411392762945,0.3512373365017153,0.25206411392762945,0.292310402497879
-0.4038458714364537,1.0951041292978119,0.2,0.2604976744636011,0.35967089703768695,0.2604976744636011,0.29399711460507333
-0.4017479708056151,1.0951041292978119,0.2,0.2604976744636011,0.35969187604399533,0.2604976744636011,0.29400131040633504
-0.1604893982591622,1.0951041292978119,0.2,0.2604976744636011,0.3621044617694599,0.2604976744636011,0.29448382755142793
-0.15839149762832339,1.0951041292978119,0.2,0.2605186534699095,0.36212544077576825,0.2605186534699095,0.2944880233526896
0.16468519952083938,1.0951041292978119,0.2,0.2637494204414011,0.36535620774725985,0.2637494204414011,0.29513417674698794
0.1667831001516782,1.0951041292978119,0.2,0.26377039944770947,0.36537718675356823,0.26377039944770947,0.2951383725482496
0.1667831001516782,1.0951041292978119,0.2,0.26377039944770947,0.36537718675356823,0.26377039944770947,0.2951383725482496
0.16888100078251678,1.0951041292978119,0.2,0.26377039944770947,0.3653981657598766,0.26377039944770947,0.2951425683495113
0.40174797080561486,1.0951041292978119,0.2,0.26377039944770947,0.3677268354601076,0.26377039944770947,0.2956083022895575
0.40384587143645345,1.0951041292978119,0.2,0.26379137845401784,0.36774781446641597,0.26379137845401784,0.29561249809081913
1.2472019250336188,1.0951041292978119,0.2,0.2722249389899895,0.37618137500238763,0.2722249389899895,0.2972992101980135
1.2492998256644576,1.0951041292978119,0.2,0.2722459179962979,0.376202354008696,0.2722459179962979,0.2973034059992752
1.2492998256644576,1.0951041292978119,0.2,0.2722459179962979,0.376202354008696,0.2722459179962979,0.2973034059992752
1.2513977262952964,1.0951041292978119,0.2,0.2722459179962979,0.3762233330150044,0.2722459179962979,0.29730760180053684
1.4989500007342655,1.0951041292978119,0.2,0.2722459179962979,0.37869885575939405,0.2722459179962979,0.2978027063494148
1.4989500007342655,1.2167823658864576,0.2,0.2722459179962979,0.3799156381252805,0.2722459179962979,0.29804606282259205
0.16888100078251678,1.2167823658864576,0.2,0.2722459179962979,0.393216328124798,0.2722459179962979,0.30070620082249555
0.1667831001516782,1.2167823658864576,0.2,0.27226689700260626,0.3932373071311064,0.27226689700260626,0.30071039662375726
0.1667831001516782,1.2167823658864576,0.2,0.27226689700260626,0.3932373071311064,0.27226689700260626,0.30071039662375726
0.16468519952083938,1.2167823658864576,0.2,0.27228787600891463,0.39325828613741476,0.27228787600891463,0.30071459242501897
-0.15839149762832339,1.2167823658864576,0.2,0.27551864298040624,0.39648905310890636,0.27551864298040624,0.30136074581931727
-0.1604893982591622,1.2167823658864576,0.2,0.27551864298040624,0.39651003211521474,0.27551864298040624,0.3013649416205789
-1.4968521001034267,1.2167823658864576,0.2,0.27551864298040624,0.40987365913365736,0.27551864298040624,0.3040376670242675
-1.4989500007342655,1.2167823658864576,0.2,0.2755396219867146,0.40989463813996574,0.2755396219867146,0.30404186282552914
-1.4989500007342655,1.3384606024751033,0.2,0.27675640435260107,0.4111114205058522,0.27675640435260107,0.30428521929870644
-1.4989500007342655,1.3384606024751033,0.2,0.27675640435260107,0.4111114205058522,0.27675640435260107,0.30428521929870644
-1.4968521001034267,1.3384606024751033,0.2,0.27675640435260107,0.4111323995121606,0.27675640435260107,0.3042894150999681
-0.1604893982591622,1.3384606024751033,0.2,0.27675640435260107,0.4244960265306032,0.27675640435260107,0.30696214050365667
-0.15839149762832339,1.3384606024751033,0.2,0.27677738335890945,0.4245170055369116,0.27677738335890945,0.3069663363049183
0.16468519952083938,1.3384606024751033,0.2,0.28000815033040105,0.4277477725084032,0.28000815033040105,0.3076124896992167
0.1667831001516782,1.3384606024751033,0.2,0.2800291293367094,0.42776875151471155,0.2800291293367094,0.3076166855004783
0.1667831001516782,1.3384606024751033,0.2,0.2800291293367094,0.42776875151471155,0.2800291293367094,0.3076166855004783
0.16888100078251678,1.3384606024751033,0.2,0.2800291293367094,0.42778973052101993,0.2800291293367094,0.30762088130174003
1.4989500007342655,1.3384606024751033,0.2,0.2800291293367094,0.44109042052053743,0.2800291293367094,0.3089509503016918
1.4989500007342655,1.3384606024751033,0.30000000000000004,0.0,0.0,0.0,0.3089509503016918
0.16888100078251678,1.3384606024751033,0.30000000000000004,0.013300689999517487,0.0,0.013300689999517487,0.3116110883015953
0.1667831001516782,1.3384606024751033,0.30000000000000004,0.013321669005825872,2.0979006308385895e-05,0.013321669005825872,0.31161528410285694
0.1667831001516782,1.3384606024751033,0.30000000000000004,0.013321669005825872,2.0979006308385895e-05,0.013321669005825872,0.31161528410285694
0.16468519952083938,1.3384606024751033,0.30000000000000004,0.013342648012134261,4.1958012616774006e-05,0.013342648012134261,0.31161947990411865
-0.15839149762832339,1.3384606024751033,0.30000000000000004,0.016573414983625887,0.0032727249841084014,0.016573414983625887,0.31226563329841694
-0.1604893982591622,1.3384606024751033,0.30000000000000004,0.016594393989934276,0.0032727249841084014,0.016594393989934276,0.31226982909967865
-1.4968521001034267,1.3384606024751033,0.30000000000000004,0.029958021008376922,0.0032727249841084014,0.029958021008376922,0.31494255450336717
-1.4989500007342655,1.3384606024751033,0.30000000000000004,0.02997900001468531,0.0032937039904167888,0.02997900001468531,0.3149467503046288
-1.4989500007342655,1.3384606024751033,0.30000000000000004,0.02997900001468531,0.0032937039904167888,0.02997900001468531,0.3149467503046288
-1.4989500007342655,1.2167823658864576,0.30000000000000004,0.031195782380571767,0.004510486356303247,0.031195782380571767,0.3151901067778061
-1.4968521001034267,1.2167823658864576,0.30000000000000004,0.031216761386880156,0.004510486356303247,0.031216761386880156,0.31519430257906783
-0.1604893982591622,1.2167823658864576,0.30000000000000004,0.0445803884053228,0.004510486356303247,0.0445803884053228,0.31786702798275634
-0.15839149762832339,1.2167823658864576,0.30000000000000004,0.04460136741163119,0.0045314653626116344,0.04460136741163119,0.317871223784018
0.16468519952083938,1.2167823658864576,0.30000000000000004,0.04783213438312282,0.0077622323341032615,0.04783213438312282,0.31851737717831635
0.1667831001516782,1.2167823658864576,0.30000000000000004,0.047853113389431205,0.007783211340411649,0.047853113389431205,0.318521572979578
0.1667831001516782,1.2167823658864576,0.30000000000000004,0.047853113389431205,0.007783211340411649,0.047853113389431205,0.318521572979578
0.16888100078251678,1.2167823658864576,0.30000000000000004,0.047874092395739594,0.007783211340411649,0.047874092395739594,0.3185257687808397
1.4989500007342655,1.2167823658864576,0.30000000000000004,0.06117478239525708,0.007783211340411649,0.06117478239525708,0.3211859067807432
1.4989500007342655,1.0951041292978119,0.30000000000000004,0.06239156476114354,0.007783211340411649,0.06239156476114354,0.32142926325392046
1.2513977262952964,1.0951041292978119,0.30000000000000004,0.06486708750553323,0.007783211340411649,0.06486708750553323,0.32192436780279843
1.2492998256644576,1.0951041292978119,0.30000000000000004,0.06488806651184162,0.007804190346720037,0.06488806651184162,0.3219285636040601
1.2492998256644576,1.0951041292978119,0.30000000000000004,0.06488806651184162,0.007804190346720037,0.06488806651184162,0.3219285636040601
1.2472019250336188,1.0951041292978119,0.30000000000000004,0.06490904551815001,0.007825169353028426,0.06490904551815001,0.3219327594053218
0.40384587143645345,1.0951041292978119,0.30000000000000004,0.07334260605412166,0.01625872988900008,0.07334260605412166,0.32361947151251613
0.40174797080561486,1.0951041292978119,0.30000000000000004,0.07336358506043004,0.01625872988900008,0.07336358506043004,0.3236236673137778
0.16888100078251678,1.0951041292978119,0.30000000000000004,0.07569225476066102,0.01625872988900008,0.07569225476066102,0.32408940125382396
0.1667831001516782,1.0951041292978119,0.30000000000000004,0.07571323376696941,0.016279708895308467,0.07571323376696941,0.32409359705508567
0.1667831001516782,1.0951041292978119,0.30000000000000004,0.07571323376696941,0.016279708895308467,0.07571323376696941,0.32409359705508567
0.16468519952083938,1.0951041292978119,0.30000000000000004,0.0757342127732778,0.016300687901616855,0.0757342127732778,0.3240977928563473
-0.15839149762832339,1.0951041292978119,0.30000000000000004,0.07896497974476943,0.01953145487310848,0.07896497974476943,0.3247439462506457
-0.1604893982591622,1.0951041292978119,0.30000000000000004,0.07898595875107782,0.01953145487310848,0.07898595875107782,0.32474814205190733
-0.3996500701747763,1.0951041292978119,0.30000000000000004,0.08137756547023396,0.01953145487310848,0.08137756547023396,0.3252264633957386
-0.4017479708056151,1.0951041292978119,0.30000000000000004,0.08139854447654235,0.01955243387941687,0.08139854447654235,0.3252306591970002
-0.4017479708056151,1.0951041292978119,0.30000000000000004,0.08139854447654235,0.01955243387941687,0.08139854447654235,0.3252306591970002
-0.4038458714364537,1.0951041292978119,0.30000000000000004,0.08141952348285074,0.019573412885725255,0.08141952348285074,0.32523485499826194
-1.247201925033619,1.0951041292978119,0.30000000000000004,0.08985308401882239,0.02800697342169691,0.08985308401882239,0.3269215671054563
-1.2492998256644579,1.0951041292978119,0.30000000000000004,0.08987406302513078,0.0280279524280053,0.08987406302513078,0.32692576290671793
-1.2492998256644579,1.0951041292978119,0.30000000000000004,0.08987406302513078,0.0280279524280053,0.08987406302513078,0.32692576290671793
-1.2513977262952967,1.0951041292978119,0.30000000000000004,0.08989504203143917,0.0280279524280053,0.08989504203143917,0.3269299587079796
-1.4968521001034267,1.0951041292978119,0.30000000000000004,0.09234958576952047,0.0280279524280053,0.09234958576952047,0.32742086745559584
-1.4989500007342655,1.0951041292978119,0.30000000000000004,0.09237056477582886,0.02804893143431369,0.09237056477582886,0.32742506325685755
-1.4989500007342655,1.0951041292978119,0.30000000000000004,0.09237056477582886,0.02804893143431369,0.09237056477582886,0.32742506325685755
-1.4989500007342655,0.9734258927091661,0.30000000000000004,0.09358734714171532,0.029265713800200144,0.09358734714171532,0.32766841973003485
-1.4968521001034267,0.9734258927091661,0.30000000000000004,0.09360832614802371,0.029265713800200144,0.09360832614802371,0.3276726155312965
-1.2513977262952967,0.9734258927091661,0.30000000000000004,0.09606286988610502,0.029265713800200144,0.09606286988610502,0.32816352427891277
-1.2492998256644579,0.9734258927091661,0.30000000000000004,0.0960838488924134,0.029286692806508533,0.0960838488924134,0.3281677200801745
-1.2492998256644579,0.9734258927091661,0.30000000000000004,0.0960838488924134,0.029286692806508533,0.0960838488924134,0.3281677200801745
-1.247201925033619,0.9734258927091661,0.30000000000000004,0.0961048278987218,0.029307671812816922,0.0961048278987218,0.3281719158814361
-0.4038458714364537,0.9734258927091661,0.30000000000000004,0.10453838843469346,0.03774123234878858,0.10453838843469346,0.32985862798863047
-0.4017479708056151,0.9734258927091661,0.30000000000000004,0.10455936744100185,0.03776221135509697,0.10455936744100185,0.3298628237898921
-0.4017479708056151,0.9734258927091661,0.30000000000000004,0.10455936744100185,0.03776221135509697,0.10455936744100185,0.3298628237898921
-0.3996500701747763,0.9734258927091661,0.30000000000000004,0.10458034644731024,0.03776221135509697,0.10458034644731024,0.32986701959115383
-0.1604893982591622,0.9734258927091661,0.30000000000000004,0.10697195316646638,0.03776221135509697,0.10697195316646638,0.330345340934985
-0.15839149762832339,0.9734258927091661,0.30000000000000004,0.10699293217277477,0.03778319036140536,0.10699293217277477,0.33034953673624673
0.16468519952083938,0.9734258927091661,0.30000000000000004,0.1102236991442664,0.041013957332896984,0.1102236991442664,0.33099569013054503
0.1667831001516782,0.9734258927091661,0.30000000000000004,0.11024467815057479,0.04103493633920537,0.11024467815057479,0.33099988593180674
0.1667831001516782,0.9734258927091661,0.30000000000000004,0.11024467815057479,0.04103493633920537,0.11024467815057479,0.33099988593180674
0.16888100078251678,0.9734258927091661,0.30000000000000004,0.11026565715688318,0.04103493633920537,0.11026565715688318,0.3310040817330684
0.40174797080561486,0.9734258927091661,0.30000000000000004,0.11259432685711415,0.04103493633920537,0.11259432685711415,0.33146981567311457
0.40384587143645345,0.9734258927091661,0.30000000000000004,0.11261530586342254,0.04105591534551376,0.11261530586342254,0.3314740114743763
1.2472019250336188,0.9734258927091661,0.30000000000000004,0.12104886639939419,0.04948947588148542,0.12104886639939419,0.3331607235815706
1.2492998256644576,0.9734258927091661,0.30000000000000004,0.12106984540570258,0.049510454887793806,0.12106984540570258,0.33316491938283227
1.2492998256644576,0.9734258927091661,0.30000000000000004,0.12106984540570258,0.049510454887793806,0.12106984540570258,0.33316491938283227
1.2513977262952964,0.9734258927091661,0.30000000000000004,0.12109082441201097,0.049510454887793806,0.12109082441201097,0.333169115184094
1.4989500007342655,0.9734258927091661,0.30000000000000004,0.12356634715640066,0.049510454887793806,0.12356634715640066,0.3336642197329719
1.4989500007342655,0.8517476561205204,0.30000000000000004,0.12478312952228712,0.049510454887793806,0.12478312952228712,0.3339075762061492
1.0311181600572306,0.8517476561205204,0.30000000000000004,0.12946144792905748,0.049510454887793806,0.12946144792905748,0.33484323988750325
1.0290202594263922,0.8517476561205204,0.30000000000000004,0.12948242693536585,0.04953143389410219,0.12948242693536585,0.3348474356887649
1.0290202594263922,0.8517476561205204,0.30000000000000004,0.12948242693536585,0.04953143389410219,0.12948242693536585,0.3348474356887649
1.0269223587955534,0.8517476561205204,0.30000000000000004,0.12950340594167423,0.049552412900410577,0.12950340594167423,0.3348516314900266
0.7919574881416167,0.8517476561205204,0.30000000000000004,0.1318530546482136,0.05190206160694994,0.1318530546482136,0.3353215612313345
0.7898595875107779,0.8517476561205204,0.30000000000000004,0.13187403365452197,0.05192304061325833,0.13187403365452197,0.33532575703259615
0.7898595875107779,0.8517476561205204,0.30000000000000004,0.13187403365452197,0.05192304061325833,0.13187403365452197,0.33532575703259615
0.7877616868799391,0.8517476561205204,0.30000000000000004,0.13189501266083034,0.05194401961956672,0.13189501266083034,0.33532995283385786
0.7877616868799391,0.8517476561205204,0.30000000000000004,0.13189501266083034,0.05194401961956672,0.13189501266083034,0.33532995283385786
0.7856637862491007,0.8517476561205204,0.30000000000000004,0.13191599166713872,0.05194401961956672,0.13191599166713872,0.3353341486351195
0.47727239351580875,0.8517476561205204,0.30000000000000004,0.13499990559447164,0.05194401961956672,0.13499990559447164,0.3359509314205861
0.47517449288496993,0.8517476561205204,0.30000000000000004,0.13502088460078002,0.05196499862587511,0.13502088460078002,0.3359551272218478
0.47517449288496993,0.8517476561205204,0.30000000000000004,0.13502088460078002,0.05196499862587511,0.13502088460078002,0.3359551272218478
0.47307659225413135,0.8517476561205204,0.30000000000000004,0.1350418636070884,0.051985977632183496,0.1350418636070884,0.33595932302310944
-0.47307659225413157,0.8517476561205204,0.30000000000000004,0.14450339545217103,0.06144750947726613,0.14450339545217103,0.337851629392126
-0.47517449288497016,0.8517476561205204,0.30000000000000004,0.1445243744584794,0.06144750947726613,0.1445243744584794,0.33785582519338764
-0.7856637862491007,0.8517476561205204,0.30000000000000004,0.1476292673921207,0.06144750947726613,0.1476292673921207,0.3384768037801159
-0.7877616868799394,0.8517476561205204,0.30000000000000004,0.14765024639842908,0.061468488483574515,0.14765024639842908,0.33848099958137756
-0.7877616868799394,0.8517476561205204,0.30000000000000004,0.14765024639842908,0.061468488483574515,0.14765024639842908,0.33848099958137756
-0.7898595875107782,0.8517476561205204,0.30000000000000004,0.14767122540473746,0.061489467489882904,0.14767122540473746,0.33848519538263927
-1.0248244581647148,0.8517476561205204,0.30000000000000004,0.15002087411127682,0.06383911619642227,0.15002087411127682,0.33895512512394715
-1.0269223587955536,0.8517476561205204,0.30000000000000004,0.1500418531175852,0.06386009520273066,0.1500418531175852,0.3389593209252088
-1.0269223587955536,0.8517476561205204,0.30000000000000004,0.1500418531175852,0.06386009520273066,0.1500418531175852,0.3389593209252088
-1.0290202594263922,0.8517476561205204,0.30000000000000004,0.15006283212389357,0.06386009520273066,0.15006283212389357,0.3389635167264705
-1.4968521001034267,0.8517476561205204,0.30000000000000004,0.15474115053066392,0.06386009520273066,0.15474115053066392,0.3398991804078246
-1.4989500007342655,0.8517476561205204,0.30000000000000004,0.1547621295369723,0.06388107420903905,0.1547621295369723,0.3399033762090862
-1.4989500007342655,0.8517476561205204,0.30000000000000004,0.1547621295369723,0.06388107420903905,0.1547621295369723,0.3399033762090862
-1.4989500007342655,0.7300694195318747,0.30000000000000004,0.15597891190285876,0.0650978565749255,0.15597891190285876,0.34014673268226353
-1.4968521001034267,0.7300694195318747,0.30000000000000004,0.15599989090916713,0.0650978565749255,0.15599989090916713,0.34015092848352524
-0.9828664455479404,0.7300694195318747,0.30000000000000004,0.161139747454722,0.0650978565749255,0.161139747454722,0.34117889979263616
-0.9807685449171017,0.7300694195318747,0.30000000000000004,0.16116072646103038,0.0651188355812339,0.16116072646103038,0.34118309559389787
-0.9807685449171017,0.7300694195318747,0.30000000000000004,0.16116072646103038,0.0651188355812339,0.16116072646103038,0.34118309559389787
-0.9786706442862629,0.7300694195318747,0.30000000000000004,0.16118170546733876,0.06513981458754228,0.16118170546733876,0.3411872913951596
-0.7059435622772294,0.7300694195318747,0.30000000000000004,0.1639089762874291,0.06786708540763262,0.1639089762874291,0.3417327455591776
-0.7038456616463906,0.7300694195318747,0.30000000000000004,0.16392995529373747,0.067888064413941,0.16392995529373747,0.3417369413604393
-0.7038456616463906,0.7300694195318747,0.30000000000000004,0.16392995529373747,0.067888064413941,0.16392995529373747,0.3417369413604393
-0.7017477610155519,0.7300694195318747,0.30000000000000004,0.16395093430004584,0.067888064413941,0.16395093430004584,0.34174113716170096
-0.4374122815298733,0.7300694195318747,0.30000000000000004,0.16659428909490262,0.067888064413941,0.16659428909490262,0.3422698081206723
-0.4353143808990345,0.7300694195318747,0.30000000000000004,0.166615268101211,0.0679090434202494,0.166615268101211,0.342274003921934
-0.4353143808990345,0.7300694195318747,0.30000000000000004,0.166615268101211,0.0679090434202494,0.166615268101211,0.342274003921934
-0.4332164802681957,0.7300694195318747,0.30000000000000004,0.16663624710751937,0.06793002242655778,0.16663624710751937,0.3422781997231957
0.4332164802681955,0.7300694195318747,0.30000000000000004,0.1753005767128833,0.07659435203192169,0.1753005767128833,0.3440110656442685
0.4353143808990343,0.7300694195318747,0.30000000000000004,0.17532155571919167,0.07661533103823008,0.17532155571919167,0.34401526144553013
0.4353143808990343,0.7300694195318747,0.30000000000000004,0.17532155571919167,0.07661533103823008,0.17532155571919167,0.34401526144553013
0.4374122815298731,0.7300694195318747,0.30000000000000004,0.17534253472550004,0.07661533103823008,0.17534253472550004,0.34401945724679184
0.705943562277229,0.7300694195318747,0.30000000000000004,0.1780278475329736,0.07661533103823008,0.1780278475329736,0.34455651980828655
0.7080414629080678,0.7300694195318747,0.30000000000000004,0.17804882653928197,0.07663631004453847,0.17804882653928197,0.3445607156095482
0.7080414629080678,0.7300694195318747,0.30000000000000004,0.17804882653928197,0.07663631004453847,0.17804882653928197,0.3445607156095482
0.7101393635389066,0.7300694195318747,0.30000000000000004,0.17806980554559035,0.07665728905084686,0.17806980554559035,0.3445649114108099
0.9786706442862629,0.7300694195318747,0.30000000000000004,0.1807551183530639,0.07934260185832043,0.1807551183530639,0.34510197397230463
0.9807685449171013,0.7300694195318747,0.30000000000000004,0.18077609735937228,0.07936358086462882,0.18077609735937228,0.3451061697735663
0.9807685449171013,0.7300694195318747,0.30000000000000004,0.18077609735937228,0.07936358086462882,0.18077609735937228,0.3451061697735663
0.9828664455479401,0.7300694195318747,0.30000000000000004,0.18079707636568065,0.07936358086462882,0.18079707636568065,0.345110365574828
1.4989500007342655,0.7300694195318747,0.30000000000000004,0.1859579119175439,0.07936358086462882,0.1859579119175439,0.3456264491300143
1.1737754029542635,0.6083911829432289,0.30000000000000004,0.18942985823482342,0.07936358086462882,0.18942985823482342,0.3463208383934702
0.9367126316694885,0.6083911829432289,0.30000000000000004,0.19180048594767116,0.07936358086462882,0.19180048594767116,0.34679496393603976
0.9346147310386497,0.6083911829432289,0.30000000000000004,0.19182146495397953,0.0793845598709372,0.19182146495397953,0.3467991597373014
0.9346147310386497,0.6083911829432289,0.30000000000000004,0.19182146495397953,0.0793845598709372,0.19182146495397953,0.3467991597373014
0.9325168304078109,0.6083911829432289,0.30000000000000004,0.1918424439602879,0.0794055388772456,0.1918424439602879,0.3468033555385631
0.9325168304078109,0.6083911829432289,0.30000000000000004,0.1918424439602879,0.0794055388772456,0.1918424439602879,0.3468033555385631
0.930418929776972,0.6083911829432289,0.30000000000000004,0.19186342296659628,0.07942651788355398,0.19186342296659628,0.34680755133982477
0.6597897483987774,0.6083911829432289,0.30000000000000004,0.19456971478037824,0.08213280969733593,0.19456971478037824,0.3473488097025812
0.6576918477679385,0.6083911829432289,0.30000000000000004,0.1945906937866866,0.08215378870364431,0.1945906937866866,0.34735300550384285
0.6576918477679385,0.6083911829432289,0.30000000000000004,0.1945906937866866,0.08215378870364431,0.1945906937866866,0.34735300550384285
0.6555939471370997,0.6083911829432289,0.30000000000000004,0.194611672792995,0.08215378870364431,0.194611672792995,0.34735720130510456
0.38916056702058244,0.6083911829432289,0.30000000000000004,0.19727600659416017,0.08215378870364431,0.19727600659416017,0.34789006806533757
0.38706266638974385,0.6083911829432289,0.30000000000000004,0.19729698560046854,0.0821747677099527,0.19729698560046854,0.3478942638665993
0.38706266638974385,0.6083911829432289,0.30000000000000004,0.19729698560046854,0.0821747677099527,0.19729698560046854,0.3478942638665993
0.38496476575890504,0.6083911829432289,0.30000000000000004,0.19731796460677692,0.08219574671626109,0.19731796460677692,0.3478984596678609
-0.38496476575890526,0.6083911829432289,0.30000000000000004,0.20501725992195502,0.08989504203143919,0.20501725992195502,0.3494383187308966
-0.38706266638974385,0.6083911829432289,0.30000000000000004,0.2050382389282634,0.08991602103774758,0.2050382389282634,0.34944251453215824
-0.38706266638974385,0.6083911829432289,0.30000000000000004,0.2050382389282634,0.08991602103774758,0.2050382389282634,0.34944251453215824
-0.38916056702058266,0.6083911829432289,0.30000000000000004,0.20505921793457177,0.08991602103774758,0.20505921793457177,0.3494467103334199
-0.6534960465062614,0.6083911829432289,0.30000000000000004,0.20770257272942855,0.08991602103774758,0.20770257272942855,0.34997538129239125
-0.6555939471371001,0.6083911829432289,0.30000000000000004,0.20772355173573692,0.08993700004405597,0.20772355173573692,0.34997957709365296
-0.6555939471371001,0.6083911829432289,0.30000000000000004,0.20772355173573692,0.08993700004405597,0.20772355173573692,0.34997957709365296
-0.6576918477679389,0.6083911829432289,0.30000000000000004,0.2077445307420453,0.08995797905036436,0.2077445307420453,0.34998377289491467
-0.9304189297769724,0.6083911829432289,0.30000000000000004,0.21047180156213563,0.09268524987045469,0.21047180156213563,0.3505292270589327
-0.9325168304078112,0.6083911829432289,0.30000000000000004,0.210492780568444,0.09270622887676308,0.210492780568444,0.3505334228601944
-0.9325168304078112,0.6083911829432289,0.30000000000000004,0.210492780568444,0.09270622887676308,0.210492780568444,0.3505334228601944
-0.9346147310386499,0.6083911829432289,0.30000000000000004,0.21051375957475238,0.09270622887676308,0.21051375957475238,0.35053761866145605
-1.1716775023234252,0.6083911829432289,0.30000000000000004,0.21288438728760012,0.09270622887676308,0.21288438728760012,0.3510117442040256
-1.173775402954264,0.6083911829432289,0.30000000000000004,0.2129053662939085,0.09272720788307147,0.2129053662939085,0.3510159400052873
-1.173775402954264,0.6083911829432289,0.30000000000000004,0.2129053662939085,0.09272720788307147,0.2129053662939085,0.3510159400052873
-1.1276215890758121,0.48671294635458295,0.30000000000000004,0.21420674125120748,0.09272720788307147,0.21420674125120748,0.3512762149967471
-0.888460917160198,0.48671294635458295,0.30000000000000004,0.21659834797036362,0.09272720788307147,0.21659834797036362,0.3517545363405783
-0.8863630165293593,0.48671294635458295,0.30000000000000004,0.216619326976672,0.09274818688937986,0.216619326976672,0.35175873214184
-0.8863630165293593,0.48671294635458295,0.30000000000000004,0.216619326976672,0.09274818688937986,0.216619326976672,0.35175873214184
-0.8842651158985205,0.48671294635458295,0.30000000000000004,0.21664030598298037,0.09276916589568825,0.21664030598298037,0.3517629279431017
-0.611538033889487,0.48671294635458295,0.30000000000000004,0.2193675768030707,0.09549643671577858,0.2193675768030707,0.35230838210711973
-0.6094401332586482,0.48671294635458295,0.30000000000000004,0.21938855580937908,0.09551741572208697,0.21938855580937908,0.35231257790838144
-0.6094401332586482,0.48671294635458295,0.30000000000000004,0.21938855580937908,0.09551741572208697,0.21938855580937908,0.35231257790838144
-0.6073422326278095,0.48671294635458295,0.30000000000000004,0.21940953481568745,0.09551741572208697,0.21940953481568745,0.3523167737096431
-0.340908852511292,0.48671294635458295,0.30000000000000004,0.22207386861685263,0.09551741572208697,0.22207386861685263,0.35284964046987616
-0.3388109518804534,0.48671294635458295,0.30000000000000004,0.222094847623161,0.09553839472839536,0.222094847623161,0.3528538362711378
-0.3388109518804534,0.48671294635458295,0.30000000000000004,0.222094847623161,0.09553839472839536,0.222094847623161,0.3528538362711378
-0.3367130512496146,0.48671294635458295,0.30000000000000004,0.22211582662946938,0.09555937373470375,0.22211582662946938,0.3528580320723995
0.33671305124961437,0.48671294635458295,0.30000000000000004,0.22885008765446166,0.10229363475969604,0.22885008765446166,0.35420488427739794
0.3388109518804532,0.48671294635458295,0.30000000000000004,0.22887106666077003,0.10231461376600443,0.22887106666077003,0.35420908007865964
0.3388109518804532,0.48671294635458295,0.30000000000000004,0.22887106666077003,0.10231461376600443,0.22887106666077003,0.35420908007865964
0.340908852511292,0.48671294635458295,0.30000000000000004,0.2288920456670784,0.10231461376600443,0.2288920456670784,0.35421327587992135
0.6094401332586481,0.48671294635458295,0.30000000000000004,0.23157735847455196,0.10231461376600443,0.23157735847455196,0.354750338441416
0.6115380338894869,0.48671294635458295,0.30000000000000004,0.23159833748086034,0.10233559277231281,0.23159833748086034,0.3547545342426777
0.6115380338894869,0.48671294635458295,0.30000000000000004,0.23159833748086034,0.10233559277231281,0.23159833748086034,0.3547545342426777
0.6136359345203257,0.48671294635458295,0.30000000000000004,0.2316193164871687,0.1023565717786212,0.2316193164871687,0.3547587300439394
0.8842651158985204,0.48671294635458295,0.30000000000000004,0.23432560830095067,0.10506286359240315,0.23432560830095067,0.3552999884066958
0.8863630165293592,0.48671294635458295,0.30000000000000004,0.23434658730725905,0.10508384259871154,0.23434658730725905,0.35530418420795745
0.8863630165293592,0.48671294635458295,0.30000000000000004,0.23434658730725905,0.10508384259871154,0.23434658730725905,0.35530418420795745
0.888460917160198,0.48671294635458295,0.30000000000000004,0.23436756631356742,0.10508384259871154,0.23436756631356742,0.35530838000921916
1.127621589075812,0.48671294635458295,0.30000000000000004,0.23675917303272356,0.10508384259871154,0.23675917303272356,0.35578670135305035
1.1297194897066507,0.48671294635458295,0.30000000000000004,0.23678015203903194,0.10510482160501992,0.23678015203903194,0.35579089715431206
1.1297194897066507,0.48671294635458295,0.30000000000000004,0.23678015203903194,0.10510482160501992,0.23678015203903194,0.35579089715431206
1.0835656758281986,0.3650347097659372,0.30000000000000004,0.23808152699633092,0.10640619656231891,0.23808152699633092,0.35605117214577187
1.0814677751973603,0.3650347097659372,0.30000000000000004,0.2381025060026393,0.10640619656231891,0.2381025060026393,0.3560553679470335
0.8402092026509071,0.3650347097659372,0.30000000000000004,0.24051509172810384,0.10640619656231891,0.24051509172810384,0.3565378850921264
0.8381113020200683,0.3650347097659372,0.30000000000000004,0.24053607073441222,0.1064271755686273,0.24053607073441222,0.3565420808933881
0.8381113020200683,0.3650347097659372,0.30000000000000004,0.24053607073441222,0.1064271755686273,0.24053607073441222,0.3565420808933881
0.83601340138923,0.3650347097659372,0.30000000000000004,0.2405570497407206,0.10644815457493569,0.2405570497407206,0.3565462766946498
0.5653842200110348,0.3650347097659372,0.30000000000000004,0.24326334155450255,0.10915444638871764,0.24326334155450255,0.3570875350574062
0.563286319380196,0.3650347097659372,0.30000000000000004,0.24328432056081092,0.10917542539502603,0.24328432056081092,0.35709173085866786
0.563286319380196,0.3650347097659372,0.30000000000000004,0.24328432056081092,0.10917542539502603,0.24328432056081092,0.35709173085866786
0.5611884187493577,0.3650347097659372,0.30000000000000004,0.2433052995671193,0.10917542539502603,0.2433052995671193,0.3570959266599295
-0.559090518118519,0.3650347097659372,0.30000000000000004,0.25450808893579807,0.10917542539502603,0.25450808893579807,0.3593364845336653
-0.5611884187493577,0.3650347097659372,0.30000000000000004,0.25452906794210645,0.10919640440133442,0.25452906794210645,0.35934068033492694
-0.5611884187493577,0.3650347097659372,0.30000000000000004,0.25452906794210645,0.10919640440133442,0.25452906794210645,0.35934068033492694
-0.5632863193801965,0.3650347097659372,0.30000000000000004,0.2545500469484148,0.10921738340764281,0.2545500469484148,0.35934487613618865
-0.83601340138923,0.3650347097659372,0.30000000000000004,0.25727731776850515,0.11194465422773314,0.25727731776850515,0.35989033030020673
-0.8381113020200688,0.3650347097659372,0.30000000000000004,0.25729829677481353,0.11196563323404153,0.25729829677481353,0.3598945261014684
-0.8381113020200688,0.3650347097659372,0.30000000000000004,0.25729829677481353,0.11196563323404153,0.25729829677481353,0.3598945261014684
-0.8402092026509075,0.3650347097659372,0.30000000000000004,0.2573192757811219,0.11196563323404153,0.2573192757811219,0.3598987219027301
-1.0814677751973603,0.3650347097659372,0.30000000000000004,0.25973186150658645,0.11196563323404153,0.25973186150658645,0.360381239047823
-1.0835656758281988,0.3650347097659372,0.30000000000000004,0.2597528405128948,0.11198661224034992,0.2597528405128948,0.36038543484908464
-1.0835656758281988,0.3650347097659372,0.30000000000000004,0.2597528405128948,0.11198661224034992,0.2597528405128948,0.36038543484908464
-1.0374118619497472,0.24335647317729148,0.30000000000000004,0.2610542154701938,0.1132879871976489,0.2610542154701938,0.36064570984054445
-1.0353139613189084,0.24335647317729148,0.30000000000000004,0.2610751944765022,0.1132879871976489,0.2610751944765022,0.3606499056418061
-0.7919574881416169,0.24335647317729148,0.30000000000000004,0.2635087592082751,0.1132879871976489,0.2635087592082751,0.3611366185881607
-0.7898595875107782,0.24335647317729148,0.30000000000000004,0.2635297382145835,0.11330896620395729,0.2635297382145835,0.3611408143894224
-0.7898595875107782,0.24335647317729148,0.30000000000000004,0.2635297382145835,0.11330896620395729,0.2635297382145835,0.3611408143894224
-0.7877616868799394,0.24335647317729148,0.30000000000000004,0.26355071722089185,0.11332994521026568,0.26355071722089185,0.36114501019068407
-0.5171325055017446,0.24335647317729148,0.30000000000000004,0.2662570090346738,0.11603623702404763,0.2662570090346738,0.36168626855344044
-0.5150346048709059,0.24335647317729148,0.30000000000000004,0.2662779880409822,0.11605721603035601,0.2662779880409822,0.36169046435470215
-0.5150346048709059,0.24335647317729148,0.30000000000000004,0.2662779880409822,0.11605721603035601,0.2662779880409822,0.36169046435470215
-0.5129367042400671,0.24335647317729148,0.30000000000000004,0.26629896704729056,0.11605721603035601,0.26629896704729056,0.36169466015596385
0.5150346048709056,0.24335647317729148,0.30000000000000004,0.2765786801384003,0.11605721603035601,0.2765786801384003,0.36375060277418575
0.5171325055017444,0.24335647317729148,0.30000000000000004,0.2765996591447087,0.1160781950366644,0.2765996591447087,0.36375479857544746
0.5171325055017444,0.24335647317729148,0.30000000000000004,0.2765996591447087,0.1160781950366644,0.2765996591447087,0.36375479857544746
0.5192304061325832,0.24335647317729148,0.30000000000000004,0.27662063815101706,0.11609917404297279,0.27662063815101706,0.3637589943767091
0.7898595875107779,0.24335647317729148,0.30000000000000004,0.279326929964799,0.11880546585675474,0.279326929964799,0.36430025273946554
0.7919574881416167,0.24335647317729148,0.30000000000000004,0.2793479089711074,0.11882644486306312,0.2793479089711074,0.3643044485407272
0.7919574881416167,0.24335647317729148,0.30000000000000004,0.2793479089711074,0.11882644486306312,0.2793479089711074,0.3643044485407272
0.7940553887724555,0.24335647317729148,0.30000000000000004,0.27936888797741577,0.11882644486306312,0.27936888797741577,0.3643086443419889
1.037411861949747,0.24335647317729148,0.30000000000000004,0.2818024527091887,0.11882644486306312,0.2818024527091887,0.36479535728834345
0.9912580480712949,0.12167823658864574,0.30000000000000004,0.2831038276664877,0.11882644486306312,0.2831038276664877,0.36505563227980325
0.7458036742631651,0.12167823658864574,0.30000000000000004,0.28555837140456897,0.11882644486306312,0.28555837140456897,0.3655465410274195
0.7437057736323263,0.12167823658864574,0.30000000000000004,0.28557935041087734,0.11884742386937151,0.28557935041087734,0.3655507368286812
0.7437057736323263,0.12167823658864574,0.30000000000000004,0.28557935041087734,0.11884742386937151,0.28557935041087734,0.3655507368286812
0.7416078730014874,0.12167823658864574,0.30000000000000004,0.2856003294171857,0.1188684028756799,0.2856003294171857,0.3655549326299429
0.47097869162329253,0.12167823658864574,0.30000000000000004,0.2883066212309677,0.12157469468946185,0.2883066212309677,0.3660961909926993
0.4688807909924537,0.12167823658864574,0.30000000000000004,0.28832760023727605,0.12159567369577023,0.28832760023727605,0.36610038679396095
0.4688807909924537,0.12167823658864574,0.30000000000000004,0.28832760023727605,0.12159567369577023,0.28832760023727605,0.36610038679396095
0.46678289036161513,0.12167823658864574,0.30000000000000004,0.2883485792435844,0.12159567369577023,0.2883485792435844,0.3661045825952226
0.19825160961425903,0.12167823658864574,0.30000000000000004,0.291033892051058,0.12159567369577023,0.291033892051058,0.3666416451567173
0.19615370898342022,0.12167823658864574,0.30000000000000004,0.2910548710573664,0.12161665270207862,0.2910548710573664,0.36664584095797903
0.19615370898342022,0.12167823658864574,0.30000000000000004,0.2910548710573664,0.12161665270207862,0.2910548710573664,0.36664584095797903
0.1940558083525814,0.12167823658864574,0.30000000000000004,0.29107585006367476,0.12163763170838701,0.29107585006367476,0.3666500367592407
-0.19195790772174304,0.12167823658864574,0.30000000000000004,0.294935987224418,0.12549776886913025,0.294935987224418,0.36742206419138934
-0.19405580835258163,0.12167823658864574,0.30000000000000004,0.29495696623072637,0.12551874787543862,0.29495696623072637,0.36742625999265105
-0.19405580835258163,0.12167823658864574,0.30000000000000004,0.29495696623072637,0.12551874787543862,0.29495696623072637,0.36742625999265105
-0.19615370898342044,0.12167823658864574,0.30000000000000004,0.29497794523703474,0.12551874787543862,0.29497794523703474,0.3674304557939127
-0.46678289036161535,0.12167823658864574,0.30000000000000004,0.2976842370508167,0.12551874787543862,0.2976842370508167,0.3679717141566691
-0.46888079099245394,0.12167823658864574,0.30000000000000004,0.2977052160571251,0.125539726881747,0.2977052160571251,0.3679759099579308
-0.46888079099245394,0.12167823658864574,0.30000000000000004,0.2977052160571251,0.125539726881747,0.2977052160571251,0.3679759099579308
-0.47097869162329276,0.12167823658864574,0.30000000000000004,0.29772619506343345,0.12556070588805537,0.29772619506343345,0.3679801057591925
-0.7416078730014877,0.12167823658864574,0.30000000000000004,0.3004324868772154,0.12826699770183733,0.3004324868772154,0.36852136412194886
-0.7437057736323264,0.12167823658864574,0.30000000000000004,0.3004534658835238,0.1282879767081457,0.3004534658835238,0.36852555992321057
-0.7437057736323264,0.12167823658864574,0.30000000000000004,0.3004534658835238,0.1282879767081457,0.3004534658835238,0.36852555992321057
-0.7458036742631651,0.12167823658864574,0.30000000000000004,0.30047444488983216,0.1282879767081457,0.30047444488983216,0.3685297557244722
-0.9912580480712953,0.12167823658864574,0.30000000000000004,0.30292898862791345,0.1282879767081457,0.30292898862791345,0.3690206644720885
-0.9451042341928435,0.0,0.30000000000000004,0.30423036358521244,0.1282879767081457,0.30423036358521244,0.3692809394635483
-0.6975519597538745,0.0,0.30000000000000004,0.3067058863296021,0.1282879767081457,0.3067058863296021,0.3697760440124262
-0.6954540591230358,0.0,0.30000000000000004,0.3067268653359105,0.12830895571445408,0.3067268653359105,0.3697802398136879
-0.6954540591230358,0.0,0.30000000000000004,0.3067268653359105,0.12830895571445408,0.3067268653359105,0.3697802398136879
-0.693356158492197,0.0,0.30000000000000004,0.30674784434221886,0.12832993472076246,0.30674784434221886,0.36978443561494956
-0.4227269771140021,0.0,0.30000000000000004,0.3094541361560008,0.13103622653454441,0.3094541361560008,0.370325693977706
-0.4206290764831635,0.0,0.30000000000000004,0.3094751151623092,0.1310572055408528,0.3094751151623092,0.37032988977896764
-0.4206290764831635,0.0,0.30000000000000004,0.3094751151623092,0.1310572055408528,0.3094751151623092,0.37032988977896764
-0.4185311758523247,0.0,0.30000000000000004,0.30949609416861756,0.1310572055408528,0.30949609416861756,0.37033408558022934
-0.14790199447412977,0.0,0.30000000000000004,0.3122023859823995,0.1310572055408528,0.3122023859823995,0.3708753439429857
-0.14580409384329118,0.0,0.30000000000000004,0.3122233649887079,0.13107818454716116,0.3122233649887079,0.37087953974424737
-0.14580409384329118,0.0,0.30000000000000004,0.3122233649887079,0.13107818454716116,0.3122233649887079,0.37087953974424737
-0.14370619321245237,0.0,0.30000000000000004,0.31224434399501627,0.13109916355346954,0.31224434399501627,0.3708837355455091
0.14790199447412955,0.0,0.30000000000000004,0.3151604258718821,0.13401524543033536,0.3151604258718821,0.37146695192088225
0.14999989510496836,0.0,0.30000000000000004,0.31518140487819046,0.13403622443664373,0.31518140487819046,0.3714711477221439
0.14999989510496836,0.0,0.30000000000000004,0.31518140487819046,0.13403622443664373,0.31518140487819046,0.3714711477221439
0.15209779573580717,0.0,0.30000000000000004,0.31520238388449884,0.13403622443664373,0.31520238388449884,0.3714753435234056
0.4206290764831633,0.0,0.30000000000000004,0.3178876966919724,0.13403622443664373,0.3178876966919724,0.3720124060849003
0.4227269771140021,0.0,0.30000000000000004,0.3179086756982808,0.1340572034429521,0.3179086756982808,0.372016601886162
0.4227269771140021,0.0,0.30000000000000004,0.3179086756982808,0.1340572034429521,0.3179086756982808,0.372016601886162
0.4248248777448407,0.0,0.30000000000000004,0.31792965470458917,0.13407818244926048,0.31792965470458917,0.3720207976874237
0.6954540591230354,0.0,0.30000000000000004,0.32063594651837113,0.13678447426304244,0.32063594651837113,0.37256205605018006
0.6975519597538742,0.0,0.30000000000000004,0.3206569255246795,0.1368054532693508,0.3206569255246795,0.37256625185144177
0.6975519597538742,0.0,0.30000000000000004,0.3206569255246795,0.1368054532693508,0.3206569255246795,0.37256625185144177
0.699649860384713,0.0,0.30000000000000004,0.3206779045309879,0.1368054532693508,0.3206779045309879,0.3725704476527034
0.9451042341928433,0.0,0.30000000000000004,0.3231324482690692,0.1368054532693508,0.3231324482690692,0.3730613564003197
0.9472021348236821,0.0,0.30000000000000004,0.32315342727537755,0.1368264322756592,0.32315342727537755,0.37306555220158133
0.9472021348236821,0.0,0.30000000000000004,0.32315342727537755,0.1368264322756592,0.32315342727537755,0.37306555220158133
0.90104832094523,-0.12167823658864574,0.30000000000000004,0.32445480223267653,0.1368264322756592,0.32445480223267653,0.37332582719304114
0.6513981458754226,-0.12167823658864574,0.30000000000000004,0.32695130398337463,0.1368264322756592,0.32695130398337463,0.37382512754318076
0.6493002452445837,-0.12167823658864574,0.30000000000000004,0.326972282989683,0.13684741128196756,0.326972282989683,0.37382932334444247
0.6493002452445837,-0.12167823658864574,0.30000000000000004,0.326972282989683,0.13684741128196756,0.326972282989683,0.37382932334444247
0.6472023446137449,-0.12167823658864574,0.30000000000000004,0.3269932619959914,0.13686839028827594,0.3269932619959914,0.3738335191457041
0.37657316323555023,-0.12167823658864574,0.30000000000000004,0.32969955380977334,0.1395746821020579,0.32969955380977334,0.3743747775084605
0.3744752626047114,-0.12167823658864574,0.30000000000000004,0.3297205328160817,0.13959566110836627,0.3297205328160817,0.3743789733097222
0.3744752626047114,-0.12167823658864574,0.30000000000000004,0.3297205328160817,0.13959566110836627,0.3297205328160817,0.3743789733097222
0.3723773619738726,-0.12167823658864574,0.30000000000000004,0.3297415118223901,0.13959566110836627,0.3297415118223901,0.3743831691109839
0.10594398185735532,-0.12167823658864574,0.30000000000000004,0.33240584562355524,0.13959566110836627,0.33240584562355524,0.3749160358712169
0.1038460812265165,-0.12167823658864574,0.30000000000000004,0.3324268246298636,0.13961664011467464,0.3324268246298636,0.37492023167247857
0.1038460812265165,-0.12167823658864574,0.30000000000000004,0.3324268246298636,0.13961664011467464,0.3324268246298636,0.37492023167247857
0.10174818059567792,-0.12167823658864574,0.30000000000000004,0.332447803636172,0.13963761912098302,0.332447803636172,0.3749244274737403
-0.09755237933400052,-0.12167823658864574,0.30000000000000004,0.33444080923546876,0.1416306247202798,0.33444080923546876,0.3753230285935996
-0.09965027996483933,-0.12167823658864574,0.30000000000000004,0.33446178824177714,0.14165160372658817,0.33446178824177714,0.3753272243948613
-0.09965027996483933,-0.12167823658864574,0.30000000000000004,0.33446178824177714,0.14165160372658817,0.33446178824177714,0.3753272243948613
-0.10174818059567792,-0.12167823658864574,0.30000000000000004,0.3344827672480855,0.14165160372658817,0.3344827672480855,0.375331420196123
-0.37237736197387283,-0.12167823658864574,0.30000000000000004,0.33718905906186747,0.14165160372658817,0.33718905906186747,0.3758726785588794
-0.37447526260471165,-0.12167823658864574,0.30000000000000004,0.33721003806817584,0.14167258273289654,0.33721003806817584,0.37587687436014106
-0.37447526260471165,-0.12167823658864574,0.30000000000000004,0.33721003806817584,0.14167258273289654,0.33721003806817584,0.37587687436014106
-0.37657316323555023,-0.12167823658864574,0.30000000000000004,0.3372310170744842,0.14169356173920492,0.3372310170744842,0.3758810701614027
-0.6472023446137453,-0.12167823658864574,0.30000000000000004,0.3399373088882662,0.14439985355298687,0.3399373088882662,0.37642232852415913
-0.649300245244584,-0.12167823658864574,0.30000000000000004,0.33995828789457455,0.14442083255929525,0.33995828789457455,0.3764265243254208
-0.649300245244584,-0.12167823658864574,0.30000000000000004,0.33995828789457455,0.14442083255929525,0.33995828789457455,0.3764265243254208
-0.6513981458754227,-0.12167823658864574,0.30000000000000004,0.3399792669008829,0.14442083255929525,0.3399792669008829,0.3764307201266825
-0.8989504203143917,-0.12167823658864574,0.30000000000000004,0.3424547896452726,0.14442083255929525,0.3424547896452726,0.3769258246755604
-0.9010483209452304,-0.12167823658864574,0.30000000000000004,0.34247576865158097,0.14444181156560362,0.34247576865158097,0.3769300204768221
-0.9010483209452304,-0.12167823658864574,0.30000000000000004,0.34247576865158097,0.14444181156560362,0.34247576865158097,0.3769300204768221
-0.8548945070667785,-0.24335647317729148,0.30000000000000004,0.34377714360887995,0.14444181156560362,0.34377714360887995,0.37719029546828187
-0.6031464313661321,-0.24335647317729148,0.30000000000000004,0.3462946243658864,0.14444181156560362,0.3462946243658864,0.3776937916196832
-0.6010485307352934,-0.24335647317729148,0.30000000000000004,0.3463156033721948,0.144462790571912,0.3463156033721948,0.37769798742094485
-0.6010485307352934,-0.24335647317729148,0.30000000000000004,0.3463156033721948,0.144462790571912,0.3463156033721948,0.37769798742094485
-0.5989506301044547,-0.24335647317729148,0.30000000000000004,0.3463365823785032,0.14448376957822037,0.3463365823785032,0.37770218322220656
-0.3283214487262598,-0.24335647317729148,0.30000000000000004,0.34904287419228514,0.14719006139200233,0.34904287419228514,0.3782434415849629
-0.326223548095421,-0.24335647317729148,0.30000000000000004,0.3490638531985935,0.1472110403983107,0.3490638531985935,0.3782476373862246
-0.326223548095421,-0.24335647317729148,0.30000000000000004,0.3490638531985935,0.1472110403983107,0.3490638531985935,0.3782476373862246
-0.3241256474645824,-0.24335647317729148,0.30000000000000004,0.3490848322049019,0.1472110403983107,0.3490848322049019,0.3782518331874863
-0.05349646608638747,-0.24335647317729148,0.30000000000000004,0.35179112401868384,0.1472110403983107,0.35179112401868384,0.37879309155024266
-0.05139856545554866,-0.24335647317729148,0.30000000000000004,0.3518121030249922,0.14723201940461908,0.3518121030249922,0.37879728735150436
-0.05139856545554866,-0.24335647317729148,0.30000000000000004,0.3518121030249922,0.14723201940461908,0.3518121030249922,0.37879728735150436
-0.04930066482471007,-0.24335647317729148,0.30000000000000004,0.3518330820313006,0.14725299841092745,0.3518330820313006,0.378801483152766
0.05559436671722606,-0.24335647317729148,0.30000000000000004,0.35288203234671994,0.1483019487263468,0.35288203234671994,0.37901127321584993
0.05769226734806465,-0.24335647317729148,0.30000000000000004,0.3529030113530283,0.14832292773265518,0.3529030113530283,0.3790154690171116
0.05769226734806465,-0.24335647317729148,0.30000000000000004,0.3529030113530283,0.14832292773265518,0.3529030113530283,0.3790154690171116
0.05979016797890346,-0.24335647317729148,0.30000000000000004,0.3529239903593367,0.14832292773265518,0.3529239903593367,0.37901966481837324
0.32622354809542076,-0.24335647317729148,0.30000000000000004,0.35558832416050185,0.14832292773265518,0.35558832416050185,0.3795525315786063
0.32832144872625957,-0.24335647317729148,0.30000000000000004,0.3556093031668102,0.14834390673896355,0.3556093031668102,0.379556727379868
0.32832144872625957,-0.24335647317729148,0.30000000000000004,0.3556093031668102,0.14834390673896355,0.3556093031668102,0.379556727379868
0.3304193493570984,-0.24335647317729148,0.30000000000000004,0.3556302821731186,0.14836488574527193,0.3556302821731186,0.37956092318112966
0.5989506301044545,-0.24335647317729148,0.30000000000000004,0.3583155949805922,0.15105019855274548,0.3583155949805922,0.3800979857426244
0.6010485307352933,-0.24335647317729148,0.30000000000000004,0.35833657398690055,0.15107117755905386,0.35833657398690055,0.3801021815438861
0.6010485307352933,-0.24335647317729148,0.30000000000000004,0.35833657398690055,0.15107117755905386,0.35833657398690055,0.3801021815438861
0.6031464313661321,-0.24335647317729148,0.30000000000000004,0.3583575529932089,0.15109215656536223,0.3583575529932089,0.38010637734514774
0.6031464313661321,-0.24335647317729148,0.30000000000000004,0.3583575529932089,0.15109215656536223,0.3583575529932089,0.38010637734514774
0.6052443319969705,-0.24335647317729148,0.30000000000000004,0.3583785319995173,0.15109215656536223,0.3583785319995173,0.3801105731464094
0.8548945070667784,-0.24335647317729148,0.30000000000000004,0.3608750337502154,0.15109215656536223,0.3608750337502154,0.38060987349654907
0.8108385938191651,-0.3650347097659372,0.30000000000000004,0.3621691170841396,0.15238623989928643,0.3621691170841396,0.3808686901633339
0.8087406931883263,-0.3650347097659372,0.30000000000000004,0.362190096090448,0.15238623989928643,0.362190096090448,0.38087288596459556
0.55699261748768,-0.3650347097659372,0.30000000000000004,0.3647075768474545,0.15238623989928643,0.3647075768474545,0.38137638211599684
0.5548947168568412,-0.3650347097659372,0.30000000000000004,0.36472855585376285,0.1524072189055948,0.36472855585376285,0.38138057791725855
0.5548947168568412,-0.3650347097659372,0.30000000000000004,0.36472855585376285,0.1524072189055948,0.36472855585376285,0.38138057791725855
0.5527968162260024,-0.3650347097659372,0.30000000000000004,0.3647495348600712,0.15242819791190318,0.3647495348600712,0.3813847737185202
0.2842655354786465,-0.3650347097659372,0.30000000000000004,0.3674348476675448,0.15511351071937673,0.3674348476675448,0.3819218362800149
0.2821676348478077,-0.3650347097659372,0.30000000000000004,0.3674558266738532,0.1551344897256851,0.3674558266738532,0.3819260320812766
0.2821676348478077,-0.3650347097659372,0.30000000000000004,0.3674558266738532,0.1551344897256851,0.3674558266738532,0.3819260320812766
0.2800697342169691,-0.3650347097659372,0.30000000000000004,0.36747680568016156,0.15515546873199348,0.36747680568016156,0.3819302278825383
0.2800697342169691,-0.3650347097659372,0.30000000000000004,0.36747680568016156,0.15515546873199348,0.36747680568016156,0.3819302278825383
0.2779718335861303,-0.3650347097659372,0.30000000000000004,0.36749778468646993,0.15515546873199348,0.36749778468646993,0.3819344236838
0.013636354100451609,-0.3650347097659372,0.30000000000000004,0.3701411394813267,0.15515546873199348,0.3701411394813267,0.38246309464277134
0.011538453469612797,-0.3650347097659372,0.30000000000000004,0.3701621184876351,0.15517644773830186,0.3701621184876351,0.382467290444033
0.011538453469612797,-0.3650347097659372,0.30000000000000004,0.3701621184876351,0.15517644773830186,0.3701621184876351,0.382467290444033
0.009440552838774208,-0.3650347097659372,0.30000000000000004,0.37018309749394346,0.15519742674461023,0.37018309749394346,0.3824714862452947
-0.0010489503154194058,-0.3650347097659372,0.30000000000000004,0.3702879925254854,0.15530232177615216,0.3702879925254854,0.3824924652516031
-0.0031468509462582173,-0.3650347097659372,0.30000000000000004,0.37030897153179376,0.15532330078246054,0.37030897153179376,0.38249666105286473
-0.0031468509462582173,-0.3650347097659372,0.30000000000000004,0.37030897153179376,0.15532330078246054,0.37030897153179376,0.38249666105286473
-0.005244751577096807,-0.3650347097659372,0.30000000000000004,0.37032995053810214,0.15532330078246054,0.37032995053810214,0.38250085685412644
-0.27797183358613053,-0.3650347097659372,0.30000000000000004,0.37305722135819247,0.15532330078246054,0.37305722135819247,0.3830463110181445
-0.2800697342169691,-0.3650347097659372,0.30000000000000004,0.37307820036450084,0.1553442797887689,0.37307820036450084,0.38305050681940617
-0.2800697342169691,-0.3650347097659372,0.30000000000000004,0.37307820036450084,0.1553442797887689,0.37307820036450084,0.38305050681940617
-0.28216763484780794,-0.3650347097659372,0.30000000000000004,0.3730991793708092,0.1553652587950773,0.3730991793708092,0.3830547026206679
-0.5527968162260029,-0.3650347097659372,0.30000000000000004,0.3758054711845912,0.15807155060885925,0.3758054711845912,0.38359596098342424
-0.5548947168568416,-0.3650347097659372,0.30000000000000004,0.37582645019089955,0.15809252961516762,0.37582645019089955,0.38360015678468595
-0.5548947168568416,-0.3650347097659372,0.30000000000000004,0.37582645019089955,0.15809252961516762,0.37582645019089955,0.38360015678468595
-0.5569926174876803,-0.3650347097659372,0.30000000000000004,0.3758474291972079,0.15809252961516762,0.3758474291972079,0.3836043525859476
-0.8087406931883266,-0.3650347097659372,0.30000000000000004,0.3783649099542144,0.15809252961516762,0.3783649099542144,0.3841078487373489
-0.7646847799407135,-0.48671294635458306,0.30000000000000004,0.3796589932881386,0.15938661294909182,0.3796589932881386,0.3843666654041337
-0.7625868793098748,-0.48671294635458306,0.30000000000000004,0.379679972294447,0.15938661294909182,0.379679972294447,0.38437086120539543
-0.5087409029783897,-0.48671294635458306,0.30000000000000004,0.38221843205776185,0.15938661294909182,0.38221843205776185,0.3848785531580584
-0.506643002347551,-0.48671294635458306,0.30000000000000004,0.3822394110640702,0.1594075919554002,0.3822394110640702,0.38488274895932006
-0.506643002347551,-0.48671294635458306,0.30000000000000004,0.3822394110640702,0.1594075919554002,0.3822394110640702,0.38488274895932006
-0.5045451017167123,-0.48671294635458306,0.30000000000000004,0.3822603900703786,0.15942857096170857,0.3822603900703786,0.3848869447605817
-0.23601382096935608,-0.48671294635458306,0.30000000000000004,0.3849457028778522,0.16211388376918212,0.3849457028778522,0.3854240073220765
-0.2339159203385175,-0.48671294635458306,0.30000000000000004,0.38496668188416056,0.1621348627754905,0.38496668188416056,0.38542820312333814
-0.2339159203385175,-0.48671294635458306,0.30000000000000004,0.38496668188416056,0.1621348627754905,0.38496668188416056,0.38542820312333814
-0.23181801970767868,-0.48671294635458306,0.30000000000000004,0.38498766089046893,0.1621348627754905,0.38498766089046893,0.3854323989245998
0.23181801970767846,-0.48671294635458306,0.30000000000000004,0.3896240212846225,0.1621348627754905,0.3896240212846225,0.38635967100343055
0.23391592033851727,-0.48671294635458306,0.30000000000000004,0.38964500029093085,0.16215584178179887,0.38964500029093085,0.3863638668046922
0.23391592033851727,-0.48671294635458306,0.30000000000000004,0.38964500029093085,0.16215584178179887,0.38964500029093085,0.3863638668046922
0.23601382096935586,-0.48671294635458306,0.30000000000000004,0.38966597929723923,0.16217682078810725,0.38966597929723923,0.3863680626059539
0.504545101716712,-0.48671294635458306,0.30000000000000004,0.3923512921047128,0.1648621335955808,0.3923512921047128,0.3869051251674486
0.5066430023475508,-0.48671294635458306,0.30000000000000004,0.3923722711110212,0.16488311260188918,0.3923722711110212,0.3869093209687103
0.5066430023475508,-0.48671294635458306,0.30000000000000004,0.3923722711110212,0.16488311260188918,0.3923722711110212,0.3869093209687103
0.5087409029783896,-0.48671294635458306,0.30000000000000004,0.39239325011732956,0.16488311260188918,0.39239325011732956,0.386913516769972
0.7625868793098747,-0.48671294635458306,0.30000000000000004,0.3949317098806444,0.16488311260188918,0.3949317098806444,0.38742120872263497
0.7646847799407135,-0.48671294635458306,0.30000000000000004,0.3949526888869528,0.16490409160819755,0.3949526888869528,0.3874254045238966
0.7646847799407135,-0.48671294635458306,0.30000000000000004,0.3949526888869528,0.16490409160819755,0.3949526888869528,0.3874254045238966
0.871677712113488,-0.6083911829432288,0.30000000000000004,0.39657296913414,0.16490409160819755,0.39657296913414,0.38758743254861533
0.46258708909993773,-0.6083911829432288,0.30000000000000004,0.4006638753642755,0.16490409160819755,0.4006638753642755,0.38840561379464245
0.4604891884690989,-0.6083911829432288,0.30000000000000004,0.4006848543705839,0.16492507061450593,0.4006848543705839,0.3884098095959041
0.4604891884690989,-0.6083911829432288,0.30000000000000004,0.4006848543705839,0.16492507061450593,0.4006848543705839,0.3884098095959041
0.45839128783826033,-0.6083911829432288,0.30000000000000004,0.40070583337689225,0.1649460496208143,0.40070583337689225,0.3884140053971658
0.189860007090904,-0.6083911829432288,0.30000000000000004,0.40339114618436583,0.16763136242828786,0.40339114618436583,0.3889510679586605
0.18776210646006541,-0.6083911829432288,0.30000000000000004,0.4034121251906742,0.16765234143459623,0.4034121251906742,0.3889552637599222
0.18776210646006541,-0.6083911829432288,0.30000000000000004,0.4034121251906742,0.16765234143459623,0.4034121251906742,0.3889552637599222
0.1856642058292266,-0.6083911829432288,0.30000000000000004,0.4034331041969826,0.16765234143459623,0.4034331041969826,0.3889594595611839
-0.183566305198388,-0.6083911829432288,0.30000000000000004,0.4071254093072587,0.16765234143459623,0.4071254093072587,0.3896979205832391
-0.18566420582922682,-0.6083911829432288,0.30000000000000004,0.4071463883135671,0.1676733204409046,0.4071463883135671,0.3897021163845008
-0.18566420582922682,-0.6083911829432288,0.30000000000000004,0.4071463883135671,0.1676733204409046,0.4071463883135671,0.3897021163845008
-0.18776210646006564,-0.6083911829432288,0.30000000000000004,0.40716736731987546,0.16769429944721298,0.40716736731987546,0.38970631218576246
-0.45629338720742174,-0.6083911829432288,0.30000000000000004,0.40985268012734904,0.17037961225468654,0.40985268012734904,0.3902433747472572
-0.45839128783826033,-0.6083911829432288,0.30000000000000004,0.4098736591336574,0.1704005912609949,0.4098736591336574,0.3902475705485189
-0.45839128783826033,-0.6083911829432288,0.30000000000000004,0.4098736591336574,0.1704005912609949,0.4098736591336574,0.3902475705485189
-0.46048918846909914,-0.6083911829432288,0.30000000000000004,0.4098946381399658,0.1704005912609949,0.4098946381399658,0.39025176634978054
-0.8695798114826495,-0.6083911829432288,0.30000000000000004,0.4139855443701013,0.1704005912609949,0.4139855443701013,0.39106994759580765
-0.8716777121134882,-0.6083911829432288,0.30000000000000004,0.4140065233764097,0.17042157026730329,0.4140065233764097,0.39107414339706936
-0.8716777121134882,-0.6083911829432288,0.30000000000000004,0.4140065233764097,0.17042157026730329,0.4140065233764097,0.39107414339706936
-0.8716777121134882,-0.7300694195318745,0.30000000000000004,0.41522330574229616,0.17163835263318974,0.41522330574229616,0.3913174998702466
-0.8695798114826495,-0.7300694195318745,0.30000000000000004,0.41524428474860453,0.17163835263318974,0.41524428474860453,0.3913216956715083
-0.4143353745906473,-0.7300694195318745,0.30000000000000004,0.4197967291175245,0.17163835263318974,0.4197967291175245,0.3922321845452923
-0.4122374739598085,-0.7300694195318745,0.30000000000000004,0.4198177081238329,0.17165933163949812,0.4198177081238329,0.392236380346554
-0.4122374739598085,-0.7300694195318745,0.30000000000000004,0.4198177081238329,0.17165933163949812,0.4198177081238329,0.392236380346554
-0.4101395733289699,-0.7300694195318745,0.30000000000000004,0.4198386871301413,0.1716803106458065,0.4198386871301413,0.39224057614781566
-0.14160829258161378,-0.7300694195318745,0.30000000000000004,0.42252399993761486,0.17436562345328005,0.42252399993761486,0.3927776387093104
-0.13951039195077497,-0.7300694195318745,0.30000000000000004,0.42254497894392323,0.17438660245958842,0.42254497894392323,0.3927818345105721
-0.13951039195077497,-0.7300694195318745,0.30000000000000004,0.42254497894392323,0.17438660245958842,0.42254497894392323,0.3927818345105721
-0.13741249131993616,-0.7300694195318745,0.30000000000000004,0.4225659579502316,0.17438660245958842,0.4225659579502316,0.39278603031183373
0.13741249131993616,-0.7300694195318745,0.30000000000000004,0.4253142077766303,0.17438660245958842,0.4253142077766303,0.3933356802771135
0.13951039195077475,-0.7300694195318745,0.30000000000000004,0.4253351867829387,0.1744075814658968,0.4253351867829387,0.3933398760783752
0.13951039195077475,-0.7300694195318745,0.30000000000000004,0.4253351867829387,0.1744075814658968,0.4253351867829387,0.3933398760783752
0.14160829258161356,-0.7300694195318745,0.30000000000000004,0.42535616578924706,0.17442856047220517,0.42535616578924706,0.3933440718796368
0.41013957332896966,-0.7300694195318745,0.30000000000000004,0.42804147859672065,0.17711387327967873,0.42804147859672065,0.3938811344411316
0.4122374739598085,-0.7300694195318745,0.30000000000000004,0.428062457603029,0.1771348522859871,0.428062457603029,0.39388533024239325
0.4122374739598085,-0.7300694195318745,0.30000000000000004,0.428062457603029,0.1771348522859871,0.428062457603029,0.39388533024239325
0.41433537459064707,-0.7300694195318745,0.30000000000000004,0.4280834366093374,0.1771348522859871,0.4280834366093374,0.3938895260436549
0.871677712113488,-0.7300694195318745,0.30000000000000004,0.4326568599845658,0.1771348522859871,0.4326568599845658,0.39480421071870064
0.871677712113488,-0.8517476561205203,0.30000000000000004,0.4338736423504523,0.1771348522859871,0.4338736423504523,0.3950475671918779
0.6241254376745189,-0.8517476561205203,0.30000000000000004,0.43634916509484195,0.1771348522859871,0.43634916509484195,0.39554267174075586
0.6220275370436805,-0.8517476561205203,0.30000000000000004,0.4363701441011503,0.17715583129229548,0.4363701441011503,0.3955468675420175
0.0954544787031617,-0.8517476561205203,0.30000000000000004,0.4416358746845555,0.18242156187570066,0.4416358746845555,0.39660001365869857
0.0933565780723229,-0.8517476561205203,0.30000000000000004,0.4416568536908639,0.18244254088200904,0.4416568536908639,0.3966042094599602
0.0933565780723229,-0.8517476561205203,0.30000000000000004,0.4416568536908639,0.18244254088200904,0.4416568536908639,0.3966042094599602
0.0912586774414843,-0.8517476561205203,0.30000000000000004,0.44167783269717226,0.18244254088200904,0.44167783269717226,0.39660840526122193
-0.08916077681064571,-0.8517476561205203,0.30000000000000004,0.44348202723969354,0.18244254088200904,0.44348202723969354,0.3969692441697262
-0.09125867744148453,-0.8517476561205203,0.30000000000000004,0.4435030062460019,0.1824635198883174,0.4435030062460019,0.3969734399709879
-0.09125867744148453,-0.8517476561205203,0.30000000000000004,0.4435030062460019,0.1824635198883174,0.4435030062460019,0.3969734399709879
-0.09335657807232312,-0.8517476561205203,0.30000000000000004,0.4435239852523103,0.18248449889462579,0.4435239852523103,0.39697763577224954
-0.6199296364128418,-0.8517476561205203,0.30000000000000004,0.4487897158357155,0.18775022947803097,0.4487897158357155,0.3980307818889306
-0.6220275370436806,-0.8517476561205203,0.30000000000000004,0.44881069484202385,0.18777120848433934,0.44881069484202385,0.39803497769019225
-0.6220275370436806,-0.8517476561205203,0.30000000000000004,0.44881069484202385,0.18777120848433934,0.44881069484202385,0.39803497769019225
-0.6241254376745193,-0.8517476561205203,0.30000000000000004,0.4488316738483322,0.18777120848433934,0.4488316738483322,0.39803917349145396
-0.8695798114826495,-0.8517476561205203,0.30000000000000004,0.4512862175864135,0.18777120848433934,0.4512862175864135,0.3985300822390702
-0.8716777121134882,-0.8517476561205203,0.30000000000000004,0.4513071965927219,0.18779218749064772,0.4513071965927219,0.39853427804033187
-0.8716777121134882,-0.8517476561205203,0.30000000000000004,0.4513071965927219,0.18779218749064772,0.4513071965927219,0.39853427804033187
-0.8716777121134882,-0.9734258927091661,0.30000000000000004,0.45252397895860835,0.18900896985653418,0.45252397895860835,0.39877763451350917
-0.8695798114826495,-0.9734258927091661,0.30000000000000004,0.4525449579649167,0.18900896985653418,0.4525449579649167,0.3987818303147709
-0.6241254376745193,-0.9734258927091661,0.30000000000000004,0.454999501702998,0.18900896985653418,0.454999501702998,0.39927273906238714
-0.6220275370436806,-0.9734258927091661,0.30000000000000004,0.4550204807093064,0.18902994886284255,0.4550204807093064,0.3992769348636488
-0.6220275370436806,-0.9734258927091661,0.30000000000000004,0.4550204807093064,0.18902994886284255,0.4550204807093064,0.3992769348636488
-0.6199296364128418,-0.9734258927091661,0.30000000000000004,0.45504145971561477,0.18905092786915093,0.45504145971561477,0.39928113066491044
-0.04720276419387126,-0.9734258927091661,0.30000000000000004,0.4607687284378045,0.19477819659134063,0.4607687284378045,0.4004265844093484
-0.04510486356303267,-0.9734258927091661,0.30000000000000004,0.46078970744411285,0.194799175597649,0.46078970744411285,0.40043078021061007
-0.04510486356303267,-0.9734258927091661,0.30000000000000004,0.46078970744411285,0.194799175597649,0.46078970744411285,0.40043078021061007
-0.04300696293219386,-0.9734258927091661,0.30000000000000004,0.4608106864504212,0.194799175597649,0.4608106864504212,0.4004349760118718
0.04300696293219364,-0.9734258927091661,0.30000000000000004,0.4616708257090651,0.194799175597649,0.4616708257090651,0.40060700386360054
0.04510486356303245,-0.9734258927091661,0.30000000000000004,0.46169180471537347,0.19482015460395738,0.46169180471537347,0.40061119966486225
0.04510486356303245,-0.9734258927091661,0.30000000000000004,0.46169180471537347,0.19482015460395738,0.46169180471537347,0.40061119966486225
0.04720276419387104,-0.9734258927091661,0.30000000000000004,0.46171278372168184,0.19484113361026575,0.46171278372168184,0.4006153954661239
0.6220275370436805,-0.9734258927091661,0.30000000000000004,0.4674610314501799,0.20058938133876386,0.4674610314501799,0.40176504501182353
0.6241254376745189,-0.9734258927091661,0.30000000000000004,0.4674820104564883,0.20058938133876386,0.4674820104564883,0.4017692408130852
0.871677712113488,-0.9734258927091661,0.30000000000000004,0.46995753320087796,0.20058938133876386,0.46995753320087796,0.40226434536196315
0.871677712113488,-1.0951041292978119,0.30000000000000004,0.4711743155667644,0.20058938133876386,0.4711743155667644,0.40250770183514045
-0.8695798114826495,-1.0951041292978119,0.30000000000000004,0.48858689080272577,0.20058938133876386,0.48858689080272577,0.4059902168823327
-0.8716777121134882,-1.0951041292978119,0.30000000000000004,0.48860786980903415,0.20061036034507224,0.48860786980903415,0.4059944126835944
-0.8716777121134882,-1.0951041292978119,0.30000000000000004,0.48860786980903415,0.20061036034507224,0.48860786980903415,0.4059944126835944
-0.8716777121134882,-1.2167823658864576,0.30000000000000004,0.4898246521749206,0.2018271427109587,0.4898246521749206,0.4062377691567717
-0.8695798114826495,-1.2167823658864576,0.30000000000000004,0.489845631181229,0.2018271427109587,0.489845631181229,0.40624196495803333
0.871677712113488,-1.2167823658864576,0.30000000000000004,0.5072582064171903,0.2018271427109587,0.5072582064171903,0.40972448000522566
0.871677712113488,-1.3384606024751033,0.30000000000000004,0.5084749887830767,0.2018271427109587,0.5084749887830767,0.4099678364784029
-0.8695798114826495,-1.3384606024751033,0.30000000000000004,0.5258875640190381,0.2018271427109587,0.5258875640190381,0.41345035152559517
-0.8716777121134882,-1.3384606024751033,0.30000000000000004,0.5259085430253465,0.20184812171726707,0.5259085430253465,0.4134545473268569
-0.8716777121134882,-1.3384606024751033,0.30000000000000004,0.5259085430253465,0.20184812171726707,0.5259085430253465,0.4134545473268569
