17:14:06.554     +9513.821s  M114                                     ok             1.5ms rx=2 busy=0
17:14:06.556     +9514.078s  G0 F200.0 Z0.5000                        ok             0.8ms rx=1 busy=0
17:14:06.556     +9514.141s  M114                                     ok             1.6ms rx=2 busy=0
17:14:06.556     +9514.379s  G90                                      ok             0.4ms rx=1 busy=0
17:14:06.556     +9514.380s  G0 Z-102.5500 F201                       ok             0.9ms rx=1 busy=0
17:14:06.556     +9514.381s  G91                                      ok             1.0ms rx=1 busy=0
17:14:06.566     +9514.460s  M114                                     ok             1.3ms rx=2 busy=0
17:14:06.566     +9514.781s  M114                                     ok             1.8ms rx=2 busy=0
17:14:06.566     +9515.036s  G0 F200.0 Z0.5000                        ok             0.8ms rx=1 busy=0
17:14:06.566     +9515.111s  M114                                     ok             6.8ms rx=2 busy=0
17:14:06.566     +9515.338s  G90                                      ok             1.3ms rx=1 busy=0
17:14:06.566     +9515.341s  G0 Z-102.5500 F201                       ok             2.7ms rx=1 busy=0
17:14:06.566     +9515.343s  G91                                      ok             1.5ms rx=1 busy=0
17:14:06.566     +9515.428s  M114                                     ok             7.6ms rx=2 busy=0
17:14:06.566     +9515.741s  M114                                     ok             1.6ms rx=2 busy=0
17:14:06.566     +9516.004s  G0 F200.0 Z0.5000                        ok             1.1ms rx=1 busy=0
17:14:06.566     +9516.060s  M114                                     ok             1.2ms rx=2 busy=0
17:14:06.566     +9516.304s  G90                                      ok             0.3ms rx=1 busy=0
17:14:06.566     +9516.305s  G0 Z-102.5500 F201                       ok             0.9ms rx=1 busy=0
17:14:06.566     +9516.306s  G91                                      ok             0.3ms rx=1 busy=0
17:14:06.566     +9516.381s  M114                                     ok             1.2ms rx=2 busy=0
17:14:06.566     +9516.700s  M114                                     ok             1.3ms rx=2 busy=0
17:14:06.566     +9517.020s  M114                                     ok             1.5ms rx=2 busy=0
17:14:06.566     +9517.167s  M114                                     ok             1.4ms rx=2 busy=0
17:14:06.566     +9517.167s  G90                                      ok             0.2ms rx=1 busy=0
17:14:06.566     +9517.168s  G0 Z-101.5500 F60                        ok             0.8ms rx=1 busy=0
17:14:06.566     +9517.168s  G91                                      ok             0.3ms rx=1 busy=0
17:14:06.566     +9517.168s  G90                                      ok             0.2ms rx=1 busy=0
17:14:06.566     +9517.169s  G0 Z-79.3500 F201                        ok             1.0ms rx=1 busy=0
17:14:06.566     +9517.170s  G91                                      ok             0.3ms rx=1 busy=0
17:14:06.566     +9524.928s  M400                                     ok          7758.0ms rx=4 busy=3
17:14:06.566     +9524.936s  M114                                     ok             2.0ms rx=2 busy=0
17:14:06.566     +9527.836s  M114                                     ok             1.2ms rx=2 busy=0
17:14:06.566     +9527.836s  G90                                      ok             0.4ms rx=1 busy=0
17:14:06.566     +9527.837s  G0 Z-101.5500 F121                       ok             1.0ms rx=1 busy=0
17:14:06.566     +9527.838s  G91                                      ok             0.2ms rx=1 busy=0
17:14:06.566     +9527.838s  G90                                      ok             0.2ms rx=1 busy=0
17:14:06.567     +9527.839s  G0 Z-102.5500 F60                        ok             1.0ms rx=1 busy=0
17:14:06.567     +9527.839s  G91                                      ok             0.4ms rx=1 busy=0
17:14:06.567     +9539.972s  M400                                     ok         12133.2ms rx=7 busy=6
17:14:06.567     +9539.992s  M114                                     ok             1.4ms rx=2 busy=0
17:14:06.567     +9539.998s  G0 F18.0 X-0.0600                        ok             4.2ms rx=1 busy=0
17:14:06.567     +9540.301s  M400                                     ok           302.5ms rx=1 busy=0
17:14:06.567     +9540.319s  M114                                     ok             2.1ms rx=2 busy=0
17:14:06.567     +9540.636s  M114                                     ok             1.3ms rx=2 busy=0
17:14:06.567     +9540.957s  M114                                     ok             2.1ms rx=2 busy=0
17:14:06.567     +9541.288s  M114                                     ok            12.8ms rx=2 busy=0
17:14:06.567     +9541.596s  M114                                     ok             1.3ms rx=2 busy=0
17:14:06.567     +9541.917s  M114                                     ok             1.6ms rx=2 busy=0
17:14:06.567     +9542.236s  M114                                     ok             1.2ms rx=2 busy=0
17:14:06.567     +9542.560s  M114                                     ok             5.0ms rx=2 busy=0
17:14:06.567     +9542.884s  M114                                     ok             5.9ms rx=2 busy=0
17:14:06.567     +9543.198s  M114                                     ok             1.2ms rx=2 busy=0
17:14:06.567     +9543.518s  M114                                     ok             1.4ms rx=2 busy=0
17:14:06.567     +9543.836s  M114                                     ok             1.4ms rx=2 busy=0
17:14:06.567     +9544.157s  M114                                     ok             1.4ms rx=2 busy=0
17:14:06.567     +9544.476s  M114                                     ok             1.4ms rx=2 busy=0
17:14:06.568     +9544.796s  M114                                     ok             1.2ms rx=2 busy=0
17:14:06.568     +9545.116s  M114                                     ok             1.2ms rx=2 busy=0
17:14:06.568     +9545.305s  G0 F18.0 X-0.7901                        ok             3.6ms rx=1 busy=0
17:14:06.568     +9548.042s  M400                                     ok          2736.5ms rx=2 busy=1
17:14:06.568     +9548.049s  G0 F18.0 X0.0600                         ok             0.8ms rx=1 busy=0
17:14:06.568     +9548.355s  M400                                     ok           306.2ms rx=1 busy=0
17:14:06.568     +9548.396s  M114                                     ok             1.2ms rx=2 busy=0
17:14:06.568     +9548.716s  M114                                     ok             1.3ms rx=2 busy=0
17:14:06.568     +9549.036s  M114                                     ok             1.2ms rx=2 busy=0
17:14:06.568     +9549.372s  M114                                     ok            16.8ms rx=2 busy=0
17:14:06.568     +9549.694s  M114                                     ok             1.2ms rx=2 busy=0
17:14:06.568     +9550.012s  M114                                     ok             1.2ms rx=2 busy=0
17:14:06.568     +9550.333s  M114                                     ok             1.5ms rx=2 busy=0
17:14:06.568     +9550.652s  M114                                     ok             1.5ms rx=2 busy=0
17:14:06.568     +9550.973s  M114                                     ok             1.6ms rx=2 busy=0
17:14:06.568     +9551.292s  M114                                     ok             1.4ms rx=2 busy=0
17:14:06.568     +9551.633s  M114                                     ok            22.3ms rx=2 busy=0
17:14:06.568     +9551.956s  M114                                     ok             3.9ms rx=2 busy=0
17:14:06.568     +9552.268s  M114                                     ok             1.2ms rx=2 busy=0
17:14:06.568     +9552.588s  M114                                     ok             1.3ms rx=2 busy=0
17:14:06.568     +9552.908s  M114                                     ok             1.2ms rx=2 busy=0
17:14:06.568     +9553.228s  M114                                     ok             1.3ms rx=2 busy=0
17:14:06.568     +9553.361s  M114                                     ok             4.9ms rx=2 busy=0
17:14:06.568     +9553.361s  G90                                      ok             0.3ms rx=1 busy=0
17:14:06.568     +9553.363s  G0 Z-101.5500 F60                        ok             1.2ms rx=1 busy=0
17:14:06.568     +9553.363s  G91                                      ok             0.3ms rx=1 busy=0
17:14:06.568     +9553.363s  G90                                      ok             0.2ms rx=1 busy=0
17:14:06.568     +9553.364s  G0 Z-79.3500 F201                        ok             1.1ms rx=1 busy=0
17:14:06.568     +9553.364s  G91                                      ok             0.2ms rx=1 busy=0
17:14:06.568     +9561.122s  M400                                     ok          7757.9ms rx=4 busy=3
17:14:06.568     +9561.132s  M114                                     ok             1.2ms rx=2 busy=0
17:14:06.568     +9562.141s  M114                                     ok             2.0ms rx=2 busy=0
17:14:06.568     +9562.141s  G90                                      ok             0.3ms rx=1 busy=0
17:14:06.568     +9562.142s  G0 Z-98.0500 F121                        ok             0.8ms rx=1 busy=0
17:14:06.568     +9562.142s  G91                                      ok             0.3ms rx=1 busy=0
17:14:06.568     +9562.143s  G90                                      ok             0.5ms rx=1 busy=0
17:14:06.568     +9562.144s  G0 Z-99.0500 F60                         ok             1.0ms rx=1 busy=0
17:14:06.568     +9562.144s  G91                                      ok             0.3ms rx=1 busy=0
17:14:06.568     +9572.549s  M400                                     ok         10405.0ms rx=6 busy=5
17:14:06.568     +9572.562s  M114                                     ok             6.1ms rx=2 busy=0
17:14:06.569     +9572.566s  G0 F18.0 X-2.0698                        ok             3.7ms rx=1 busy=0
17:14:06.569     +9579.570s  M400                                     ok          7003.8ms rx=4 busy=3
17:14:06.569 ---- end recent ----
17:14:13.677 ANOMALY M400                                     ok          2106.5ms rx=2 busy=1
17:14:13.677 ---- recent ZP transactions (anomaly: M400 -> ok) [300] ----
17:14:13.677     +9377.901s  M114                                     ok             1.5ms rx=2 busy=0
17:14:13.677     +9378.220s  M114                                     ok             1.3ms rx=2 busy=0
17:14:13.677     +9378.540s  M114                                     ok             1.2ms rx=2 busy=0
17:14:13.677     +9378.860s  M114                                     ok             1.2ms rx=2 busy=0
17:14:13.677     +9379.180s  M114                                     ok             1.3ms rx=2 busy=0
17:14:13.677     +9379.500s  M114                                     ok             1.2ms rx=2 busy=0
17:14:13.677     +9379.821s  M114                                     ok             1.6ms rx=2 busy=0
17:14:13.677     +9380.141s  M114                                     ok             1.2ms rx=2 busy=0
17:14:13.677     +9380.477s  M114                                     ok            17.6ms rx=2 busy=0
17:14:13.677     +9380.798s  M114                                     ok             2.2ms rx=2 busy=0
17:14:13.677     +9381.117s  M114                                     ok             1.2ms rx=2 busy=0
17:14:13.677     +9381.437s  M114                                     ok             1.2ms rx=2 busy=0
17:14:13.677     +9381.756s  M114                                     ok             1.2ms rx=2 busy=0
17:14:13.677     +9382.090s  M114                                     ok            14.5ms rx=2 busy=0
17:14:13.677     +9382.427s  M114                                     ok            13.0ms rx=2 busy=0
17:14:13.677     +9382.750s  M114                                     ok             2.0ms rx=2 busy=0
17:14:13.677     +9383.069s  M114                                     ok             1.3ms rx=2 busy=0
17:14:13.678     +9383.388s  M114                                     ok             1.2ms rx=2 busy=0
17:14:13.678     +9383.709s  M114                                     ok             1.2ms rx=2 busy=0
17:14:13.678     +9384.028s  M114                                     ok             1.3ms rx=2 busy=0
17:14:13.678     +9384.348s  M114                                     ok             1.4ms rx=2 busy=0
17:14:13.678     +9384.668s  M114                                     ok             1.2ms rx=2 busy=0
17:14:13.678     +9384.993s  M114                                     ok             5.4ms rx=2 busy=0
17:14:13.678     +9385.314s  M114                                     ok             2.7ms rx=2 busy=0
17:14:13.678     +9385.636s  M114                                     ok             6.1ms rx=2 busy=0
17:14:13.678     +9385.949s  M114                                     ok             1.9ms rx=2 busy=0
17:14:13.678     +9386.273s  M114                                     ok             3.8ms rx=2 busy=0
17:14:13.678     +9386.588s  M114                                     ok             1.3ms rx=2 busy=0
17:14:13.678     +9386.819s  M114                                     ok             1.2ms rx=2 busy=0
17:14:13.678     +9386.820s  G90                                      ok             0.6ms rx=1 busy=0
17:14:13.678     +9386.820s  G0 Z-79.3500 F201                        ok             0.6ms rx=1 busy=0
17:14:13.678     +9386.821s  G91                                      ok             0.4ms rx=1 busy=0
17:14:13.678     +9386.821s  M400                                     ok             0.4ms rx=1 busy=0
17:14:13.678     +9386.824s  M114                                     ok             2.3ms rx=2 busy=0
17:14:13.678     +9396.684s  M114                                     ok             1.5ms rx=2 busy=0
17:14:13.678     +9396.685s  G90                                      ok             0.2ms rx=1 busy=0
17:14:13.678     +9396.685s  G0 Z-101.5500 F121                       ok             0.9ms rx=1 busy=0
17:14:13.678     +9396.686s  G91                                      ok             0.3ms rx=1 busy=0
17:14:13.678     +9396.686s  G90                                      ok             0.2ms rx=1 busy=0
17:14:13.678     +9396.687s  G0 Z-102.5500 F60                        ok             1.0ms rx=1 busy=0
17:14:13.678     +9396.687s  G91                                      ok             0.2ms rx=1 busy=0
17:14:13.678     +9408.818s  M400                                     ok         12131.2ms rx=7 busy=6
17:14:13.678     +9408.828s  M114                                     ok             1.4ms rx=2 busy=0
17:14:13.678     +9408.829s  G0 F18.0 X3.9506                         ok             0.9ms rx=1 busy=0
17:14:13.678     +9422.106s  M400                                     ok         13276.5ms rx=7 busy=6
17:14:13.678     +9422.152s  M114                                     ok             3.7ms rx=2 busy=0
17:14:13.678     +9422.467s  M114                                     ok             4.9ms rx=2 busy=0
17:14:13.678     +9422.781s  M114                                     ok             1.2ms rx=2 busy=0
17:14:13.678     +9423.101s  M114                                     ok             1.2ms rx=2 busy=0
17:14:13.678     +9423.420s  M114                                     ok             1.2ms rx=2 busy=0
17:14:13.678     +9423.741s  M114                                     ok             1.7ms rx=2 busy=0
17:14:13.678     +9424.060s  M114                                     ok             1.4ms rx=2 busy=0
17:14:13.678     +9424.380s  M114                                     ok             1.2ms rx=2 busy=0
17:14:13.678     +9424.700s  M114                                     ok             1.3ms rx=2 busy=0
17:14:13.678     +9425.035s  M114                                     ok            14.8ms rx=2 busy=0
17:14:13.678     +9425.357s  M114                                     ok             1.8ms rx=2 busy=0
17:14:13.678     +9425.688s  M114                                     ok            13.5ms rx=2 busy=0
17:14:13.678     +9425.997s  M114                                     ok             2.1ms rx=2 busy=0
17:14:13.678     +9426.316s  M114                                     ok             1.3ms rx=2 busy=0
17:14:13.678     +9426.636s  M114                                     ok             1.3ms rx=2 busy=0
17:14:13.678     +9426.957s  M114                                     ok             1.2ms rx=2 busy=0
17:14:13.678     +9427.115s  M114                                     ok             2.2ms rx=2 busy=0
17:14:13.678     +9427.115s  G90                                      ok             0.2ms rx=1 busy=0
17:14:13.678     +9427.116s  G0 Z-101.5500 F60                        ok             0.8ms rx=1 busy=0
17:14:13.678     +9427.116s  G91                                      ok             0.2ms rx=1 busy=0
17:14:13.678     +9427.116s  G90                                      ok             0.3ms rx=1 busy=0
17:14:13.678     +9427.117s  G0 Z-79.3500 F201                        ok             1.0ms rx=1 busy=0
17:14:13.678     +9427.118s  G91                                      ok             0.3ms rx=1 busy=0
17:14:13.678     +9434.876s  M400                                     ok          7758.4ms rx=4 busy=3
17:14:13.678     +9434.885s  M114                                     ok             2.3ms rx=2 busy=0
17:14:13.678     +9444.717s  M114                                     ok             1.4ms rx=2 busy=0
17:14:13.678     +9444.717s  G90                                      ok             0.2ms rx=1 busy=0
17:14:13.678     +9444.718s  G0 Z-101.5500 F121                       ok             0.8ms rx=1 busy=0
17:14:13.678     +9444.718s  G91                                      ok             0.2ms rx=1 busy=0
17:14:13.678     +9444.719s  G90                                      ok             0.2ms rx=1 busy=0
17:14:13.678     +9444.720s  G0 Z-102.5500 F60                        ok             1.0ms rx=1 busy=0
17:14:13.679     +9444.720s  G91                                      ok             0.3ms rx=1 busy=0
17:14:13.679     +9456.852s  M400                                     ok         12131.5ms rx=7 busy=6
17:14:13.679     +9456.880s  M114                                     ok             1.2ms rx=2 busy=0
17:14:13.679     +9456.883s  G0 F18.0 X-0.0600                        ok             0.9ms rx=1 busy=0
17:14:13.679     +9457.188s  M400                                     ok           305.6ms rx=1 busy=0
17:14:13.679     +9457.230s  M114                                     ok             1.9ms rx=2 busy=0
17:14:13.679     +9457.548s  M114                                     ok             1.2ms rx=2 busy=0
17:14:13.679     +9457.869s  M114                                     ok             1.5ms rx=2 busy=0
17:14:13.679     +9458.200s  M114                                     ok             4.7ms rx=2 busy=0
17:14:13.679     +9458.516s  M114                                     ok             5.8ms rx=2 busy=0
17:14:13.679     +9458.828s  M114                                     ok             1.2ms rx=2 busy=0
17:14:13.679     +9459.148s  M114                                     ok             1.2ms rx=2 busy=0
17:14:13.679     +9459.468s  M114                                     ok             1.2ms rx=2 busy=0
17:14:13.679     +9459.788s  M114                                     ok             1.3ms rx=2 busy=0
17:14:13.679     +9460.109s  M114                                     ok             1.4ms rx=2 busy=0
17:14:13.679     +9460.429s  M114                                     ok             1.3ms rx=2 busy=0
17:14:13.679     +9460.748s  M114                                     ok             1.5ms rx=2 busy=0
17:14:13.679     +9461.089s  M114                                     ok            22.2ms rx=2 busy=0
17:14:13.679     +9461.408s  M114                                     ok             4.3ms rx=2 busy=0
17:14:13.679     +9461.724s  M114                                     ok             1.3ms rx=2 busy=0
17:14:13.679     +9462.045s  M114                                     ok             1.2ms rx=2 busy=0
17:14:13.679     +9462.190s  G0 F18.0 X-3.9506                        ok             0.8ms rx=1 busy=0
17:14:13.679     +9475.466s  M400                                     ok         13276.2ms rx=7 busy=6
17:14:13.679     +9475.475s  G0 F18.0 X0.0600                         ok             0.9ms rx=1 busy=0
17:14:13.679     +9475.783s  M400                                     ok           307.7ms rx=1 busy=0
17:14:13.679     +9475.820s  M114                                     ok             1.4ms rx=2 busy=0
17:14:13.679     +9476.142s  M114                                     ok             1.9ms rx=2 busy=0
17:14:13.679     +9476.465s  M114                                     ok             2.1ms rx=2 busy=0
17:14:13.679     +9476.780s  M114                                     ok             1.3ms rx=2 busy=0
17:14:13.679     +9477.116s  M114                                     ok            10.4ms rx=2 busy=0
17:14:13.679     +9477.437s  M114                                     ok             1.7ms rx=2 busy=0
17:14:13.679     +9477.757s  M114                                     ok             1.5ms rx=2 busy=0
17:14:13.679     +9478.077s  M114                                     ok             1.7ms rx=2 busy=0
17:14:13.679     +9478.396s  M114                                     ok             1.5ms rx=2 busy=0
17:14:13.679     +9478.716s  M114                                     ok             1.2ms rx=2 busy=0
17:14:13.679     +9479.037s  M114                                     ok             1.2ms rx=2 busy=0
17:14:13.679     +9479.357s  M114                                     ok             1.3ms rx=2 busy=0
17:14:13.679     +9479.677s  M114                                     ok             2.4ms rx=2 busy=0
17:14:13.679     +9480.010s  M114                                     ok            12.2ms rx=2 busy=0
17:14:13.679     +9480.333s  M114                                     ok             1.3ms rx=2 busy=0
17:14:13.679     +9480.653s  M114                                     ok             1.2ms rx=2 busy=0
17:14:13.679     +9480.788s  M114                                     ok             4.0ms rx=2 busy=0
17:14:13.679     +9480.789s  G90                                      ok             0.6ms rx=1 busy=0
17:14:13.679     +9480.790s  G0 Z-101.5500 F60                        ok             1.2ms rx=1 busy=0
17:14:13.679     +9480.791s  G91                                      ok             0.6ms rx=1 busy=0
17:14:13.679     +9480.792s  G90                                      ok             0.6ms rx=1 busy=0
17:14:13.679     +9480.793s  G0 Z-79.3500 F201                        ok             1.7ms rx=1 busy=0
17:14:13.679     +9480.794s  G91                                      ok             0.3ms rx=1 busy=0
17:14:13.679     +9488.551s  M400                                     ok          7757.1ms rx=4 busy=3
17:14:13.679     +9488.560s  M114                                     ok             1.2ms rx=2 busy=0
17:14:13.679     +9495.196s  M114                                     ok             1.2ms rx=2 busy=0
17:14:13.679     +9495.196s  G90                                      ok             0.3ms rx=1 busy=0
17:14:13.679     +9495.197s  G0 Z-101.5500 F121                       ok             0.9ms rx=1 busy=0
17:14:13.679     +9495.197s  G91                                      ok             0.3ms rx=1 busy=0
17:14:13.679     +9495.198s  G90                                      ok             0.3ms rx=1 busy=0
17:14:13.679     +9495.199s  G0 Z-102.5500 F60                        ok             1.2ms rx=1 busy=0
17:14:13.679     +9495.200s  G91                                      ok             1.0ms rx=1 busy=0
17:14:13.679     +9507.330s  M400                                     ok         12129.6ms rx=7 busy=6
17:14:13.679     +9507.338s  M114                                     ok             1.5ms rx=2 busy=0
17:14:13.679     +9507.340s  G0 F200.0 Z0.5000                        ok             0.8ms rx=1 busy=0
17:14:13.679     +9507.406s  M114                                     ok             1.4ms rx=2 busy=0
17:14:13.680     +9507.641s  G90                                      ok             0.6ms rx=1 busy=0
17:14:13.680     +9507.642s  G0 Z-102.5500 F201                       ok             0.8ms rx=1 busy=0
17:14:13.680     +9507.642s  G91                                      ok             0.2ms rx=1 busy=0
17:14:13.680     +9507.725s  M114                                     ok             1.8ms rx=2 busy=0
17:14:13.680     +9508.045s  M114                                     ok             1.6ms rx=2 busy=0
17:14:13.680     +9508.306s  G0 F200.0 Z0.5000                        ok             3.1ms rx=1 busy=0
17:14:13.680     +9508.364s  M114                                     ok             1.4ms rx=2 busy=0
17:14:13.680     +9508.606s  G90                                      ok             0.3ms rx=1 busy=0
17:14:13.680     +9508.607s  G0 Z-102.5500 F201                       ok             0.8ms rx=1 busy=0
17:14:13.680     +9508.607s  G91                                      ok             0.3ms rx=1 busy=0
17:14:13.680     +9508.685s  M114                                     ok             1.2ms rx=2 busy=0
17:14:13.680     +9509.005s  M114                                     ok             1.6ms rx=2 busy=0
17:14:13.680     +9509.264s  G0 F200.0 Z0.5000                        ok             1.6ms rx=1 busy=0
17:14:13.680     +9509.329s  M114                                     ok             6.0ms rx=2 busy=0
17:14:13.680     +9509.567s  G90                                      ok             1.2ms rx=1 busy=0
17:14:13.680     +9509.568s  G0 Z-102.5500 F201                       ok             1.0ms rx=1 busy=0
17:14:13.680     +9509.569s  G91                                      ok             0.9ms rx=1 busy=0
17:14:13.680     +9509.654s  M114                                     ok             8.7ms rx=2 busy=0
17:14:13.680     +9509.980s  M114                                     ok            16.8ms rx=2 busy=0
17:14:13.680     +9510.227s  G0 F200.0 Z0.5000                        ok             0.9ms rx=1 busy=0
17:14:13.680     +9510.300s  M114                                     ok             1.2ms rx=2 busy=0
17:14:13.680     +9510.527s  G90                                      ok             0.3ms rx=1 busy=0
17:14:13.680     +9510.528s  G0 Z-102.5500 F201                       ok             0.8ms rx=1 busy=0
17:14:13.680     +9510.528s  G91                                      ok             0.2ms rx=1 busy=0
17:14:13.680     +9510.620s  M114                                     ok             1.2ms rx=2 busy=0
17:14:13.680     +9510.940s  M114                                     ok             1.2ms rx=2 busy=0
17:14:13.680     +9511.190s  G0 F200.0 Z0.5000                        ok             1.2ms rx=1 busy=0
17:14:13.680     +9511.260s  M114                                     ok             1.2ms rx=2 busy=0
17:14:13.680     +9511.491s  G90                                      ok             0.5ms rx=1 busy=0
17:14:13.680     +9511.493s  G0 Z-102.5500 F201                       ok             1.4ms rx=1 busy=0
17:14:13.680     +9511.493s  G91                                      ok             0.7ms rx=1 busy=0
17:14:13.680     +9511.581s  M114                                     ok             1.6ms rx=2 busy=0
17:14:13.680     +9511.901s  M114                                     ok             1.8ms rx=2 busy=0
17:14:13.680     +9512.153s  G0 F200.0 Z0.5000                        ok             2.5ms rx=1 busy=0
17:14:13.680     +9512.225s  M114                                     ok             3.1ms rx=2 busy=0
17:14:13.680     +9512.454s  G90                                      ok             0.4ms rx=1 busy=0
17:14:13.680     +9512.456s  G0 Z-102.5500 F201                       ok             2.4ms rx=1 busy=0
17:14:13.680     +9512.458s  G91                                      ok             1.4ms rx=1 busy=0
17:14:13.680     +9512.544s  M114                                     ok             2.3ms rx=2 busy=0
17:14:13.680     +9512.861s  M114                                     ok             2.1ms rx=2 busy=0
17:14:13.680     +9513.117s  G0 F200.0 Z0.5000                        ok             0.8ms rx=1 busy=0
17:14:13.680     +9513.181s  M114                                     ok             1.5ms rx=2 busy=0
17:14:13.680     +9513.418s  G90                                      ok             0.3ms rx=1 busy=0
17:14:13.680     +9513.419s  G0 Z-102.5500 F201                       ok             0.8ms rx=1 busy=0
17:14:13.680     +9513.419s  G91                                      ok             0.2ms rx=1 busy=0
17:14:13.680     +9513.500s  M114                                     ok             1.2ms rx=2 busy=0
17:14:13.680     +9513.821s  M114                                     ok             1.5ms rx=2 busy=0
17:14:13.680     +9514.078s  G0 F200.0 Z0.5000                        ok             0.8ms rx=1 busy=0
17:14:13.680     +9514.141s  M114                                     ok             1.6ms rx=2 busy=0
17:14:13.680     +9514.379s  G90                                      ok             0.4ms rx=1 busy=0
17:14:13.680     +9514.380s  G0 Z-102.5500 F201                       ok             0.9ms rx=1 busy=0
17:14:13.680     +9514.381s  G91                                      ok             1.0ms rx=1 busy=0
17:14:13.680     +9514.460s  M114                                     ok             1.3ms rx=2 busy=0
17:14:13.680     +9514.781s  M114                                     ok             1.8ms rx=2 busy=0
17:14:13.680     +9515.036s  G0 F200.0 Z0.5000                        ok             0.8ms rx=1 busy=0
17:14:13.680     +9515.111s  M114                                     ok             6.8ms rx=2 busy=0
17:14:13.680     +9515.338s  G90                                      ok             1.3ms rx=1 busy=0
17:14:13.680     +9515.341s  G0 Z-102.5500 F201                       ok             2.7ms rx=1 busy=0
17:14:13.680     +9515.343s  G91                                      ok             1.5ms rx=1 busy=0
17:14:13.680     +9515.428s  M114                                     ok             7.6ms rx=2 busy=0
17:14:13.680     +9515.741s  M114                                     ok             1.6ms rx=2 busy=0
17:14:13.680     +9516.004s  G0 F200.0 Z0.5000                        ok             1.1ms rx=1 busy=0
17:14:13.680     +9516.060s  M114                                     ok             1.2ms rx=2 busy=0
17:14:13.681     +9516.304s  G90                                      ok             0.3ms rx=1 busy=0
17:14:13.681     +9516.305s  G0 Z-102.5500 F201                       ok             0.9ms rx=1 busy=0
17:14:13.681     +9516.306s  G91                                      ok             0.3ms rx=1 busy=0
17:14:13.681     +9516.381s  M114                                     ok             1.2ms rx=2 busy=0
17:14:13.681     +9516.700s  M114                                     ok             1.3ms rx=2 busy=0
17:14:13.681     +9517.020s  M114                                     ok             1.5ms rx=2 busy=0
17:14:13.681     +9517.167s  M114                                     ok             1.4ms rx=2 busy=0
17:14:13.681     +9517.167s  G90                                      ok             0.2ms rx=1 busy=0
17:14:13.681     +9517.168s  G0 Z-101.5500 F60                        ok             0.8ms rx=1 busy=0
17:14:13.681     +9517.168s  G91                                      ok             0.3ms rx=1 busy=0
17:14:13.681     +9517.168s  G90                                      ok             0.2ms rx=1 busy=0
17:14:13.681     +9517.169s  G0 Z-79.3500 F201                        ok             1.0ms rx=1 busy=0
17:14:13.681     +9517.170s  G91                                      ok             0.3ms rx=1 busy=0
17:14:13.681     +9524.928s  M400                                     ok          7758.0ms rx=4 busy=3
17:14:13.681     +9524.936s  M114                                     ok             2.0ms rx=2 busy=0
17:14:13.681     +9527.836s  M114                                     ok             1.2ms rx=2 busy=0
17:14:13.681     +9527.836s  G90                                      ok             0.4ms rx=1 busy=0
17:14:13.681     +9527.837s  G0 Z-101.5500 F121                       ok             1.0ms rx=1 busy=0
17:14:13.681     +9527.838s  G91                                      ok             0.2ms rx=1 busy=0
17:14:13.681     +9527.838s  G90                                      ok             0.2ms rx=1 busy=0
17:14:13.681     +9527.839s  G0 Z-102.5500 F60                        ok             1.0ms rx=1 busy=0
17:14:13.681     +9527.839s  G91                                      ok             0.4ms rx=1 busy=0
17:14:13.681     +9539.972s  M400                                     ok         12133.2ms rx=7 busy=6
17:14:13.681     +9539.992s  M114                                     ok             1.4ms rx=2 busy=0
17:14:13.681     +9539.998s  G0 F18.0 X-0.0600                        ok             4.2ms rx=1 busy=0
17:14:13.681     +9540.301s  M400                                     ok           302.5ms rx=1 busy=0
17:14:13.681     +9540.319s  M114                                     ok             2.1ms rx=2 busy=0
17:14:13.681     +9540.636s  M114                                     ok             1.3ms rx=2 busy=0
17:14:13.681     +9540.957s  M114                                     ok             2.1ms rx=2 busy=0
17:14:13.681     +9541.288s  M114                                     ok            12.8ms rx=2 busy=0
17:14:13.681     +9541.596s  M114                                     ok             1.3ms rx=2 busy=0
17:14:13.681     +9541.917s  M114                                     ok             1.6ms rx=2 busy=0
17:14:13.681     +9542.236s  M114                                     ok             1.2ms rx=2 busy=0
17:14:13.681     +9542.560s  M114                                     ok             5.0ms rx=2 busy=0
17:14:13.681     +9542.884s  M114                                     ok             5.9ms rx=2 busy=0
17:14:13.681     +9543.198s  M114                                     ok             1.2ms rx=2 busy=0
17:14:13.681     +9543.518s  M114                                     ok             1.4ms rx=2 busy=0
17:14:13.681     +9543.836s  M114                                     ok             1.4ms rx=2 busy=0
17:14:13.681     +9544.157s  M114                                     ok             1.4ms rx=2 busy=0
17:14:13.681     +9544.476s  M114                                     ok             1.4ms rx=2 busy=0
17:14:13.681     +9544.796s  M114                                     ok             1.2ms rx=2 busy=0
17:14:13.681     +9545.116s  M114                                     ok             1.2ms rx=2 busy=0
17:14:13.681     +9545.305s  G0 F18.0 X-0.7901                        ok             3.6ms rx=1 busy=0
17:14:13.681     +9548.042s  M400                                     ok          2736.5ms rx=2 busy=1
17:14:13.681     +9548.049s  G0 F18.0 X0.0600                         ok             0.8ms rx=1 busy=0
17:14:13.681     +9548.355s  M400                                     ok           306.2ms rx=1 busy=0
17:14:13.681     +9548.396s  M114                                     ok             1.2ms rx=2 busy=0
17:14:13.681     +9548.716s  M114                                     ok             1.3ms rx=2 busy=0
17:14:13.681     +9549.036s  M114                                     ok             1.2ms rx=2 busy=0
17:14:13.681     +9549.372s  M114                                     ok            16.8ms rx=2 busy=0
17:14:13.681     +9549.694s  M114                                     ok             1.2ms rx=2 busy=0
17:14:13.681     +9550.012s  M114                                     ok             1.2ms rx=2 busy=0
17:14:13.681     +9550.333s  M114                                     ok             1.5ms rx=2 busy=0
17:14:13.681     +9550.652s  M114                                     ok             1.5ms rx=2 busy=0
17:14:13.681     +9550.973s  M114                                     ok             1.6ms rx=2 busy=0
17:14:13.681     +9551.292s  M114                                     ok             1.4ms rx=2 busy=0
17:14:13.681     +9551.633s  M114                                     ok            22.3ms rx=2 busy=0
17:14:13.681     +9551.956s  M114                                     ok             3.9ms rx=2 busy=0
17:14:13.681     +9552.268s  M114                                     ok             1.2ms rx=2 busy=0
17:14:13.681     +9552.588s  M114                                     ok             1.3ms rx=2 busy=0
17:14:13.682     +9552.908s  M114                                     ok             1.2ms rx=2 busy=0
17:14:13.682     +9553.228s  M114                                     ok             1.3ms rx=2 busy=0
17:14:13.682     +9553.361s  M114                                     ok             4.9ms rx=2 busy=0
17:14:13.682     +9553.361s  G90                                      ok             0.3ms rx=1 busy=0
17:14:13.682     +9553.363s  G0 Z-101.5500 F60                        ok             1.2ms rx=1 busy=0
17:14:13.682     +9553.363s  G91                                      ok             0.3ms rx=1 busy=0
17:14:13.682     +9553.363s  G90                                      ok             0.2ms rx=1 busy=0
17:14:13.682     +9553.364s  G0 Z-79.3500 F201                        ok             1.1ms rx=1 busy=0
17:14:13.682     +9553.364s  G91                                      ok             0.2ms rx=1 busy=0
17:14:13.682     +9561.122s  M400                                     ok          7757.9ms rx=4 busy=3
17:14:13.682     +9561.132s  M114                                     ok             1.2ms rx=2 busy=0
17:14:13.682     +9562.141s  M114                                     ok             2.0ms rx=2 busy=0
17:14:13.682     +9562.141s  G90                                      ok             0.3ms rx=1 busy=0
17:14:13.682     +9562.142s  G0 Z-98.0500 F121                        ok             0.8ms rx=1 busy=0
17:14:13.682     +9562.142s  G91                                      ok             0.3ms rx=1 busy=0
17:14:13.682     +9562.143s  G90                                      ok             0.5ms rx=1 busy=0
17:14:13.682     +9562.144s  G0 Z-99.0500 F60                         ok             1.0ms rx=1 busy=0
17:14:13.682     +9562.144s  G91                                      ok             0.3ms rx=1 busy=0
17:14:13.682     +9572.549s  M400                                     ok         10405.0ms rx=6 busy=5
17:14:13.682     +9572.562s  M114                                     ok             6.1ms rx=2 busy=0
17:14:13.682     +9572.566s  G0 F18.0 X-2.0698                        ok             3.7ms rx=1 busy=0
17:14:13.682     +9579.570s  M400                                     ok          7003.8ms rx=4 busy=3
17:14:13.682     +9579.614s  M114                                     ok            15.0ms rx=2 busy=0
17:14:13.682     +9579.932s  M114                                     ok             1.4ms rx=2 busy=0
17:14:13.682     +9580.252s  M114                                     ok             1.3ms rx=2 busy=0
17:14:13.682     +9580.572s  M114                                     ok             1.3ms rx=2 busy=0
17:14:13.682     +9580.893s  M114                                     ok             1.5ms rx=2 busy=0
17:14:13.682     +9581.212s  M114                                     ok             1.2ms rx=2 busy=0
17:14:13.682     +9581.532s  M114                                     ok             1.3ms rx=2 busy=0
17:14:13.682     +9581.869s  M114                                     ok            18.1ms rx=2 busy=0
17:14:13.682     +9582.199s  M114                                     ok             6.3ms rx=2 busy=0
17:14:13.682     +9582.519s  M114                                     ok             5.1ms rx=2 busy=0
17:14:13.682     +9582.831s  M114                                     ok             2.1ms rx=2 busy=0
17:14:13.682     +9583.148s  M114                                     ok             1.4ms rx=2 busy=0
17:14:13.682     +9583.470s  M114                                     ok             3.4ms rx=2 busy=0
17:14:13.682     +9583.798s  M114                                     ok             9.9ms rx=2 busy=0
17:14:13.682     +9584.114s  M114                                     ok             2.0ms rx=2 busy=0
17:14:13.682     +9584.428s  M114                                     ok             1.2ms rx=2 busy=0
17:14:13.682     +9584.591s  G0 F18.0 X0.6000                         ok             1.0ms rx=1 busy=0
17:14:13.682     +9586.697s  M400                                     ok          2106.5ms rx=2 busy=1
17:14:13.682 ---- end recent ----
17:14:25.398 ANOMALY M400                                     ok          6710.1ms rx=4 busy=3
17:14:25.398 ---- recent ZP transactions (anomaly: M400 -> ok) [300] ----
17:14:25.398     +9385.636s  M114                                     ok             6.1ms rx=2 busy=0
17:14:25.398     +9385.949s  M114                                     ok             1.9ms rx=2 busy=0
17:14:25.398     +9386.273s  M114                                     ok             3.8ms rx=2 busy=0
17:14:25.398     +9386.588s  M114                                     ok             1.3ms rx=2 busy=0
17:14:25.398     +9386.819s  M114                                     ok             1.2ms rx=2 busy=0
17:14:25.398     +9386.820s  G90                                      ok             0.6ms rx=1 busy=0
17:14:25.398     +9386.820s  G0 Z-79.3500 F201                        ok             0.6ms rx=1 busy=0
17:14:25.398     +9386.821s  G91                                      ok             0.4ms rx=1 busy=0
17:14:25.399     +9386.821s  M400                                     ok             0.4ms rx=1 busy=0
17:14:25.399     +9386.824s  M114                                     ok             2.3ms rx=2 busy=0
17:14:25.399     +9396.684s  M114                                     ok             1.5ms rx=2 busy=0
17:14:25.399     +9396.685s  G90                                      ok             0.2ms rx=1 busy=0
17:14:25.399     +9396.685s  G0 Z-101.5500 F121                       ok             0.9ms rx=1 busy=0
17:14:25.399     +9396.686s  G91                                      ok             0.3ms rx=1 busy=0
17:14:25.399     +9396.686s  G90                                      ok             0.2ms rx=1 busy=0
17:14:25.399     +9396.687s  G0 Z-102.5500 F60                        ok             1.0ms rx=1 busy=0
17:14:25.399     +9396.687s  G91                                      ok             0.2ms rx=1 busy=0
17:14:25.399     +9408.818s  M400                                     ok         12131.2ms rx=7 busy=6
17:14:25.399     +9408.828s  M114                                     ok             1.4ms rx=2 busy=0
17:14:25.399     +9408.829s  G0 F18.0 X3.9506                         ok             0.9ms rx=1 busy=0
17:14:25.399     +9422.106s  M400                                     ok         13276.5ms rx=7 busy=6
17:14:25.399     +9422.152s  M114                                     ok             3.7ms rx=2 busy=0
17:14:25.399     +9422.467s  M114                                     ok             4.9ms rx=2 busy=0
17:14:25.399     +9422.781s  M114                                     ok             1.2ms rx=2 busy=0
17:14:25.399     +9423.101s  M114                                     ok             1.2ms rx=2 busy=0
17:14:25.399     +9423.420s  M114                                     ok             1.2ms rx=2 busy=0
17:14:25.399     +9423.741s  M114                                     ok             1.7ms rx=2 busy=0
17:14:25.399     +9424.060s  M114                                     ok             1.4ms rx=2 busy=0
17:14:25.399     +9424.380s  M114                                     ok             1.2ms rx=2 busy=0
17:14:25.399     +9424.700s  M114                                     ok             1.3ms rx=2 busy=0
17:14:25.399     +9425.035s  M114                                     ok            14.8ms rx=2 busy=0
17:14:25.399     +9425.357s  M114                                     ok             1.8ms rx=2 busy=0
17:14:25.399     +9425.688s  M114                                     ok            13.5ms rx=2 busy=0
17:14:25.399     +9425.997s  M114                                     ok             2.1ms rx=2 busy=0
17:14:25.399     +9426.316s  M114                                     ok             1.3ms rx=2 busy=0
17:14:25.399     +9426.636s  M114                                     ok             1.3ms rx=2 busy=0
17:14:25.399     +9426.957s  M114                                     ok             1.2ms rx=2 busy=0
17:14:25.399     +9427.115s  M114                                     ok             2.2ms rx=2 busy=0
17:14:25.399     +9427.115s  G90                                      ok             0.2ms rx=1 busy=0
17:14:25.399     +9427.116s  G0 Z-101.5500 F60                        ok             0.8ms rx=1 busy=0
17:14:25.399     +9427.116s  G91                                      ok             0.2ms rx=1 busy=0
17:14:25.400     +9427.116s  G90                                      ok             0.3ms rx=1 busy=0
17:14:25.400     +9427.117s  G0 Z-79.3500 F201                        ok             1.0ms rx=1 busy=0
17:14:25.400     +9427.118s  G91                                      ok             0.3ms rx=1 busy=0
17:14:25.400     +9434.876s  M400                                     ok          7758.4ms rx=4 busy=3
17:14:25.400     +9434.885s  M114                                     ok             2.3ms rx=2 busy=0
17:14:25.400     +9444.717s  M114                                     ok             1.4ms rx=2 busy=0
17:14:25.400     +9444.717s  G90                                      ok             0.2ms rx=1 busy=0
17:14:25.400     +9444.718s  G0 Z-101.5500 F121                       ok             0.8ms rx=1 busy=0
17:14:25.400     +9444.718s  G91                                      ok             0.2ms rx=1 busy=0
17:14:25.400     +9444.719s  G90                                      ok             0.2ms rx=1 busy=0
17:14:25.400     +9444.720s  G0 Z-102.5500 F60                        ok             1.0ms rx=1 busy=0
17:14:25.400     +9444.720s  G91                                      ok             0.3ms rx=1 busy=0
17:14:25.400     +9456.852s  M400                                     ok         12131.5ms rx=7 busy=6
17:14:25.400     +9456.880s  M114                                     ok             1.2ms rx=2 busy=0
17:14:25.400     +9456.883s  G0 F18.0 X-0.0600                        ok             0.9ms rx=1 busy=0
17:14:25.400     +9457.188s  M400                                     ok           305.6ms rx=1 busy=0
17:14:25.400     +9457.230s  M114                                     ok             1.9ms rx=2 busy=0
17:14:25.401     +9457.548s  M114                                     ok             1.2ms rx=2 busy=0
17:14:25.401     +9457.869s  M114                                     ok             1.5ms rx=2 busy=0
17:14:25.401     +9458.200s  M114                                     ok             4.7ms rx=2 busy=0
17:14:25.401     +9458.516s  M114                                     ok             5.8ms rx=2 busy=0
17:14:25.401     +9458.828s  M114                                     ok             1.2ms rx=2 busy=0
17:14:25.401     +9459.148s  M114                                     ok             1.2ms rx=2 busy=0
17:14:25.401     +9459.468s  M114                                     ok             1.2ms rx=2 busy=0
17:14:25.401     +9459.788s  M114                                     ok             1.3ms rx=2 busy=0
17:14:25.401     +9460.109s  M114                                     ok             1.4ms rx=2 busy=0
17:14:25.401     +9460.429s  M114                                     ok             1.3ms rx=2 busy=0
17:14:25.401     +9460.748s  M114                                     ok             1.5ms rx=2 busy=0
17:14:25.401     +9461.089s  M114                                     ok            22.2ms rx=2 busy=0
17:14:25.401     +9461.408s  M114                                     ok             4.3ms rx=2 busy=0
17:14:25.401     +9461.724s  M114                                     ok             1.3ms rx=2 busy=0
17:14:25.401     +9462.045s  M114                                     ok             1.2ms rx=2 busy=0
17:14:25.401     +9462.190s  G0 F18.0 X-3.9506                        ok             0.8ms rx=1 busy=0
17:14:25.401     +9475.466s  M400                                     ok         13276.2ms rx=7 busy=6
17:14:25.401     +9475.475s  G0 F18.0 X0.0600                         ok             0.9ms rx=1 busy=0
17:14:25.401     +9475.783s  M400                                     ok           307.7ms rx=1 busy=0
17:14:25.401     +9475.820s  M114                                     ok             1.4ms rx=2 busy=0
17:14:25.401     +9476.142s  M114                                     ok             1.9ms rx=2 busy=0
17:14:25.401     +9476.465s  M114                                     ok             2.1ms rx=2 busy=0
17:14:25.401     +9476.780s  M114                                     ok             1.3ms rx=2 busy=0
17:14:25.401     +9477.116s  M114                                     ok            10.4ms rx=2 busy=0
17:14:25.401     +9477.437s  M114                                     ok             1.7ms rx=2 busy=0
17:14:25.401     +9477.757s  M114                                     ok             1.5ms rx=2 busy=0
17:14:25.401     +9478.077s  M114                                     ok             1.7ms rx=2 busy=0
17:14:25.401     +9478.396s  M114                                     ok             1.5ms rx=2 busy=0
17:14:25.401     +9478.716s  M114                                     ok             1.2ms rx=2 busy=0
17:14:25.401     +9479.037s  M114                                     ok             1.2ms rx=2 busy=0
17:14:25.401     +9479.357s  M114                                     ok             1.3ms rx=2 busy=0
17:14:25.401     +9479.677s  M114                                     ok             2.4ms rx=2 busy=0
17:14:25.402     +9480.010s  M114                                     ok            12.2ms rx=2 busy=0
17:14:25.402     +9480.333s  M114                                     ok             1.3ms rx=2 busy=0
17:14:25.402     +9480.653s  M114                                     ok             1.2ms rx=2 busy=0
17:14:25.402     +9480.788s  M114                                     ok             4.0ms rx=2 busy=0
17:14:25.402     +9480.789s  G90                                      ok             0.6ms rx=1 busy=0
17:14:25.402     +9480.790s  G0 Z-101.5500 F60                        ok             1.2ms rx=1 busy=0
17:14:25.402     +9480.791s  G91                                      ok             0.6ms rx=1 busy=0
17:14:25.402     +9480.792s  G90                                      ok             0.6ms rx=1 busy=0
17:14:25.402     +9480.793s  G0 Z-79.3500 F201                        ok             1.7ms rx=1 busy=0
17:14:25.402     +9480.794s  G91                                      ok             0.3ms rx=1 busy=0
17:14:25.402     +9488.551s  M400                                     ok          7757.1ms rx=4 busy=3
17:14:25.402     +9488.560s  M114                                     ok             1.2ms rx=2 busy=0
17:14:25.402     +9495.196s  M114                                     ok             1.2ms rx=2 busy=0
17:14:25.402     +9495.196s  G90                                      ok             0.3ms rx=1 busy=0
17:14:25.402     +9495.197s  G0 Z-101.5500 F121                       ok             0.9ms rx=1 busy=0
17:14:25.402     +9495.197s  G91                                      ok             0.3ms rx=1 busy=0
17:14:25.402     +9495.198s  G90                                      ok             0.3ms rx=1 busy=0
17:14:25.402     +9495.199s  G0 Z-102.5500 F60                        ok             1.2ms rx=1 busy=0
17:14:25.402     +9495.200s  G91                                      ok             1.0ms rx=1 busy=0
17:14:25.402     +9507.330s  M400                                     ok         12129.6ms rx=7 busy=6
17:14:25.402     +9507.338s  M114                                     ok             1.5ms rx=2 busy=0
17:14:25.402     +9507.340s  G0 F200.0 Z0.5000                        ok             0.8ms rx=1 busy=0
17:14:25.402     +9507.406s  M114                                     ok             1.4ms rx=2 busy=0
17:14:25.402     +9507.641s  G90                                      ok             0.6ms rx=1 busy=0
17:14:25.402     +9507.642s  G0 Z-102.5500 F201                       ok             0.8ms rx=1 busy=0
17:14:25.402     +9507.642s  G91                                      ok             0.2ms rx=1 busy=0
17:14:25.402     +9507.725s  M114                                     ok             1.8ms rx=2 busy=0
17:14:25.402     +9508.045s  M114                                     ok             1.6ms rx=2 busy=0
17:14:25.402     +9508.306s  G0 F200.0 Z0.5000                        ok             3.1ms rx=1 busy=0
17:14:25.402     +9508.364s  M114                                     ok             1.4ms rx=2 busy=0
17:14:25.402     +9508.606s  G90                                      ok             0.3ms rx=1 busy=0
17:14:25.402     +9508.607s  G0 Z-102.5500 F201                       ok             0.8ms rx=1 busy=0
17:14:25.402     +9508.607s  G91                                      ok             0.3ms rx=1 busy=0
17:14:25.402     +9508.685s  M114                                     ok             1.2ms rx=2 busy=0
17:14:25.402     +9509.005s  M114                                     ok             1.6ms rx=2 busy=0
17:14:25.402     +9509.264s  G0 F200.0 Z0.5000                        ok             1.6ms rx=1 busy=0
17:14:25.402     +9509.329s  M114                                     ok             6.0ms rx=2 busy=0
17:14:25.402     +9509.567s  G90                                      ok             1.2ms rx=1 busy=0
17:14:25.402     +9509.568s  G0 Z-102.5500 F201                       ok             1.0ms rx=1 busy=0
17:14:25.402     +9509.569s  G91                                      ok             0.9ms rx=1 busy=0
17:14:25.402     +9509.654s  M114                                     ok             8.7ms rx=2 busy=0
17:14:25.402     +9509.980s  M114                                     ok            16.8ms rx=2 busy=0
17:14:25.402     +9510.227s  G0 F200.0 Z0.5000                        ok             0.9ms rx=1 busy=0
17:14:25.402     +9510.300s  M114                                     ok             1.2ms rx=2 busy=0
17:14:25.402     +9510.527s  G90                                      ok             0.3ms rx=1 busy=0
17:14:25.402     +9510.528s  G0 Z-102.5500 F201                       ok             0.8ms rx=1 busy=0
17:14:25.402     +9510.528s  G91                                      ok             0.2ms rx=1 busy=0
17:14:25.402     +9510.620s  M114                                     ok             1.2ms rx=2 busy=0
17:14:25.402     +9510.940s  M114                                     ok             1.2ms rx=2 busy=0
17:14:25.402     +9511.190s  G0 F200.0 Z0.5000                        ok             1.2ms rx=1 busy=0
17:14:25.402     +9511.260s  M114                                     ok             1.2ms rx=2 busy=0
17:14:25.402     +9511.491s  G90                                      ok             0.5ms rx=1 busy=0
17:14:25.402     +9511.493s  G0 Z-102.5500 F201                       ok             1.4ms rx=1 busy=0
17:14:25.402     +9511.493s  G91                                      ok             0.7ms rx=1 busy=0
17:14:25.403     +9511.581s  M114                                     ok             1.6ms rx=2 busy=0
17:14:25.403     +9511.901s  M114                                     ok             1.8ms rx=2 busy=0
17:14:25.403     +9512.153s  G0 F200.0 Z0.5000                        ok             2.5ms rx=1 busy=0
17:14:25.403     +9512.225s  M114                                     ok             3.1ms rx=2 busy=0
17:14:25.403     +9512.454s  G90                                      ok             0.4ms rx=1 busy=0
17:14:25.403     +9512.456s  G0 Z-102.5500 F201                       ok             2.4ms rx=1 busy=0
17:14:25.403     +9512.458s  G91                                      ok             1.4ms rx=1 busy=0
17:14:25.403     +9512.544s  M114                                     ok             2.3ms rx=2 busy=0
17:14:25.403     +9512.861s  M114                                     ok             2.1ms rx=2 busy=0
17:14:25.403     +9513.117s  G0 F200.0 Z0.5000                        ok             0.8ms rx=1 busy=0
17:14:25.403     +9513.181s  M114                                     ok             1.5ms rx=2 busy=0
17:14:25.403     +9513.418s  G90                                      ok             0.3ms rx=1 busy=0
17:14:25.403     +9513.419s  G0 Z-102.5500 F201                       ok             0.8ms rx=1 busy=0
17:14:25.403     +9513.419s  G91                                      ok             0.2ms rx=1 busy=0
17:14:25.403     +9513.500s  M114                                     ok             1.2ms rx=2 busy=0
17:14:25.403     +9513.821s  M114                                     ok             1.5ms rx=2 busy=0
17:14:25.403     +9514.078s  G0 F200.0 Z0.5000                        ok             0.8ms rx=1 busy=0
17:14:25.403     +9514.141s  M114                                     ok             1.6ms rx=2 busy=0
17:14:25.403     +9514.379s  G90                                      ok             0.4ms rx=1 busy=0
17:14:25.403     +9514.380s  G0 Z-102.5500 F201                       ok             0.9ms rx=1 busy=0
17:14:25.403     +9514.381s  G91                                      ok             1.0ms rx=1 busy=0
17:14:25.403     +9514.460s  M114                                     ok             1.3ms rx=2 busy=0
17:14:25.403     +9514.781s  M114                                     ok             1.8ms rx=2 busy=0
17:14:25.403     +9515.036s  G0 F200.0 Z0.5000                        ok             0.8ms rx=1 busy=0
17:14:25.403     +9515.111s  M114                                     ok             6.8ms rx=2 busy=0
17:14:25.403     +9515.338s  G90                                      ok             1.3ms rx=1 busy=0
17:14:25.403     +9515.341s  G0 Z-102.5500 F201                       ok             2.7ms rx=1 busy=0
17:14:25.403     +9515.343s  G91                                      ok             1.5ms rx=1 busy=0
17:14:25.403     +9515.428s  M114                                     ok             7.6ms rx=2 busy=0
17:14:25.403     +9515.741s  M114                                     ok             1.6ms rx=2 busy=0
17:14:25.403     +9516.004s  G0 F200.0 Z0.5000                        ok             1.1ms rx=1 busy=0
17:14:25.403     +9516.060s  M114                                     ok             1.2ms rx=2 busy=0
17:14:25.403     +9516.304s  G90                                      ok             0.3ms rx=1 busy=0
17:14:25.404     +9516.305s  G0 Z-102.5500 F201                       ok             0.9ms rx=1 busy=0
17:14:25.404     +9516.306s  G91                                      ok             0.3ms rx=1 busy=0
17:14:25.404     +9516.381s  M114                                     ok             1.2ms rx=2 busy=0
17:14:25.404     +9516.700s  M114                                     ok             1.3ms rx=2 busy=0
17:14:25.404     +9517.020s  M114                                     ok             1.5ms rx=2 busy=0
17:14:25.404     +9517.167s  M114                                     ok             1.4ms rx=2 busy=0
17:14:25.404     +9517.167s  G90                                      ok             0.2ms rx=1 busy=0
17:14:25.404     +9517.168s  G0 Z-101.5500 F60                        ok             0.8ms rx=1 busy=0
17:14:25.404     +9517.168s  G91                                      ok             0.3ms rx=1 busy=0
17:14:25.404     +9517.168s  G90                                      ok             0.2ms rx=1 busy=0
17:14:25.404     +9517.169s  G0 Z-79.3500 F201                        ok             1.0ms rx=1 busy=0
17:14:25.404     +9517.170s  G91                                      ok             0.3ms rx=1 busy=0
17:14:25.404     +9524.928s  M400                                     ok          7758.0ms rx=4 busy=3
17:14:25.404     +9524.936s  M114                                     ok             2.0ms rx=2 busy=0
17:14:25.404     +9527.836s  M114                                     ok             1.2ms rx=2 busy=0
17:14:25.404     +9527.836s  G90                                      ok             0.4ms rx=1 busy=0
17:14:25.404     +9527.837s  G0 Z-101.5500 F121                       ok             1.0ms rx=1 busy=0
17:14:25.404     +9527.838s  G91                                      ok             0.2ms rx=1 busy=0
17:14:25.404     +9527.838s  G90                                      ok             0.2ms rx=1 busy=0
17:14:25.404     +9527.839s  G0 Z-102.5500 F60                        ok             1.0ms rx=1 busy=0
17:14:25.404     +9527.839s  G91                                      ok             0.4ms rx=1 busy=0
17:14:25.404     +9539.972s  M400                                     ok         12133.2ms rx=7 busy=6
17:14:25.404     +9539.992s  M114                                     ok             1.4ms rx=2 busy=0
17:14:25.404     +9539.998s  G0 F18.0 X-0.0600                        ok             4.2ms rx=1 busy=0
17:14:25.404     +9540.301s  M400                                     ok           302.5ms rx=1 busy=0
17:14:25.404     +9540.319s  M114                                     ok             2.1ms rx=2 busy=0
17:14:25.404     +9540.636s  M114                                     ok             1.3ms rx=2 busy=0
17:14:25.404     +9540.957s  M114                                     ok             2.1ms rx=2 busy=0
17:14:25.404     +9541.288s  M114                                     ok            12.8ms rx=2 busy=0
17:14:25.404     +9541.596s  M114                                     ok             1.3ms rx=2 busy=0
17:14:25.404     +9541.917s  M114                                     ok             1.6ms rx=2 busy=0
17:14:25.404     +9542.236s  M114                                     ok             1.2ms rx=2 busy=0
17:14:25.404     +9542.560s  M114                                     ok             5.0ms rx=2 busy=0
17:14:25.404     +9542.884s  M114                                     ok             5.9ms rx=2 busy=0
17:14:25.404     +9543.198s  M114                                     ok             1.2ms rx=2 busy=0
17:14:25.404     +9543.518s  M114                                     ok             1.4ms rx=2 busy=0
17:14:25.404     +9543.836s  M114                                     ok             1.4ms rx=2 busy=0
17:14:25.404     +9544.157s  M114                                     ok             1.4ms rx=2 busy=0
17:14:25.404     +9544.476s  M114                                     ok             1.4ms rx=2 busy=0
17:14:25.404     +9544.796s  M114                                     ok             1.2ms rx=2 busy=0
17:14:25.404     +9545.116s  M114                                     ok             1.2ms rx=2 busy=0
17:14:25.404     +9545.305s  G0 F18.0 X-0.7901                        ok             3.6ms rx=1 busy=0
17:14:25.404     +9548.042s  M400                                     ok          2736.5ms rx=2 busy=1
17:14:25.404     +9548.049s  G0 F18.0 X0.0600                         ok             0.8ms rx=1 busy=0
17:14:25.404     +9548.355s  M400                                     ok           306.2ms rx=1 busy=0
17:14:25.404     +9548.396s  M114                                     ok             1.2ms rx=2 busy=0
17:14:25.404     +9548.716s  M114                                     ok             1.3ms rx=2 busy=0
17:14:25.404     +9549.036s  M114                                     ok             1.2ms rx=2 busy=0
17:14:25.405     +9549.372s  M114                                     ok            16.8ms rx=2 busy=0
17:14:25.405     +9549.694s  M114                                     ok             1.2ms rx=2 busy=0
17:14:25.405     +9550.012s  M114                                     ok             1.2ms rx=2 busy=0
17:14:25.405     +9550.333s  M114                                     ok             1.5ms rx=2 busy=0
17:14:25.405     +9550.652s  M114                                     ok             1.5ms rx=2 busy=0
17:14:25.405     +9550.973s  M114                                     ok             1.6ms rx=2 busy=0
17:14:25.405     +9551.292s  M114                                     ok             1.4ms rx=2 busy=0
17:14:25.405     +9551.633s  M114                                     ok            22.3ms rx=2 busy=0
17:14:25.405     +9551.956s  M114                                     ok             3.9ms rx=2 busy=0
17:14:25.405     +9552.268s  M114                                     ok             1.2ms rx=2 busy=0
17:14:25.405     +9552.588s  M114                                     ok             1.3ms rx=2 busy=0
17:14:25.405     +9552.908s  M114                                     ok             1.2ms rx=2 busy=0
17:14:25.405     +9553.228s  M114                                     ok             1.3ms rx=2 busy=0
17:14:25.405     +9553.361s  M114                                     ok             4.9ms rx=2 busy=0
17:14:25.405     +9553.361s  G90                                      ok             0.3ms rx=1 busy=0
17:14:25.405     +9553.363s  G0 Z-101.5500 F60                        ok             1.2ms rx=1 busy=0
17:14:25.405     +9553.363s  G91                                      ok             0.3ms rx=1 busy=0
17:14:25.405     +9553.363s  G90                                      ok             0.2ms rx=1 busy=0
17:14:25.405     +9553.364s  G0 Z-79.3500 F201                        ok             1.1ms rx=1 busy=0
17:14:25.405     +9553.364s  G91                                      ok             0.2ms rx=1 busy=0
17:14:25.405     +9561.122s  M400                                     ok          7757.9ms rx=4 busy=3
17:14:25.405     +9561.132s  M114                                     ok             1.2ms rx=2 busy=0
17:14:25.405     +9562.141s  M114                                     ok             2.0ms rx=2 busy=0
17:14:25.405     +9562.141s  G90                                      ok             0.3ms rx=1 busy=0
17:14:25.405     +9562.142s  G0 Z-98.0500 F121                        ok             0.8ms rx=1 busy=0
17:14:25.405     +9562.142s  G91                                      ok             0.3ms rx=1 busy=0
17:14:25.405     +9562.143s  G90                                      ok             0.5ms rx=1 busy=0
17:14:25.405     +9562.144s  G0 Z-99.0500 F60                         ok             1.0ms rx=1 busy=0
17:14:25.405     +9562.144s  G91                                      ok             0.3ms rx=1 busy=0
17:14:25.405     +9572.549s  M400                                     ok         10405.0ms rx=6 busy=5
17:14:25.405     +9572.562s  M114                                     ok             6.1ms rx=2 busy=0
17:14:25.405     +9572.566s  G0 F18.0 X-2.0698                        ok             3.7ms rx=1 busy=0
17:14:25.405     +9579.570s  M400                                     ok          7003.8ms rx=4 busy=3
17:14:25.405     +9579.614s  M114                                     ok            15.0ms rx=2 busy=0
17:14:25.405     +9579.932s  M114                                     ok             1.4ms rx=2 busy=0
17:14:25.405     +9580.252s  M114                                     ok             1.3ms rx=2 busy=0
17:14:25.405     +9580.572s  M114                                     ok             1.3ms rx=2 busy=0
17:14:25.405     +9580.893s  M114                                     ok             1.5ms rx=2 busy=0
17:14:25.405     +9581.212s  M114                                     ok             1.2ms rx=2 busy=0
17:14:25.405     +9581.532s  M114                                     ok             1.3ms rx=2 busy=0
17:14:25.405     +9581.869s  M114                                     ok            18.1ms rx=2 busy=0
17:14:25.405     +9582.199s  M114                                     ok             6.3ms rx=2 busy=0
17:14:25.405     +9582.519s  M114                                     ok             5.1ms rx=2 busy=0
17:14:25.405     +9582.831s  M114                                     ok             2.1ms rx=2 busy=0
17:14:25.405     +9583.148s  M114                                     ok             1.4ms rx=2 busy=0
17:14:25.405     +9583.470s  M114                                     ok             3.4ms rx=2 busy=0
17:14:25.405     +9583.798s  M114                                     ok             9.9ms rx=2 busy=0
17:14:25.405     +9584.114s  M114                                     ok             2.0ms rx=2 busy=0
17:14:25.405     +9584.428s  M114                                     ok             1.2ms rx=2 busy=0
17:14:25.405     +9584.591s  G0 F18.0 X0.6000                         ok             1.0ms rx=1 busy=0
17:14:25.405     +9586.697s  M400                                     ok          2106.5ms rx=2 busy=1
17:14:25.405     +9586.764s  M114                                     ok             1.4ms rx=2 busy=0
17:14:25.405     +9587.085s  M114                                     ok             1.8ms rx=2 busy=0
17:14:25.405     +9587.404s  M114                                     ok             1.2ms rx=2 busy=0
17:14:25.405     +9587.724s  M114                                     ok             1.2ms rx=2 busy=0
17:14:25.405     +9588.044s  M114                                     ok             1.2ms rx=2 busy=0
17:14:25.405     +9588.364s  M114                                     ok             1.3ms rx=2 busy=0
17:14:25.405     +9588.684s  M114                                     ok             1.2ms rx=2 busy=0
17:14:25.405     +9589.008s  M114                                     ok             3.6ms rx=2 busy=0
17:14:25.405     +9589.328s  M114                                     ok             2.5ms rx=2 busy=0
17:14:25.405     +9589.652s  M114                                     ok             7.9ms rx=2 busy=0
17:14:25.405     +9589.965s  M114                                     ok             1.2ms rx=2 busy=0
17:14:25.406     +9590.284s  M114                                     ok             1.2ms rx=2 busy=0
17:14:25.406     +9590.604s  M114                                     ok             1.4ms rx=2 busy=0
17:14:25.406     +9590.924s  M114                                     ok             1.2ms rx=2 busy=0
17:14:25.406     +9591.244s  M114                                     ok             1.2ms rx=2 busy=0
17:14:25.406     +9591.564s  M114                                     ok             1.4ms rx=2 busy=0
17:14:25.406     +9591.705s  M114                                     ok             1.9ms rx=2 busy=0
17:14:25.406     +9591.705s  G90                                      ok             0.2ms rx=1 busy=0
17:14:25.406     +9591.706s  G0 Z-98.0500 F60                         ok             0.8ms rx=1 busy=0
17:14:25.406     +9591.707s  G91                                      ok             0.7ms rx=1 busy=0
17:14:25.406     +9591.707s  G90                                      ok             0.2ms rx=1 busy=0
17:14:25.406     +9591.708s  G0 Z-79.3500 F201                        ok             1.1ms rx=1 busy=0
17:14:25.406     +9591.708s  G91                                      ok             0.3ms rx=1 busy=0
17:14:25.406     +9598.419s  M400                                     ok          6710.1ms rx=4 busy=3
17:14:25.406 ---- end recent ----
17:14:34.641 STATS txns=32000 ok=32000 fail=0 reset=0 avg=52.5ms max=13392.6ms
17:14:47.471 ANOMALY M400                                     ok         12701.7ms rx=7 busy=6
17:14:47.472 ---- recent ZP transactions (anomaly: M400 -> ok) [300] ----
17:14:47.472     +9396.686s  G91                                      ok             0.3ms rx=1 busy=0
17:14:47.473     +9396.686s  G90                                      ok             0.2ms rx=1 busy=0
17:14:47.473     +9396.687s  G0 Z-102.5500 F60                        ok             1.0ms rx=1 busy=0
17:14:47.473     +9396.687s  G91                                      ok             0.2ms rx=1 busy=0
17:14:47.473     +9408.818s  M400                                     ok         12131.2ms rx=7 busy=6
17:14:47.473     +9408.828s  M114                                     ok             1.4ms rx=2 busy=0
17:14:47.473     +9408.829s  G0 F18.0 X3.9506                         ok             0.9ms rx=1 busy=0
17:14:47.473     +9422.106s  M400                                     ok         13276.5ms rx=7 busy=6
17:14:47.473     +9422.152s  M114                                     ok             3.7ms rx=2 busy=0
17:14:47.473     +9422.467s  M114                                     ok             4.9ms rx=2 busy=0
17:14:47.473     +9422.781s  M114                                     ok             1.2ms rx=2 busy=0
17:14:47.473     +9423.101s  M114                                     ok             1.2ms rx=2 busy=0
17:14:47.474     +9423.420s  M114                                     ok             1.2ms rx=2 busy=0
17:14:47.474     +9423.741s  M114                                     ok             1.7ms rx=2 busy=0
17:14:47.474     +9424.060s  M114                                     ok             1.4ms rx=2 busy=0
17:14:47.474     +9424.380s  M114                                     ok             1.2ms rx=2 busy=0
17:14:47.474     +9424.700s  M114                                     ok             1.3ms rx=2 busy=0
17:14:47.474     +9425.035s  M114                                     ok            14.8ms rx=2 busy=0
17:14:47.475     +9425.357s  M114                                     ok             1.8ms rx=2 busy=0
17:14:47.475     +9425.688s  M114                                     ok            13.5ms rx=2 busy=0
17:14:47.475     +9425.997s  M114                                     ok             2.1ms rx=2 busy=0
17:14:47.475     +9426.316s  M114                                     ok             1.3ms rx=2 busy=0
17:14:47.475     +9426.636s  M114                                     ok             1.3ms rx=2 busy=0
17:14:47.476     +9426.957s  M114                                     ok             1.2ms rx=2 busy=0
17:14:47.476     +9427.115s  M114                                     ok             2.2ms rx=2 busy=0
17:14:47.476     +9427.115s  G90                                      ok             0.2ms rx=1 busy=0
17:14:47.476     +9427.116s  G0 Z-101.5500 F60                        ok             0.8ms rx=1 busy=0
17:14:47.476     +9427.116s  G91                                      ok             0.2ms rx=1 busy=0
17:14:47.476     +9427.116s  G90                                      ok             0.3ms rx=1 busy=0
17:14:47.476     +9427.117s  G0 Z-79.3500 F201                        ok             1.0ms rx=1 busy=0
17:14:47.476     +9427.118s  G91                                      ok             0.3ms rx=1 busy=0
17:14:47.476     +9434.876s  M400                                     ok          7758.4ms rx=4 busy=3
17:14:47.476     +9434.885s  M114                                     ok             2.3ms rx=2 busy=0
17:14:47.476     +9444.717s  M114                                     ok             1.4ms rx=2 busy=0
17:14:47.476     +9444.717s  G90                                      ok             0.2ms rx=1 busy=0
17:14:47.476     +9444.718s  G0 Z-101.5500 F121                       ok             0.8ms rx=1 busy=0
17:14:47.476     +9444.718s  G91                                      ok             0.2ms rx=1 busy=0
17:14:47.476     +9444.719s  G90                                      ok             0.2ms rx=1 busy=0
17:14:47.476     +9444.720s  G0 Z-102.5500 F60                        ok             1.0ms rx=1 busy=0
17:14:47.476     +9444.720s  G91                                      ok             0.3ms rx=1 busy=0
17:14:47.476     +9456.852s  M400                                     ok         12131.5ms rx=7 busy=6
17:14:47.476     +9456.880s  M114                                     ok             1.2ms rx=2 busy=0
17:14:47.477     +9456.883s  G0 F18.0 X-0.0600                        ok             0.9ms rx=1 busy=0
17:14:47.477     +9457.188s  M400                                     ok           305.6ms rx=1 busy=0
17:14:47.477     +9457.230s  M114                                     ok             1.9ms rx=2 busy=0
17:14:47.477     +9457.548s  M114                                     ok             1.2ms rx=2 busy=0
17:14:47.477     +9457.869s  M114                                     ok             1.5ms rx=2 busy=0
17:14:47.477     +9458.200s  M114                                     ok             4.7ms rx=2 busy=0
17:14:47.477     +9458.516s  M114                                     ok             5.8ms rx=2 busy=0
17:14:47.477     +9458.828s  M114                                     ok             1.2ms rx=2 busy=0
17:14:47.478     +9459.148s  M114                                     ok             1.2ms rx=2 busy=0
17:14:47.478     +9459.468s  M114                                     ok             1.2ms rx=2 busy=0
17:14:47.478     +9459.788s  M114                                     ok             1.3ms rx=2 busy=0
17:14:47.478     +9460.109s  M114                                     ok             1.4ms rx=2 busy=0
17:14:47.478     +9460.429s  M114                                     ok             1.3ms rx=2 busy=0
17:14:47.478     +9460.748s  M114                                     ok             1.5ms rx=2 busy=0
17:14:47.478     +9461.089s  M114                                     ok            22.2ms rx=2 busy=0
17:14:47.478     +9461.408s  M114                                     ok             4.3ms rx=2 busy=0
17:14:47.478     +9461.724s  M114                                     ok             1.3ms rx=2 busy=0
17:14:47.478     +9462.045s  M114                                     ok             1.2ms rx=2 busy=0
17:14:47.478     +9462.190s  G0 F18.0 X-3.9506                        ok             0.8ms rx=1 busy=0
17:14:47.478     +9475.466s  M400                                     ok         13276.2ms rx=7 busy=6
17:14:47.478     +9475.475s  G0 F18.0 X0.0600                         ok             0.9ms rx=1 busy=0
17:14:47.478     +9475.783s  M400                                     ok           307.7ms rx=1 busy=0
17:14:47.478     +9475.820s  M114                                     ok             1.4ms rx=2 busy=0
17:14:47.478     +9476.142s  M114                                     ok             1.9ms rx=2 busy=0
17:14:47.479     +9476.465s  M114                                     ok             2.1ms rx=2 busy=0
17:14:47.479     +9476.780s  M114                                     ok             1.3ms rx=2 busy=0
17:14:47.479     +9477.116s  M114                                     ok            10.4ms rx=2 busy=0
17:14:47.479     +9477.437s  M114                                     ok             1.7ms rx=2 busy=0
17:14:47.479     +9477.757s  M114                                     ok             1.5ms rx=2 busy=0
17:14:47.479     +9478.077s  M114                                     ok             1.7ms rx=2 busy=0
17:14:47.479     +9478.396s  M114                                     ok             1.5ms rx=2 busy=0
17:14:47.479     +9478.716s  M114                                     ok             1.2ms rx=2 busy=0
17:14:47.479     +9479.037s  M114                                     ok             1.2ms rx=2 busy=0
17:14:47.479     +9479.357s  M114                                     ok             1.3ms rx=2 busy=0
17:14:47.479     +9479.677s  M114                                     ok             2.4ms rx=2 busy=0
17:14:47.479     +9480.010s  M114                                     ok            12.2ms rx=2 busy=0
17:14:47.479     +9480.333s  M114                                     ok             1.3ms rx=2 busy=0
17:14:47.479     +9480.653s  M114                                     ok             1.2ms rx=2 busy=0
17:14:47.479     +9480.788s  M114                                     ok             4.0ms rx=2 busy=0
17:14:47.479     +9480.789s  G90                                      ok             0.6ms rx=1 busy=0
17:14:47.479     +9480.790s  G0 Z-101.5500 F60                        ok             1.2ms rx=1 busy=0
17:14:47.480     +9480.791s  G91                                      ok             0.6ms rx=1 busy=0
17:14:47.480     +9480.792s  G90                                      ok             0.6ms rx=1 busy=0
17:14:47.480     +9480.793s  G0 Z-79.3500 F201                        ok             1.7ms rx=1 busy=0
17:14:47.480     +9480.794s  G91                                      ok             0.3ms rx=1 busy=0
17:14:47.480     +9488.551s  M400                                     ok          7757.1ms rx=4 busy=3
17:14:47.480     +9488.560s  M114                                     ok             1.2ms rx=2 busy=0
17:14:47.480     +9495.196s  M114                                     ok             1.2ms rx=2 busy=0
17:14:47.480     +9495.196s  G90                                      ok             0.3ms rx=1 busy=0
17:14:47.480     +9495.197s  G0 Z-101.5500 F121                       ok             0.9ms rx=1 busy=0
17:14:47.480     +9495.197s  G91                                      ok             0.3ms rx=1 busy=0
17:14:47.480     +9495.198s  G90                                      ok             0.3ms rx=1 busy=0
17:14:47.480     +9495.199s  G0 Z-102.5500 F60                        ok             1.2ms rx=1 busy=0
17:14:47.480     +9495.200s  G91                                      ok             1.0ms rx=1 busy=0
17:14:47.480     +9507.330s  M400                                     ok         12129.6ms rx=7 busy=6
17:14:47.480     +9507.338s  M114                                     ok             1.5ms rx=2 busy=0
17:14:47.480     +9507.340s  G0 F200.0 Z0.5000                        ok             0.8ms rx=1 busy=0
17:14:47.481     +9507.406s  M114                                     ok             1.4ms rx=2 busy=0
17:14:47.481     +9507.641s  G90                                      ok             0.6ms rx=1 busy=0
17:14:47.481     +9507.642s  G0 Z-102.5500 F201                       ok             0.8ms rx=1 busy=0
17:14:47.481     +9507.642s  G91                                      ok             0.2ms rx=1 busy=0
17:14:47.482     +9507.725s  M114                                     ok             1.8ms rx=2 busy=0
17:14:47.483     +9508.045s  M114                                     ok             1.6ms rx=2 busy=0
17:14:47.483     +9508.306s  G0 F200.0 Z0.5000                        ok             3.1ms rx=1 busy=0
17:14:47.484     +9508.364s  M114                                     ok             1.4ms rx=2 busy=0
17:14:47.484     +9508.606s  G90                                      ok             0.3ms rx=1 busy=0
17:14:47.485     +9508.607s  G0 Z-102.5500 F201                       ok             0.8ms rx=1 busy=0
17:14:47.485     +9508.607s  G91                                      ok             0.3ms rx=1 busy=0
17:14:47.485     +9508.685s  M114                                     ok             1.2ms rx=2 busy=0
17:14:47.485     +9509.005s  M114                                     ok             1.6ms rx=2 busy=0
17:14:47.485     +9509.264s  G0 F200.0 Z0.5000                        ok             1.6ms rx=1 busy=0
17:14:47.485     +9509.329s  M114                                     ok             6.0ms rx=2 busy=0
17:14:47.485     +9509.567s  G90                                      ok             1.2ms rx=1 busy=0
17:14:47.485     +9509.568s  G0 Z-102.5500 F201                       ok             1.0ms rx=1 busy=0
17:14:47.486     +9509.569s  G91                                      ok             0.9ms rx=1 busy=0
17:14:47.486     +9509.654s  M114                                     ok             8.7ms rx=2 busy=0
17:14:47.486     +9509.980s  M114                                     ok            16.8ms rx=2 busy=0
17:14:47.486     +9510.227s  G0 F200.0 Z0.5000                        ok             0.9ms rx=1 busy=0
17:14:47.486     +9510.300s  M114                                     ok             1.2ms rx=2 busy=0
17:14:47.486     +9510.527s  G90                                      ok             0.3ms rx=1 busy=0
17:14:47.487     +9510.528s  G0 Z-102.5500 F201                       ok             0.8ms rx=1 busy=0
17:14:47.488     +9510.528s  G91                                      ok             0.2ms rx=1 busy=0
17:14:47.488     +9510.620s  M114                                     ok             1.2ms rx=2 busy=0
17:14:47.488     +9510.940s  M114                                     ok             1.2ms rx=2 busy=0
17:14:47.489     +9511.190s  G0 F200.0 Z0.5000                        ok             1.2ms rx=1 busy=0
17:14:47.492     +9511.260s  M114                                     ok             1.2ms rx=2 busy=0
17:14:47.492     +9511.491s  G90                                      ok             0.5ms rx=1 busy=0
17:14:47.492     +9511.493s  G0 Z-102.5500 F201                       ok             1.4ms rx=1 busy=0
17:14:47.493     +9511.493s  G91                                      ok             0.7ms rx=1 busy=0
17:14:47.494     +9511.581s  M114                                     ok             1.6ms rx=2 busy=0
17:14:47.495     +9511.901s  M114                                     ok             1.8ms rx=2 busy=0
17:14:47.495     +9512.153s  G0 F200.0 Z0.5000                        ok             2.5ms rx=1 busy=0
17:14:47.495     +9512.225s  M114                                     ok             3.1ms rx=2 busy=0
17:14:47.496     +9512.454s  G90                                      ok             0.4ms rx=1 busy=0
17:14:47.496     +9512.456s  G0 Z-102.5500 F201                       ok             2.4ms rx=1 busy=0
17:14:47.496     +9512.458s  G91                                      ok             1.4ms rx=1 busy=0
17:14:47.496     +9512.544s  M114                                     ok             2.3ms rx=2 busy=0
17:14:47.497     +9512.861s  M114                                     ok             2.1ms rx=2 busy=0
17:14:47.497     +9513.117s  G0 F200.0 Z0.5000                        ok             0.8ms rx=1 busy=0
17:14:47.498     +9513.181s  M114                                     ok             1.5ms rx=2 busy=0
17:14:47.499     +9513.418s  G90                                      ok             0.3ms rx=1 busy=0
17:14:47.499     +9513.419s  G0 Z-102.5500 F201                       ok             0.8ms rx=1 busy=0
17:14:47.499     +9513.419s  G91                                      ok             0.2ms rx=1 busy=0
17:14:47.499     +9513.500s  M114                                     ok             1.2ms rx=2 busy=0
17:14:47.500     +9513.821s  M114                                     ok             1.5ms rx=2 busy=0
17:14:47.500     +9514.078s  G0 F200.0 Z0.5000                        ok             0.8ms rx=1 busy=0
17:14:47.500     +9514.141s  M114                                     ok             1.6ms rx=2 busy=0
17:14:47.500     +9514.379s  G90                                      ok             0.4ms rx=1 busy=0
17:14:47.501     +9514.380s  G0 Z-102.5500 F201                       ok             0.9ms rx=1 busy=0
17:14:47.501     +9514.381s  G91                                      ok             1.0ms rx=1 busy=0
17:14:47.501     +9514.460s  M114                                     ok             1.3ms rx=2 busy=0
17:14:47.501     +9514.781s  M114                                     ok             1.8ms rx=2 busy=0
17:14:47.502     +9515.036s  G0 F200.0 Z0.5000                        ok             0.8ms rx=1 busy=0
17:14:47.503     +9515.111s  M114                                     ok             6.8ms rx=2 busy=0
17:14:47.503     +9515.338s  G90                                      ok             1.3ms rx=1 busy=0
17:14:47.503     +9515.341s  G0 Z-102.5500 F201                       ok             2.7ms rx=1 busy=0
17:14:47.503     +9515.343s  G91                                      ok             1.5ms rx=1 busy=0
17:14:47.503     +9515.428s  M114                                     ok             7.6ms rx=2 busy=0
17:14:47.503     +9515.741s  M114                                     ok             1.6ms rx=2 busy=0
17:14:47.503     +9516.004s  G0 F200.0 Z0.5000                        ok             1.1ms rx=1 busy=0
17:14:47.503     +9516.060s  M114                                     ok             1.2ms rx=2 busy=0
17:14:47.503     +9516.304s  G90                                      ok             0.3ms rx=1 busy=0
17:14:47.503     +9516.305s  G0 Z-102.5500 F201                       ok             0.9ms rx=1 busy=0
17:14:47.503     +9516.306s  G91                                      ok             0.3ms rx=1 busy=0
17:14:47.503     +9516.381s  M114                                     ok             1.2ms rx=2 busy=0
17:14:47.503     +9516.700s  M114                                     ok             1.3ms rx=2 busy=0
17:14:47.503     +9517.020s  M114                                     ok             1.5ms rx=2 busy=0
17:14:47.503     +9517.167s  M114                                     ok             1.4ms rx=2 busy=0
17:14:47.504     +9517.167s  G90                                      ok             0.2ms rx=1 busy=0
17:14:47.504     +9517.168s  G0 Z-101.5500 F60                        ok             0.8ms rx=1 busy=0
17:14:47.504     +9517.168s  G91                                      ok             0.3ms rx=1 busy=0
17:14:47.504     +9517.168s  G90                                      ok             0.2ms rx=1 busy=0
17:14:47.504     +9517.169s  G0 Z-79.3500 F201                        ok             1.0ms rx=1 busy=0
17:14:47.504     +9517.170s  G91                                      ok             0.3ms rx=1 busy=0
17:14:47.504     +9524.928s  M400                                     ok          7758.0ms rx=4 busy=3
17:14:47.504     +9524.936s  M114                                     ok             2.0ms rx=2 busy=0
17:14:47.504     +9527.836s  M114                                     ok             1.2ms rx=2 busy=0
17:14:47.504     +9527.836s  G90                                      ok             0.4ms rx=1 busy=0
17:14:47.504     +9527.837s  G0 Z-101.5500 F121                       ok             1.0ms rx=1 busy=0
17:14:47.504     +9527.838s  G91                                      ok             0.2ms rx=1 busy=0
17:14:47.504     +9527.838s  G90                                      ok             0.2ms rx=1 busy=0
17:14:47.504     +9527.839s  G0 Z-102.5500 F60                        ok             1.0ms rx=1 busy=0
17:14:47.504     +9527.839s  G91                                      ok             0.4ms rx=1 busy=0
17:14:47.504     +9539.972s  M400                                     ok         12133.2ms rx=7 busy=6
17:14:47.504     +9539.992s  M114                                     ok             1.4ms rx=2 busy=0
17:14:47.504     +9539.998s  G0 F18.0 X-0.0600                        ok             4.2ms rx=1 busy=0
17:14:47.504     +9540.301s  M400                                     ok           302.5ms rx=1 busy=0
17:14:47.504     +9540.319s  M114                                     ok             2.1ms rx=2 busy=0
17:14:47.504     +9540.636s  M114                                     ok             1.3ms rx=2 busy=0
17:14:47.504     +9540.957s  M114                                     ok             2.1ms rx=2 busy=0
17:14:47.504     +9541.288s  M114                                     ok            12.8ms rx=2 busy=0
17:14:47.504     +9541.596s  M114                                     ok             1.3ms rx=2 busy=0
17:14:47.504     +9541.917s  M114                                     ok             1.6ms rx=2 busy=0
17:14:47.504     +9542.236s  M114                                     ok             1.2ms rx=2 busy=0
17:14:47.504     +9542.560s  M114                                     ok             5.0ms rx=2 busy=0
17:14:47.504     +9542.884s  M114                                     ok             5.9ms rx=2 busy=0
17:14:47.504     +9543.198s  M114                                     ok             1.2ms rx=2 busy=0
17:14:47.504     +9543.518s  M114                                     ok             1.4ms rx=2 busy=0
17:14:47.504     +9543.836s  M114                                     ok             1.4ms rx=2 busy=0
17:14:47.504     +9544.157s  M114                                     ok             1.4ms rx=2 busy=0
17:14:47.504     +9544.476s  M114                                     ok             1.4ms rx=2 busy=0
17:14:47.504     +9544.796s  M114                                     ok             1.2ms rx=2 busy=0
17:14:47.504     +9545.116s  M114                                     ok             1.2ms rx=2 busy=0
17:14:47.504     +9545.305s  G0 F18.0 X-0.7901                        ok             3.6ms rx=1 busy=0
17:14:47.504     +9548.042s  M400                                     ok          2736.5ms rx=2 busy=1
17:14:47.504     +9548.049s  G0 F18.0 X0.0600                         ok             0.8ms rx=1 busy=0
17:14:47.504     +9548.355s  M400                                     ok           306.2ms rx=1 busy=0
17:14:47.504     +9548.396s  M114                                     ok             1.2ms rx=2 busy=0
17:14:47.504     +9548.716s  M114                                     ok             1.3ms rx=2 busy=0
17:14:47.504     +9549.036s  M114                                     ok             1.2ms rx=2 busy=0
17:14:47.504     +9549.372s  M114                                     ok            16.8ms rx=2 busy=0
17:14:47.504     +9549.694s  M114                                     ok             1.2ms rx=2 busy=0
17:14:47.504     +9550.012s  M114                                     ok             1.2ms rx=2 busy=0
17:14:47.504     +9550.333s  M114                                     ok             1.5ms rx=2 busy=0
17:14:47.504     +9550.652s  M114                                     ok             1.5ms rx=2 busy=0
17:14:47.504     +9550.973s  M114                                     ok             1.6ms rx=2 busy=0
17:14:47.504     +9551.292s  M114                                     ok             1.4ms rx=2 busy=0
17:14:47.504     +9551.633s  M114                                     ok            22.3ms rx=2 busy=0
17:14:47.504     +9551.956s  M114                                     ok             3.9ms rx=2 busy=0
17:14:47.504     +9552.268s  M114                                     ok             1.2ms rx=2 busy=0
17:14:47.504     +9552.588s  M114                                     ok             1.3ms rx=2 busy=0
17:14:47.504     +9552.908s  M114                                     ok             1.2ms rx=2 busy=0
17:14:47.504     +9553.228s  M114                                     ok             1.3ms rx=2 busy=0
17:14:47.504     +9553.361s  M114                                     ok             4.9ms rx=2 busy=0
17:14:47.504     +9553.361s  G90                                      ok             0.3ms rx=1 busy=0
17:14:47.505     +9553.363s  G0 Z-101.5500 F60                        ok             1.2ms rx=1 busy=0
17:14:47.505     +9553.363s  G91                                      ok             0.3ms rx=1 busy=0
17:14:47.505     +9553.363s  G90                                      ok             0.2ms rx=1 busy=0
17:14:47.505     +9553.364s  G0 Z-79.3500 F201                        ok             1.1ms rx=1 busy=0
17:14:47.505     +9553.364s  G91                                      ok             0.2ms rx=1 busy=0
17:14:47.505     +9561.122s  M400                                     ok          7757.9ms rx=4 busy=3
17:14:47.505     +9561.132s  M114                                     ok             1.2ms rx=2 busy=0
17:14:47.505     +9562.141s  M114                                     ok             2.0ms rx=2 busy=0
17:14:47.505     +9562.141s  G90                                      ok             0.3ms rx=1 busy=0
17:14:47.505     +9562.142s  G0 Z-98.0500 F121                        ok             0.8ms rx=1 busy=0
17:14:47.505     +9562.142s  G91                                      ok             0.3ms rx=1 busy=0
17:14:47.505     +9562.143s  G90                                      ok             0.5ms rx=1 busy=0
17:14:47.505     +9562.144s  G0 Z-99.0500 F60                         ok             1.0ms rx=1 busy=0
17:14:47.505     +9562.144s  G91                                      ok             0.3ms rx=1 busy=0
17:14:47.505     +9572.549s  M400                                     ok         10405.0ms rx=6 busy=5
17:14:47.505     +9572.562s  M114                                     ok             6.1ms rx=2 busy=0
17:14:47.505     +9572.566s  G0 F18.0 X-2.0698                        ok             3.7ms rx=1 busy=0
17:14:47.505     +9579.570s  M400                                     ok          7003.8ms rx=4 busy=3
17:14:47.505     +9579.614s  M114                                     ok            15.0ms rx=2 busy=0
17:14:47.505     +9579.932s  M114                                     ok             1.4ms rx=2 busy=0
17:14:47.505     +9580.252s  M114                                     ok             1.3ms rx=2 busy=0
17:14:47.505     +9580.572s  M114                                     ok             1.3ms rx=2 busy=0
17:14:47.505     +9580.893s  M114                                     ok             1.5ms rx=2 busy=0
17:14:47.505     +9581.212s  M114                                     ok             1.2ms rx=2 busy=0
17:14:47.505     +9581.532s  M114                                     ok             1.3ms rx=2 busy=0
17:14:47.505     +9581.869s  M114                                     ok            18.1ms rx=2 busy=0
17:14:47.505     +9582.199s  M114                                     ok             6.3ms rx=2 busy=0
17:14:47.505     +9582.519s  M114                                     ok             5.1ms rx=2 busy=0
17:14:47.505     +9582.831s  M114                                     ok             2.1ms rx=2 busy=0
17:14:47.505     +9583.148s  M114                                     ok             1.4ms rx=2 busy=0
17:14:47.505     +9583.470s  M114                                     ok             3.4ms rx=2 busy=0
17:14:47.505     +9583.798s  M114                                     ok             9.9ms rx=2 busy=0
17:14:47.505     +9584.114s  M114                                     ok             2.0ms rx=2 busy=0
17:14:47.505     +9584.428s  M114                                     ok             1.2ms rx=2 busy=0
17:14:47.505     +9584.591s  G0 F18.0 X0.6000                         ok             1.0ms rx=1 busy=0
17:14:47.505     +9586.697s  M400                                     ok          2106.5ms rx=2 busy=1
17:14:47.505     +9586.764s  M114                                     ok             1.4ms rx=2 busy=0
17:14:47.506     +9587.085s  M114                                     ok             1.8ms rx=2 busy=0
17:14:47.506     +9587.404s  M114                                     ok             1.2ms rx=2 busy=0
17:14:47.506     +9587.724s  M114                                     ok             1.2ms rx=2 busy=0
17:14:47.506     +9588.044s  M114                                     ok             1.2ms rx=2 busy=0
17:14:47.506     +9588.364s  M114                                     ok             1.3ms rx=2 busy=0
17:14:47.506     +9588.684s  M114                                     ok             1.2ms rx=2 busy=0
17:14:47.506     +9589.008s  M114                                     ok             3.6ms rx=2 busy=0
17:14:47.506     +9589.328s  M114                                     ok             2.5ms rx=2 busy=0
17:14:47.506     +9589.652s  M114                                     ok             7.9ms rx=2 busy=0
17:14:47.506     +9589.965s  M114                                     ok             1.2ms rx=2 busy=0
17:14:47.506     +9590.284s  M114                                     ok             1.2ms rx=2 busy=0
17:14:47.506     +9590.604s  M114                                     ok             1.4ms rx=2 busy=0
17:14:47.506     +9590.924s  M114                                     ok             1.2ms rx=2 busy=0
17:14:47.506     +9591.244s  M114                                     ok             1.2ms rx=2 busy=0
17:14:47.506     +9591.564s  M114                                     ok             1.4ms rx=2 busy=0
17:14:47.506     +9591.705s  M114                                     ok             1.9ms rx=2 busy=0
17:14:47.506     +9591.705s  G90                                      ok             0.2ms rx=1 busy=0
17:14:47.506     +9591.706s  G0 Z-98.0500 F60                         ok             0.8ms rx=1 busy=0
17:14:47.506     +9591.707s  G91                                      ok             0.7ms rx=1 busy=0
17:14:47.506     +9591.707s  G90                                      ok             0.2ms rx=1 busy=0
17:14:47.506     +9591.708s  G0 Z-79.3500 F201                        ok             1.1ms rx=1 busy=0
17:14:47.506     +9591.708s  G91                                      ok             0.3ms rx=1 busy=0
17:14:47.506     +9598.419s  M400                                     ok          6710.1ms rx=4 busy=3
17:14:47.506     +9598.427s  M114                                     ok             1.2ms rx=2 busy=0
17:14:47.506     +9607.661s  M114                                     ok             2.0ms rx=2 busy=0
17:14:47.506     +9607.692s  M114                                     ok             1.2ms rx=2 busy=0
17:14:47.506     +9607.696s  M114                                     ok             1.2ms rx=2 busy=0
17:14:47.507     +9607.697s  M114                                     ok             1.3ms rx=2 busy=0
17:14:47.507     +9607.709s  M114                                     ok             1.2ms rx=2 busy=0
17:14:47.507     +9607.787s  G90                                      ok             0.2ms rx=1 busy=0
17:14:47.507     +9607.788s  G0 Z-102.7000 F121                       ok             0.8ms rx=1 busy=0
17:14:47.507     +9607.788s  G91                                      ok             0.2ms rx=1 busy=0
17:14:47.507     +9607.789s  G90                                      ok             0.2ms rx=1 busy=0
17:14:47.507     +9607.790s  G0 Z-103.7000 F60                        ok             1.0ms rx=1 busy=0
17:14:47.507     +9607.790s  G91                                      ok             0.2ms rx=1 busy=0
17:14:47.507     +9620.492s  M400                                     ok         12701.7ms rx=7 busy=6
17:14:47.507 ---- end recent ----
17:14:52.594 ANOMALY M400                                     ok          5083.0ms rx=3 busy=2
17:14:52.595 ---- recent ZP transactions (anomaly: M400 -> ok) [300] ----
17:14:52.595     +9396.687s  G91                                      ok             0.2ms rx=1 busy=0
17:14:52.596     +9408.818s  M400                                     ok         12131.2ms rx=7 busy=6
17:14:52.598     +9408.828s  M114                                     ok             1.4ms rx=2 busy=0
17:14:52.598     +9408.829s  G0 F18.0 X3.9506                         ok             0.9ms rx=1 busy=0
17:14:52.598     +9422.106s  M400                                     ok         13276.5ms rx=7 busy=6
17:14:52.599     +9422.152s  M114                                     ok             3.7ms rx=2 busy=0
17:14:52.599     +9422.467s  M114                                     ok             4.9ms rx=2 busy=0
17:14:52.599     +9422.781s  M114                                     ok             1.2ms rx=2 busy=0
17:14:52.599     +9423.101s  M114                                     ok             1.2ms rx=2 busy=0
17:14:52.599     +9423.420s  M114                                     ok             1.2ms rx=2 busy=0
17:14:52.599     +9423.741s  M114                                     ok             1.7ms rx=2 busy=0
17:14:52.600     +9424.060s  M114                                     ok             1.4ms rx=2 busy=0
17:14:52.601     +9424.380s  M114                                     ok             1.2ms rx=2 busy=0
17:14:52.601     +9424.700s  M114                                     ok             1.3ms rx=2 busy=0
17:14:52.601     +9425.035s  M114                                     ok            14.8ms rx=2 busy=0
17:14:52.602     +9425.357s  M114                                     ok             1.8ms rx=2 busy=0
17:14:52.602     +9425.688s  M114                                     ok            13.5ms rx=2 busy=0
17:14:52.602     +9425.997s  M114                                     ok             2.1ms rx=2 busy=0
17:14:52.602     +9426.316s  M114                                     ok             1.3ms rx=2 busy=0
17:14:52.602     +9426.636s  M114                                     ok             1.3ms rx=2 busy=0
17:14:52.602     +9426.957s  M114                                     ok             1.2ms rx=2 busy=0
17:14:52.602     +9427.115s  M114                                     ok             2.2ms rx=2 busy=0
17:14:52.602     +9427.115s  G90                                      ok             0.2ms rx=1 busy=0
17:14:52.602     +9427.116s  G0 Z-101.5500 F60                        ok             0.8ms rx=1 busy=0
17:14:52.602     +9427.116s  G91                                      ok             0.2ms rx=1 busy=0
17:14:52.603     +9427.116s  G90                                      ok             0.3ms rx=1 busy=0
17:14:52.603     +9427.117s  G0 Z-79.3500 F201                        ok             1.0ms rx=1 busy=0
17:14:52.603     +9427.118s  G91                                      ok             0.3ms rx=1 busy=0
17:14:52.603     +9434.876s  M400                                     ok          7758.4ms rx=4 busy=3
17:14:52.604     +9434.885s  M114                                     ok             2.3ms rx=2 busy=0
17:14:52.604     +9444.717s  M114                                     ok             1.4ms rx=2 busy=0
17:14:52.604     +9444.717s  G90                                      ok             0.2ms rx=1 busy=0
17:14:52.604     +9444.718s  G0 Z-101.5500 F121                       ok             0.8ms rx=1 busy=0
17:14:52.604     +9444.718s  G91                                      ok             0.2ms rx=1 busy=0
17:14:52.604     +9444.719s  G90                                      ok             0.2ms rx=1 busy=0
17:14:52.604     +9444.720s  G0 Z-102.5500 F60                        ok             1.0ms rx=1 busy=0
17:14:52.604     +9444.720s  G91                                      ok             0.3ms rx=1 busy=0
17:14:52.604     +9456.852s  M400                                     ok         12131.5ms rx=7 busy=6
17:14:52.604     +9456.880s  M114                                     ok             1.2ms rx=2 busy=0
17:14:52.604     +9456.883s  G0 F18.0 X-0.0600                        ok             0.9ms rx=1 busy=0
17:14:52.604     +9457.188s  M400                                     ok           305.6ms rx=1 busy=0
17:14:52.604     +9457.230s  M114                                     ok             1.9ms rx=2 busy=0
17:14:52.604     +9457.548s  M114                                     ok             1.2ms rx=2 busy=0
17:14:52.604     +9457.869s  M114                                     ok             1.5ms rx=2 busy=0
17:14:52.604     +9458.200s  M114                                     ok             4.7ms rx=2 busy=0
17:14:52.605     +9458.516s  M114                                     ok             5.8ms rx=2 busy=0
17:14:52.605     +9458.828s  M114                                     ok             1.2ms rx=2 busy=0
17:14:52.605     +9459.148s  M114                                     ok             1.2ms rx=2 busy=0
17:14:52.605     +9459.468s  M114                                     ok             1.2ms rx=2 busy=0
17:14:52.605     +9459.788s  M114                                     ok             1.3ms rx=2 busy=0
17:14:52.606     +9460.109s  M114                                     ok             1.4ms rx=2 busy=0
17:14:52.606     +9460.429s  M114                                     ok             1.3ms rx=2 busy=0
17:14:52.606     +9460.748s  M114                                     ok             1.5ms rx=2 busy=0
17:14:52.606     +9461.089s  M114                                     ok            22.2ms rx=2 busy=0
17:14:52.606     +9461.408s  M114                                     ok             4.3ms rx=2 busy=0
17:14:52.606     +9461.724s  M114                                     ok             1.3ms rx=2 busy=0
17:14:52.606     +9462.045s  M114                                     ok             1.2ms rx=2 busy=0
17:14:52.606     +9462.190s  G0 F18.0 X-3.9506                        ok             0.8ms rx=1 busy=0
17:14:52.606     +9475.466s  M400                                     ok         13276.2ms rx=7 busy=6
17:14:52.606     +9475.475s  G0 F18.0 X0.0600                         ok             0.9ms rx=1 busy=0
17:14:52.606     +9475.783s  M400                                     ok           307.7ms rx=1 busy=0
17:14:52.606     +9475.820s  M114                                     ok             1.4ms rx=2 busy=0
17:14:52.606     +9476.142s  M114                                     ok             1.9ms rx=2 busy=0
17:14:52.606     +9476.465s  M114                                     ok             2.1ms rx=2 busy=0
17:14:52.606     +9476.780s  M114                                     ok             1.3ms rx=2 busy=0
17:14:52.606     +9477.116s  M114                                     ok            10.4ms rx=2 busy=0
17:14:52.606     +9477.437s  M114                                     ok             1.7ms rx=2 busy=0
17:14:52.607     +9477.757s  M114                                     ok             1.5ms rx=2 busy=0
17:14:52.607     +9478.077s  M114                                     ok             1.7ms rx=2 busy=0
17:14:52.607     +9478.396s  M114                                     ok             1.5ms rx=2 busy=0
17:14:52.608     +9478.716s  M114                                     ok             1.2ms rx=2 busy=0
17:14:52.608     +9479.037s  M114                                     ok             1.2ms rx=2 busy=0
17:14:52.608     +9479.357s  M114                                     ok             1.3ms rx=2 busy=0
17:14:52.608     +9479.677s  M114                                     ok             2.4ms rx=2 busy=0
17:14:52.608     +9480.010s  M114                                     ok            12.2ms rx=2 busy=0
17:14:52.608     +9480.333s  M114                                     ok             1.3ms rx=2 busy=0
17:14:52.608     +9480.653s  M114                                     ok             1.2ms rx=2 busy=0
17:14:52.608     +9480.788s  M114                                     ok             4.0ms rx=2 busy=0
17:14:52.608     +9480.789s  G90                                      ok             0.6ms rx=1 busy=0
17:14:52.608     +9480.790s  G0 Z-101.5500 F60                        ok             1.2ms rx=1 busy=0
17:14:52.608     +9480.791s  G91                                      ok             0.6ms rx=1 busy=0
17:14:52.608     +9480.792s  G90                                      ok             0.6ms rx=1 busy=0
17:14:52.608     +9480.793s  G0 Z-79.3500 F201                        ok             1.7ms rx=1 busy=0
17:14:52.608     +9480.794s  G91                                      ok             0.3ms rx=1 busy=0
17:14:52.608     +9488.551s  M400                                     ok          7757.1ms rx=4 busy=3
17:14:52.608     +9488.560s  M114                                     ok             1.2ms rx=2 busy=0
17:14:52.608     +9495.196s  M114                                     ok             1.2ms rx=2 busy=0
17:14:52.608     +9495.196s  G90                                      ok             0.3ms rx=1 busy=0
17:14:52.608     +9495.197s  G0 Z-101.5500 F121                       ok             0.9ms rx=1 busy=0
17:14:52.608     +9495.197s  G91                                      ok             0.3ms rx=1 busy=0
17:14:52.608     +9495.198s  G90                                      ok             0.3ms rx=1 busy=0
17:14:52.608     +9495.199s  G0 Z-102.5500 F60                        ok             1.2ms rx=1 busy=0
17:14:52.608     +9495.200s  G91                                      ok             1.0ms rx=1 busy=0
17:14:52.608     +9507.330s  M400                                     ok         12129.6ms rx=7 busy=6
17:14:52.608     +9507.338s  M114                                     ok             1.5ms rx=2 busy=0
17:14:52.608     +9507.340s  G0 F200.0 Z0.5000                        ok             0.8ms rx=1 busy=0
17:14:52.608     +9507.406s  M114                                     ok             1.4ms rx=2 busy=0
17:14:52.608     +9507.641s  G90                                      ok             0.6ms rx=1 busy=0
17:14:52.608     +9507.642s  G0 Z-102.5500 F201                       ok             0.8ms rx=1 busy=0
17:14:52.608     +9507.642s  G91                                      ok             0.2ms rx=1 busy=0
17:14:52.608     +9507.725s  M114                                     ok             1.8ms rx=2 busy=0
17:14:52.608     +9508.045s  M114                                     ok             1.6ms rx=2 busy=0
17:14:52.608     +9508.306s  G0 F200.0 Z0.5000                        ok             3.1ms rx=1 busy=0
17:14:52.609     +9508.364s  M114                                     ok             1.4ms rx=2 busy=0
17:14:52.609     +9508.606s  G90                                      ok             0.3ms rx=1 busy=0
17:14:52.609     +9508.607s  G0 Z-102.5500 F201                       ok             0.8ms rx=1 busy=0
17:14:52.609     +9508.607s  G91                                      ok             0.3ms rx=1 busy=0
17:14:52.609     +9508.685s  M114                                     ok             1.2ms rx=2 busy=0
17:14:52.609     +9509.005s  M114                                     ok             1.6ms rx=2 busy=0
17:14:52.609     +9509.264s  G0 F200.0 Z0.5000                        ok             1.6ms rx=1 busy=0
17:14:52.609     +9509.329s  M114                                     ok             6.0ms rx=2 busy=0
17:14:52.609     +9509.567s  G90                                      ok             1.2ms rx=1 busy=0
17:14:52.609     +9509.568s  G0 Z-102.5500 F201                       ok             1.0ms rx=1 busy=0
17:14:52.609     +9509.569s  G91                                      ok             0.9ms rx=1 busy=0
17:14:52.609     +9509.654s  M114                                     ok             8.7ms rx=2 busy=0
17:14:52.609     +9509.980s  M114                                     ok            16.8ms rx=2 busy=0
17:14:52.609     +9510.227s  G0 F200.0 Z0.5000                        ok             0.9ms rx=1 busy=0
17:14:52.610     +9510.300s  M114                                     ok             1.2ms rx=2 busy=0
17:14:52.610     +9510.527s  G90                                      ok             0.3ms rx=1 busy=0
17:14:52.610     +9510.528s  G0 Z-102.5500 F201                       ok             0.8ms rx=1 busy=0
17:14:52.610     +9510.528s  G91                                      ok             0.2ms rx=1 busy=0
17:14:52.610     +9510.620s  M114                                     ok             1.2ms rx=2 busy=0
17:14:52.610     +9510.940s  M114                                     ok             1.2ms rx=2 busy=0
17:14:52.610     +9511.190s  G0 F200.0 Z0.5000                        ok             1.2ms rx=1 busy=0
17:14:52.610     +9511.260s  M114                                     ok             1.2ms rx=2 busy=0
17:14:52.610     +9511.491s  G90                                      ok             0.5ms rx=1 busy=0
17:14:52.610     +9511.493s  G0 Z-102.5500 F201                       ok             1.4ms rx=1 busy=0
17:14:52.610     +9511.493s  G91                                      ok             0.7ms rx=1 busy=0
17:14:52.610     +9511.581s  M114                                     ok             1.6ms rx=2 busy=0
17:14:52.610     +9511.901s  M114                                     ok             1.8ms rx=2 busy=0
17:14:52.610     +9512.153s  G0 F200.0 Z0.5000                        ok             2.5ms rx=1 busy=0
17:14:52.610     +9512.225s  M114                                     ok             3.1ms rx=2 busy=0
17:14:52.610     +9512.454s  G90                                      ok             0.4ms rx=1 busy=0
17:14:52.610     +9512.456s  G0 Z-102.5500 F201                       ok             2.4ms rx=1 busy=0
17:14:52.610     +9512.458s  G91                                      ok             1.4ms rx=1 busy=0
17:14:52.610     +9512.544s  M114                                     ok             2.3ms rx=2 busy=0
17:14:52.610     +9512.861s  M114                                     ok             2.1ms rx=2 busy=0
17:14:52.610     +9513.117s  G0 F200.0 Z0.5000                        ok             0.8ms rx=1 busy=0
17:14:52.610     +9513.181s  M114                                     ok             1.5ms rx=2 busy=0
17:14:52.610     +9513.418s  G90                                      ok             0.3ms rx=1 busy=0
17:14:52.610     +9513.419s  G0 Z-102.5500 F201                       ok             0.8ms rx=1 busy=0
17:14:52.610     +9513.419s  G91                                      ok             0.2ms rx=1 busy=0
17:14:52.610     +9513.500s  M114                                     ok             1.2ms rx=2 busy=0
17:14:52.610     +9513.821s  M114                                     ok             1.5ms rx=2 busy=0
17:14:52.610     +9514.078s  G0 F200.0 Z0.5000                        ok             0.8ms rx=1 busy=0
17:14:52.610     +9514.141s  M114                                     ok             1.6ms rx=2 busy=0
17:14:52.610     +9514.379s  G90                                      ok             0.4ms rx=1 busy=0
17:14:52.610     +9514.380s  G0 Z-102.5500 F201                       ok             0.9ms rx=1 busy=0
17:14:52.610     +9514.381s  G91                                      ok             1.0ms rx=1 busy=0
17:14:52.610     +9514.460s  M114                                     ok             1.3ms rx=2 busy=0
17:14:52.611     +9514.781s  M114                                     ok             1.8ms rx=2 busy=0
17:14:52.611     +9515.036s  G0 F200.0 Z0.5000                        ok             0.8ms rx=1 busy=0
17:14:52.611     +9515.111s  M114                                     ok             6.8ms rx=2 busy=0
17:14:52.611     +9515.338s  G90                                      ok             1.3ms rx=1 busy=0
17:14:52.611     +9515.341s  G0 Z-102.5500 F201                       ok             2.7ms rx=1 busy=0
17:14:52.611     +9515.343s  G91                                      ok             1.5ms rx=1 busy=0
17:14:52.611     +9515.428s  M114                                     ok             7.6ms rx=2 busy=0
17:14:52.611     +9515.741s  M114                                     ok             1.6ms rx=2 busy=0
17:14:52.611     +9516.004s  G0 F200.0 Z0.5000                        ok             1.1ms rx=1 busy=0
17:14:52.611     +9516.060s  M114                                     ok             1.2ms rx=2 busy=0
17:14:52.611     +9516.304s  G90                                      ok             0.3ms rx=1 busy=0
17:14:52.611     +9516.305s  G0 Z-102.5500 F201                       ok             0.9ms rx=1 busy=0
17:14:52.611     +9516.306s  G91                                      ok             0.3ms rx=1 busy=0
17:14:52.611     +9516.381s  M114                                     ok             1.2ms rx=2 busy=0
17:14:52.611     +9516.700s  M114                                     ok             1.3ms rx=2 busy=0
17:14:52.611     +9517.020s  M114                                     ok             1.5ms rx=2 busy=0
17:14:52.611     +9517.167s  M114                                     ok             1.4ms rx=2 busy=0
17:14:52.611     +9517.167s  G90                                      ok             0.2ms rx=1 busy=0
17:14:52.611     +9517.168s  G0 Z-101.5500 F60                        ok             0.8ms rx=1 busy=0
17:14:52.611     +9517.168s  G91                                      ok             0.3ms rx=1 busy=0
17:14:52.611     +9517.168s  G90                                      ok             0.2ms rx=1 busy=0
17:14:52.611     +9517.169s  G0 Z-79.3500 F201                        ok             1.0ms rx=1 busy=0
17:14:52.611     +9517.170s  G91                                      ok             0.3ms rx=1 busy=0
17:14:52.611     +9524.928s  M400                                     ok          7758.0ms rx=4 busy=3
17:14:52.612     +9524.936s  M114                                     ok             2.0ms rx=2 busy=0
17:14:52.612     +9527.836s  M114                                     ok             1.2ms rx=2 busy=0
17:14:52.612     +9527.836s  G90                                      ok             0.4ms rx=1 busy=0
17:14:52.612     +9527.837s  G0 Z-101.5500 F121                       ok             1.0ms rx=1 busy=0
17:14:52.612     +9527.838s  G91                                      ok             0.2ms rx=1 busy=0
17:14:52.612     +9527.838s  G90                                      ok             0.2ms rx=1 busy=0
17:14:52.612     +9527.839s  G0 Z-102.5500 F60                        ok             1.0ms rx=1 busy=0
17:14:52.612     +9527.839s  G91                                      ok             0.4ms rx=1 busy=0
17:14:52.612     +9539.972s  M400                                     ok         12133.2ms rx=7 busy=6
17:14:52.612     +9539.992s  M114                                     ok             1.4ms rx=2 busy=0
17:14:52.612     +9539.998s  G0 F18.0 X-0.0600                        ok             4.2ms rx=1 busy=0
17:14:52.612     +9540.301s  M400                                     ok           302.5ms rx=1 busy=0
17:14:52.612     +9540.319s  M114                                     ok             2.1ms rx=2 busy=0
17:14:52.612     +9540.636s  M114                                     ok             1.3ms rx=2 busy=0
17:14:52.612     +9540.957s  M114                                     ok             2.1ms rx=2 busy=0
17:14:52.612     +9541.288s  M114                                     ok            12.8ms rx=2 busy=0
17:14:52.612     +9541.596s  M114                                     ok             1.3ms rx=2 busy=0
17:14:52.612     +9541.917s  M114                                     ok             1.6ms rx=2 busy=0
17:14:52.612     +9542.236s  M114                                     ok             1.2ms rx=2 busy=0
17:14:52.612     +9542.560s  M114                                     ok             5.0ms rx=2 busy=0
17:14:52.612     +9542.884s  M114                                     ok             5.9ms rx=2 busy=0
17:14:52.612     +9543.198s  M114                                     ok             1.2ms rx=2 busy=0
17:14:52.612     +9543.518s  M114                                     ok             1.4ms rx=2 busy=0
17:14:52.612     +9543.836s  M114                                     ok             1.4ms rx=2 busy=0
17:14:52.612     +9544.157s  M114                                     ok             1.4ms rx=2 busy=0
17:14:52.612     +9544.476s  M114                                     ok             1.4ms rx=2 busy=0
17:14:52.612     +9544.796s  M114                                     ok             1.2ms rx=2 busy=0
17:14:52.612     +9545.116s  M114                                     ok             1.2ms rx=2 busy=0
17:14:52.612     +9545.305s  G0 F18.0 X-0.7901                        ok             3.6ms rx=1 busy=0
17:14:52.612     +9548.042s  M400                                     ok          2736.5ms rx=2 busy=1
17:14:52.612     +9548.049s  G0 F18.0 X0.0600                         ok             0.8ms rx=1 busy=0
17:14:52.612     +9548.355s  M400                                     ok           306.2ms rx=1 busy=0
17:14:52.612     +9548.396s  M114                                     ok             1.2ms rx=2 busy=0
17:14:52.613     +9548.716s  M114                                     ok             1.3ms rx=2 busy=0
17:14:52.613     +9549.036s  M114                                     ok             1.2ms rx=2 busy=0
17:14:52.613     +9549.372s  M114                                     ok            16.8ms rx=2 busy=0
17:14:52.613     +9549.694s  M114                                     ok             1.2ms rx=2 busy=0
17:14:52.613     +9550.012s  M114                                     ok             1.2ms rx=2 busy=0
17:14:52.613     +9550.333s  M114                                     ok             1.5ms rx=2 busy=0
17:14:52.613     +9550.652s  M114                                     ok             1.5ms rx=2 busy=0
17:14:52.613     +9550.973s  M114                                     ok             1.6ms rx=2 busy=0
17:14:52.613     +9551.292s  M114                                     ok             1.4ms rx=2 busy=0
17:14:52.613     +9551.633s  M114                                     ok            22.3ms rx=2 busy=0
17:14:52.613     +9551.956s  M114                                     ok             3.9ms rx=2 busy=0
17:14:52.613     +9552.268s  M114                                     ok             1.2ms rx=2 busy=0
17:14:52.613     +9552.588s  M114                                     ok             1.3ms rx=2 busy=0
17:14:52.613     +9552.908s  M114                                     ok             1.2ms rx=2 busy=0
17:14:52.613     +9553.228s  M114                                     ok             1.3ms rx=2 busy=0
17:14:52.613     +9553.361s  M114                                     ok             4.9ms rx=2 busy=0
17:14:52.613     +9553.361s  G90                                      ok             0.3ms rx=1 busy=0
17:14:52.613     +9553.363s  G0 Z-101.5500 F60                        ok             1.2ms rx=1 busy=0
17:14:52.613     +9553.363s  G91                                      ok             0.3ms rx=1 busy=0
17:14:52.613     +9553.363s  G90                                      ok             0.2ms rx=1 busy=0
17:14:52.613     +9553.364s  G0 Z-79.3500 F201                        ok             1.1ms rx=1 busy=0
17:14:52.613     +9553.364s  G91                                      ok             0.2ms rx=1 busy=0
17:14:52.613     +9561.122s  M400                                     ok          7757.9ms rx=4 busy=3
17:14:52.613     +9561.132s  M114                                     ok             1.2ms rx=2 busy=0
17:14:52.613     +9562.141s  M114                                     ok             2.0ms rx=2 busy=0
17:14:52.613     +9562.141s  G90                                      ok             0.3ms rx=1 busy=0
17:14:52.613     +9562.142s  G0 Z-98.0500 F121                        ok             0.8ms rx=1 busy=0
17:14:52.613     +9562.142s  G91                                      ok             0.3ms rx=1 busy=0
17:14:52.613     +9562.143s  G90                                      ok             0.5ms rx=1 busy=0
17:14:52.613     +9562.144s  G0 Z-99.0500 F60                         ok             1.0ms rx=1 busy=0
17:14:52.613     +9562.144s  G91                                      ok             0.3ms rx=1 busy=0
17:14:52.613     +9572.549s  M400                                     ok         10405.0ms rx=6 busy=5
17:14:52.613     +9572.562s  M114                                     ok             6.1ms rx=2 busy=0
17:14:52.614     +9572.566s  G0 F18.0 X-2.0698                        ok             3.7ms rx=1 busy=0
17:14:52.614     +9579.570s  M400                                     ok          7003.8ms rx=4 busy=3
17:14:52.614     +9579.614s  M114                                     ok            15.0ms rx=2 busy=0
17:14:52.614     +9579.932s  M114                                     ok             1.4ms rx=2 busy=0
17:14:52.614     +9580.252s  M114                                     ok             1.3ms rx=2 busy=0
17:14:52.614     +9580.572s  M114                                     ok             1.3ms rx=2 busy=0
17:14:52.614     +9580.893s  M114                                     ok             1.5ms rx=2 busy=0
17:14:52.614     +9581.212s  M114                                     ok             1.2ms rx=2 busy=0
17:14:52.614     +9581.532s  M114                                     ok             1.3ms rx=2 busy=0
17:14:52.614     +9581.869s  M114                                     ok            18.1ms rx=2 busy=0
17:14:52.614     +9582.199s  M114                                     ok             6.3ms rx=2 busy=0
17:14:52.614     +9582.519s  M114                                     ok             5.1ms rx=2 busy=0
17:14:52.614     +9582.831s  M114                                     ok             2.1ms rx=2 busy=0
17:14:52.614     +9583.148s  M114                                     ok             1.4ms rx=2 busy=0
17:14:52.614     +9583.470s  M114                                     ok             3.4ms rx=2 busy=0
17:14:52.614     +9583.798s  M114                                     ok             9.9ms rx=2 busy=0
17:14:52.614     +9584.114s  M114                                     ok             2.0ms rx=2 busy=0
17:14:52.614     +9584.428s  M114                                     ok             1.2ms rx=2 busy=0
17:14:52.614     +9584.591s  G0 F18.0 X0.6000                         ok             1.0ms rx=1 busy=0
17:14:52.614     +9586.697s  M400                                     ok          2106.5ms rx=2 busy=1
17:14:52.614     +9586.764s  M114                                     ok             1.4ms rx=2 busy=0
17:14:52.614     +9587.085s  M114                                     ok             1.8ms rx=2 busy=0
17:14:52.614     +9587.404s  M114                                     ok             1.2ms rx=2 busy=0
17:14:52.614     +9587.724s  M114                                     ok             1.2ms rx=2 busy=0
17:14:52.614     +9588.044s  M114                                     ok             1.2ms rx=2 busy=0
17:14:52.614     +9588.364s  M114                                     ok             1.3ms rx=2 busy=0
17:14:52.614     +9588.684s  M114                                     ok             1.2ms rx=2 busy=0
17:14:52.614     +9589.008s  M114                                     ok             3.6ms rx=2 busy=0
17:14:52.614     +9589.328s  M114                                     ok             2.5ms rx=2 busy=0
17:14:52.614     +9589.652s  M114                                     ok             7.9ms rx=2 busy=0
17:14:52.614     +9589.965s  M114                                     ok             1.2ms rx=2 busy=0
17:14:52.614     +9590.284s  M114                                     ok             1.2ms rx=2 busy=0
17:14:52.614     +9590.604s  M114                                     ok             1.4ms rx=2 busy=0
17:14:52.614     +9590.924s  M114                                     ok             1.2ms rx=2 busy=0
17:14:52.614     +9591.244s  M114                                     ok             1.2ms rx=2 busy=0
17:14:52.614     +9591.564s  M114                                     ok             1.4ms rx=2 busy=0
17:14:52.614     +9591.705s  M114                                     ok             1.9ms rx=2 busy=0
17:14:52.614     +9591.705s  G90                                      ok             0.2ms rx=1 busy=0
17:14:52.614     +9591.706s  G0 Z-98.0500 F60                         ok             0.8ms rx=1 busy=0
17:14:52.614     +9591.707s  G91                                      ok             0.7ms rx=1 busy=0
17:14:52.615     +9591.707s  G90                                      ok             0.2ms rx=1 busy=0
17:14:52.615     +9591.708s  G0 Z-79.3500 F201                        ok             1.1ms rx=1 busy=0
17:14:52.615     +9591.708s  G91                                      ok             0.3ms rx=1 busy=0
17:14:52.615     +9598.419s  M400                                     ok          6710.1ms rx=4 busy=3
17:14:52.615     +9598.427s  M114                                     ok             1.2ms rx=2 busy=0
17:14:52.615     +9607.661s  M114                                     ok             2.0ms rx=2 busy=0
17:14:52.615     +9607.692s  M114                                     ok             1.2ms rx=2 busy=0
17:14:52.615     +9607.696s  M114                                     ok             1.2ms rx=2 busy=0
17:14:52.615     +9607.697s  M114                                     ok             1.3ms rx=2 busy=0
17:14:52.615     +9607.709s  M114                                     ok             1.2ms rx=2 busy=0
17:14:52.615     +9607.787s  G90                                      ok             0.2ms rx=1 busy=0
17:14:52.615     +9607.788s  G0 Z-102.7000 F121                       ok             0.8ms rx=1 busy=0
17:14:52.615     +9607.788s  G91                                      ok             0.2ms rx=1 busy=0
17:14:52.615     +9607.789s  G90                                      ok             0.2ms rx=1 busy=0
17:14:52.615     +9607.790s  G0 Z-103.7000 F60                        ok             1.0ms rx=1 busy=0
17:14:52.615     +9607.790s  G91                                      ok             0.2ms rx=1 busy=0
17:14:52.615     +9620.492s  M400                                     ok         12701.7ms rx=7 busy=6
17:14:52.615     +9620.529s  M114                                     ok             1.6ms rx=2 busy=0
17:14:52.615     +9620.531s  G0 F2.261946710584651 X0.1885            ok             1.5ms rx=1 busy=0
17:14:52.615     +9625.614s  M400                                     ok          5083.0ms rx=3 busy=2
17:14:52.615 ---- end recent ----
17:15:11.192 STATS txns=32250 ok=32250 fail=0 reset=0 avg=52.7ms max=13392.6ms
17:15:26.512 STATS txns=32500 ok=32500 fail=0 reset=0 avg=52.3ms max=13392.6ms
17:15:35.846 STATS txns=32750 ok=32750 fail=0 reset=0 avg=51.9ms max=13392.6ms
17:15:51.446 STATS txns=33000 ok=33000 fail=0 reset=0 avg=51.6ms max=13392.6ms
17:16:07.792 STATS txns=33250 ok=33250 fail=0 reset=0 avg=51.2ms max=13392.6ms
17:16:17.046 STATS txns=33500 ok=33500 fail=0 reset=0 avg=50.8ms max=13392.6ms
17:16:28.699 ANOMALY M400                                     ok          8057.2ms rx=5 busy=4
17:16:28.699 ---- recent ZP transactions (anomaly: M400 -> ok) [300] ----
17:16:28.699     +9701.047s  G0 F2.261946710584651 X0.0004            ok             1.8ms rx=1 busy=0
17:16:28.699     +9701.094s  G0 F2.261946710584651 X0.0005            ok             2.3ms rx=1 busy=0
17:16:28.699     +9701.138s  G0 F2.261946710584651 X0.0006            ok             1.7ms rx=1 busy=0
17:16:28.699     +9701.166s  G0 F2.261946710584651 X0.0004            ok             0.9ms rx=1 busy=0
17:16:28.699     +9701.200s  G0 F2.261946710584651 X0.0004            ok             1.4ms rx=1 busy=0
17:16:28.700     +9701.235s  G0 F2.261946710584651 X0.0004            ok             2.1ms rx=1 busy=0
17:16:28.700     +9701.265s  G0 F2.261946710584651 X0.0004            ok             1.4ms rx=1 busy=0
17:16:28.700     +9701.300s  G0 F2.261946710584651 X0.0004            ok             1.3ms rx=1 busy=0
17:16:28.700     +9701.341s  G0 F2.261946710584651 X0.0005            ok             1.9ms rx=1 busy=0
17:16:28.700     +9701.381s  G0 F2.261946710584651 X0.0004            ok             2.5ms rx=1 busy=0
17:16:28.700     +9701.431s  G0 F2.261946710584651 X0.0006            ok             2.2ms rx=1 busy=0
17:16:28.700     +9701.471s  G0 F2.261946710584651 X0.0006            ok             1.7ms rx=1 busy=0
17:16:28.700     +9701.513s  G0 F2.261946710584651 X0.0004            ok             1.5ms rx=1 busy=0
17:16:28.700     +9701.551s  G0 F2.261946710584651 X0.0006            ok             2.0ms rx=1 busy=0
17:16:28.700     +9701.581s  G0 F2.261946710584651 X0.0004            ok             1.1ms rx=1 busy=0
17:16:28.700     +9701.639s  G0 F2.261946710584651 X0.0004            ok            24.9ms rx=1 busy=0
17:16:28.700     +9701.684s  G0 F2.261946710584651 X0.0007            ok             2.6ms rx=1 busy=0
17:16:28.700     +9701.732s  G0 F2.261946710584651 X0.0006            ok             2.0ms rx=1 busy=0
17:16:28.701     +9701.777s  G0 F2.261946710584651 X0.0006            ok             2.7ms rx=1 busy=0
17:16:28.701     +9701.811s  G0 F2.261946710584651 X0.0005            ok             3.5ms rx=1 busy=0
17:16:28.701     +9701.857s  G0 F2.261946710584651 X0.0006            ok             1.5ms rx=1 busy=0
17:16:28.701     +9701.894s  G0 F2.261946710584651 X0.0004            ok             1.4ms rx=1 busy=0
17:16:28.701     +9701.936s  G0 F2.261946710584651 X0.0007            ok             1.6ms rx=1 busy=0
17:16:28.701     +9701.973s  G0 F2.261946710584651 X0.0004            ok             1.7ms rx=1 busy=0
17:16:28.701     +9702.014s  G0 F2.261946710584651 X0.0005            ok             1.2ms rx=1 busy=0
17:16:28.701     +9702.046s  G0 F2.261946710584651 X0.0004            ok             0.9ms rx=1 busy=0
17:16:28.701     +9702.085s  G0 F2.261946710584651 X0.0004            ok             1.5ms rx=1 busy=0
17:16:28.701     +9702.124s  G0 F2.261946710584651 X0.0006            ok             1.1ms rx=1 busy=0
17:16:28.701     +9702.156s  G0 F2.261946710584651 X0.0004            ok             0.9ms rx=1 busy=0
17:16:28.701     +9702.196s  G0 F2.261946710584651 X0.0004            ok             3.2ms rx=1 busy=0
17:16:28.701     +9702.236s  G0 F2.261946710584651 X0.0006            ok             1.2ms rx=1 busy=0
17:16:28.701     +9702.271s  G0 F2.261946710584651 X0.0004            ok             1.8ms rx=1 busy=0
17:16:28.701     +9702.303s  G0 F2.261946710584651 X0.0004            ok             1.2ms rx=1 busy=0
17:16:28.701     +9702.340s  G0 F2.261946710584651 X0.0004            ok             3.8ms rx=1 busy=0
17:16:28.701     +9702.383s  G0 F2.261946710584651 X0.0006            ok             1.4ms rx=1 busy=0
17:16:28.701     +9702.418s  G0 F2.261946710584651 X0.0004            ok             1.8ms rx=1 busy=0
17:16:28.701     +9702.450s  G0 F2.261946710584651 X0.0004            ok             1.5ms rx=1 busy=0
17:16:28.701     +9702.478s  G0 F2.261946710584651 X0.0004            ok             1.0ms rx=1 busy=0
17:16:28.701     +9702.511s  G0 F2.261946710584651 X0.0004            ok             1.3ms rx=1 busy=0
17:16:28.701     +9702.552s  G0 F2.261946710584651 X0.0004            ok             3.1ms rx=1 busy=0
17:16:28.701     +9702.589s  G0 F2.261946710584651 X0.0006            ok             0.9ms rx=1 busy=0
17:16:28.701     +9702.628s  G0 F2.261946710584651 X0.0005            ok             1.2ms rx=1 busy=0
17:16:28.701     +9702.684s  G0 F2.261946710584651 X0.0006            ok            16.6ms rx=1 busy=0
17:16:28.701     +9702.724s  G0 F2.261946710584651 X0.0006            ok             1.0ms rx=1 busy=0
17:16:28.701     +9702.765s  G0 F2.261946710584651 X0.0006            ok             1.8ms rx=1 busy=0
17:16:28.701     +9702.796s  G0 F2.261946710584651 X0.0004            ok             0.8ms rx=1 busy=0
17:16:28.701     +9702.828s  G0 F2.261946710584651 X0.0004            ok             1.0ms rx=1 busy=0
17:16:28.701     +9702.863s  G0 F2.261946710584651 X0.0004            ok             2.2ms rx=1 busy=0
17:16:28.701     +9702.892s  G0 F2.261946710584651 X0.0004            ok             1.2ms rx=1 busy=0
17:16:28.701     +9702.927s  G0 F2.261946710584651 X0.0004            ok             1.2ms rx=1 busy=0
17:16:28.701     +9702.961s  G0 F2.261946710584651 X0.0004            ok             2.1ms rx=1 busy=0
17:16:28.701     +9702.997s  G0 F2.261946710584651 X0.0004            ok             1.3ms rx=1 busy=0
17:16:28.701     +9703.043s  G0 F2.261946710584651 X0.0007            ok             2.1ms rx=1 busy=0
17:16:28.702     +9703.073s  G0 F2.261946710584651 X0.0004            ok             2.9ms rx=1 busy=0
17:16:28.702     +9703.103s  G0 F2.261946710584651 X0.0004            ok             0.9ms rx=1 busy=0
17:16:28.702     +9703.135s  G0 F2.261946710584651 X0.0004            ok             0.9ms rx=1 busy=0
17:16:28.702     +9703.172s  G0 F2.261946710584651 X0.0004            ok             1.8ms rx=1 busy=0
17:16:28.702     +9703.217s  G0 F2.261946710584651 X0.0005            ok             1.7ms rx=1 busy=0
17:16:28.702     +9703.246s  G0 F2.261946710584651 X0.0004            ok             1.0ms rx=1 busy=0
17:16:28.702     +9703.277s  G0 F2.261946710584651 X0.0004            ok             1.2ms rx=1 busy=0
17:16:28.702     +9703.312s  G0 F2.261946710584651 X0.0004            ok             2.6ms rx=1 busy=0
17:16:28.702     +9703.348s  G0 F2.261946710584651 X0.0004            ok             1.2ms rx=1 busy=0
17:16:28.702     +9703.395s  G0 F2.261946710584651 X0.0005            ok             2.5ms rx=1 busy=0
17:16:28.702     +9703.443s  G0 F2.261946710584651 X0.0008            ok             3.5ms rx=1 busy=0
17:16:28.702     +9703.491s  G0 F2.261946710584651 X0.0005            ok             6.1ms rx=1 busy=0
17:16:28.702     +9703.534s  G0 F2.261946710584651 X0.0006            ok             0.9ms rx=1 busy=0
17:16:28.702     +9703.572s  G0 F2.261946710584651 X0.0004            ok             1.6ms rx=1 busy=0
17:16:28.702     +9703.619s  G0 F2.261946710584651 X0.0006            ok             1.6ms rx=1 busy=0
17:16:28.702     +9703.665s  G0 F2.261946710584651 X0.0005            ok             1.4ms rx=1 busy=0
17:16:28.702     +9703.721s  G0 F2.261946710584651 X0.0004            ok            26.2ms rx=1 busy=0
17:16:28.702     +9703.758s  G0 F2.261946710584651 X0.0008            ok             0.9ms rx=1 busy=0
17:16:28.702     +9703.798s  G0 F2.261946710584651 X0.0004            ok             2.7ms rx=1 busy=0
17:16:28.702     +9703.851s  G0 F2.261946710584651 X0.0006            ok             4.1ms rx=1 busy=0
17:16:28.702     +9703.894s  G0 F2.261946710584651 X0.0006            ok             2.5ms rx=1 busy=0
17:16:28.702     +9703.937s  G0 F2.261946710584651 X0.0006            ok             1.8ms rx=1 busy=0
17:16:28.702     +9703.970s  G0 F2.261946710584651 X0.0004            ok             1.3ms rx=1 busy=0
17:16:28.702     +9704.004s  G0 F2.261946710584651 X0.0004            ok             1.2ms rx=1 busy=0
17:16:28.702     +9704.047s  G0 F2.261946710584651 X0.0006            ok             0.9ms rx=1 busy=0
17:16:28.702     +9704.081s  G0 F2.261946710584651 X0.0004            ok             1.9ms rx=1 busy=0
17:16:28.702     +9704.112s  G0 F2.261946710584651 X0.0004            ok             2.6ms rx=1 busy=0
17:16:28.702     +9704.140s  G0 F2.261946710584651 X0.0004            ok             1.3ms rx=1 busy=0
17:16:28.702     +9704.173s  G0 F2.261946710584651 X0.0004            ok             1.3ms rx=1 busy=0
17:16:28.702     +9704.211s  G0 F2.261946710584651 X0.0004            ok             2.4ms rx=1 busy=0
17:16:28.702     +9704.242s  G0 F2.261946710584651 X0.0005            ok             1.3ms rx=1 busy=0
17:16:28.703     +9704.273s  G0 F2.261946710584651 X0.0004            ok             1.2ms rx=1 busy=0
17:16:28.703     +9704.307s  G0 F2.261946710584651 X0.0004            ok             1.2ms rx=1 busy=0
17:16:28.703     +9704.354s  G0 F2.261946710584651 X0.0005            ok             2.0ms rx=1 busy=0
17:16:28.703     +9704.387s  G0 F2.261946710584651 X0.0004            ok             2.5ms rx=1 busy=0
17:16:28.703     +9704.416s  G0 F2.261946710584651 X0.0004            ok             1.4ms rx=1 busy=0
17:16:28.703     +9704.447s  G0 F2.261946710584651 X0.0004            ok             2.4ms rx=1 busy=0
17:16:28.703     +9704.489s  G0 F2.261946710584651 X0.0004            ok             1.2ms rx=1 busy=0
17:16:28.703     +9704.527s  G0 F2.261946710584651 X0.0006            ok             1.2ms rx=1 busy=0
17:16:28.703     +9704.558s  G0 F2.261946710584651 X0.0004            ok             1.1ms rx=1 busy=0
17:16:28.703     +9704.592s  G0 F2.261946710584651 X0.0004            ok             2.3ms rx=1 busy=0
17:16:28.703     +9704.624s  G0 F2.261946710584651 X0.0004            ok             2.0ms rx=1 busy=0
17:16:28.703     +9704.654s  G0 F2.261946710584651 X0.0005            ok             1.2ms rx=1 busy=0
17:16:28.703     +9704.686s  G0 F2.261946710584651 X0.0004            ok             1.2ms rx=1 busy=0
17:16:28.703     +9704.743s  G0 F2.261946710584651 X0.0004            ok            22.4ms rx=1 busy=0
17:16:28.703     +9704.782s  G0 F2.261946710584651 X0.0007            ok             2.4ms rx=1 busy=0
17:16:28.703     +9704.816s  G0 F2.261946710584651 X0.0004            ok             4.2ms rx=1 busy=0
17:16:28.703     +9704.846s  G0 F2.261946710584651 X0.0004            ok             1.2ms rx=1 busy=0
17:16:28.703     +9704.876s  G0 F2.261946710584651 X0.0004            ok             0.9ms rx=1 busy=0
17:16:28.703     +9704.913s  G0 F2.261946710584651 X0.0004            ok             1.8ms rx=1 busy=0
17:16:28.703     +9704.942s  G0 F2.261946710584651 X0.0004            ok             1.2ms rx=1 busy=0
17:16:28.703     +9704.973s  G0 F2.261946710584651 X0.0004            ok             1.2ms rx=1 busy=0
17:16:28.703     +9705.007s  G0 F2.261946710584651 X0.0004            ok             1.7ms rx=1 busy=0
17:16:28.703     +9705.041s  G0 F2.261946710584651 X0.0004            ok             1.3ms rx=1 busy=0
17:16:28.703     +9705.071s  G0 F2.261946710584651 X0.0005            ok             1.9ms rx=1 busy=0
17:16:28.703     +9705.101s  G0 F2.261946710584651 X0.0004            ok             2.0ms rx=1 busy=0
17:16:28.703     +9705.139s  G0 F2.261946710584651 X0.0004            ok             1.0ms rx=1 busy=0
17:16:28.703     +9705.169s  G0 F2.261946710584651 X0.0004            ok             1.4ms rx=1 busy=0
17:16:28.703     +9705.197s  G0 F2.261946710584651 X0.0004            ok             1.4ms rx=1 busy=0
17:16:28.703     +9705.234s  G0 F2.261946710584651 X0.0004            ok             2.6ms rx=1 busy=0
17:16:28.703     +9705.278s  G0 F2.261946710584651 X0.0004            ok             1.4ms rx=1 busy=0
17:16:28.703     +9705.316s  G0 F2.261946710584651 X0.0005            ok             1.8ms rx=1 busy=0
17:16:28.703     +9705.362s  G0 F2.261946710584651 X0.0006            ok             1.2ms rx=1 busy=0
17:16:28.703     +9705.399s  G0 F2.261946710584651 X0.0004            ok             1.4ms rx=1 busy=0
17:16:28.703     +9705.441s  G0 F2.261946710584651 X0.0005            ok             2.0ms rx=1 busy=0
17:16:28.703     +9705.470s  G0 F2.261946710584651 X0.0005            ok             1.1ms rx=1 busy=0
17:16:28.703     +9705.503s  G0 F2.261946710584651 X0.0004            ok             1.3ms rx=1 busy=0
17:16:28.703     +9705.537s  G0 F2.261946710584651 X0.0004            ok             1.4ms rx=1 busy=0
17:16:28.703     +9705.567s  G0 F2.261946710584651 X0.0004            ok             1.6ms rx=1 busy=0
17:16:28.703     +9705.605s  G0 F2.261946710584651 X0.0004            ok             1.0ms rx=1 busy=0
17:16:28.703     +9705.646s  G0 F2.261946710584651 X0.0006            ok             1.2ms rx=1 busy=0
17:16:28.703     +9705.679s  G0 F2.261946710584651 X0.0004            ok             1.3ms rx=1 busy=0
17:16:28.703     +9705.721s  G0 F2.261946710584651 X0.0004            ok             7.3ms rx=1 busy=0
17:16:28.703     +9705.781s  G0 F2.261946710584651 X0.0006            ok            22.2ms rx=1 busy=0
17:16:28.703     +9705.835s  G0 F2.261946710584651 X0.0007            ok             2.8ms rx=1 busy=0
17:16:28.703     +9705.871s  G0 F2.261946710584651 X0.0007            ok             1.5ms rx=1 busy=0
17:16:28.703     +9705.908s  G0 F2.261946710584651 X0.0004            ok             1.5ms rx=1 busy=0
17:16:28.703     +9705.948s  G0 F2.261946710584651 X0.0006            ok             1.0ms rx=1 busy=0
17:16:28.704     +9705.981s  G0 F2.261946710584651 X0.0004            ok             1.2ms rx=1 busy=0
17:16:28.704     +9706.014s  G0 F2.261946710584651 X0.0005            ok             1.3ms rx=1 busy=0
17:16:28.704     +9706.049s  G0 F2.261946710584651 X0.0004            ok             1.6ms rx=1 busy=0
17:16:28.704     +9706.084s  G0 F2.261946710584651 X0.0004            ok             2.5ms rx=1 busy=0
17:16:28.704     +9706.128s  G0 F2.261946710584651 X0.0005            ok             1.1ms rx=1 busy=0
17:16:28.704     +9706.161s  G0 F2.261946710584651 X0.0004            ok             1.6ms rx=1 busy=0
17:16:28.704     +9706.192s  G0 F2.261946710584651 X0.0004            ok             2.5ms rx=1 busy=0
17:16:28.704     +9706.227s  G0 F2.261946710584651 X0.0004            ok             2.1ms rx=1 busy=0
17:16:28.704     +9706.277s  G0 F2.261946710584651 X0.0005            ok             1.4ms rx=1 busy=0
17:16:28.704     +9706.324s  G0 F2.261946710584651 X0.0007            ok             2.3ms rx=1 busy=0
17:16:28.704     +9706.375s  G0 F2.261946710584651 X0.0005            ok             1.7ms rx=1 busy=0
17:16:28.704     +9706.419s  G0 F2.261946710584651 X0.0006            ok             1.4ms rx=1 busy=0
17:16:28.704     +9706.453s  G0 F2.261946710584651 X0.0004            ok             2.5ms rx=1 busy=0
17:16:28.704     +9706.505s  G0 F2.261946710584651 X0.0007            ok             4.5ms rx=1 busy=0
17:16:28.704     +9706.546s  G0 F2.261946710584651 X0.0005            ok             1.5ms rx=1 busy=0
17:16:28.704     +9706.577s  G0 F2.261946710584651 X0.0004            ok             1.4ms rx=1 busy=0
17:16:28.704     +9706.611s  G0 F2.261946710584651 X0.0004            ok             3.0ms rx=1 busy=0
17:16:28.704     +9706.644s  G0 F2.261946710584651 X0.0004            ok             1.9ms rx=1 busy=0
17:16:28.704     +9706.688s  G0 F2.261946710584651 X0.0007            ok             1.5ms rx=1 busy=0
17:16:28.704     +9706.722s  G0 F2.261946710584651 X0.0004            ok             3.0ms rx=1 busy=0
17:16:28.704     +9706.753s  G0 F2.261946710584651 X0.0004            ok             1.2ms rx=1 busy=0
17:16:28.704     +9706.785s  G0 F2.261946710584651 X0.0004            ok             1.2ms rx=1 busy=0
17:16:28.704     +9706.838s  G0 F2.261946710584651 X0.0004            ok            17.3ms rx=1 busy=0
17:16:28.704     +9706.878s  G0 F2.261946710584651 X0.0008            ok             2.4ms rx=1 busy=0
17:16:28.704     +9706.917s  G0 F2.261946710584651 X0.0004            ok             1.6ms rx=1 busy=0
17:16:28.704     +9706.962s  G0 F2.261946710584651 X0.0007            ok             4.6ms rx=1 busy=0
17:16:28.704     +9706.995s  G0 F2.261946710584651 X0.0004            ok             2.6ms rx=1 busy=0
17:16:28.704     +9707.038s  G0 F2.261946710584651 X0.0005            ok             0.9ms rx=1 busy=0
17:16:28.704     +9707.069s  G0 F2.261946710584651 X0.0004            ok             1.2ms rx=1 busy=0
17:16:28.704     +9707.103s  G0 F2.261946710584651 X0.0005            ok             1.6ms rx=1 busy=0
17:16:28.704     +9707.135s  G0 F2.261946710584651 X0.0004            ok             1.5ms rx=1 busy=0
17:16:28.704     +9707.168s  G0 F2.261946710584651 X0.0004            ok             1.7ms rx=1 busy=0
17:16:28.704     +9707.199s  G0 F2.261946710584651 X0.0004            ok             0.9ms rx=1 busy=0
17:16:28.704     +9707.232s  G0 F2.261946710584651 X0.0004            ok             2.9ms rx=1 busy=0
17:16:28.704     +9707.262s  G0 F2.261946710584651 X0.0004            ok             1.7ms rx=1 busy=0
17:16:28.704     +9707.293s  G0 F2.261946710584651 X0.0004            ok             0.9ms rx=1 busy=0
17:16:28.704     +9707.328s  G0 F2.261946710584651 X0.0004            ok             1.4ms rx=1 busy=0
17:16:28.704     +9707.361s  G0 F2.261946710584651 X0.0004            ok             3.0ms rx=1 busy=0
17:16:28.704     +9707.391s  G0 F2.261946710584651 X0.0004            ok             1.6ms rx=1 busy=0
17:16:28.704     +9707.420s  G0 F2.261946710584651 X0.0004            ok             1.2ms rx=1 busy=0
17:16:28.704     +9707.471s  G0 F2.261946710584651 X0.0004            ok             1.9ms rx=1 busy=0
17:16:28.704     +9707.505s  G0 F2.261946710584651 X0.0006            ok             1.0ms rx=1 busy=0
17:16:28.704     +9707.541s  G0 F2.261946710584651 X0.0004            ok             3.3ms rx=1 busy=0
17:16:28.704     +9707.589s  G0 F2.261946710584651 X0.0006            ok             1.7ms rx=1 busy=0
17:16:28.704     +9707.635s  G0 F2.261946710584651 X0.0006            ok             1.9ms rx=1 busy=0
17:16:28.704     +9707.683s  G0 F2.261946710584651 X0.0006            ok             2.7ms rx=1 busy=0
17:16:28.704     +9707.714s  G0 F2.261946710584651 X0.0004            ok             4.9ms rx=1 busy=0
17:16:28.705     +9707.743s  G0 F2.261946710584651 X0.0004            ok             1.4ms rx=1 busy=0
17:16:28.705     +9707.775s  G0 F2.261946710584651 X0.0004            ok             1.6ms rx=1 busy=0
17:16:28.705     +9707.812s  G0 F2.261946710584651 X0.0004            ok             2.8ms rx=1 busy=0
17:16:28.705     +9707.875s  G0 F2.261946710584651 X0.0006            ok            17.7ms rx=1 busy=0
17:16:28.705     +9707.918s  G0 F2.261946710584651 X0.0009            ok             1.4ms rx=1 busy=0
17:16:28.705     +9707.949s  G0 F2.261946710584651 X0.0004            ok             1.0ms rx=1 busy=0
17:16:28.705     +9707.985s  G0 F2.261946710584651 X0.0004            ok             1.3ms rx=1 busy=0
17:16:28.705     +9708.018s  G0 F2.261946710584651 X0.0004            ok             1.7ms rx=1 busy=0
17:16:28.705     +9708.045s  G0 F2.261946710584651 X0.0004            ok             1.5ms rx=1 busy=0
17:16:28.705     +9708.080s  G0 F2.261946710584651 X0.0004            ok             3.0ms rx=1 busy=0
17:16:28.705     +9708.113s  G0 F2.261946710584651 X0.0004            ok             4.1ms rx=1 busy=0
17:16:28.705     +9708.144s  G0 F2.261946710584651 X0.0004            ok             1.7ms rx=1 busy=0
17:16:28.705     +9708.183s  G0 F2.261946710584651 X0.0004            ok             3.7ms rx=1 busy=0
17:16:28.705     +9708.225s  G0 F2.261946710584651 X0.0005            ok             1.6ms rx=1 busy=0
17:16:28.705     +9708.254s  G0 F2.261946710584651 X0.0004            ok             0.9ms rx=1 busy=0
17:16:28.705     +9708.290s  G0 F2.261946710584651 X0.0004            ok             2.1ms rx=1 busy=0
17:16:28.705     +9708.316s  G0 F2.261946710584651 X0.0005            ok             1.3ms rx=1 busy=0
17:16:28.705     +9708.349s  G0 F2.261946710584651 X0.0004            ok             1.0ms rx=1 busy=0
17:16:28.705     +9708.384s  G0 F2.261946710584651 X0.0004            ok             1.6ms rx=1 busy=0
17:16:28.705     +9708.413s  G0 F2.261946710584651 X0.0004            ok             1.7ms rx=1 busy=0
17:16:28.705     +9708.446s  G0 F2.261946710584651 X0.0004            ok             1.2ms rx=1 busy=0
17:16:28.705     +9708.476s  G0 F2.261946710584651 X0.0004            ok             0.8ms rx=1 busy=0
17:16:28.705     +9708.509s  G0 F2.261946710584651 X0.0004            ok             1.1ms rx=1 busy=0
17:16:28.705     +9708.543s  G0 F2.261946710584651 X0.0004            ok             1.3ms rx=1 busy=0
17:16:28.705     +9708.575s  G0 F2.261946710584651 X0.0004            ok             1.0ms rx=1 busy=0
17:16:28.705     +9708.606s  G0 F2.261946710584651 X0.0004            ok             1.5ms rx=1 busy=0
17:16:28.705     +9708.638s  G0 F2.261946710584651 X0.0004            ok             1.2ms rx=1 busy=0
17:16:28.705     +9708.668s  G0 F2.261946710584651 X0.0004            ok             0.9ms rx=1 busy=0
17:16:28.705     +9708.710s  G0 F2.261946710584651 X0.0004            ok             1.8ms rx=1 busy=0
17:16:28.705     +9708.750s  G0 F2.261946710584651 X0.0006            ok             1.1ms rx=1 busy=0
17:16:28.705     +9708.780s  G0 F2.261946710584651 X0.0004            ok             1.1ms rx=1 busy=0
17:16:28.705     +9708.817s  G0 F2.261946710584651 X0.0004            ok             1.4ms rx=1 busy=0
17:16:28.705     +9708.848s  G0 F2.261946710584651 X0.0004            ok             1.4ms rx=1 busy=0
17:16:28.705     +9708.899s  G0 F2.261946710584651 X0.0004            ok            23.1ms rx=1 busy=0
17:16:28.705     +9708.946s  G0 F2.261946710584651 X0.0007            ok             1.4ms rx=1 busy=0
17:16:28.705     +9708.977s  G0 F2.261946710584651 X0.0004            ok             2.4ms rx=1 busy=0
17:16:28.705     +9709.006s  G0 F2.261946710584651 X0.0004            ok             0.9ms rx=1 busy=0
17:16:28.705     +9709.038s  G0 F2.261946710584651 X0.0004            ok             2.0ms rx=1 busy=0
17:16:28.705     +9709.088s  G0 F2.261946710584651 X0.0005            ok             2.7ms rx=1 busy=0
17:16:28.706     +9709.121s  G0 F2.261946710584651 X0.0004            ok             1.1ms rx=1 busy=0
17:16:28.706     +9709.157s  G0 F2.261946710584651 X0.0005            ok             2.4ms rx=1 busy=0
17:16:28.706     +9709.202s  G0 F2.261946710584651 X0.0005            ok             2.2ms rx=1 busy=0
17:16:28.706     +9709.238s  G0 F2.261946710584651 X0.0004            ok             2.6ms rx=1 busy=0
17:16:28.706     +9709.282s  G0 F2.261946710584651 X0.0006            ok             2.3ms rx=1 busy=0
17:16:28.706     +9709.314s  G0 F2.261946710584651 X0.0004            ok             1.2ms rx=1 busy=0
17:16:28.706     +9709.349s  G0 F2.261946710584651 X0.0004            ok             5.0ms rx=1 busy=0
17:16:28.706     +9709.392s  G0 F2.261946710584651 X0.0006            ok             1.7ms rx=1 busy=0
17:16:28.706     +9709.420s  G0 F2.261946710584651 X0.0004            ok             1.1ms rx=1 busy=0
17:16:28.706     +9709.455s  G0 F2.261946710584651 X0.0004            ok             1.0ms rx=1 busy=0
17:16:28.706     +9709.489s  G0 F2.261946710584651 X0.0004            ok             1.7ms rx=1 busy=0
17:16:28.706     +9709.523s  G0 F2.261946710584651 X0.0004            ok             1.8ms rx=1 busy=0
17:16:28.706     +9709.553s  G0 F2.261946710584651 X0.0005            ok             1.2ms rx=1 busy=0
17:16:28.706     +9709.585s  G0 F2.261946710584651 X0.0004            ok             1.3ms rx=1 busy=0
17:16:28.706     +9709.614s  G0 F2.261946710584651 X0.0004            ok             1.1ms rx=1 busy=0
17:16:28.706     +9709.656s  G0 F2.261946710584651 X0.0004            ok             5.2ms rx=1 busy=0
17:16:28.706     +9709.696s  G0 F2.261946710584651 X0.0005            ok             1.4ms rx=1 busy=0
17:16:28.706     +9709.733s  G0 F2.261946710584651 X0.0004            ok             0.9ms rx=1 busy=0
17:16:28.706     +9709.773s  G0 F2.261946710584651 X0.0006            ok             1.5ms rx=1 busy=0
17:16:28.706     +9709.806s  G0 F2.261946710584651 X0.0004            ok             1.5ms rx=1 busy=0
17:16:28.706     +9709.838s  G0 F2.261946710584651 X0.0004            ok             2.3ms rx=1 busy=0
17:16:28.706     +9709.869s  G0 F2.261946710584651 X0.0004            ok             1.4ms rx=1 busy=0
17:16:28.706     +9709.919s  G0 F2.261946710584651 X0.0004            ok            18.6ms rx=1 busy=0
17:16:28.706     +9709.956s  G0 F2.261946710584651 X0.0007            ok             4.6ms rx=1 busy=0
17:16:28.706     +9710.001s  G0 F2.261946710584651 X0.0006            ok             1.4ms rx=1 busy=0
17:16:28.706     +9710.031s  G0 F2.261946710584651 X0.0004            ok             1.2ms rx=1 busy=0
17:16:28.706     +9710.067s  G0 F2.261946710584651 X0.0004            ok             1.0ms rx=1 busy=0
17:16:28.706     +9710.096s  G0 F2.261946710584651 X0.0004            ok             2.6ms rx=1 busy=0
17:16:28.706     +9710.125s  G0 F2.261946710584651 X0.0004            ok             0.9ms rx=1 busy=0
17:16:28.706     +9710.157s  G0 F2.261946710584651 X0.0004            ok             1.8ms rx=1 busy=0
17:16:28.706     +9710.195s  G0 F2.261946710584651 X0.0004            ok             2.9ms rx=1 busy=0
17:16:28.706     +9710.223s  G0 F2.261946710584651 X0.0004            ok             1.2ms rx=1 busy=0
17:16:28.706     +9710.253s  G0 F2.261946710584651 X0.0004            ok             0.9ms rx=1 busy=0
17:16:28.707     +9710.289s  G0 F2.261946710584651 X0.0004            ok             1.9ms rx=1 busy=0
17:16:28.707     +9710.322s  G0 F2.261946710584651 X0.0004            ok             1.4ms rx=1 busy=0
17:16:28.707     +9710.348s  G0 F2.261946710584651 X0.0005            ok             0.9ms rx=1 busy=0
17:16:28.707     +9710.383s  G0 F2.261946710584651 X0.0004            ok             2.0ms rx=1 busy=0
17:16:28.707     +9710.415s  G0 F2.261946710584651 X0.0004            ok             1.3ms rx=1 busy=0
17:16:28.707     +9710.444s  G0 F2.261946710584651 X0.0004            ok             1.0ms rx=1 busy=0
17:16:28.707     +9710.479s  G0 F2.261946710584651 X0.0004            ok             1.9ms rx=1 busy=0
17:16:28.707     +9710.512s  G0 F2.261946710584651 X0.0004            ok             1.6ms rx=1 busy=0
17:16:28.707     +9710.544s  G0 F2.261946710584651 X0.0004            ok             1.2ms rx=1 busy=0
17:16:28.707     +9710.577s  G0 F2.261946710584651 X0.0004            ok             1.2ms rx=1 busy=0
17:16:28.707     +9710.605s  G0 F2.261946710584651 X0.0004            ok             1.2ms rx=1 busy=0
17:16:28.707     +9710.638s  G0 F2.261946710584651 X0.0004            ok             1.1ms rx=1 busy=0
17:16:28.707     +9710.672s  G0 F2.261946710584651 X0.0003            ok             3.1ms rx=1 busy=0
17:16:28.707     +9710.702s  G0 F2.261946710584651 X0.0004            ok             1.4ms rx=1 busy=0
17:16:28.707     +9710.752s  G0 F2.261946710584651 X0.0004            ok             1.7ms rx=1 busy=0
17:16:28.707     +9710.784s  G0 F2.261946710584651 X0.0006            ok             2.5ms rx=1 busy=0
17:16:28.707     +9710.812s  G0 F2.261946710584651 X0.0004            ok             1.2ms rx=1 busy=0
17:16:28.707     +9710.849s  G0 F2.261946710584651 X0.0004            ok             1.2ms rx=1 busy=0
17:16:28.707     +9710.881s  G0 F2.261946710584651 X0.0003            ok             1.2ms rx=1 busy=0
17:16:28.707     +9710.913s  G0 F2.261946710584651 X0.0003            ok             4.1ms rx=1 busy=0
17:16:28.708     +9710.981s  G0 F2.261946710584651 X0.0006            ok             1.5ms rx=1 busy=0
17:16:28.708     +9711.031s  G0 F2.261946710584651 X0.0004            ok             7.1ms rx=1 busy=0
17:16:28.708     +9711.071s  G0 F2.261946710584651 X0.0004            ok             1.5ms rx=1 busy=0
17:16:28.708     +9711.135s  G0 F2.261946710584651 X0.0005            ok             1.7ms rx=1 busy=0
17:16:28.708     +9711.203s  G0 F2.261946710584651 X0.0004            ok             1.1ms rx=1 busy=0
17:16:28.708     +9711.284s  G0 F2.261946710584651 X0.0005            ok             1.3ms rx=1 busy=0
17:16:28.708     +9711.362s  G0 F2.261946710584651 X0.0006            ok             6.2ms rx=1 busy=0
17:16:28.708     +9711.429s  G0 F2.261946710584651 X0.0004            ok             3.8ms rx=1 busy=0
17:16:28.708     +9711.507s  G0 F2.261946710584651 X0.0004            ok             1.5ms rx=1 busy=0
17:16:28.708     +9711.597s  G0 F2.261946710584651 X0.0004            ok             1.0ms rx=1 busy=0
17:16:28.708     +9711.678s  G0 F2.261946710584651 X0.0003            ok             1.0ms rx=1 busy=0
17:16:28.708     +9711.775s  G0 F2.261946710584651 X0.0003            ok             1.0ms rx=1 busy=0
17:16:28.708     +9711.871s  G0 F2.261946710584651 X0.0003            ok             1.5ms rx=1 busy=0
17:16:28.708     +9712.013s  G0 F2.261946710584651 X0.0004            ok            17.9ms rx=1 busy=0
17:16:28.708     +9712.141s  G0 F2.261946710584651 X0.0003            ok             0.9ms rx=1 busy=0
17:16:28.708     +9712.303s  G0 F2.261946710584651 X0.0003            ok             1.4ms rx=1 busy=0
17:16:28.708     +9712.509s  G0 F2.261946710584651 X0.0003            ok             2.1ms rx=1 busy=0
17:16:28.708     +9712.768s  G0 F2.261946710584651 X0.0004            ok             0.9ms rx=1 busy=0
17:16:28.708     +9713.062s  G0 F2.261946710584651 X0.0004            ok             2.9ms rx=1 busy=0
17:16:28.708     +9713.326s  G0 F2.261946710584651 X0.0003            ok             1.2ms rx=1 busy=0
17:16:28.708     +9713.568s  G0 F2.261946710584651 X0.0002            ok             1.2ms rx=1 busy=0
17:16:28.708     +9713.651s  G0 F200.0 X-0.0600                       ok             1.2ms rx=1 busy=0
17:16:28.709     +9713.658s  M114                                     ok             4.0ms rx=2 busy=0
17:16:28.709     +9713.659s  G90                                      ok             0.3ms rx=1 busy=0
17:16:28.709     +9713.660s  G0 Z-102.7000 F60                        ok             1.0ms rx=1 busy=0
17:16:28.709     +9713.660s  G91                                      ok             0.4ms rx=1 busy=0
17:16:28.709     +9713.660s  G90                                      ok             0.2ms rx=1 busy=0
17:16:28.709     +9713.661s  G0 Z-79.3500 F201                        ok             1.0ms rx=1 busy=0
17:16:28.709     +9713.662s  G91                                      ok             0.3ms rx=1 busy=0
17:16:28.709     +9721.719s  M400                                     ok          8057.2ms rx=5 busy=4
17:16:28.709 ---- end recent ----
17:16:50.502 ANOMALY M400                                     ok         12129.3ms rx=7 busy=6
17:16:50.502 ---- recent ZP transactions (anomaly: M400 -> ok) [300] ----
17:16:50.502     +9701.777s  G0 F2.261946710584651 X0.0006            ok             2.7ms rx=1 busy=0
17:16:50.502     +9701.811s  G0 F2.261946710584651 X0.0005            ok             3.5ms rx=1 busy=0
17:16:50.502     +9701.857s  G0 F2.261946710584651 X0.0006            ok             1.5ms rx=1 busy=0
17:16:50.502     +9701.894s  G0 F2.261946710584651 X0.0004            ok             1.4ms rx=1 busy=0
17:16:50.502     +9701.936s  G0 F2.261946710584651 X0.0007            ok             1.6ms rx=1 busy=0
17:16:50.502     +9701.973s  G0 F2.261946710584651 X0.0004            ok             1.7ms rx=1 busy=0
17:16:50.502     +9702.014s  G0 F2.261946710584651 X0.0005            ok             1.2ms rx=1 busy=0
17:16:50.502     +9702.046s  G0 F2.261946710584651 X0.0004            ok             0.9ms rx=1 busy=0
17:16:50.502     +9702.085s  G0 F2.261946710584651 X0.0004            ok             1.5ms rx=1 busy=0
17:16:50.502     +9702.124s  G0 F2.261946710584651 X0.0006            ok             1.1ms rx=1 busy=0
17:16:50.502     +9702.156s  G0 F2.261946710584651 X0.0004            ok             0.9ms rx=1 busy=0
17:16:50.502     +9702.196s  G0 F2.261946710584651 X0.0004            ok             3.2ms rx=1 busy=0
17:16:50.503     +9702.236s  G0 F2.261946710584651 X0.0006            ok             1.2ms rx=1 busy=0
17:16:50.503     +9702.271s  G0 F2.261946710584651 X0.0004            ok             1.8ms rx=1 busy=0
17:16:50.503     +9702.303s  G0 F2.261946710584651 X0.0004            ok             1.2ms rx=1 busy=0
17:16:50.503     +9702.340s  G0 F2.261946710584651 X0.0004            ok             3.8ms rx=1 busy=0
17:16:50.503     +9702.383s  G0 F2.261946710584651 X0.0006            ok             1.4ms rx=1 busy=0
17:16:50.503     +9702.418s  G0 F2.261946710584651 X0.0004            ok             1.8ms rx=1 busy=0
17:16:50.503     +9702.450s  G0 F2.261946710584651 X0.0004            ok             1.5ms rx=1 busy=0
17:16:50.503     +9702.478s  G0 F2.261946710584651 X0.0004            ok             1.0ms rx=1 busy=0
17:16:50.503     +9702.511s  G0 F2.261946710584651 X0.0004            ok             1.3ms rx=1 busy=0
17:16:50.503     +9702.552s  G0 F2.261946710584651 X0.0004            ok             3.1ms rx=1 busy=0
17:16:50.503     +9702.589s  G0 F2.261946710584651 X0.0006            ok             0.9ms rx=1 busy=0
17:16:50.503     +9702.628s  G0 F2.261946710584651 X0.0005            ok             1.2ms rx=1 busy=0
17:16:50.503     +9702.684s  G0 F2.261946710584651 X0.0006            ok            16.6ms rx=1 busy=0
17:16:50.503     +9702.724s  G0 F2.261946710584651 X0.0006            ok             1.0ms rx=1 busy=0
17:16:50.503     +9702.765s  G0 F2.261946710584651 X0.0006            ok             1.8ms rx=1 busy=0
17:16:50.503     +9702.796s  G0 F2.261946710584651 X0.0004            ok             0.8ms rx=1 busy=0
17:16:50.503     +9702.828s  G0 F2.261946710584651 X0.0004            ok             1.0ms rx=1 busy=0
17:16:50.503     +9702.863s  G0 F2.261946710584651 X0.0004            ok             2.2ms rx=1 busy=0
17:16:50.503     +9702.892s  G0 F2.261946710584651 X0.0004            ok             1.2ms rx=1 busy=0
17:16:50.503     +9702.927s  G0 F2.261946710584651 X0.0004            ok             1.2ms rx=1 busy=0
17:16:50.503     +9702.961s  G0 F2.261946710584651 X0.0004            ok             2.1ms rx=1 busy=0
17:16:50.503     +9702.997s  G0 F2.261946710584651 X0.0004            ok             1.3ms rx=1 busy=0
17:16:50.503     +9703.043s  G0 F2.261946710584651 X0.0007            ok             2.1ms rx=1 busy=0
17:16:50.503     +9703.073s  G0 F2.261946710584651 X0.0004            ok             2.9ms rx=1 busy=0
17:16:50.503     +9703.103s  G0 F2.261946710584651 X0.0004            ok             0.9ms rx=1 busy=0
17:16:50.503     +9703.135s  G0 F2.261946710584651 X0.0004            ok             0.9ms rx=1 busy=0
17:16:50.503     +9703.172s  G0 F2.261946710584651 X0.0004            ok             1.8ms rx=1 busy=0
17:16:50.503     +9703.217s  G0 F2.261946710584651 X0.0005            ok             1.7ms rx=1 busy=0
17:16:50.503     +9703.246s  G0 F2.261946710584651 X0.0004            ok             1.0ms rx=1 busy=0
17:16:50.503     +9703.277s  G0 F2.261946710584651 X0.0004            ok             1.2ms rx=1 busy=0
17:16:50.503     +9703.312s  G0 F2.261946710584651 X0.0004            ok             2.6ms rx=1 busy=0
17:16:50.503     +9703.348s  G0 F2.261946710584651 X0.0004            ok             1.2ms rx=1 busy=0
17:16:50.503     +9703.395s  G0 F2.261946710584651 X0.0005            ok             2.5ms rx=1 busy=0
17:16:50.503     +9703.443s  G0 F2.261946710584651 X0.0008            ok             3.5ms rx=1 busy=0
17:16:50.503     +9703.491s  G0 F2.261946710584651 X0.0005            ok             6.1ms rx=1 busy=0
17:16:50.503     +9703.534s  G0 F2.261946710584651 X0.0006            ok             0.9ms rx=1 busy=0
17:16:50.503     +9703.572s  G0 F2.261946710584651 X0.0004            ok             1.6ms rx=1 busy=0
17:16:50.503     +9703.619s  G0 F2.261946710584651 X0.0006            ok             1.6ms rx=1 busy=0
17:16:50.503     +9703.665s  G0 F2.261946710584651 X0.0005            ok             1.4ms rx=1 busy=0
17:16:50.503     +9703.721s  G0 F2.261946710584651 X0.0004            ok            26.2ms rx=1 busy=0
17:16:50.503     +9703.758s  G0 F2.261946710584651 X0.0008            ok             0.9ms rx=1 busy=0
17:16:50.503     +9703.798s  G0 F2.261946710584651 X0.0004            ok             2.7ms rx=1 busy=0
17:16:50.503     +9703.851s  G0 F2.261946710584651 X0.0006            ok             4.1ms rx=1 busy=0
17:16:50.503     +9703.894s  G0 F2.261946710584651 X0.0006            ok             2.5ms rx=1 busy=0
17:16:50.503     +9703.937s  G0 F2.261946710584651 X0.0006            ok             1.8ms rx=1 busy=0
17:16:50.503     +9703.970s  G0 F2.261946710584651 X0.0004            ok             1.3ms rx=1 busy=0
17:16:50.503     +9704.004s  G0 F2.261946710584651 X0.0004            ok             1.2ms rx=1 busy=0
17:16:50.503     +9704.047s  G0 F2.261946710584651 X0.0006            ok             0.9ms rx=1 busy=0
17:16:50.504     +9704.081s  G0 F2.261946710584651 X0.0004            ok             1.9ms rx=1 busy=0
17:16:50.504     +9704.112s  G0 F2.261946710584651 X0.0004            ok             2.6ms rx=1 busy=0
17:16:50.504     +9704.140s  G0 F2.261946710584651 X0.0004            ok             1.3ms rx=1 busy=0
17:16:50.504     +9704.173s  G0 F2.261946710584651 X0.0004            ok             1.3ms rx=1 busy=0
17:16:50.504     +9704.211s  G0 F2.261946710584651 X0.0004            ok             2.4ms rx=1 busy=0
17:16:50.504     +9704.242s  G0 F2.261946710584651 X0.0005            ok             1.3ms rx=1 busy=0
17:16:50.504     +9704.273s  G0 F2.261946710584651 X0.0004            ok             1.2ms rx=1 busy=0
17:16:50.504     +9704.307s  G0 F2.261946710584651 X0.0004            ok             1.2ms rx=1 busy=0
17:16:50.504     +9704.354s  G0 F2.261946710584651 X0.0005            ok             2.0ms rx=1 busy=0
17:16:50.504     +9704.387s  G0 F2.261946710584651 X0.0004            ok             2.5ms rx=1 busy=0
17:16:50.504     +9704.416s  G0 F2.261946710584651 X0.0004            ok             1.4ms rx=1 busy=0
17:16:50.504     +9704.447s  G0 F2.261946710584651 X0.0004            ok             2.4ms rx=1 busy=0
17:16:50.504     +9704.489s  G0 F2.261946710584651 X0.0004            ok             1.2ms rx=1 busy=0
17:16:50.504     +9704.527s  G0 F2.261946710584651 X0.0006            ok             1.2ms rx=1 busy=0
17:16:50.504     +9704.558s  G0 F2.261946710584651 X0.0004            ok             1.1ms rx=1 busy=0
17:16:50.504     +9704.592s  G0 F2.261946710584651 X0.0004            ok             2.3ms rx=1 busy=0
17:16:50.504     +9704.624s  G0 F2.261946710584651 X0.0004            ok             2.0ms rx=1 busy=0
17:16:50.504     +9704.654s  G0 F2.261946710584651 X0.0005            ok             1.2ms rx=1 busy=0
17:16:50.504     +9704.686s  G0 F2.261946710584651 X0.0004            ok             1.2ms rx=1 busy=0
17:16:50.504     +9704.743s  G0 F2.261946710584651 X0.0004            ok            22.4ms rx=1 busy=0
17:16:50.504     +9704.782s  G0 F2.261946710584651 X0.0007            ok             2.4ms rx=1 busy=0
17:16:50.504     +9704.816s  G0 F2.261946710584651 X0.0004            ok             4.2ms rx=1 busy=0
17:16:50.504     +9704.846s  G0 F2.261946710584651 X0.0004            ok             1.2ms rx=1 busy=0
17:16:50.504     +9704.876s  G0 F2.261946710584651 X0.0004            ok             0.9ms rx=1 busy=0
17:16:50.504     +9704.913s  G0 F2.261946710584651 X0.0004            ok             1.8ms rx=1 busy=0
17:16:50.504     +9704.942s  G0 F2.261946710584651 X0.0004            ok             1.2ms rx=1 busy=0
17:16:50.504     +9704.973s  G0 F2.261946710584651 X0.0004            ok             1.2ms rx=1 busy=0
17:16:50.504     +9705.007s  G0 F2.261946710584651 X0.0004            ok             1.7ms rx=1 busy=0
17:16:50.504     +9705.041s  G0 F2.261946710584651 X0.0004            ok             1.3ms rx=1 busy=0
17:16:50.504     +9705.071s  G0 F2.261946710584651 X0.0005            ok             1.9ms rx=1 busy=0
17:16:50.504     +9705.101s  G0 F2.261946710584651 X0.0004            ok             2.0ms rx=1 busy=0
17:16:50.504     +9705.139s  G0 F2.261946710584651 X0.0004            ok             1.0ms rx=1 busy=0
17:16:50.504     +9705.169s  G0 F2.261946710584651 X0.0004            ok             1.4ms rx=1 busy=0
17:16:50.504     +9705.197s  G0 F2.261946710584651 X0.0004            ok             1.4ms rx=1 busy=0
17:16:50.504     +9705.234s  G0 F2.261946710584651 X0.0004            ok             2.6ms rx=1 busy=0
17:16:50.504     +9705.278s  G0 F2.261946710584651 X0.0004            ok             1.4ms rx=1 busy=0
17:16:50.504     +9705.316s  G0 F2.261946710584651 X0.0005            ok             1.8ms rx=1 busy=0
17:16:50.504     +9705.362s  G0 F2.261946710584651 X0.0006            ok             1.2ms rx=1 busy=0
17:16:50.504     +9705.399s  G0 F2.261946710584651 X0.0004            ok             1.4ms rx=1 busy=0
17:16:50.504     +9705.441s  G0 F2.261946710584651 X0.0005            ok             2.0ms rx=1 busy=0
17:16:50.504     +9705.470s  G0 F2.261946710584651 X0.0005            ok             1.1ms rx=1 busy=0
17:16:50.504     +9705.503s  G0 F2.261946710584651 X0.0004            ok             1.3ms rx=1 busy=0
17:16:50.505     +9705.537s  G0 F2.261946710584651 X0.0004            ok             1.4ms rx=1 busy=0
17:16:50.505     +9705.567s  G0 F2.261946710584651 X0.0004            ok             1.6ms rx=1 busy=0
17:16:50.505     +9705.605s  G0 F2.261946710584651 X0.0004            ok             1.0ms rx=1 busy=0
17:16:50.505     +9705.646s  G0 F2.261946710584651 X0.0006            ok             1.2ms rx=1 busy=0
17:16:50.505     +9705.679s  G0 F2.261946710584651 X0.0004            ok             1.3ms rx=1 busy=0
17:16:50.505     +9705.721s  G0 F2.261946710584651 X0.0004            ok             7.3ms rx=1 busy=0
17:16:50.505     +9705.781s  G0 F2.261946710584651 X0.0006            ok            22.2ms rx=1 busy=0
17:16:50.505     +9705.835s  G0 F2.261946710584651 X0.0007            ok             2.8ms rx=1 busy=0
17:16:50.505     +9705.871s  G0 F2.261946710584651 X0.0007            ok             1.5ms rx=1 busy=0
17:16:50.505     +9705.908s  G0 F2.261946710584651 X0.0004            ok             1.5ms rx=1 busy=0
17:16:50.506     +9705.948s  G0 F2.261946710584651 X0.0006            ok             1.0ms rx=1 busy=0
17:16:50.506     +9705.981s  G0 F2.261946710584651 X0.0004            ok             1.2ms rx=1 busy=0
17:16:50.506     +9706.014s  G0 F2.261946710584651 X0.0005            ok             1.3ms rx=1 busy=0
17:16:50.506     +9706.049s  G0 F2.261946710584651 X0.0004            ok             1.6ms rx=1 busy=0
17:16:50.506     +9706.084s  G0 F2.261946710584651 X0.0004            ok             2.5ms rx=1 busy=0
17:16:50.506     +9706.128s  G0 F2.261946710584651 X0.0005            ok             1.1ms rx=1 busy=0
17:16:50.506     +9706.161s  G0 F2.261946710584651 X0.0004            ok             1.6ms rx=1 busy=0
17:16:50.506     +9706.192s  G0 F2.261946710584651 X0.0004            ok             2.5ms rx=1 busy=0
17:16:50.506     +9706.227s  G0 F2.261946710584651 X0.0004            ok             2.1ms rx=1 busy=0
17:16:50.506     +9706.277s  G0 F2.261946710584651 X0.0005            ok             1.4ms rx=1 busy=0
17:16:50.506     +9706.324s  G0 F2.261946710584651 X0.0007            ok             2.3ms rx=1 busy=0
17:16:50.507     +9706.375s  G0 F2.261946710584651 X0.0005            ok             1.7ms rx=1 busy=0
17:16:50.507     +9706.419s  G0 F2.261946710584651 X0.0006            ok             1.4ms rx=1 busy=0
17:16:50.507     +9706.453s  G0 F2.261946710584651 X0.0004            ok             2.5ms rx=1 busy=0
17:16:50.507     +9706.505s  G0 F2.261946710584651 X0.0007            ok             4.5ms rx=1 busy=0
17:16:50.507     +9706.546s  G0 F2.261946710584651 X0.0005            ok             1.5ms rx=1 busy=0
17:16:50.507     +9706.577s  G0 F2.261946710584651 X0.0004            ok             1.4ms rx=1 busy=0
17:16:50.507     +9706.611s  G0 F2.261946710584651 X0.0004            ok             3.0ms rx=1 busy=0
17:16:50.507     +9706.644s  G0 F2.261946710584651 X0.0004            ok             1.9ms rx=1 busy=0
17:16:50.507     +9706.688s  G0 F2.261946710584651 X0.0007            ok             1.5ms rx=1 busy=0
17:16:50.507     +9706.722s  G0 F2.261946710584651 X0.0004            ok             3.0ms rx=1 busy=0
17:16:50.507     +9706.753s  G0 F2.261946710584651 X0.0004            ok             1.2ms rx=1 busy=0
17:16:50.509     +9706.785s  G0 F2.261946710584651 X0.0004            ok             1.2ms rx=1 busy=0
17:16:50.510     +9706.838s  G0 F2.261946710584651 X0.0004            ok            17.3ms rx=1 busy=0
17:16:50.510     +9706.878s  G0 F2.261946710584651 X0.0008            ok             2.4ms rx=1 busy=0
17:16:50.510     +9706.917s  G0 F2.261946710584651 X0.0004            ok             1.6ms rx=1 busy=0
17:16:50.511     +9706.962s  G0 F2.261946710584651 X0.0007            ok             4.6ms rx=1 busy=0
17:16:50.511     +9706.995s  G0 F2.261946710584651 X0.0004            ok             2.6ms rx=1 busy=0
17:16:50.511     +9707.038s  G0 F2.261946710584651 X0.0005            ok             0.9ms rx=1 busy=0
17:16:50.511     +9707.069s  G0 F2.261946710584651 X0.0004            ok             1.2ms rx=1 busy=0
17:16:50.512     +9707.103s  G0 F2.261946710584651 X0.0005            ok             1.6ms rx=1 busy=0
17:16:50.512     +9707.135s  G0 F2.261946710584651 X0.0004            ok             1.5ms rx=1 busy=0
17:16:50.512     +9707.168s  G0 F2.261946710584651 X0.0004            ok             1.7ms rx=1 busy=0
17:16:50.514     +9707.199s  G0 F2.261946710584651 X0.0004            ok             0.9ms rx=1 busy=0
17:16:50.514     +9707.232s  G0 F2.261946710584651 X0.0004            ok             2.9ms rx=1 busy=0
17:16:50.514     +9707.262s  G0 F2.261946710584651 X0.0004            ok             1.7ms rx=1 busy=0
17:16:50.514     +9707.293s  G0 F2.261946710584651 X0.0004            ok             0.9ms rx=1 busy=0
17:16:50.514     +9707.328s  G0 F2.261946710584651 X0.0004            ok             1.4ms rx=1 busy=0
17:16:50.514     +9707.361s  G0 F2.261946710584651 X0.0004            ok             3.0ms rx=1 busy=0
17:16:50.515     +9707.391s  G0 F2.261946710584651 X0.0004            ok             1.6ms rx=1 busy=0
17:16:50.515     +9707.420s  G0 F2.261946710584651 X0.0004            ok             1.2ms rx=1 busy=0
17:16:50.515     +9707.471s  G0 F2.261946710584651 X0.0004            ok             1.9ms rx=1 busy=0
17:16:50.515     +9707.505s  G0 F2.261946710584651 X0.0006            ok             1.0ms rx=1 busy=0
17:16:50.515     +9707.541s  G0 F2.261946710584651 X0.0004            ok             3.3ms rx=1 busy=0
17:16:50.515     +9707.589s  G0 F2.261946710584651 X0.0006            ok             1.7ms rx=1 busy=0
17:16:50.515     +9707.635s  G0 F2.261946710584651 X0.0006            ok             1.9ms rx=1 busy=0
17:16:50.516     +9707.683s  G0 F2.261946710584651 X0.0006            ok             2.7ms rx=1 busy=0
17:16:50.517     +9707.714s  G0 F2.261946710584651 X0.0004            ok             4.9ms rx=1 busy=0
17:16:50.517     +9707.743s  G0 F2.261946710584651 X0.0004            ok             1.4ms rx=1 busy=0
17:16:50.517     +9707.775s  G0 F2.261946710584651 X0.0004            ok             1.6ms rx=1 busy=0
17:16:50.517     +9707.812s  G0 F2.261946710584651 X0.0004            ok             2.8ms rx=1 busy=0
17:16:50.517     +9707.875s  G0 F2.261946710584651 X0.0006            ok            17.7ms rx=1 busy=0
17:16:50.517     +9707.918s  G0 F2.261946710584651 X0.0009            ok             1.4ms rx=1 busy=0
17:16:50.517     +9707.949s  G0 F2.261946710584651 X0.0004            ok             1.0ms rx=1 busy=0
17:16:50.517     +9707.985s  G0 F2.261946710584651 X0.0004            ok             1.3ms rx=1 busy=0
17:16:50.517     +9708.018s  G0 F2.261946710584651 X0.0004            ok             1.7ms rx=1 busy=0
17:16:50.517     +9708.045s  G0 F2.261946710584651 X0.0004            ok             1.5ms rx=1 busy=0
17:16:50.517     +9708.080s  G0 F2.261946710584651 X0.0004            ok             3.0ms rx=1 busy=0
17:16:50.518     +9708.113s  G0 F2.261946710584651 X0.0004            ok             4.1ms rx=1 busy=0
17:16:50.518     +9708.144s  G0 F2.261946710584651 X0.0004            ok             1.7ms rx=1 busy=0
17:16:50.518     +9708.183s  G0 F2.261946710584651 X0.0004            ok             3.7ms rx=1 busy=0
17:16:50.518     +9708.225s  G0 F2.261946710584651 X0.0005            ok             1.6ms rx=1 busy=0
17:16:50.518     +9708.254s  G0 F2.261946710584651 X0.0004            ok             0.9ms rx=1 busy=0
17:16:50.518     +9708.290s  G0 F2.261946710584651 X0.0004            ok             2.1ms rx=1 busy=0
17:16:50.518     +9708.316s  G0 F2.261946710584651 X0.0005            ok             1.3ms rx=1 busy=0
17:16:50.518     +9708.349s  G0 F2.261946710584651 X0.0004            ok             1.0ms rx=1 busy=0
17:16:50.518     +9708.384s  G0 F2.261946710584651 X0.0004            ok             1.6ms rx=1 busy=0
17:16:50.518     +9708.413s  G0 F2.261946710584651 X0.0004            ok             1.7ms rx=1 busy=0
17:16:50.518     +9708.446s  G0 F2.261946710584651 X0.0004            ok             1.2ms rx=1 busy=0
17:16:50.518     +9708.476s  G0 F2.261946710584651 X0.0004            ok             0.8ms rx=1 busy=0
17:16:50.518     +9708.509s  G0 F2.261946710584651 X0.0004            ok             1.1ms rx=1 busy=0
17:16:50.518     +9708.543s  G0 F2.261946710584651 X0.0004            ok             1.3ms rx=1 busy=0
17:16:50.518     +9708.575s  G0 F2.261946710584651 X0.0004            ok             1.0ms rx=1 busy=0
17:16:50.518     +9708.606s  G0 F2.261946710584651 X0.0004            ok             1.5ms rx=1 busy=0
17:16:50.518     +9708.638s  G0 F2.261946710584651 X0.0004            ok             1.2ms rx=1 busy=0
17:16:50.518     +9708.668s  G0 F2.261946710584651 X0.0004            ok             0.9ms rx=1 busy=0
17:16:50.518     +9708.710s  G0 F2.261946710584651 X0.0004            ok             1.8ms rx=1 busy=0
17:16:50.519     +9708.750s  G0 F2.261946710584651 X0.0006            ok             1.1ms rx=1 busy=0
17:16:50.519     +9708.780s  G0 F2.261946710584651 X0.0004            ok             1.1ms rx=1 busy=0
17:16:50.520     +9708.817s  G0 F2.261946710584651 X0.0004            ok             1.4ms rx=1 busy=0
17:16:50.521     +9708.848s  G0 F2.261946710584651 X0.0004            ok             1.4ms rx=1 busy=0
17:16:50.521     +9708.899s  G0 F2.261946710584651 X0.0004            ok            23.1ms rx=1 busy=0
17:16:50.522     +9708.946s  G0 F2.261946710584651 X0.0007            ok             1.4ms rx=1 busy=0
17:16:50.522     +9708.977s  G0 F2.261946710584651 X0.0004            ok             2.4ms rx=1 busy=0
17:16:50.523     +9709.006s  G0 F2.261946710584651 X0.0004            ok             0.9ms rx=1 busy=0
17:16:50.523     +9709.038s  G0 F2.261946710584651 X0.0004            ok             2.0ms rx=1 busy=0
17:16:50.524     +9709.088s  G0 F2.261946710584651 X0.0005            ok             2.7ms rx=1 busy=0
17:16:50.524     +9709.121s  G0 F2.261946710584651 X0.0004            ok             1.1ms rx=1 busy=0
17:16:50.524     +9709.157s  G0 F2.261946710584651 X0.0005            ok             2.4ms rx=1 busy=0
17:16:50.524     +9709.202s  G0 F2.261946710584651 X0.0005            ok             2.2ms rx=1 busy=0
17:16:50.524     +9709.238s  G0 F2.261946710584651 X0.0004            ok             2.6ms rx=1 busy=0
17:16:50.524     +9709.282s  G0 F2.261946710584651 X0.0006            ok             2.3ms rx=1 busy=0
17:16:50.524     +9709.314s  G0 F2.261946710584651 X0.0004            ok             1.2ms rx=1 busy=0
17:16:50.525     +9709.349s  G0 F2.261946710584651 X0.0004            ok             5.0ms rx=1 busy=0
17:16:50.526     +9709.392s  G0 F2.261946710584651 X0.0006            ok             1.7ms rx=1 busy=0
17:16:50.527     +9709.420s  G0 F2.261946710584651 X0.0004            ok             1.1ms rx=1 busy=0
17:16:50.527     +9709.455s  G0 F2.261946710584651 X0.0004            ok             1.0ms rx=1 busy=0
17:16:50.527     +9709.489s  G0 F2.261946710584651 X0.0004            ok             1.7ms rx=1 busy=0
17:16:50.527     +9709.523s  G0 F2.261946710584651 X0.0004            ok             1.8ms rx=1 busy=0
17:16:50.527     +9709.553s  G0 F2.261946710584651 X0.0005            ok             1.2ms rx=1 busy=0
17:16:50.527     +9709.585s  G0 F2.261946710584651 X0.0004            ok             1.3ms rx=1 busy=0
17:16:50.527     +9709.614s  G0 F2.261946710584651 X0.0004            ok             1.1ms rx=1 busy=0
17:16:50.527     +9709.656s  G0 F2.261946710584651 X0.0004            ok             5.2ms rx=1 busy=0
17:16:50.527     +9709.696s  G0 F2.261946710584651 X0.0005            ok             1.4ms rx=1 busy=0
17:16:50.527     +9709.733s  G0 F2.261946710584651 X0.0004            ok             0.9ms rx=1 busy=0
17:16:50.527     +9709.773s  G0 F2.261946710584651 X0.0006            ok             1.5ms rx=1 busy=0
17:16:50.527     +9709.806s  G0 F2.261946710584651 X0.0004            ok             1.5ms rx=1 busy=0
17:16:50.527     +9709.838s  G0 F2.261946710584651 X0.0004            ok             2.3ms rx=1 busy=0
17:16:50.527     +9709.869s  G0 F2.261946710584651 X0.0004            ok             1.4ms rx=1 busy=0
17:16:50.527     +9709.919s  G0 F2.261946710584651 X0.0004            ok            18.6ms rx=1 busy=0
17:16:50.527     +9709.956s  G0 F2.261946710584651 X0.0007            ok             4.6ms rx=1 busy=0
17:16:50.527     +9710.001s  G0 F2.261946710584651 X0.0006            ok             1.4ms rx=1 busy=0
17:16:50.527     +9710.031s  G0 F2.261946710584651 X0.0004            ok             1.2ms rx=1 busy=0
17:16:50.527     +9710.067s  G0 F2.261946710584651 X0.0004            ok             1.0ms rx=1 busy=0
17:16:50.527     +9710.096s  G0 F2.261946710584651 X0.0004            ok             2.6ms rx=1 busy=0
17:16:50.527     +9710.125s  G0 F2.261946710584651 X0.0004            ok             0.9ms rx=1 busy=0
17:16:50.527     +9710.157s  G0 F2.261946710584651 X0.0004            ok             1.8ms rx=1 busy=0
17:16:50.527     +9710.195s  G0 F2.261946710584651 X0.0004            ok             2.9ms rx=1 busy=0
17:16:50.527     +9710.223s  G0 F2.261946710584651 X0.0004            ok             1.2ms rx=1 busy=0
17:16:50.527     +9710.253s  G0 F2.261946710584651 X0.0004            ok             0.9ms rx=1 busy=0
17:16:50.527     +9710.289s  G0 F2.261946710584651 X0.0004            ok             1.9ms rx=1 busy=0
17:16:50.527     +9710.322s  G0 F2.261946710584651 X0.0004            ok             1.4ms rx=1 busy=0
17:16:50.527     +9710.348s  G0 F2.261946710584651 X0.0005            ok             0.9ms rx=1 busy=0
17:16:50.528     +9710.383s  G0 F2.261946710584651 X0.0004            ok             2.0ms rx=1 busy=0
17:16:50.528     +9710.415s  G0 F2.261946710584651 X0.0004            ok             1.3ms rx=1 busy=0
17:16:50.528     +9710.444s  G0 F2.261946710584651 X0.0004            ok             1.0ms rx=1 busy=0
17:16:50.528     +9710.479s  G0 F2.261946710584651 X0.0004            ok             1.9ms rx=1 busy=0
17:16:50.528     +9710.512s  G0 F2.261946710584651 X0.0004            ok             1.6ms rx=1 busy=0
17:16:50.528     +9710.544s  G0 F2.261946710584651 X0.0004            ok             1.2ms rx=1 busy=0
17:16:50.528     +9710.577s  G0 F2.261946710584651 X0.0004            ok             1.2ms rx=1 busy=0
17:16:50.528     +9710.605s  G0 F2.261946710584651 X0.0004            ok             1.2ms rx=1 busy=0
17:16:50.528     +9710.638s  G0 F2.261946710584651 X0.0004            ok             1.1ms rx=1 busy=0
17:16:50.528     +9710.672s  G0 F2.261946710584651 X0.0003            ok             3.1ms rx=1 busy=0
17:16:50.528     +9710.702s  G0 F2.261946710584651 X0.0004            ok             1.4ms rx=1 busy=0
17:16:50.528     +9710.752s  G0 F2.261946710584651 X0.0004            ok             1.7ms rx=1 busy=0
17:16:50.528     +9710.784s  G0 F2.261946710584651 X0.0006            ok             2.5ms rx=1 busy=0
17:16:50.528     +9710.812s  G0 F2.261946710584651 X0.0004            ok             1.2ms rx=1 busy=0
17:16:50.528     +9710.849s  G0 F2.261946710584651 X0.0004            ok             1.2ms rx=1 busy=0
17:16:50.528     +9710.881s  G0 F2.261946710584651 X0.0003            ok             1.2ms rx=1 busy=0
17:16:50.528     +9710.913s  G0 F2.261946710584651 X0.0003            ok             4.1ms rx=1 busy=0
17:16:50.528     +9710.981s  G0 F2.261946710584651 X0.0006            ok             1.5ms rx=1 busy=0
17:16:50.529     +9711.031s  G0 F2.261946710584651 X0.0004            ok             7.1ms rx=1 busy=0
17:16:50.529     +9711.071s  G0 F2.261946710584651 X0.0004            ok             1.5ms rx=1 busy=0
17:16:50.529     +9711.135s  G0 F2.261946710584651 X0.0005            ok             1.7ms rx=1 busy=0
17:16:50.529     +9711.203s  G0 F2.261946710584651 X0.0004            ok             1.1ms rx=1 busy=0
17:16:50.529     +9711.284s  G0 F2.261946710584651 X0.0005            ok             1.3ms rx=1 busy=0
17:16:50.529     +9711.362s  G0 F2.261946710584651 X0.0006            ok             6.2ms rx=1 busy=0
17:16:50.529     +9711.429s  G0 F2.261946710584651 X0.0004            ok             3.8ms rx=1 busy=0
17:16:50.529     +9711.507s  G0 F2.261946710584651 X0.0004            ok             1.5ms rx=1 busy=0
17:16:50.529     +9711.597s  G0 F2.261946710584651 X0.0004            ok             1.0ms rx=1 busy=0
17:16:50.529     +9711.678s  G0 F2.261946710584651 X0.0003            ok             1.0ms rx=1 busy=0
17:16:50.529     +9711.775s  G0 F2.261946710584651 X0.0003            ok             1.0ms rx=1 busy=0
17:16:50.529     +9711.871s  G0 F2.261946710584651 X0.0003            ok             1.5ms rx=1 busy=0
17:16:50.529     +9712.013s  G0 F2.261946710584651 X0.0004            ok            17.9ms rx=1 busy=0
17:16:50.529     +9712.141s  G0 F2.261946710584651 X0.0003            ok             0.9ms rx=1 busy=0
17:16:50.529     +9712.303s  G0 F2.261946710584651 X0.0003            ok             1.4ms rx=1 busy=0
17:16:50.529     +9712.509s  G0 F2.261946710584651 X0.0003            ok             2.1ms rx=1 busy=0
17:16:50.529     +9712.768s  G0 F2.261946710584651 X0.0004            ok             0.9ms rx=1 busy=0
17:16:50.529     +9713.062s  G0 F2.261946710584651 X0.0004            ok             2.9ms rx=1 busy=0
17:16:50.529     +9713.326s  G0 F2.261946710584651 X0.0003            ok             1.2ms rx=1 busy=0
17:16:50.529     +9713.568s  G0 F2.261946710584651 X0.0002            ok             1.2ms rx=1 busy=0
17:16:50.529     +9713.651s  G0 F200.0 X-0.0600                       ok             1.2ms rx=1 busy=0
17:16:50.529     +9713.658s  M114                                     ok             4.0ms rx=2 busy=0
17:16:50.529     +9713.659s  G90                                      ok             0.3ms rx=1 busy=0
17:16:50.529     +9713.660s  G0 Z-102.7000 F60                        ok             1.0ms rx=1 busy=0
17:16:50.529     +9713.660s  G91                                      ok             0.4ms rx=1 busy=0
17:16:50.529     +9713.660s  G90                                      ok             0.2ms rx=1 busy=0
17:16:50.529     +9713.661s  G0 Z-79.3500 F201                        ok             1.0ms rx=1 busy=0
17:16:50.529     +9713.662s  G91                                      ok             0.3ms rx=1 busy=0
17:16:50.529     +9721.719s  M400                                     ok          8057.2ms rx=5 busy=4
17:16:50.529     +9721.731s  M114                                     ok             1.7ms rx=2 busy=0
17:16:50.529     +9721.775s  M114                                     ok            14.6ms rx=2 busy=0
17:16:50.529     +9721.782s  M114                                     ok             8.1ms rx=2 busy=0
17:16:50.529     +9721.795s  M114                                     ok            12.3ms rx=2 busy=0
17:16:50.529     +9721.860s  M114                                     ok             6.7ms rx=2 busy=0
17:16:50.529     +9721.861s  G90                                      ok             1.3ms rx=1 busy=0
17:16:50.529     +9721.861s  G0 Z-79.3500 F201                        ok             0.5ms rx=1 busy=0
17:16:50.529     +9721.862s  G91                                      ok             0.5ms rx=1 busy=0
17:16:50.529     +9721.862s  M400                                     ok             0.2ms rx=1 busy=0
17:16:50.530     +9721.864s  M114                                     ok             1.5ms rx=2 busy=0
17:16:50.530     +9731.388s  M114                                     ok             1.5ms rx=2 busy=0
17:16:50.530     +9731.389s  G90                                      ok             0.2ms rx=1 busy=0
17:16:50.530     +9731.390s  G0 Z-101.5500 F121                       ok             0.9ms rx=1 busy=0
17:16:50.530     +9731.390s  G91                                      ok             0.4ms rx=1 busy=0
17:16:50.530     +9731.390s  G90                                      ok             0.4ms rx=1 busy=0
17:16:50.530     +9731.391s  G0 Z-102.5500 F60                        ok             1.1ms rx=1 busy=0
17:16:50.530     +9731.393s  G91                                      ok             1.2ms rx=1 busy=0
17:16:50.530     +9743.522s  M400                                     ok         12129.3ms rx=7 busy=6
17:16:50.530 ---- end recent ----
17:17:01.459 ANOMALY M400                                     ok         10925.0ms rx=6 busy=5
17:17:01.459 ---- recent ZP transactions (anomaly: M400 -> ok) [300] ----
17:17:01.459     +9701.894s  G0 F2.261946710584651 X0.0004            ok             1.4ms rx=1 busy=0
17:17:01.459     +9701.936s  G0 F2.261946710584651 X0.0007            ok             1.6ms rx=1 busy=0
17:17:01.460     +9701.973s  G0 F2.261946710584651 X0.0004            ok             1.7ms rx=1 busy=0
17:17:01.460     +9702.014s  G0 F2.261946710584651 X0.0005            ok             1.2ms rx=1 busy=0
17:17:01.460     +9702.046s  G0 F2.261946710584651 X0.0004            ok             0.9ms rx=1 busy=0
17:17:01.460     +9702.085s  G0 F2.261946710584651 X0.0004            ok             1.5ms rx=1 busy=0
17:17:01.460     +9702.124s  G0 F2.261946710584651 X0.0006            ok             1.1ms rx=1 busy=0
17:17:01.461     +9702.156s  G0 F2.261946710584651 X0.0004            ok             0.9ms rx=1 busy=0
17:17:01.461     +9702.196s  G0 F2.261946710584651 X0.0004            ok             3.2ms rx=1 busy=0
17:17:01.461     +9702.236s  G0 F2.261946710584651 X0.0006            ok             1.2ms rx=1 busy=0
17:17:01.461     +9702.271s  G0 F2.261946710584651 X0.0004            ok             1.8ms rx=1 busy=0
17:17:01.461     +9702.303s  G0 F2.261946710584651 X0.0004            ok             1.2ms rx=1 busy=0
17:17:01.461     +9702.340s  G0 F2.261946710584651 X0.0004            ok             3.8ms rx=1 busy=0
17:17:01.461     +9702.383s  G0 F2.261946710584651 X0.0006            ok             1.4ms rx=1 busy=0
17:17:01.461     +9702.418s  G0 F2.261946710584651 X0.0004            ok             1.8ms rx=1 busy=0
17:17:01.461     +9702.450s  G0 F2.261946710584651 X0.0004            ok             1.5ms rx=1 busy=0
17:17:01.461     +9702.478s  G0 F2.261946710584651 X0.0004            ok             1.0ms rx=1 busy=0
17:17:01.462     +9702.511s  G0 F2.261946710584651 X0.0004            ok             1.3ms rx=1 busy=0
17:17:01.462     +9702.552s  G0 F2.261946710584651 X0.0004            ok             3.1ms rx=1 busy=0
17:17:01.462     +9702.589s  G0 F2.261946710584651 X0.0006            ok             0.9ms rx=1 busy=0
17:17:01.462     +9702.628s  G0 F2.261946710584651 X0.0005            ok             1.2ms rx=1 busy=0
17:17:01.462     +9702.684s  G0 F2.261946710584651 X0.0006            ok            16.6ms rx=1 busy=0
17:17:01.462     +9702.724s  G0 F2.261946710584651 X0.0006            ok             1.0ms rx=1 busy=0
17:17:01.462     +9702.765s  G0 F2.261946710584651 X0.0006            ok             1.8ms rx=1 busy=0
17:17:01.462     +9702.796s  G0 F2.261946710584651 X0.0004            ok             0.8ms rx=1 busy=0
17:17:01.462     +9702.828s  G0 F2.261946710584651 X0.0004            ok             1.0ms rx=1 busy=0
17:17:01.462     +9702.863s  G0 F2.261946710584651 X0.0004            ok             2.2ms rx=1 busy=0
17:17:01.463     +9702.892s  G0 F2.261946710584651 X0.0004            ok             1.2ms rx=1 busy=0
17:17:01.463     +9702.927s  G0 F2.261946710584651 X0.0004            ok             1.2ms rx=1 busy=0
17:17:01.463     +9702.961s  G0 F2.261946710584651 X0.0004            ok             2.1ms rx=1 busy=0
17:17:01.463     +9702.997s  G0 F2.261946710584651 X0.0004            ok             1.3ms rx=1 busy=0
17:17:01.463     +9703.043s  G0 F2.261946710584651 X0.0007            ok             2.1ms rx=1 busy=0
17:17:01.463     +9703.073s  G0 F2.261946710584651 X0.0004            ok             2.9ms rx=1 busy=0
17:17:01.463     +9703.103s  G0 F2.261946710584651 X0.0004            ok             0.9ms rx=1 busy=0
17:17:01.463     +9703.135s  G0 F2.261946710584651 X0.0004            ok             0.9ms rx=1 busy=0
17:17:01.463     +9703.172s  G0 F2.261946710584651 X0.0004            ok             1.8ms rx=1 busy=0
17:17:01.464     +9703.217s  G0 F2.261946710584651 X0.0005            ok             1.7ms rx=1 busy=0
17:17:01.464     +9703.246s  G0 F2.261946710584651 X0.0004            ok             1.0ms rx=1 busy=0
17:17:01.464     +9703.277s  G0 F2.261946710584651 X0.0004            ok             1.2ms rx=1 busy=0
17:17:01.466     +9703.312s  G0 F2.261946710584651 X0.0004            ok             2.6ms rx=1 busy=0
17:17:01.467     +9703.348s  G0 F2.261946710584651 X0.0004            ok             1.2ms rx=1 busy=0
17:17:01.467     +9703.395s  G0 F2.261946710584651 X0.0005            ok             2.5ms rx=1 busy=0
17:17:01.468     +9703.443s  G0 F2.261946710584651 X0.0008            ok             3.5ms rx=1 busy=0
17:17:01.468     +9703.491s  G0 F2.261946710584651 X0.0005            ok             6.1ms rx=1 busy=0
17:17:01.469     +9703.534s  G0 F2.261946710584651 X0.0006            ok             0.9ms rx=1 busy=0
17:17:01.469     +9703.572s  G0 F2.261946710584651 X0.0004            ok             1.6ms rx=1 busy=0
17:17:01.469     +9703.619s  G0 F2.261946710584651 X0.0006            ok             1.6ms rx=1 busy=0
17:17:01.470     +9703.665s  G0 F2.261946710584651 X0.0005            ok             1.4ms rx=1 busy=0
17:17:01.470     +9703.721s  G0 F2.261946710584651 X0.0004            ok            26.2ms rx=1 busy=0
17:17:01.471     +9703.758s  G0 F2.261946710584651 X0.0008            ok             0.9ms rx=1 busy=0
17:17:01.471     +9703.798s  G0 F2.261946710584651 X0.0004            ok             2.7ms rx=1 busy=0
17:17:01.471     +9703.851s  G0 F2.261946710584651 X0.0006            ok             4.1ms rx=1 busy=0
17:17:01.471     +9703.894s  G0 F2.261946710584651 X0.0006            ok             2.5ms rx=1 busy=0
17:17:01.471     +9703.937s  G0 F2.261946710584651 X0.0006            ok             1.8ms rx=1 busy=0
17:17:01.471     +9703.970s  G0 F2.261946710584651 X0.0004            ok             1.3ms rx=1 busy=0
17:17:01.472     +9704.004s  G0 F2.261946710584651 X0.0004            ok             1.2ms rx=1 busy=0
17:17:01.472     +9704.047s  G0 F2.261946710584651 X0.0006            ok             0.9ms rx=1 busy=0
17:17:01.473     +9704.081s  G0 F2.261946710584651 X0.0004            ok             1.9ms rx=1 busy=0
17:17:01.473     +9704.112s  G0 F2.261946710584651 X0.0004            ok             2.6ms rx=1 busy=0
17:17:01.473     +9704.140s  G0 F2.261946710584651 X0.0004            ok             1.3ms rx=1 busy=0
17:17:01.473     +9704.173s  G0 F2.261946710584651 X0.0004            ok             1.3ms rx=1 busy=0
17:17:01.473     +9704.211s  G0 F2.261946710584651 X0.0004            ok             2.4ms rx=1 busy=0
17:17:01.474     +9704.242s  G0 F2.261946710584651 X0.0005            ok             1.3ms rx=1 busy=0
17:17:01.474     +9704.273s  G0 F2.261946710584651 X0.0004            ok             1.2ms rx=1 busy=0
17:17:01.474     +9704.307s  G0 F2.261946710584651 X0.0004            ok             1.2ms rx=1 busy=0
17:17:01.474     +9704.354s  G0 F2.261946710584651 X0.0005            ok             2.0ms rx=1 busy=0
17:17:01.474     +9704.387s  G0 F2.261946710584651 X0.0004            ok             2.5ms rx=1 busy=0
17:17:01.475     +9704.416s  G0 F2.261946710584651 X0.0004            ok             1.4ms rx=1 busy=0
17:17:01.476     +9704.447s  G0 F2.261946710584651 X0.0004            ok             2.4ms rx=1 busy=0
17:17:01.476     +9704.489s  G0 F2.261946710584651 X0.0004            ok             1.2ms rx=1 busy=0
17:17:01.477     +9704.527s  G0 F2.261946710584651 X0.0006            ok             1.2ms rx=1 busy=0
17:17:01.477     +9704.558s  G0 F2.261946710584651 X0.0004            ok             1.1ms rx=1 busy=0
17:17:01.478     +9704.592s  G0 F2.261946710584651 X0.0004            ok             2.3ms rx=1 busy=0
17:17:01.478     +9704.624s  G0 F2.261946710584651 X0.0004            ok             2.0ms rx=1 busy=0
17:17:01.478     +9704.654s  G0 F2.261946710584651 X0.0005            ok             1.2ms rx=1 busy=0
17:17:01.478     +9704.686s  G0 F2.261946710584651 X0.0004            ok             1.2ms rx=1 busy=0
17:17:01.479     +9704.743s  G0 F2.261946710584651 X0.0004            ok            22.4ms rx=1 busy=0
17:17:01.479     +9704.782s  G0 F2.261946710584651 X0.0007            ok             2.4ms rx=1 busy=0
17:17:01.480     +9704.816s  G0 F2.261946710584651 X0.0004            ok             4.2ms rx=1 busy=0
17:17:01.480     +9704.846s  G0 F2.261946710584651 X0.0004            ok             1.2ms rx=1 busy=0
17:17:01.480     +9704.876s  G0 F2.261946710584651 X0.0004            ok             0.9ms rx=1 busy=0
17:17:01.480     +9704.913s  G0 F2.261946710584651 X0.0004            ok             1.8ms rx=1 busy=0
17:17:01.481     +9704.942s  G0 F2.261946710584651 X0.0004            ok             1.2ms rx=1 busy=0
17:17:01.482     +9704.973s  G0 F2.261946710584651 X0.0004            ok             1.2ms rx=1 busy=0
17:17:01.482     +9705.007s  G0 F2.261946710584651 X0.0004            ok             1.7ms rx=1 busy=0
17:17:01.482     +9705.041s  G0 F2.261946710584651 X0.0004            ok             1.3ms rx=1 busy=0
17:17:01.483     +9705.071s  G0 F2.261946710584651 X0.0005            ok             1.9ms rx=1 busy=0
17:17:01.483     +9705.101s  G0 F2.261946710584651 X0.0004            ok             2.0ms rx=1 busy=0
17:17:01.483     +9705.139s  G0 F2.261946710584651 X0.0004            ok             1.0ms rx=1 busy=0
17:17:01.484     +9705.169s  G0 F2.261946710584651 X0.0004            ok             1.4ms rx=1 busy=0
17:17:01.484     +9705.197s  G0 F2.261946710584651 X0.0004            ok             1.4ms rx=1 busy=0
17:17:01.484     +9705.234s  G0 F2.261946710584651 X0.0004            ok             2.6ms rx=1 busy=0
17:17:01.484     +9705.278s  G0 F2.261946710584651 X0.0004            ok             1.4ms rx=1 busy=0
17:17:01.484     +9705.316s  G0 F2.261946710584651 X0.0005            ok             1.8ms rx=1 busy=0
17:17:01.484     +9705.362s  G0 F2.261946710584651 X0.0006            ok             1.2ms rx=1 busy=0
17:17:01.484     +9705.399s  G0 F2.261946710584651 X0.0004            ok             1.4ms rx=1 busy=0
17:17:01.484     +9705.441s  G0 F2.261946710584651 X0.0005            ok             2.0ms rx=1 busy=0
17:17:01.484     +9705.470s  G0 F2.261946710584651 X0.0005            ok             1.1ms rx=1 busy=0
17:17:01.484     +9705.503s  G0 F2.261946710584651 X0.0004            ok             1.3ms rx=1 busy=0
17:17:01.484     +9705.537s  G0 F2.261946710584651 X0.0004            ok             1.4ms rx=1 busy=0
17:17:01.484     +9705.567s  G0 F2.261946710584651 X0.0004            ok             1.6ms rx=1 busy=0
17:17:01.484     +9705.605s  G0 F2.261946710584651 X0.0004            ok             1.0ms rx=1 busy=0
17:17:01.484     +9705.646s  G0 F2.261946710584651 X0.0006            ok             1.2ms rx=1 busy=0
17:17:01.484     +9705.679s  G0 F2.261946710584651 X0.0004            ok             1.3ms rx=1 busy=0
17:17:01.484     +9705.721s  G0 F2.261946710584651 X0.0004            ok             7.3ms rx=1 busy=0
17:17:01.484     +9705.781s  G0 F2.261946710584651 X0.0006            ok            22.2ms rx=1 busy=0
17:17:01.485     +9705.835s  G0 F2.261946710584651 X0.0007            ok             2.8ms rx=1 busy=0
17:17:01.485     +9705.871s  G0 F2.261946710584651 X0.0007            ok             1.5ms rx=1 busy=0
17:17:01.485     +9705.908s  G0 F2.261946710584651 X0.0004            ok             1.5ms rx=1 busy=0
17:17:01.485     +9705.948s  G0 F2.261946710584651 X0.0006            ok             1.0ms rx=1 busy=0
17:17:01.485     +9705.981s  G0 F2.261946710584651 X0.0004            ok             1.2ms rx=1 busy=0
17:17:01.485     +9706.014s  G0 F2.261946710584651 X0.0005            ok             1.3ms rx=1 busy=0
17:17:01.485     +9706.049s  G0 F2.261946710584651 X0.0004            ok             1.6ms rx=1 busy=0
17:17:01.485     +9706.084s  G0 F2.261946710584651 X0.0004            ok             2.5ms rx=1 busy=0
17:17:01.485     +9706.128s  G0 F2.261946710584651 X0.0005            ok             1.1ms rx=1 busy=0
17:17:01.485     +9706.161s  G0 F2.261946710584651 X0.0004            ok             1.6ms rx=1 busy=0
17:17:01.485     +9706.192s  G0 F2.261946710584651 X0.0004            ok             2.5ms rx=1 busy=0
17:17:01.485     +9706.227s  G0 F2.261946710584651 X0.0004            ok             2.1ms rx=1 busy=0
17:17:01.485     +9706.277s  G0 F2.261946710584651 X0.0005            ok             1.4ms rx=1 busy=0
17:17:01.485     +9706.324s  G0 F2.261946710584651 X0.0007            ok             2.3ms rx=1 busy=0
17:17:01.485     +9706.375s  G0 F2.261946710584651 X0.0005            ok             1.7ms rx=1 busy=0
17:17:01.485     +9706.419s  G0 F2.261946710584651 X0.0006            ok             1.4ms rx=1 busy=0
17:17:01.485     +9706.453s  G0 F2.261946710584651 X0.0004            ok             2.5ms rx=1 busy=0
17:17:01.485     +9706.505s  G0 F2.261946710584651 X0.0007            ok             4.5ms rx=1 busy=0
17:17:01.485     +9706.546s  G0 F2.261946710584651 X0.0005            ok             1.5ms rx=1 busy=0
17:17:01.485     +9706.577s  G0 F2.261946710584651 X0.0004            ok             1.4ms rx=1 busy=0
17:17:01.485     +9706.611s  G0 F2.261946710584651 X0.0004            ok             3.0ms rx=1 busy=0
17:17:01.485     +9706.644s  G0 F2.261946710584651 X0.0004            ok             1.9ms rx=1 busy=0
17:17:01.485     +9706.688s  G0 F2.261946710584651 X0.0007            ok             1.5ms rx=1 busy=0
17:17:01.485     +9706.722s  G0 F2.261946710584651 X0.0004            ok             3.0ms rx=1 busy=0
17:17:01.485     +9706.753s  G0 F2.261946710584651 X0.0004            ok             1.2ms rx=1 busy=0
17:17:01.485     +9706.785s  G0 F2.261946710584651 X0.0004            ok             1.2ms rx=1 busy=0
17:17:01.485     +9706.838s  G0 F2.261946710584651 X0.0004            ok            17.3ms rx=1 busy=0
17:17:01.485     +9706.878s  G0 F2.261946710584651 X0.0008            ok             2.4ms rx=1 busy=0
17:17:01.486     +9706.917s  G0 F2.261946710584651 X0.0004            ok             1.6ms rx=1 busy=0
17:17:01.486     +9706.962s  G0 F2.261946710584651 X0.0007            ok             4.6ms rx=1 busy=0
17:17:01.486     +9706.995s  G0 F2.261946710584651 X0.0004            ok             2.6ms rx=1 busy=0
17:17:01.486     +9707.038s  G0 F2.261946710584651 X0.0005            ok             0.9ms rx=1 busy=0
17:17:01.486     +9707.069s  G0 F2.261946710584651 X0.0004            ok             1.2ms rx=1 busy=0
17:17:01.486     +9707.103s  G0 F2.261946710584651 X0.0005            ok             1.6ms rx=1 busy=0
17:17:01.486     +9707.135s  G0 F2.261946710584651 X0.0004            ok             1.5ms rx=1 busy=0
17:17:01.486     +9707.168s  G0 F2.261946710584651 X0.0004            ok             1.7ms rx=1 busy=0
17:17:01.486     +9707.199s  G0 F2.261946710584651 X0.0004            ok             0.9ms rx=1 busy=0
17:17:01.486     +9707.232s  G0 F2.261946710584651 X0.0004            ok             2.9ms rx=1 busy=0
17:17:01.486     +9707.262s  G0 F2.261946710584651 X0.0004            ok             1.7ms rx=1 busy=0
17:17:01.486     +9707.293s  G0 F2.261946710584651 X0.0004            ok             0.9ms rx=1 busy=0
17:17:01.486     +9707.328s  G0 F2.261946710584651 X0.0004            ok             1.4ms rx=1 busy=0
17:17:01.486     +9707.361s  G0 F2.261946710584651 X0.0004            ok             3.0ms rx=1 busy=0
17:17:01.486     +9707.391s  G0 F2.261946710584651 X0.0004            ok             1.6ms rx=1 busy=0
17:17:01.486     +9707.420s  G0 F2.261946710584651 X0.0004            ok             1.2ms rx=1 busy=0
17:17:01.486     +9707.471s  G0 F2.261946710584651 X0.0004            ok             1.9ms rx=1 busy=0
17:17:01.486     +9707.505s  G0 F2.261946710584651 X0.0006            ok             1.0ms rx=1 busy=0
17:17:01.486     +9707.541s  G0 F2.261946710584651 X0.0004            ok             3.3ms rx=1 busy=0
17:17:01.486     +9707.589s  G0 F2.261946710584651 X0.0006            ok             1.7ms rx=1 busy=0
17:17:01.486     +9707.635s  G0 F2.261946710584651 X0.0006            ok             1.9ms rx=1 busy=0
17:17:01.486     +9707.683s  G0 F2.261946710584651 X0.0006            ok             2.7ms rx=1 busy=0
17:17:01.486     +9707.714s  G0 F2.261946710584651 X0.0004            ok             4.9ms rx=1 busy=0
17:17:01.486     +9707.743s  G0 F2.261946710584651 X0.0004            ok             1.4ms rx=1 busy=0
17:17:01.486     +9707.775s  G0 F2.261946710584651 X0.0004            ok             1.6ms rx=1 busy=0
17:17:01.486     +9707.812s  G0 F2.261946710584651 X0.0004            ok             2.8ms rx=1 busy=0
17:17:01.486     +9707.875s  G0 F2.261946710584651 X0.0006            ok            17.7ms rx=1 busy=0
17:17:01.486     +9707.918s  G0 F2.261946710584651 X0.0009            ok             1.4ms rx=1 busy=0
17:17:01.486     +9707.949s  G0 F2.261946710584651 X0.0004            ok             1.0ms rx=1 busy=0
17:17:01.486     +9707.985s  G0 F2.261946710584651 X0.0004            ok             1.3ms rx=1 busy=0
17:17:01.486     +9708.018s  G0 F2.261946710584651 X0.0004            ok             1.7ms rx=1 busy=0
17:17:01.486     +9708.045s  G0 F2.261946710584651 X0.0004            ok             1.5ms rx=1 busy=0
17:17:01.486     +9708.080s  G0 F2.261946710584651 X0.0004            ok             3.0ms rx=1 busy=0
17:17:01.486     +9708.113s  G0 F2.261946710584651 X0.0004            ok             4.1ms rx=1 busy=0
17:17:01.486     +9708.144s  G0 F2.261946710584651 X0.0004            ok             1.7ms rx=1 busy=0
17:17:01.486     +9708.183s  G0 F2.261946710584651 X0.0004            ok             3.7ms rx=1 busy=0
17:17:01.486     +9708.225s  G0 F2.261946710584651 X0.0005            ok             1.6ms rx=1 busy=0
17:17:01.486     +9708.254s  G0 F2.261946710584651 X0.0004            ok             0.9ms rx=1 busy=0
17:17:01.486     +9708.290s  G0 F2.261946710584651 X0.0004            ok             2.1ms rx=1 busy=0
17:17:01.486     +9708.316s  G0 F2.261946710584651 X0.0005            ok             1.3ms rx=1 busy=0
17:17:01.486     +9708.349s  G0 F2.261946710584651 X0.0004            ok             1.0ms rx=1 busy=0
17:17:01.486     +9708.384s  G0 F2.261946710584651 X0.0004            ok             1.6ms rx=1 busy=0
17:17:01.486     +9708.413s  G0 F2.261946710584651 X0.0004            ok             1.7ms rx=1 busy=0
17:17:01.486     +9708.446s  G0 F2.261946710584651 X0.0004            ok             1.2ms rx=1 busy=0
17:17:01.487     +9708.476s  G0 F2.261946710584651 X0.0004            ok             0.8ms rx=1 busy=0
17:17:01.487     +9708.509s  G0 F2.261946710584651 X0.0004            ok             1.1ms rx=1 busy=0
17:17:01.487     +9708.543s  G0 F2.261946710584651 X0.0004            ok             1.3ms rx=1 busy=0
17:17:01.487     +9708.575s  G0 F2.261946710584651 X0.0004            ok             1.0ms rx=1 busy=0
17:17:01.487     +9708.606s  G0 F2.261946710584651 X0.0004            ok             1.5ms rx=1 busy=0
17:17:01.487     +9708.638s  G0 F2.261946710584651 X0.0004            ok             1.2ms rx=1 busy=0
17:17:01.487     +9708.668s  G0 F2.261946710584651 X0.0004            ok             0.9ms rx=1 busy=0
17:17:01.487     +9708.710s  G0 F2.261946710584651 X0.0004            ok             1.8ms rx=1 busy=0
17:17:01.487     +9708.750s  G0 F2.261946710584651 X0.0006            ok             1.1ms rx=1 busy=0
17:17:01.487     +9708.780s  G0 F2.261946710584651 X0.0004            ok             1.1ms rx=1 busy=0
17:17:01.487     +9708.817s  G0 F2.261946710584651 X0.0004            ok             1.4ms rx=1 busy=0
17:17:01.487     +9708.848s  G0 F2.261946710584651 X0.0004            ok             1.4ms rx=1 busy=0
17:17:01.487     +9708.899s  G0 F2.261946710584651 X0.0004            ok            23.1ms rx=1 busy=0
17:17:01.487     +9708.946s  G0 F2.261946710584651 X0.0007            ok             1.4ms rx=1 busy=0
17:17:01.487     +9708.977s  G0 F2.261946710584651 X0.0004            ok             2.4ms rx=1 busy=0
17:17:01.487     +9709.006s  G0 F2.261946710584651 X0.0004            ok             0.9ms rx=1 busy=0
17:17:01.487     +9709.038s  G0 F2.261946710584651 X0.0004            ok             2.0ms rx=1 busy=0
17:17:01.487     +9709.088s  G0 F2.261946710584651 X0.0005            ok             2.7ms rx=1 busy=0
17:17:01.487     +9709.121s  G0 F2.261946710584651 X0.0004            ok             1.1ms rx=1 busy=0
17:17:01.487     +9709.157s  G0 F2.261946710584651 X0.0005            ok             2.4ms rx=1 busy=0
17:17:01.487     +9709.202s  G0 F2.261946710584651 X0.0005            ok             2.2ms rx=1 busy=0
17:17:01.487     +9709.238s  G0 F2.261946710584651 X0.0004            ok             2.6ms rx=1 busy=0
17:17:01.487     +9709.282s  G0 F2.261946710584651 X0.0006            ok             2.3ms rx=1 busy=0
17:17:01.487     +9709.314s  G0 F2.261946710584651 X0.0004            ok             1.2ms rx=1 busy=0
17:17:01.487     +9709.349s  G0 F2.261946710584651 X0.0004            ok             5.0ms rx=1 busy=0
17:17:01.487     +9709.392s  G0 F2.261946710584651 X0.0006            ok             1.7ms rx=1 busy=0
17:17:01.487     +9709.420s  G0 F2.261946710584651 X0.0004            ok             1.1ms rx=1 busy=0
17:17:01.487     +9709.455s  G0 F2.261946710584651 X0.0004            ok             1.0ms rx=1 busy=0
17:17:01.487     +9709.489s  G0 F2.261946710584651 X0.0004            ok             1.7ms rx=1 busy=0
17:17:01.487     +9709.523s  G0 F2.261946710584651 X0.0004            ok             1.8ms rx=1 busy=0
17:17:01.487     +9709.553s  G0 F2.261946710584651 X0.0005            ok             1.2ms rx=1 busy=0
17:17:01.487     +9709.585s  G0 F2.261946710584651 X0.0004            ok             1.3ms rx=1 busy=0
17:17:01.487     +9709.614s  G0 F2.261946710584651 X0.0004            ok             1.1ms rx=1 busy=0
17:17:01.487     +9709.656s  G0 F2.261946710584651 X0.0004            ok             5.2ms rx=1 busy=0
17:17:01.487     +9709.696s  G0 F2.261946710584651 X0.0005            ok             1.4ms rx=1 busy=0
17:17:01.487     +9709.733s  G0 F2.261946710584651 X0.0004            ok             0.9ms rx=1 busy=0
17:17:01.487     +9709.773s  G0 F2.261946710584651 X0.0006            ok             1.5ms rx=1 busy=0
17:17:01.487     +9709.806s  G0 F2.261946710584651 X0.0004            ok             1.5ms rx=1 busy=0
17:17:01.487     +9709.838s  G0 F2.261946710584651 X0.0004            ok             2.3ms rx=1 busy=0
17:17:01.487     +9709.869s  G0 F2.261946710584651 X0.0004            ok             1.4ms rx=1 busy=0
17:17:01.487     +9709.919s  G0 F2.261946710584651 X0.0004            ok            18.6ms rx=1 busy=0
17:17:01.487     +9709.956s  G0 F2.261946710584651 X0.0007            ok             4.6ms rx=1 busy=0
17:17:01.487     +9710.001s  G0 F2.261946710584651 X0.0006            ok             1.4ms rx=1 busy=0
17:17:01.487     +9710.031s  G0 F2.261946710584651 X0.0004            ok             1.2ms rx=1 busy=0
17:17:01.487     +9710.067s  G0 F2.261946710584651 X0.0004            ok             1.0ms rx=1 busy=0
17:17:01.487     +9710.096s  G0 F2.261946710584651 X0.0004            ok             2.6ms rx=1 busy=0
17:17:01.487     +9710.125s  G0 F2.261946710584651 X0.0004            ok             0.9ms rx=1 busy=0
17:17:01.487     +9710.157s  G0 F2.261946710584651 X0.0004            ok             1.8ms rx=1 busy=0
17:17:01.487     +9710.195s  G0 F2.261946710584651 X0.0004            ok             2.9ms rx=1 busy=0
17:17:01.487     +9710.223s  G0 F2.261946710584651 X0.0004            ok             1.2ms rx=1 busy=0
17:17:01.487     +9710.253s  G0 F2.261946710584651 X0.0004            ok             0.9ms rx=1 busy=0
17:17:01.487     +9710.289s  G0 F2.261946710584651 X0.0004            ok             1.9ms rx=1 busy=0
17:17:01.487     +9710.322s  G0 F2.261946710584651 X0.0004            ok             1.4ms rx=1 busy=0
17:17:01.487     +9710.348s  G0 F2.261946710584651 X0.0005            ok             0.9ms rx=1 busy=0
17:17:01.487     +9710.383s  G0 F2.261946710584651 X0.0004            ok             2.0ms rx=1 busy=0
17:17:01.487     +9710.415s  G0 F2.261946710584651 X0.0004            ok             1.3ms rx=1 busy=0
17:17:01.488     +9710.444s  G0 F2.261946710584651 X0.0004            ok             1.0ms rx=1 busy=0
17:17:01.488     +9710.479s  G0 F2.261946710584651 X0.0004            ok             1.9ms rx=1 busy=0
17:17:01.488     +9710.512s  G0 F2.261946710584651 X0.0004            ok             1.6ms rx=1 busy=0
17:17:01.488     +9710.544s  G0 F2.261946710584651 X0.0004            ok             1.2ms rx=1 busy=0
17:17:01.488     +9710.577s  G0 F2.261946710584651 X0.0004            ok             1.2ms rx=1 busy=0
17:17:01.488     +9710.605s  G0 F2.261946710584651 X0.0004            ok             1.2ms rx=1 busy=0
17:17:01.488     +9710.638s  G0 F2.261946710584651 X0.0004            ok             1.1ms rx=1 busy=0
17:17:01.488     +9710.672s  G0 F2.261946710584651 X0.0003            ok             3.1ms rx=1 busy=0
17:17:01.488     +9710.702s  G0 F2.261946710584651 X0.0004            ok             1.4ms rx=1 busy=0
17:17:01.488     +9710.752s  G0 F2.261946710584651 X0.0004            ok             1.7ms rx=1 busy=0
17:17:01.488     +9710.784s  G0 F2.261946710584651 X0.0006            ok             2.5ms rx=1 busy=0
17:17:01.488     +9710.812s  G0 F2.261946710584651 X0.0004            ok             1.2ms rx=1 busy=0
17:17:01.488     +9710.849s  G0 F2.261946710584651 X0.0004            ok             1.2ms rx=1 busy=0
17:17:01.488     +9710.881s  G0 F2.261946710584651 X0.0003            ok             1.2ms rx=1 busy=0
17:17:01.488     +9710.913s  G0 F2.261946710584651 X0.0003            ok             4.1ms rx=1 busy=0
17:17:01.488     +9710.981s  G0 F2.261946710584651 X0.0006            ok             1.5ms rx=1 busy=0
17:17:01.488     +9711.031s  G0 F2.261946710584651 X0.0004            ok             7.1ms rx=1 busy=0
17:17:01.488     +9711.071s  G0 F2.261946710584651 X0.0004            ok             1.5ms rx=1 busy=0
17:17:01.488     +9711.135s  G0 F2.261946710584651 X0.0005            ok             1.7ms rx=1 busy=0
17:17:01.488     +9711.203s  G0 F2.261946710584651 X0.0004            ok             1.1ms rx=1 busy=0
17:17:01.488     +9711.284s  G0 F2.261946710584651 X0.0005            ok             1.3ms rx=1 busy=0
17:17:01.488     +9711.362s  G0 F2.261946710584651 X0.0006            ok             6.2ms rx=1 busy=0
17:17:01.488     +9711.429s  G0 F2.261946710584651 X0.0004            ok             3.8ms rx=1 busy=0
17:17:01.488     +9711.507s  G0 F2.261946710584651 X0.0004            ok             1.5ms rx=1 busy=0
17:17:01.488     +9711.597s  G0 F2.261946710584651 X0.0004            ok             1.0ms rx=1 busy=0
17:17:01.488     +9711.678s  G0 F2.261946710584651 X0.0003            ok             1.0ms rx=1 busy=0
17:17:01.488     +9711.775s  G0 F2.261946710584651 X0.0003            ok             1.0ms rx=1 busy=0
17:17:01.488     +9711.871s  G0 F2.261946710584651 X0.0003            ok             1.5ms rx=1 busy=0
17:17:01.488     +9712.013s  G0 F2.261946710584651 X0.0004            ok            17.9ms rx=1 busy=0
17:17:01.488     +9712.141s  G0 F2.261946710584651 X0.0003            ok             0.9ms rx=1 busy=0
17:17:01.488     +9712.303s  G0 F2.261946710584651 X0.0003            ok             1.4ms rx=1 busy=0
17:17:01.488     +9712.509s  G0 F2.261946710584651 X0.0003            ok             2.1ms rx=1 busy=0
17:17:01.488     +9712.768s  G0 F2.261946710584651 X0.0004            ok             0.9ms rx=1 busy=0
17:17:01.488     +9713.062s  G0 F2.261946710584651 X0.0004            ok             2.9ms rx=1 busy=0
17:17:01.488     +9713.326s  G0 F2.261946710584651 X0.0003            ok             1.2ms rx=1 busy=0
17:17:01.488     +9713.568s  G0 F2.261946710584651 X0.0002            ok             1.2ms rx=1 busy=0
17:17:01.488     +9713.651s  G0 F200.0 X-0.0600                       ok             1.2ms rx=1 busy=0
17:17:01.488     +9713.658s  M114                                     ok             4.0ms rx=2 busy=0
17:17:01.488     +9713.659s  G90                                      ok             0.3ms rx=1 busy=0
17:17:01.488     +9713.660s  G0 Z-102.7000 F60                        ok             1.0ms rx=1 busy=0
17:17:01.488     +9713.660s  G91                                      ok             0.4ms rx=1 busy=0
17:17:01.488     +9713.660s  G90                                      ok             0.2ms rx=1 busy=0
17:17:01.488     +9713.661s  G0 Z-79.3500 F201                        ok             1.0ms rx=1 busy=0
17:17:01.488     +9713.662s  G91                                      ok             0.3ms rx=1 busy=0
17:17:01.488     +9721.719s  M400                                     ok          8057.2ms rx=5 busy=4
17:17:01.488     +9721.731s  M114                                     ok             1.7ms rx=2 busy=0
17:17:01.488     +9721.775s  M114                                     ok            14.6ms rx=2 busy=0
17:17:01.488     +9721.782s  M114                                     ok             8.1ms rx=2 busy=0
17:17:01.488     +9721.795s  M114                                     ok            12.3ms rx=2 busy=0
17:17:01.488     +9721.860s  M114                                     ok             6.7ms rx=2 busy=0
17:17:01.488     +9721.861s  G90                                      ok             1.3ms rx=1 busy=0
17:17:01.488     +9721.861s  G0 Z-79.3500 F201                        ok             0.5ms rx=1 busy=0
17:17:01.488     +9721.862s  G91                                      ok             0.5ms rx=1 busy=0
17:17:01.488     +9721.862s  M400                                     ok             0.2ms rx=1 busy=0
17:17:01.488     +9721.864s  M114                                     ok             1.5ms rx=2 busy=0
17:17:01.488     +9731.388s  M114                                     ok             1.5ms rx=2 busy=0
17:17:01.488     +9731.389s  G90                                      ok             0.2ms rx=1 busy=0
17:17:01.488     +9731.390s  G0 Z-101.5500 F121                       ok             0.9ms rx=1 busy=0
17:17:01.489     +9731.390s  G91                                      ok             0.4ms rx=1 busy=0
17:17:01.489     +9731.390s  G90                                      ok             0.4ms rx=1 busy=0
17:17:01.489     +9731.391s  G0 Z-102.5500 F60                        ok             1.1ms rx=1 busy=0
17:17:01.489     +9731.393s  G91                                      ok             1.2ms rx=1 busy=0
17:17:01.489     +9743.522s  M400                                     ok         12129.3ms rx=7 busy=6
17:17:01.489     +9743.551s  M114                                     ok             1.1ms rx=2 busy=0
17:17:01.489     +9743.554s  G0 F18.0 X3.2453                         ok             0.8ms rx=1 busy=0
17:17:01.489     +9754.479s  M400                                     ok         10925.0ms rx=6 busy=5
17:17:01.489 ---- end recent ----
17:17:14.258 ANOMALY M400                                     ok          7758.0ms rx=4 busy=3
17:17:14.258 ---- recent ZP transactions (anomaly: M400 -> ok) [300] ----
17:17:14.258     +9702.796s  G0 F2.261946710584651 X0.0004            ok             0.8ms rx=1 busy=0
17:17:14.258     +9702.828s  G0 F2.261946710584651 X0.0004            ok             1.0ms rx=1 busy=0
17:17:14.258     +9702.863s  G0 F2.261946710584651 X0.0004            ok             2.2ms rx=1 busy=0
17:17:14.258     +9702.892s  G0 F2.261946710584651 X0.0004            ok             1.2ms rx=1 busy=0
17:17:14.258     +9702.927s  G0 F2.261946710584651 X0.0004            ok             1.2ms rx=1 busy=0
17:17:14.258     +9702.961s  G0 F2.261946710584651 X0.0004            ok             2.1ms rx=1 busy=0
17:17:14.258     +9702.997s  G0 F2.261946710584651 X0.0004            ok             1.3ms rx=1 busy=0
17:17:14.258     +9703.043s  G0 F2.261946710584651 X0.0007            ok             2.1ms rx=1 busy=0
17:17:14.258     +9703.073s  G0 F2.261946710584651 X0.0004            ok             2.9ms rx=1 busy=0
17:17:14.258     +9703.103s  G0 F2.261946710584651 X0.0004            ok             0.9ms rx=1 busy=0
17:17:14.258     +9703.135s  G0 F2.261946710584651 X0.0004            ok             0.9ms rx=1 busy=0
17:17:14.258     +9703.172s  G0 F2.261946710584651 X0.0004            ok             1.8ms rx=1 busy=0
17:17:14.258     +9703.217s  G0 F2.261946710584651 X0.0005            ok             1.7ms rx=1 busy=0
17:17:14.258     +9703.246s  G0 F2.261946710584651 X0.0004            ok             1.0ms rx=1 busy=0
17:17:14.258     +9703.277s  G0 F2.261946710584651 X0.0004            ok             1.2ms rx=1 busy=0
17:17:14.258     +9703.312s  G0 F2.261946710584651 X0.0004            ok             2.6ms rx=1 busy=0
17:17:14.258     +9703.348s  G0 F2.261946710584651 X0.0004            ok             1.2ms rx=1 busy=0
17:17:14.258     +9703.395s  G0 F2.261946710584651 X0.0005            ok             2.5ms rx=1 busy=0
17:17:14.258     +9703.443s  G0 F2.261946710584651 X0.0008            ok             3.5ms rx=1 busy=0
17:17:14.258     +9703.491s  G0 F2.261946710584651 X0.0005            ok             6.1ms rx=1 busy=0
17:17:14.258     +9703.534s  G0 F2.261946710584651 X0.0006            ok             0.9ms rx=1 busy=0
17:17:14.258     +9703.572s  G0 F2.261946710584651 X0.0004            ok             1.6ms rx=1 busy=0
17:17:14.258     +9703.619s  G0 F2.261946710584651 X0.0006            ok             1.6ms rx=1 busy=0
17:17:14.258     +9703.665s  G0 F2.261946710584651 X0.0005            ok             1.4ms rx=1 busy=0
17:17:14.258     +9703.721s  G0 F2.261946710584651 X0.0004            ok            26.2ms rx=1 busy=0
17:17:14.258     +9703.758s  G0 F2.261946710584651 X0.0008            ok             0.9ms rx=1 busy=0
17:17:14.258     +9703.798s  G0 F2.261946710584651 X0.0004            ok             2.7ms rx=1 busy=0
17:17:14.259     +9703.851s  G0 F2.261946710584651 X0.0006            ok             4.1ms rx=1 busy=0
17:17:14.259     +9703.894s  G0 F2.261946710584651 X0.0006            ok             2.5ms rx=1 busy=0
17:17:14.259     +9703.937s  G0 F2.261946710584651 X0.0006            ok             1.8ms rx=1 busy=0
17:17:14.259     +9703.970s  G0 F2.261946710584651 X0.0004            ok             1.3ms rx=1 busy=0
17:17:14.259     +9704.004s  G0 F2.261946710584651 X0.0004            ok             1.2ms rx=1 busy=0
17:17:14.259     +9704.047s  G0 F2.261946710584651 X0.0006            ok             0.9ms rx=1 busy=0
17:17:14.259     +9704.081s  G0 F2.261946710584651 X0.0004            ok             1.9ms rx=1 busy=0
17:17:14.259     +9704.112s  G0 F2.261946710584651 X0.0004            ok             2.6ms rx=1 busy=0
17:17:14.259     +9704.140s  G0 F2.261946710584651 X0.0004            ok             1.3ms rx=1 busy=0
17:17:14.259     +9704.173s  G0 F2.261946710584651 X0.0004            ok             1.3ms rx=1 busy=0
17:17:14.259     +9704.211s  G0 F2.261946710584651 X0.0004            ok             2.4ms rx=1 busy=0
17:17:14.259     +9704.242s  G0 F2.261946710584651 X0.0005            ok             1.3ms rx=1 busy=0
17:17:14.259     +9704.273s  G0 F2.261946710584651 X0.0004            ok             1.2ms rx=1 busy=0
17:17:14.259     +9704.307s  G0 F2.261946710584651 X0.0004            ok             1.2ms rx=1 busy=0
17:17:14.259     +9704.354s  G0 F2.261946710584651 X0.0005            ok             2.0ms rx=1 busy=0
17:17:14.259     +9704.387s  G0 F2.261946710584651 X0.0004            ok             2.5ms rx=1 busy=0
17:17:14.259     +9704.416s  G0 F2.261946710584651 X0.0004            ok             1.4ms rx=1 busy=0
17:17:14.259     +9704.447s  G0 F2.261946710584651 X0.0004            ok             2.4ms rx=1 busy=0
17:17:14.259     +9704.489s  G0 F2.261946710584651 X0.0004            ok             1.2ms rx=1 busy=0
17:17:14.259     +9704.527s  G0 F2.261946710584651 X0.0006            ok             1.2ms rx=1 busy=0
17:17:14.259     +9704.558s  G0 F2.261946710584651 X0.0004            ok             1.1ms rx=1 busy=0
17:17:14.259     +9704.592s  G0 F2.261946710584651 X0.0004            ok             2.3ms rx=1 busy=0
17:17:14.259     +9704.624s  G0 F2.261946710584651 X0.0004            ok             2.0ms rx=1 busy=0
17:17:14.259     +9704.654s  G0 F2.261946710584651 X0.0005            ok             1.2ms rx=1 busy=0
17:17:14.259     +9704.686s  G0 F2.261946710584651 X0.0004            ok             1.2ms rx=1 busy=0
17:17:14.259     +9704.743s  G0 F2.261946710584651 X0.0004            ok            22.4ms rx=1 busy=0
17:17:14.259     +9704.782s  G0 F2.261946710584651 X0.0007            ok             2.4ms rx=1 busy=0
17:17:14.259     +9704.816s  G0 F2.261946710584651 X0.0004            ok             4.2ms rx=1 busy=0
17:17:14.259     +9704.846s  G0 F2.261946710584651 X0.0004            ok             1.2ms rx=1 busy=0
17:17:14.259     +9704.876s  G0 F2.261946710584651 X0.0004            ok             0.9ms rx=1 busy=0
17:17:14.259     +9704.913s  G0 F2.261946710584651 X0.0004            ok             1.8ms rx=1 busy=0
17:17:14.259     +9704.942s  G0 F2.261946710584651 X0.0004            ok             1.2ms rx=1 busy=0
17:17:14.260     +9704.973s  G0 F2.261946710584651 X0.0004            ok             1.2ms rx=1 busy=0
17:17:14.260     +9705.007s  G0 F2.261946710584651 X0.0004            ok             1.7ms rx=1 busy=0
17:17:14.260     +9705.041s  G0 F2.261946710584651 X0.0004            ok             1.3ms rx=1 busy=0
17:17:14.260     +9705.071s  G0 F2.261946710584651 X0.0005            ok             1.9ms rx=1 busy=0
17:17:14.260     +9705.101s  G0 F2.261946710584651 X0.0004            ok             2.0ms rx=1 busy=0
17:17:14.260     +9705.139s  G0 F2.261946710584651 X0.0004            ok             1.0ms rx=1 busy=0
17:17:14.260     +9705.169s  G0 F2.261946710584651 X0.0004            ok             1.4ms rx=1 busy=0
17:17:14.260     +9705.197s  G0 F2.261946710584651 X0.0004            ok             1.4ms rx=1 busy=0
17:17:14.260     +9705.234s  G0 F2.261946710584651 X0.0004            ok             2.6ms rx=1 busy=0
17:17:14.260     +9705.278s  G0 F2.261946710584651 X0.0004            ok             1.4ms rx=1 busy=0
17:17:14.260     +9705.316s  G0 F2.261946710584651 X0.0005            ok             1.8ms rx=1 busy=0
17:17:14.260     +9705.362s  G0 F2.261946710584651 X0.0006            ok             1.2ms rx=1 busy=0
17:17:14.260     +9705.399s  G0 F2.261946710584651 X0.0004            ok             1.4ms rx=1 busy=0
17:17:14.260     +9705.441s  G0 F2.261946710584651 X0.0005            ok             2.0ms rx=1 busy=0
17:17:14.260     +9705.470s  G0 F2.261946710584651 X0.0005            ok             1.1ms rx=1 busy=0
17:17:14.260     +9705.503s  G0 F2.261946710584651 X0.0004            ok             1.3ms rx=1 busy=0
17:17:14.260     +9705.537s  G0 F2.261946710584651 X0.0004            ok             1.4ms rx=1 busy=0
17:17:14.260     +9705.567s  G0 F2.261946710584651 X0.0004            ok             1.6ms rx=1 busy=0
17:17:14.260     +9705.605s  G0 F2.261946710584651 X0.0004            ok             1.0ms rx=1 busy=0
17:17:14.260     +9705.646s  G0 F2.261946710584651 X0.0006            ok             1.2ms rx=1 busy=0
17:17:14.260     +9705.679s  G0 F2.261946710584651 X0.0004            ok             1.3ms rx=1 busy=0
17:17:14.260     +9705.721s  G0 F2.261946710584651 X0.0004            ok             7.3ms rx=1 busy=0
17:17:14.260     +9705.781s  G0 F2.261946710584651 X0.0006            ok            22.2ms rx=1 busy=0
17:17:14.260     +9705.835s  G0 F2.261946710584651 X0.0007            ok             2.8ms rx=1 busy=0
17:17:14.260     +9705.871s  G0 F2.261946710584651 X0.0007            ok             1.5ms rx=1 busy=0
17:17:14.260     +9705.908s  G0 F2.261946710584651 X0.0004            ok             1.5ms rx=1 busy=0
17:17:14.260     +9705.948s  G0 F2.261946710584651 X0.0006            ok             1.0ms rx=1 busy=0
17:17:14.260     +9705.981s  G0 F2.261946710584651 X0.0004            ok             1.2ms rx=1 busy=0
17:17:14.260     +9706.014s  G0 F2.261946710584651 X0.0005            ok             1.3ms rx=1 busy=0
17:17:14.260     +9706.049s  G0 F2.261946710584651 X0.0004            ok             1.6ms rx=1 busy=0
17:17:14.260     +9706.084s  G0 F2.261946710584651 X0.0004            ok             2.5ms rx=1 busy=0
17:17:14.260     +9706.128s  G0 F2.261946710584651 X0.0005            ok             1.1ms rx=1 busy=0
17:17:14.260     +9706.161s  G0 F2.261946710584651 X0.0004            ok             1.6ms rx=1 busy=0
17:17:14.260     +9706.192s  G0 F2.261946710584651 X0.0004            ok             2.5ms rx=1 busy=0
17:17:14.260     +9706.227s  G0 F2.261946710584651 X0.0004            ok             2.1ms rx=1 busy=0
17:17:14.260     +9706.277s  G0 F2.261946710584651 X0.0005            ok             1.4ms rx=1 busy=0
17:17:14.260     +9706.324s  G0 F2.261946710584651 X0.0007            ok             2.3ms rx=1 busy=0
17:17:14.260     +9706.375s  G0 F2.261946710584651 X0.0005            ok             1.7ms rx=1 busy=0
17:17:14.260     +9706.419s  G0 F2.261946710584651 X0.0006            ok             1.4ms rx=1 busy=0
17:17:14.260     +9706.453s  G0 F2.261946710584651 X0.0004            ok             2.5ms rx=1 busy=0
17:17:14.260     +9706.505s  G0 F2.261946710584651 X0.0007            ok             4.5ms rx=1 busy=0
17:17:14.260     +9706.546s  G0 F2.261946710584651 X0.0005            ok             1.5ms rx=1 busy=0
17:17:14.260     +9706.577s  G0 F2.261946710584651 X0.0004            ok             1.4ms rx=1 busy=0
17:17:14.260     +9706.611s  G0 F2.261946710584651 X0.0004            ok             3.0ms rx=1 busy=0
17:17:14.260     +9706.644s  G0 F2.261946710584651 X0.0004            ok             1.9ms rx=1 busy=0
17:17:14.260     +9706.688s  G0 F2.261946710584651 X0.0007            ok             1.5ms rx=1 busy=0
17:17:14.260     +9706.722s  G0 F2.261946710584651 X0.0004            ok             3.0ms rx=1 busy=0
17:17:14.260     +9706.753s  G0 F2.261946710584651 X0.0004            ok             1.2ms rx=1 busy=0
17:17:14.260     +9706.785s  G0 F2.261946710584651 X0.0004            ok             1.2ms rx=1 busy=0
17:17:14.260     +9706.838s  G0 F2.261946710584651 X0.0004            ok            17.3ms rx=1 busy=0
17:17:14.260     +9706.878s  G0 F2.261946710584651 X0.0008            ok             2.4ms rx=1 busy=0
17:17:14.260     +9706.917s  G0 F2.261946710584651 X0.0004            ok             1.6ms rx=1 busy=0
17:17:14.260     +9706.962s  G0 F2.261946710584651 X0.0007            ok             4.6ms rx=1 busy=0
17:17:14.260     +9706.995s  G0 F2.261946710584651 X0.0004            ok             2.6ms rx=1 busy=0
17:17:14.260     +9707.038s  G0 F2.261946710584651 X0.0005            ok             0.9ms rx=1 busy=0
17:17:14.260     +9707.069s  G0 F2.261946710584651 X0.0004            ok             1.2ms rx=1 busy=0
17:17:14.260     +9707.103s  G0 F2.261946710584651 X0.0005            ok             1.6ms rx=1 busy=0
17:17:14.261     +9707.135s  G0 F2.261946710584651 X0.0004            ok             1.5ms rx=1 busy=0
17:17:14.261     +9707.168s  G0 F2.261946710584651 X0.0004            ok             1.7ms rx=1 busy=0
17:17:14.261     +9707.199s  G0 F2.261946710584651 X0.0004            ok             0.9ms rx=1 busy=0
17:17:14.261     +9707.232s  G0 F2.261946710584651 X0.0004            ok             2.9ms rx=1 busy=0
17:17:14.261     +9707.262s  G0 F2.261946710584651 X0.0004            ok             1.7ms rx=1 busy=0
17:17:14.261     +9707.293s  G0 F2.261946710584651 X0.0004            ok             0.9ms rx=1 busy=0
17:17:14.261     +9707.328s  G0 F2.261946710584651 X0.0004            ok             1.4ms rx=1 busy=0
17:17:14.261     +9707.361s  G0 F2.261946710584651 X0.0004            ok             3.0ms rx=1 busy=0
17:17:14.261     +9707.391s  G0 F2.261946710584651 X0.0004            ok             1.6ms rx=1 busy=0
17:17:14.261     +9707.420s  G0 F2.261946710584651 X0.0004            ok             1.2ms rx=1 busy=0
17:17:14.261     +9707.471s  G0 F2.261946710584651 X0.0004            ok             1.9ms rx=1 busy=0
17:17:14.261     +9707.505s  G0 F2.261946710584651 X0.0006            ok             1.0ms rx=1 busy=0
17:17:14.261     +9707.541s  G0 F2.261946710584651 X0.0004            ok             3.3ms rx=1 busy=0
17:17:14.261     +9707.589s  G0 F2.261946710584651 X0.0006            ok             1.7ms rx=1 busy=0
17:17:14.261     +9707.635s  G0 F2.261946710584651 X0.0006            ok             1.9ms rx=1 busy=0
17:17:14.261     +9707.683s  G0 F2.261946710584651 X0.0006            ok             2.7ms rx=1 busy=0
17:17:14.261     +9707.714s  G0 F2.261946710584651 X0.0004            ok             4.9ms rx=1 busy=0
17:17:14.261     +9707.743s  G0 F2.261946710584651 X0.0004            ok             1.4ms rx=1 busy=0
17:17:14.261     +9707.775s  G0 F2.261946710584651 X0.0004            ok             1.6ms rx=1 busy=0
17:17:14.261     +9707.812s  G0 F2.261946710584651 X0.0004            ok             2.8ms rx=1 busy=0
17:17:14.261     +9707.875s  G0 F2.261946710584651 X0.0006            ok            17.7ms rx=1 busy=0
17:17:14.261     +9707.918s  G0 F2.261946710584651 X0.0009            ok             1.4ms rx=1 busy=0
17:17:14.261     +9707.949s  G0 F2.261946710584651 X0.0004            ok             1.0ms rx=1 busy=0
17:17:14.261     +9707.985s  G0 F2.261946710584651 X0.0004            ok             1.3ms rx=1 busy=0
17:17:14.261     +9708.018s  G0 F2.261946710584651 X0.0004            ok             1.7ms rx=1 busy=0
17:17:14.261     +9708.045s  G0 F2.261946710584651 X0.0004            ok             1.5ms rx=1 busy=0
17:17:14.261     +9708.080s  G0 F2.261946710584651 X0.0004            ok             3.0ms rx=1 busy=0
17:17:14.261     +9708.113s  G0 F2.261946710584651 X0.0004            ok             4.1ms rx=1 busy=0
17:17:14.261     +9708.144s  G0 F2.261946710584651 X0.0004            ok             1.7ms rx=1 busy=0
17:17:14.261     +9708.183s  G0 F2.261946710584651 X0.0004            ok             3.7ms rx=1 busy=0
17:17:14.261     +9708.225s  G0 F2.261946710584651 X0.0005            ok             1.6ms rx=1 busy=0
17:17:14.261     +9708.254s  G0 F2.261946710584651 X0.0004            ok             0.9ms rx=1 busy=0
17:17:14.261     +9708.290s  G0 F2.261946710584651 X0.0004            ok             2.1ms rx=1 busy=0
17:17:14.261     +9708.316s  G0 F2.261946710584651 X0.0005            ok             1.3ms rx=1 busy=0
17:17:14.261     +9708.349s  G0 F2.261946710584651 X0.0004            ok             1.0ms rx=1 busy=0
17:17:14.261     +9708.384s  G0 F2.261946710584651 X0.0004            ok             1.6ms rx=1 busy=0
17:17:14.261     +9708.413s  G0 F2.261946710584651 X0.0004            ok             1.7ms rx=1 busy=0
17:17:14.261     +9708.446s  G0 F2.261946710584651 X0.0004            ok             1.2ms rx=1 busy=0
17:17:14.261     +9708.476s  G0 F2.261946710584651 X0.0004            ok             0.8ms rx=1 busy=0
17:17:14.261     +9708.509s  G0 F2.261946710584651 X0.0004            ok             1.1ms rx=1 busy=0
17:17:14.261     +9708.543s  G0 F2.261946710584651 X0.0004            ok             1.3ms rx=1 busy=0
17:17:14.261     +9708.575s  G0 F2.261946710584651 X0.0004            ok             1.0ms rx=1 busy=0
17:17:14.261     +9708.606s  G0 F2.261946710584651 X0.0004            ok             1.5ms rx=1 busy=0
17:17:14.261     +9708.638s  G0 F2.261946710584651 X0.0004            ok             1.2ms rx=1 busy=0
17:17:14.261     +9708.668s  G0 F2.261946710584651 X0.0004            ok             0.9ms rx=1 busy=0
17:17:14.261     +9708.710s  G0 F2.261946710584651 X0.0004            ok             1.8ms rx=1 busy=0
17:17:14.261     +9708.750s  G0 F2.261946710584651 X0.0006            ok             1.1ms rx=1 busy=0
17:17:14.261     +9708.780s  G0 F2.261946710584651 X0.0004            ok             1.1ms rx=1 busy=0
17:17:14.261     +9708.817s  G0 F2.261946710584651 X0.0004            ok             1.4ms rx=1 busy=0
17:17:14.261     +9708.848s  G0 F2.261946710584651 X0.0004            ok             1.4ms rx=1 busy=0
17:17:14.261     +9708.899s  G0 F2.261946710584651 X0.0004            ok            23.1ms rx=1 busy=0
17:17:14.261     +9708.946s  G0 F2.261946710584651 X0.0007            ok             1.4ms rx=1 busy=0
17:17:14.261     +9708.977s  G0 F2.261946710584651 X0.0004            ok             2.4ms rx=1 busy=0
17:17:14.261     +9709.006s  G0 F2.261946710584651 X0.0004            ok             0.9ms rx=1 busy=0
17:17:14.261     +9709.038s  G0 F2.261946710584651 X0.0004            ok             2.0ms rx=1 busy=0
17:17:14.261     +9709.088s  G0 F2.261946710584651 X0.0005            ok             2.7ms rx=1 busy=0
17:17:14.261     +9709.121s  G0 F2.261946710584651 X0.0004            ok             1.1ms rx=1 busy=0
17:17:14.261     +9709.157s  G0 F2.261946710584651 X0.0005            ok             2.4ms rx=1 busy=0
17:17:14.261     +9709.202s  G0 F2.261946710584651 X0.0005            ok             2.2ms rx=1 busy=0
17:17:14.261     +9709.238s  G0 F2.261946710584651 X0.0004            ok             2.6ms rx=1 busy=0
17:17:14.261     +9709.282s  G0 F2.261946710584651 X0.0006            ok             2.3ms rx=1 busy=0
17:17:14.262     +9709.314s  G0 F2.261946710584651 X0.0004            ok             1.2ms rx=1 busy=0
17:17:14.262     +9709.349s  G0 F2.261946710584651 X0.0004            ok             5.0ms rx=1 busy=0
17:17:14.262     +9709.392s  G0 F2.261946710584651 X0.0006            ok             1.7ms rx=1 busy=0
17:17:14.262     +9709.420s  G0 F2.261946710584651 X0.0004            ok             1.1ms rx=1 busy=0
17:17:14.262     +9709.455s  G0 F2.261946710584651 X0.0004            ok             1.0ms rx=1 busy=0
17:17:14.262     +9709.489s  G0 F2.261946710584651 X0.0004            ok             1.7ms rx=1 busy=0
17:17:14.262     +9709.523s  G0 F2.261946710584651 X0.0004            ok             1.8ms rx=1 busy=0
17:17:14.262     +9709.553s  G0 F2.261946710584651 X0.0005            ok             1.2ms rx=1 busy=0
17:17:14.262     +9709.585s  G0 F2.261946710584651 X0.0004            ok             1.3ms rx=1 busy=0
17:17:14.262     +9709.614s  G0 F2.261946710584651 X0.0004            ok             1.1ms rx=1 busy=0
17:17:14.262     +9709.656s  G0 F2.261946710584651 X0.0004            ok             5.2ms rx=1 busy=0
17:17:14.262     +9709.696s  G0 F2.261946710584651 X0.0005            ok             1.4ms rx=1 busy=0
17:17:14.262     +9709.733s  G0 F2.261946710584651 X0.0004            ok             0.9ms rx=1 busy=0
17:17:14.262     +9709.773s  G0 F2.261946710584651 X0.0006            ok             1.5ms rx=1 busy=0
17:17:14.262     +9709.806s  G0 F2.261946710584651 X0.0004            ok             1.5ms rx=1 busy=0
17:17:14.262     +9709.838s  G0 F2.261946710584651 X0.0004            ok             2.3ms rx=1 busy=0
17:17:14.262     +9709.869s  G0 F2.261946710584651 X0.0004            ok             1.4ms rx=1 busy=0
17:17:14.262     +9709.919s  G0 F2.261946710584651 X0.0004            ok            18.6ms rx=1 busy=0
17:17:14.262     +9709.956s  G0 F2.261946710584651 X0.0007            ok             4.6ms rx=1 busy=0
17:17:14.262     +9710.001s  G0 F2.261946710584651 X0.0006            ok             1.4ms rx=1 busy=0
17:17:14.262     +9710.031s  G0 F2.261946710584651 X0.0004            ok             1.2ms rx=1 busy=0
17:17:14.262     +9710.067s  G0 F2.261946710584651 X0.0004            ok             1.0ms rx=1 busy=0
17:17:14.262     +9710.096s  G0 F2.261946710584651 X0.0004            ok             2.6ms rx=1 busy=0
17:17:14.262     +9710.125s  G0 F2.261946710584651 X0.0004            ok             0.9ms rx=1 busy=0
17:17:14.262     +9710.157s  G0 F2.261946710584651 X0.0004            ok             1.8ms rx=1 busy=0
17:17:14.262     +9710.195s  G0 F2.261946710584651 X0.0004            ok             2.9ms rx=1 busy=0
17:17:14.262     +9710.223s  G0 F2.261946710584651 X0.0004            ok             1.2ms rx=1 busy=0
17:17:14.262     +9710.253s  G0 F2.261946710584651 X0.0004            ok             0.9ms rx=1 busy=0
17:17:14.262     +9710.289s  G0 F2.261946710584651 X0.0004            ok             1.9ms rx=1 busy=0
17:17:14.262     +9710.322s  G0 F2.261946710584651 X0.0004            ok             1.4ms rx=1 busy=0
17:17:14.262     +9710.348s  G0 F2.261946710584651 X0.0005            ok             0.9ms rx=1 busy=0
17:17:14.262     +9710.383s  G0 F2.261946710584651 X0.0004            ok             2.0ms rx=1 busy=0
17:17:14.262     +9710.415s  G0 F2.261946710584651 X0.0004            ok             1.3ms rx=1 busy=0
17:17:14.262     +9710.444s  G0 F2.261946710584651 X0.0004            ok             1.0ms rx=1 busy=0
17:17:14.262     +9710.479s  G0 F2.261946710584651 X0.0004            ok             1.9ms rx=1 busy=0
17:17:14.262     +9710.512s  G0 F2.261946710584651 X0.0004            ok             1.6ms rx=1 busy=0
17:17:14.262     +9710.544s  G0 F2.261946710584651 X0.0004            ok             1.2ms rx=1 busy=0
17:17:14.262     +9710.577s  G0 F2.261946710584651 X0.0004            ok             1.2ms rx=1 busy=0
17:17:14.262     +9710.605s  G0 F2.261946710584651 X0.0004            ok             1.2ms rx=1 busy=0
17:17:14.262     +9710.638s  G0 F2.261946710584651 X0.0004            ok             1.1ms rx=1 busy=0
17:17:14.262     +9710.672s  G0 F2.261946710584651 X0.0003            ok             3.1ms rx=1 busy=0
17:17:14.262     +9710.702s  G0 F2.261946710584651 X0.0004            ok             1.4ms rx=1 busy=0
17:17:14.262     +9710.752s  G0 F2.261946710584651 X0.0004            ok             1.7ms rx=1 busy=0
17:17:14.262     +9710.784s  G0 F2.261946710584651 X0.0006            ok             2.5ms rx=1 busy=0
17:17:14.262     +9710.812s  G0 F2.261946710584651 X0.0004            ok             1.2ms rx=1 busy=0
17:17:14.262     +9710.849s  G0 F2.261946710584651 X0.0004            ok             1.2ms rx=1 busy=0
17:17:14.262     +9710.881s  G0 F2.261946710584651 X0.0003            ok             1.2ms rx=1 busy=0
17:17:14.262     +9710.913s  G0 F2.261946710584651 X0.0003            ok             4.1ms rx=1 busy=0
17:17:14.262     +9710.981s  G0 F2.261946710584651 X0.0006            ok             1.5ms rx=1 busy=0
17:17:14.262     +9711.031s  G0 F2.261946710584651 X0.0004            ok             7.1ms rx=1 busy=0
17:17:14.263     +9711.071s  G0 F2.261946710584651 X0.0004            ok             1.5ms rx=1 busy=0
17:17:14.263     +9711.135s  G0 F2.261946710584651 X0.0005            ok             1.7ms rx=1 busy=0
17:17:14.263     +9711.203s  G0 F2.261946710584651 X0.0004            ok             1.1ms rx=1 busy=0
17:17:14.263     +9711.284s  G0 F2.261946710584651 X0.0005            ok             1.3ms rx=1 busy=0
17:17:14.263     +9711.362s  G0 F2.261946710584651 X0.0006            ok             6.2ms rx=1 busy=0
17:17:14.263     +9711.429s  G0 F2.261946710584651 X0.0004            ok             3.8ms rx=1 busy=0
17:17:14.263     +9711.507s  G0 F2.261946710584651 X0.0004            ok             1.5ms rx=1 busy=0
17:17:14.263     +9711.597s  G0 F2.261946710584651 X0.0004            ok             1.0ms rx=1 busy=0
17:17:14.263     +9711.678s  G0 F2.261946710584651 X0.0003            ok             1.0ms rx=1 busy=0
17:17:14.263     +9711.775s  G0 F2.261946710584651 X0.0003            ok             1.0ms rx=1 busy=0
17:17:14.263     +9711.871s  G0 F2.261946710584651 X0.0003            ok             1.5ms rx=1 busy=0
17:17:14.263     +9712.013s  G0 F2.261946710584651 X0.0004            ok            17.9ms rx=1 busy=0
17:17:14.263     +9712.141s  G0 F2.261946710584651 X0.0003            ok             0.9ms rx=1 busy=0
17:17:14.263     +9712.303s  G0 F2.261946710584651 X0.0003            ok             1.4ms rx=1 busy=0
17:17:14.263     +9712.509s  G0 F2.261946710584651 X0.0003            ok             2.1ms rx=1 busy=0
17:17:14.263     +9712.768s  G0 F2.261946710584651 X0.0004            ok             0.9ms rx=1 busy=0
17:17:14.263     +9713.062s  G0 F2.261946710584651 X0.0004            ok             2.9ms rx=1 busy=0
17:17:14.263     +9713.326s  G0 F2.261946710584651 X0.0003            ok             1.2ms rx=1 busy=0
17:17:14.263     +9713.568s  G0 F2.261946710584651 X0.0002            ok             1.2ms rx=1 busy=0
17:17:14.263     +9713.651s  G0 F200.0 X-0.0600                       ok             1.2ms rx=1 busy=0
17:17:14.263     +9713.658s  M114                                     ok             4.0ms rx=2 busy=0
17:17:14.263     +9713.659s  G90                                      ok             0.3ms rx=1 busy=0
17:17:14.263     +9713.660s  G0 Z-102.7000 F60                        ok             1.0ms rx=1 busy=0
17:17:14.263     +9713.660s  G91                                      ok             0.4ms rx=1 busy=0
17:17:14.263     +9713.660s  G90                                      ok             0.2ms rx=1 busy=0
17:17:14.263     +9713.661s  G0 Z-79.3500 F201                        ok             1.0ms rx=1 busy=0
17:17:14.263     +9713.662s  G91                                      ok             0.3ms rx=1 busy=0
17:17:14.263     +9721.719s  M400                                     ok          8057.2ms rx=5 busy=4
17:17:14.263     +9721.731s  M114                                     ok             1.7ms rx=2 busy=0
17:17:14.263     +9721.775s  M114                                     ok            14.6ms rx=2 busy=0
17:17:14.263     +9721.782s  M114                                     ok             8.1ms rx=2 busy=0
17:17:14.263     +9721.795s  M114                                     ok            12.3ms rx=2 busy=0
17:17:14.263     +9721.860s  M114                                     ok             6.7ms rx=2 busy=0
17:17:14.263     +9721.861s  G90                                      ok             1.3ms rx=1 busy=0
17:17:14.263     +9721.861s  G0 Z-79.3500 F201                        ok             0.5ms rx=1 busy=0
17:17:14.263     +9721.862s  G91                                      ok             0.5ms rx=1 busy=0
17:17:14.263     +9721.862s  M400                                     ok             0.2ms rx=1 busy=0
17:17:14.263     +9721.864s  M114                                     ok             1.5ms rx=2 busy=0
17:17:14.263     +9731.388s  M114                                     ok             1.5ms rx=2 busy=0
17:17:14.263     +9731.389s  G90                                      ok             0.2ms rx=1 busy=0
17:17:14.263     +9731.390s  G0 Z-101.5500 F121                       ok             0.9ms rx=1 busy=0
17:17:14.263     +9731.390s  G91                                      ok             0.4ms rx=1 busy=0
17:17:14.263     +9731.390s  G90                                      ok             0.4ms rx=1 busy=0
17:17:14.263     +9731.391s  G0 Z-102.5500 F60                        ok             1.1ms rx=1 busy=0
17:17:14.263     +9731.393s  G91                                      ok             1.2ms rx=1 busy=0
17:17:14.263     +9743.522s  M400                                     ok         12129.3ms rx=7 busy=6
17:17:14.263     +9743.551s  M114                                     ok             1.1ms rx=2 busy=0
17:17:14.263     +9743.554s  G0 F18.0 X3.2453                         ok             0.8ms rx=1 busy=0
17:17:14.263     +9754.479s  M400                                     ok         10925.0ms rx=6 busy=5
17:17:14.263     +9754.583s  M114                                     ok             1.7ms rx=2 busy=0
17:17:14.263     +9754.895s  M114                                     ok             1.3ms rx=2 busy=0
17:17:14.263     +9755.213s  M114                                     ok             1.2ms rx=2 busy=0
17:17:14.263     +9755.534s  M114                                     ok             3.4ms rx=2 busy=0
17:17:14.263     +9755.853s  M114                                     ok             1.4ms rx=2 busy=0
17:17:14.263     +9756.173s  M114                                     ok             1.8ms rx=2 busy=0
17:17:14.263     +9756.493s  M114                                     ok             1.8ms rx=2 busy=0
17:17:14.263     +9756.813s  M114                                     ok             1.6ms rx=2 busy=0
17:17:14.264     +9757.132s  M114                                     ok             1.5ms rx=2 busy=0
17:17:14.264     +9757.452s  M114                                     ok             1.7ms rx=2 busy=0
17:17:14.264     +9757.794s  M114                                     ok            22.8ms rx=2 busy=0
17:17:14.264     +9758.110s  M114                                     ok             1.6ms rx=2 busy=0
17:17:14.264     +9758.432s  M114                                     ok             5.0ms rx=2 busy=0
17:17:14.264     +9758.748s  M114                                     ok             1.3ms rx=2 busy=0
17:17:14.264     +9759.068s  M114                                     ok             1.2ms rx=2 busy=0
17:17:14.264     +9759.388s  M114                                     ok             1.2ms rx=2 busy=0
17:17:14.264     +9759.516s  M114                                     ok             6.1ms rx=2 busy=0
17:17:14.264     +9759.517s  G90                                      ok             0.4ms rx=1 busy=0
17:17:14.264     +9759.517s  G0 Z-101.5500 F60                        ok             0.9ms rx=1 busy=0
17:17:14.264     +9759.518s  G91                                      ok             0.3ms rx=1 busy=0
17:17:14.264     +9759.518s  G90                                      ok             0.4ms rx=1 busy=0
17:17:14.264     +9759.519s  G0 Z-79.3500 F201                        ok             1.2ms rx=1 busy=0
17:17:14.264     +9759.520s  G91                                      ok             0.4ms rx=1 busy=0
17:17:14.264     +9767.278s  M400                                     ok          7758.0ms rx=4 busy=3
17:17:14.264 ---- end recent ----
17:17:29.828 ANOMALY M400                                     ok         12140.8ms rx=7 busy=6
17:17:29.828 ---- recent ZP transactions (anomaly: M400 -> ok) [300] ----
17:17:29.828     +9703.103s  G0 F2.261946710584651 X0.0004            ok             0.9ms rx=1 busy=0
17:17:29.828     +9703.135s  G0 F2.261946710584651 X0.0004            ok             0.9ms rx=1 busy=0
17:17:29.828     +9703.172s  G0 F2.261946710584651 X0.0004            ok             1.8ms rx=1 busy=0
17:17:29.828     +9703.217s  G0 F2.261946710584651 X0.0005            ok             1.7ms rx=1 busy=0
17:17:29.828     +9703.246s  G0 F2.261946710584651 X0.0004            ok             1.0ms rx=1 busy=0
17:17:29.828     +9703.277s  G0 F2.261946710584651 X0.0004            ok             1.2ms rx=1 busy=0
17:17:29.828     +9703.312s  G0 F2.261946710584651 X0.0004            ok             2.6ms rx=1 busy=0
17:17:29.829     +9703.348s  G0 F2.261946710584651 X0.0004            ok             1.2ms rx=1 busy=0
17:17:29.829     +9703.395s  G0 F2.261946710584651 X0.0005            ok             2.5ms rx=1 busy=0
17:17:29.829     +9703.443s  G0 F2.261946710584651 X0.0008            ok             3.5ms rx=1 busy=0
17:17:29.829     +9703.491s  G0 F2.261946710584651 X0.0005            ok             6.1ms rx=1 busy=0
17:17:29.829     +9703.534s  G0 F2.261946710584651 X0.0006            ok             0.9ms rx=1 busy=0
17:17:29.829     +9703.572s  G0 F2.261946710584651 X0.0004            ok             1.6ms rx=1 busy=0
17:17:29.829     +9703.619s  G0 F2.261946710584651 X0.0006            ok             1.6ms rx=1 busy=0
17:17:29.829     +9703.665s  G0 F2.261946710584651 X0.0005            ok             1.4ms rx=1 busy=0
17:17:29.829     +9703.721s  G0 F2.261946710584651 X0.0004            ok            26.2ms rx=1 busy=0
17:17:29.829     +9703.758s  G0 F2.261946710584651 X0.0008            ok             0.9ms rx=1 busy=0
17:17:29.829     +9703.798s  G0 F2.261946710584651 X0.0004            ok             2.7ms rx=1 busy=0
17:17:29.829     +9703.851s  G0 F2.261946710584651 X0.0006            ok             4.1ms rx=1 busy=0
17:17:29.829     +9703.894s  G0 F2.261946710584651 X0.0006            ok             2.5ms rx=1 busy=0
17:17:29.829     +9703.937s  G0 F2.261946710584651 X0.0006            ok             1.8ms rx=1 busy=0
17:17:29.829     +9703.970s  G0 F2.261946710584651 X0.0004            ok             1.3ms rx=1 busy=0
17:17:29.829     +9704.004s  G0 F2.261946710584651 X0.0004            ok             1.2ms rx=1 busy=0
17:17:29.829     +9704.047s  G0 F2.261946710584651 X0.0006            ok             0.9ms rx=1 busy=0
17:17:29.829     +9704.081s  G0 F2.261946710584651 X0.0004            ok             1.9ms rx=1 busy=0
17:17:29.829     +9704.112s  G0 F2.261946710584651 X0.0004            ok             2.6ms rx=1 busy=0
17:17:29.829     +9704.140s  G0 F2.261946710584651 X0.0004            ok             1.3ms rx=1 busy=0
17:17:29.829     +9704.173s  G0 F2.261946710584651 X0.0004            ok             1.3ms rx=1 busy=0
17:17:29.829     +9704.211s  G0 F2.261946710584651 X0.0004            ok             2.4ms rx=1 busy=0
17:17:29.829     +9704.242s  G0 F2.261946710584651 X0.0005            ok             1.3ms rx=1 busy=0
17:17:29.829     +9704.273s  G0 F2.261946710584651 X0.0004            ok             1.2ms rx=1 busy=0
17:17:29.829     +9704.307s  G0 F2.261946710584651 X0.0004            ok             1.2ms rx=1 busy=0
17:17:29.829     +9704.354s  G0 F2.261946710584651 X0.0005            ok             2.0ms rx=1 busy=0
17:17:29.829     +9704.387s  G0 F2.261946710584651 X0.0004            ok             2.5ms rx=1 busy=0
17:17:29.829     +9704.416s  G0 F2.261946710584651 X0.0004            ok             1.4ms rx=1 busy=0
17:17:29.829     +9704.447s  G0 F2.261946710584651 X0.0004            ok             2.4ms rx=1 busy=0
17:17:29.829     +9704.489s  G0 F2.261946710584651 X0.0004            ok             1.2ms rx=1 busy=0
17:17:29.829     +9704.527s  G0 F2.261946710584651 X0.0006            ok             1.2ms rx=1 busy=0
17:17:29.829     +9704.558s  G0 F2.261946710584651 X0.0004            ok             1.1ms rx=1 busy=0
17:17:29.829     +9704.592s  G0 F2.261946710584651 X0.0004            ok             2.3ms rx=1 busy=0
17:17:29.830     +9704.624s  G0 F2.261946710584651 X0.0004            ok             2.0ms rx=1 busy=0
17:17:29.830     +9704.654s  G0 F2.261946710584651 X0.0005            ok             1.2ms rx=1 busy=0
17:17:29.830     +9704.686s  G0 F2.261946710584651 X0.0004            ok             1.2ms rx=1 busy=0
17:17:29.830     +9704.743s  G0 F2.261946710584651 X0.0004            ok            22.4ms rx=1 busy=0
17:17:29.830     +9704.782s  G0 F2.261946710584651 X0.0007            ok             2.4ms rx=1 busy=0
17:17:29.830     +9704.816s  G0 F2.261946710584651 X0.0004            ok             4.2ms rx=1 busy=0
17:17:29.830     +9704.846s  G0 F2.261946710584651 X0.0004            ok             1.2ms rx=1 busy=0
17:17:29.830     +9704.876s  G0 F2.261946710584651 X0.0004            ok             0.9ms rx=1 busy=0
17:17:29.830     +9704.913s  G0 F2.261946710584651 X0.0004            ok             1.8ms rx=1 busy=0
17:17:29.830     +9704.942s  G0 F2.261946710584651 X0.0004            ok             1.2ms rx=1 busy=0
17:17:29.830     +9704.973s  G0 F2.261946710584651 X0.0004            ok             1.2ms rx=1 busy=0
17:17:29.830     +9705.007s  G0 F2.261946710584651 X0.0004            ok             1.7ms rx=1 busy=0
17:17:29.830     +9705.041s  G0 F2.261946710584651 X0.0004            ok             1.3ms rx=1 busy=0
17:17:29.830     +9705.071s  G0 F2.261946710584651 X0.0005            ok             1.9ms rx=1 busy=0
17:17:29.830     +9705.101s  G0 F2.261946710584651 X0.0004            ok             2.0ms rx=1 busy=0
17:17:29.830     +9705.139s  G0 F2.261946710584651 X0.0004            ok             1.0ms rx=1 busy=0
17:17:29.830     +9705.169s  G0 F2.261946710584651 X0.0004            ok             1.4ms rx=1 busy=0
17:17:29.830     +9705.197s  G0 F2.261946710584651 X0.0004            ok             1.4ms rx=1 busy=0
17:17:29.830     +9705.234s  G0 F2.261946710584651 X0.0004            ok             2.6ms rx=1 busy=0
17:17:29.830     +9705.278s  G0 F2.261946710584651 X0.0004            ok             1.4ms rx=1 busy=0
17:17:29.830     +9705.316s  G0 F2.261946710584651 X0.0005            ok             1.8ms rx=1 busy=0
17:17:29.830     +9705.362s  G0 F2.261946710584651 X0.0006            ok             1.2ms rx=1 busy=0
17:17:29.830     +9705.399s  G0 F2.261946710584651 X0.0004            ok             1.4ms rx=1 busy=0
17:17:29.830     +9705.441s  G0 F2.261946710584651 X0.0005            ok             2.0ms rx=1 busy=0
17:17:29.830     +9705.470s  G0 F2.261946710584651 X0.0005            ok             1.1ms rx=1 busy=0
17:17:29.830     +9705.503s  G0 F2.261946710584651 X0.0004            ok             1.3ms rx=1 busy=0
17:17:29.830     +9705.537s  G0 F2.261946710584651 X0.0004            ok             1.4ms rx=1 busy=0
17:17:29.830     +9705.567s  G0 F2.261946710584651 X0.0004            ok             1.6ms rx=1 busy=0
17:17:29.831     +9705.605s  G0 F2.261946710584651 X0.0004            ok             1.0ms rx=1 busy=0
17:17:29.831     +9705.646s  G0 F2.261946710584651 X0.0006            ok             1.2ms rx=1 busy=0
17:17:29.831     +9705.679s  G0 F2.261946710584651 X0.0004            ok             1.3ms rx=1 busy=0
17:17:29.831     +9705.721s  G0 F2.261946710584651 X0.0004            ok             7.3ms rx=1 busy=0
17:17:29.831     +9705.781s  G0 F2.261946710584651 X0.0006            ok            22.2ms rx=1 busy=0
17:17:29.831     +9705.835s  G0 F2.261946710584651 X0.0007            ok             2.8ms rx=1 busy=0
17:17:29.831     +9705.871s  G0 F2.261946710584651 X0.0007            ok             1.5ms rx=1 busy=0
17:17:29.831     +9705.908s  G0 F2.261946710584651 X0.0004            ok             1.5ms rx=1 busy=0
17:17:29.831     +9705.948s  G0 F2.261946710584651 X0.0006            ok             1.0ms rx=1 busy=0
17:17:29.831     +9705.981s  G0 F2.261946710584651 X0.0004            ok             1.2ms rx=1 busy=0
17:17:29.831     +9706.014s  G0 F2.261946710584651 X0.0005            ok             1.3ms rx=1 busy=0
17:17:29.831     +9706.049s  G0 F2.261946710584651 X0.0004            ok             1.6ms rx=1 busy=0
17:17:29.831     +9706.084s  G0 F2.261946710584651 X0.0004            ok             2.5ms rx=1 busy=0
17:17:29.831     +9706.128s  G0 F2.261946710584651 X0.0005            ok             1.1ms rx=1 busy=0
17:17:29.831     +9706.161s  G0 F2.261946710584651 X0.0004            ok             1.6ms rx=1 busy=0
17:17:29.831     +9706.192s  G0 F2.261946710584651 X0.0004            ok             2.5ms rx=1 busy=0
17:17:29.831     +9706.227s  G0 F2.261946710584651 X0.0004            ok             2.1ms rx=1 busy=0
17:17:29.831     +9706.277s  G0 F2.261946710584651 X0.0005            ok             1.4ms rx=1 busy=0
17:17:29.831     +9706.324s  G0 F2.261946710584651 X0.0007            ok             2.3ms rx=1 busy=0
17:17:29.831     +9706.375s  G0 F2.261946710584651 X0.0005            ok             1.7ms rx=1 busy=0
17:17:29.831     +9706.419s  G0 F2.261946710584651 X0.0006            ok             1.4ms rx=1 busy=0
17:17:29.831     +9706.453s  G0 F2.261946710584651 X0.0004            ok             2.5ms rx=1 busy=0
17:17:29.831     +9706.505s  G0 F2.261946710584651 X0.0007            ok             4.5ms rx=1 busy=0
17:17:29.831     +9706.546s  G0 F2.261946710584651 X0.0005            ok             1.5ms rx=1 busy=0
17:17:29.831     +9706.577s  G0 F2.261946710584651 X0.0004            ok             1.4ms rx=1 busy=0
17:17:29.831     +9706.611s  G0 F2.261946710584651 X0.0004            ok             3.0ms rx=1 busy=0
17:17:29.831     +9706.644s  G0 F2.261946710584651 X0.0004            ok             1.9ms rx=1 busy=0
17:17:29.831     +9706.688s  G0 F2.261946710584651 X0.0007            ok             1.5ms rx=1 busy=0
17:17:29.831     +9706.722s  G0 F2.261946710584651 X0.0004            ok             3.0ms rx=1 busy=0
17:17:29.831     +9706.753s  G0 F2.261946710584651 X0.0004            ok             1.2ms rx=1 busy=0
17:17:29.831     +9706.785s  G0 F2.261946710584651 X0.0004            ok             1.2ms rx=1 busy=0
17:17:29.831     +9706.838s  G0 F2.261946710584651 X0.0004            ok            17.3ms rx=1 busy=0
17:17:29.831     +9706.878s  G0 F2.261946710584651 X0.0008            ok             2.4ms rx=1 busy=0
17:17:29.831     +9706.917s  G0 F2.261946710584651 X0.0004            ok             1.6ms rx=1 busy=0
17:17:29.831     +9706.962s  G0 F2.261946710584651 X0.0007            ok             4.6ms rx=1 busy=0
17:17:29.831     +9706.995s  G0 F2.261946710584651 X0.0004            ok             2.6ms rx=1 busy=0
17:17:29.831     +9707.038s  G0 F2.261946710584651 X0.0005            ok             0.9ms rx=1 busy=0
17:17:29.831     +9707.069s  G0 F2.261946710584651 X0.0004            ok             1.2ms rx=1 busy=0
17:17:29.831     +9707.103s  G0 F2.261946710584651 X0.0005            ok             1.6ms rx=1 busy=0
17:17:29.831     +9707.135s  G0 F2.261946710584651 X0.0004            ok             1.5ms rx=1 busy=0
17:17:29.831     +9707.168s  G0 F2.261946710584651 X0.0004            ok             1.7ms rx=1 busy=0
17:17:29.831     +9707.199s  G0 F2.261946710584651 X0.0004            ok             0.9ms rx=1 busy=0
17:17:29.831     +9707.232s  G0 F2.261946710584651 X0.0004            ok             2.9ms rx=1 busy=0
17:17:29.831     +9707.262s  G0 F2.261946710584651 X0.0004            ok             1.7ms rx=1 busy=0
17:17:29.831     +9707.293s  G0 F2.261946710584651 X0.0004            ok             0.9ms rx=1 busy=0
17:17:29.831     +9707.328s  G0 F2.261946710584651 X0.0004            ok             1.4ms rx=1 busy=0
17:17:29.831     +9707.361s  G0 F2.261946710584651 X0.0004            ok             3.0ms rx=1 busy=0
17:17:29.831     +9707.391s  G0 F2.261946710584651 X0.0004            ok             1.6ms rx=1 busy=0
17:17:29.831     +9707.420s  G0 F2.261946710584651 X0.0004            ok             1.2ms rx=1 busy=0
17:17:29.831     +9707.471s  G0 F2.261946710584651 X0.0004            ok             1.9ms rx=1 busy=0
17:17:29.831     +9707.505s  G0 F2.261946710584651 X0.0006            ok             1.0ms rx=1 busy=0
17:17:29.831     +9707.541s  G0 F2.261946710584651 X0.0004            ok             3.3ms rx=1 busy=0
17:17:29.831     +9707.589s  G0 F2.261946710584651 X0.0006            ok             1.7ms rx=1 busy=0
17:17:29.831     +9707.635s  G0 F2.261946710584651 X0.0006            ok             1.9ms rx=1 busy=0
17:17:29.831     +9707.683s  G0 F2.261946710584651 X0.0006            ok             2.7ms rx=1 busy=0
17:17:29.831     +9707.714s  G0 F2.261946710584651 X0.0004            ok             4.9ms rx=1 busy=0
17:17:29.831     +9707.743s  G0 F2.261946710584651 X0.0004            ok             1.4ms rx=1 busy=0
17:17:29.831     +9707.775s  G0 F2.261946710584651 X0.0004            ok             1.6ms rx=1 busy=0
17:17:29.832     +9707.812s  G0 F2.261946710584651 X0.0004            ok             2.8ms rx=1 busy=0
17:17:29.832     +9707.875s  G0 F2.261946710584651 X0.0006            ok            17.7ms rx=1 busy=0
17:17:29.832     +9707.918s  G0 F2.261946710584651 X0.0009            ok             1.4ms rx=1 busy=0
17:17:29.832     +9707.949s  G0 F2.261946710584651 X0.0004            ok             1.0ms rx=1 busy=0
17:17:29.832     +9707.985s  G0 F2.261946710584651 X0.0004            ok             1.3ms rx=1 busy=0
17:17:29.832     +9708.018s  G0 F2.261946710584651 X0.0004            ok             1.7ms rx=1 busy=0
17:17:29.832     +9708.045s  G0 F2.261946710584651 X0.0004            ok             1.5ms rx=1 busy=0
17:17:29.832     +9708.080s  G0 F2.261946710584651 X0.0004            ok             3.0ms rx=1 busy=0
17:17:29.832     +9708.113s  G0 F2.261946710584651 X0.0004            ok             4.1ms rx=1 busy=0
17:17:29.832     +9708.144s  G0 F2.261946710584651 X0.0004            ok             1.7ms rx=1 busy=0
17:17:29.832     +9708.183s  G0 F2.261946710584651 X0.0004            ok             3.7ms rx=1 busy=0
17:17:29.832     +9708.225s  G0 F2.261946710584651 X0.0005            ok             1.6ms rx=1 busy=0
17:17:29.832     +9708.254s  G0 F2.261946710584651 X0.0004            ok             0.9ms rx=1 busy=0
17:17:29.832     +9708.290s  G0 F2.261946710584651 X0.0004            ok             2.1ms rx=1 busy=0
17:17:29.832     +9708.316s  G0 F2.261946710584651 X0.0005            ok             1.3ms rx=1 busy=0
17:17:29.832     +9708.349s  G0 F2.261946710584651 X0.0004            ok             1.0ms rx=1 busy=0
17:17:29.832     +9708.384s  G0 F2.261946710584651 X0.0004            ok             1.6ms rx=1 busy=0
17:17:29.832     +9708.413s  G0 F2.261946710584651 X0.0004            ok             1.7ms rx=1 busy=0
17:17:29.832     +9708.446s  G0 F2.261946710584651 X0.0004            ok             1.2ms rx=1 busy=0
17:17:29.832     +9708.476s  G0 F2.261946710584651 X0.0004            ok             0.8ms rx=1 busy=0
17:17:29.832     +9708.509s  G0 F2.261946710584651 X0.0004            ok             1.1ms rx=1 busy=0
17:17:29.832     +9708.543s  G0 F2.261946710584651 X0.0004            ok             1.3ms rx=1 busy=0
17:17:29.832     +9708.575s  G0 F2.261946710584651 X0.0004            ok             1.0ms rx=1 busy=0
17:17:29.832     +9708.606s  G0 F2.261946710584651 X0.0004            ok             1.5ms rx=1 busy=0
17:17:29.832     +9708.638s  G0 F2.261946710584651 X0.0004            ok             1.2ms rx=1 busy=0
17:17:29.832     +9708.668s  G0 F2.261946710584651 X0.0004            ok             0.9ms rx=1 busy=0
17:17:29.832     +9708.710s  G0 F2.261946710584651 X0.0004            ok             1.8ms rx=1 busy=0
17:17:29.832     +9708.750s  G0 F2.261946710584651 X0.0006            ok             1.1ms rx=1 busy=0
17:17:29.832     +9708.780s  G0 F2.261946710584651 X0.0004            ok             1.1ms rx=1 busy=0
17:17:29.832     +9708.817s  G0 F2.261946710584651 X0.0004            ok             1.4ms rx=1 busy=0
17:17:29.832     +9708.848s  G0 F2.261946710584651 X0.0004            ok             1.4ms rx=1 busy=0
17:17:29.832     +9708.899s  G0 F2.261946710584651 X0.0004            ok            23.1ms rx=1 busy=0
17:17:29.832     +9708.946s  G0 F2.261946710584651 X0.0007            ok             1.4ms rx=1 busy=0
17:17:29.832     +9708.977s  G0 F2.261946710584651 X0.0004            ok             2.4ms rx=1 busy=0
17:17:29.832     +9709.006s  G0 F2.261946710584651 X0.0004            ok             0.9ms rx=1 busy=0
17:17:29.832     +9709.038s  G0 F2.261946710584651 X0.0004            ok             2.0ms rx=1 busy=0
17:17:29.832     +9709.088s  G0 F2.261946710584651 X0.0005            ok             2.7ms rx=1 busy=0
17:17:29.832     +9709.121s  G0 F2.261946710584651 X0.0004            ok             1.1ms rx=1 busy=0
17:17:29.832     +9709.157s  G0 F2.261946710584651 X0.0005            ok             2.4ms rx=1 busy=0
17:17:29.832     +9709.202s  G0 F2.261946710584651 X0.0005            ok             2.2ms rx=1 busy=0
17:17:29.832     +9709.238s  G0 F2.261946710584651 X0.0004            ok             2.6ms rx=1 busy=0
17:17:29.832     +9709.282s  G0 F2.261946710584651 X0.0006            ok             2.3ms rx=1 busy=0
17:17:29.832     +9709.314s  G0 F2.261946710584651 X0.0004            ok             1.2ms rx=1 busy=0
17:17:29.832     +9709.349s  G0 F2.261946710584651 X0.0004            ok             5.0ms rx=1 busy=0
17:17:29.832     +9709.392s  G0 F2.261946710584651 X0.0006            ok             1.7ms rx=1 busy=0
17:17:29.832     +9709.420s  G0 F2.261946710584651 X0.0004            ok             1.1ms rx=1 busy=0
17:17:29.832     +9709.455s  G0 F2.261946710584651 X0.0004            ok             1.0ms rx=1 busy=0
17:17:29.832     +9709.489s  G0 F2.261946710584651 X0.0004            ok             1.7ms rx=1 busy=0
17:17:29.832     +9709.523s  G0 F2.261946710584651 X0.0004            ok             1.8ms rx=1 busy=0
17:17:29.832     +9709.553s  G0 F2.261946710584651 X0.0005            ok             1.2ms rx=1 busy=0
17:17:29.832     +9709.585s  G0 F2.261946710584651 X0.0004            ok             1.3ms rx=1 busy=0
17:17:29.832     +9709.614s  G0 F2.261946710584651 X0.0004            ok             1.1ms rx=1 busy=0
17:17:29.832     +9709.656s  G0 F2.261946710584651 X0.0004            ok             5.2ms rx=1 busy=0
17:17:29.832     +9709.696s  G0 F2.261946710584651 X0.0005            ok             1.4ms rx=1 busy=0
17:17:29.832     +9709.733s  G0 F2.261946710584651 X0.0004            ok             0.9ms rx=1 busy=0
17:17:29.833     +9709.773s  G0 F2.261946710584651 X0.0006            ok             1.5ms rx=1 busy=0
17:17:29.833     +9709.806s  G0 F2.261946710584651 X0.0004            ok             1.5ms rx=1 busy=0
17:17:29.833     +9709.838s  G0 F2.261946710584651 X0.0004            ok             2.3ms rx=1 busy=0
17:17:29.833     +9709.869s  G0 F2.261946710584651 X0.0004            ok             1.4ms rx=1 busy=0
17:17:29.833     +9709.919s  G0 F2.261946710584651 X0.0004            ok            18.6ms rx=1 busy=0
17:17:29.833     +9709.956s  G0 F2.261946710584651 X0.0007            ok             4.6ms rx=1 busy=0
17:17:29.833     +9710.001s  G0 F2.261946710584651 X0.0006            ok             1.4ms rx=1 busy=0
17:17:29.833     +9710.031s  G0 F2.261946710584651 X0.0004            ok             1.2ms rx=1 busy=0
17:17:29.833     +9710.067s  G0 F2.261946710584651 X0.0004            ok             1.0ms rx=1 busy=0
17:17:29.833     +9710.096s  G0 F2.261946710584651 X0.0004            ok             2.6ms rx=1 busy=0
17:17:29.833     +9710.125s  G0 F2.261946710584651 X0.0004            ok             0.9ms rx=1 busy=0
17:17:29.833     +9710.157s  G0 F2.261946710584651 X0.0004            ok             1.8ms rx=1 busy=0
17:17:29.833     +9710.195s  G0 F2.261946710584651 X0.0004            ok             2.9ms rx=1 busy=0
17:17:29.833     +9710.223s  G0 F2.261946710584651 X0.0004            ok             1.2ms rx=1 busy=0
17:17:29.833     +9710.253s  G0 F2.261946710584651 X0.0004            ok             0.9ms rx=1 busy=0
17:17:29.833     +9710.289s  G0 F2.261946710584651 X0.0004            ok             1.9ms rx=1 busy=0
17:17:29.833     +9710.322s  G0 F2.261946710584651 X0.0004            ok             1.4ms rx=1 busy=0
17:17:29.833     +9710.348s  G0 F2.261946710584651 X0.0005            ok             0.9ms rx=1 busy=0
17:17:29.833     +9710.383s  G0 F2.261946710584651 X0.0004            ok             2.0ms rx=1 busy=0
17:17:29.833     +9710.415s  G0 F2.261946710584651 X0.0004            ok             1.3ms rx=1 busy=0
17:17:29.833     +9710.444s  G0 F2.261946710584651 X0.0004            ok             1.0ms rx=1 busy=0
17:17:29.833     +9710.479s  G0 F2.261946710584651 X0.0004            ok             1.9ms rx=1 busy=0
17:17:29.833     +9710.512s  G0 F2.261946710584651 X0.0004            ok             1.6ms rx=1 busy=0
17:17:29.833     +9710.544s  G0 F2.261946710584651 X0.0004            ok             1.2ms rx=1 busy=0
17:17:29.833     +9710.577s  G0 F2.261946710584651 X0.0004            ok             1.2ms rx=1 busy=0
17:17:29.833     +9710.605s  G0 F2.261946710584651 X0.0004            ok             1.2ms rx=1 busy=0
17:17:29.833     +9710.638s  G0 F2.261946710584651 X0.0004            ok             1.1ms rx=1 busy=0
17:17:29.833     +9710.672s  G0 F2.261946710584651 X0.0003            ok             3.1ms rx=1 busy=0
17:17:29.833     +9710.702s  G0 F2.261946710584651 X0.0004            ok             1.4ms rx=1 busy=0
17:17:29.833     +9710.752s  G0 F2.261946710584651 X0.0004            ok             1.7ms rx=1 busy=0
17:17:29.833     +9710.784s  G0 F2.261946710584651 X0.0006            ok             2.5ms rx=1 busy=0
17:17:29.833     +9710.812s  G0 F2.261946710584651 X0.0004            ok             1.2ms rx=1 busy=0
17:17:29.833     +9710.849s  G0 F2.261946710584651 X0.0004            ok             1.2ms rx=1 busy=0
17:17:29.833     +9710.881s  G0 F2.261946710584651 X0.0003            ok             1.2ms rx=1 busy=0
17:17:29.833     +9710.913s  G0 F2.261946710584651 X0.0003            ok             4.1ms rx=1 busy=0
17:17:29.833     +9710.981s  G0 F2.261946710584651 X0.0006            ok             1.5ms rx=1 busy=0
17:17:29.833     +9711.031s  G0 F2.261946710584651 X0.0004            ok             7.1ms rx=1 busy=0
17:17:29.833     +9711.071s  G0 F2.261946710584651 X0.0004            ok             1.5ms rx=1 busy=0
17:17:29.833     +9711.135s  G0 F2.261946710584651 X0.0005            ok             1.7ms rx=1 busy=0
17:17:29.833     +9711.203s  G0 F2.261946710584651 X0.0004            ok             1.1ms rx=1 busy=0
17:17:29.833     +9711.284s  G0 F2.261946710584651 X0.0005            ok             1.3ms rx=1 busy=0
17:17:29.833     +9711.362s  G0 F2.261946710584651 X0.0006            ok             6.2ms rx=1 busy=0
17:17:29.833     +9711.429s  G0 F2.261946710584651 X0.0004            ok             3.8ms rx=1 busy=0
17:17:29.833     +9711.507s  G0 F2.261946710584651 X0.0004            ok             1.5ms rx=1 busy=0
17:17:29.833     +9711.597s  G0 F2.261946710584651 X0.0004            ok             1.0ms rx=1 busy=0
17:17:29.833     +9711.678s  G0 F2.261946710584651 X0.0003            ok             1.0ms rx=1 busy=0
17:17:29.833     +9711.775s  G0 F2.261946710584651 X0.0003            ok             1.0ms rx=1 busy=0
17:17:29.833     +9711.871s  G0 F2.261946710584651 X0.0003            ok             1.5ms rx=1 busy=0
17:17:29.833     +9712.013s  G0 F2.261946710584651 X0.0004            ok            17.9ms rx=1 busy=0
17:17:29.833     +9712.141s  G0 F2.261946710584651 X0.0003            ok             0.9ms rx=1 busy=0
17:17:29.833     +9712.303s  G0 F2.261946710584651 X0.0003            ok             1.4ms rx=1 busy=0
17:17:29.833     +9712.509s  G0 F2.261946710584651 X0.0003            ok             2.1ms rx=1 busy=0
17:17:29.833     +9712.768s  G0 F2.261946710584651 X0.0004            ok             0.9ms rx=1 busy=0
17:17:29.833     +9713.062s  G0 F2.261946710584651 X0.0004            ok             2.9ms rx=1 busy=0
17:17:29.833     +9713.326s  G0 F2.261946710584651 X0.0003            ok             1.2ms rx=1 busy=0
17:17:29.833     +9713.568s  G0 F2.261946710584651 X0.0002            ok             1.2ms rx=1 busy=0
17:17:29.833     +9713.651s  G0 F200.0 X-0.0600                       ok             1.2ms rx=1 busy=0
17:17:29.834     +9713.658s  M114                                     ok             4.0ms rx=2 busy=0
17:17:29.834     +9713.659s  G90                                      ok             0.3ms rx=1 busy=0
17:17:29.834     +9713.660s  G0 Z-102.7000 F60                        ok             1.0ms rx=1 busy=0
17:17:29.834     +9713.660s  G91                                      ok             0.4ms rx=1 busy=0
17:17:29.834     +9713.660s  G90                                      ok             0.2ms rx=1 busy=0
17:17:29.834     +9713.661s  G0 Z-79.3500 F201                        ok             1.0ms rx=1 busy=0
17:17:29.834     +9713.662s  G91                                      ok             0.3ms rx=1 busy=0
17:17:29.834     +9721.719s  M400                                     ok          8057.2ms rx=5 busy=4
17:17:29.834     +9721.731s  M114                                     ok             1.7ms rx=2 busy=0
17:17:29.834     +9721.775s  M114                                     ok            14.6ms rx=2 busy=0
17:17:29.834     +9721.782s  M114                                     ok             8.1ms rx=2 busy=0
17:17:29.834     +9721.795s  M114                                     ok            12.3ms rx=2 busy=0
17:17:29.834     +9721.860s  M114                                     ok             6.7ms rx=2 busy=0
17:17:29.834     +9721.861s  G90                                      ok             1.3ms rx=1 busy=0
17:17:29.834     +9721.861s  G0 Z-79.3500 F201                        ok             0.5ms rx=1 busy=0
17:17:29.834     +9721.862s  G91                                      ok             0.5ms rx=1 busy=0
17:17:29.834     +9721.862s  M400                                     ok             0.2ms rx=1 busy=0
17:17:29.834     +9721.864s  M114                                     ok             1.5ms rx=2 busy=0
17:17:29.834     +9731.388s  M114                                     ok             1.5ms rx=2 busy=0
17:17:29.834     +9731.389s  G90                                      ok             0.2ms rx=1 busy=0
17:17:29.834     +9731.390s  G0 Z-101.5500 F121                       ok             0.9ms rx=1 busy=0
17:17:29.834     +9731.390s  G91                                      ok             0.4ms rx=1 busy=0
17:17:29.834     +9731.390s  G90                                      ok             0.4ms rx=1 busy=0
17:17:29.834     +9731.391s  G0 Z-102.5500 F60                        ok             1.1ms rx=1 busy=0
17:17:29.834     +9731.393s  G91                                      ok             1.2ms rx=1 busy=0
17:17:29.834     +9743.522s  M400                                     ok         12129.3ms rx=7 busy=6
17:17:29.834     +9743.551s  M114                                     ok             1.1ms rx=2 busy=0
17:17:29.834     +9743.554s  G0 F18.0 X3.2453                         ok             0.8ms rx=1 busy=0
17:17:29.834     +9754.479s  M400                                     ok         10925.0ms rx=6 busy=5
17:17:29.834     +9754.583s  M114                                     ok             1.7ms rx=2 busy=0
17:17:29.834     +9754.895s  M114                                     ok             1.3ms rx=2 busy=0
17:17:29.834     +9755.213s  M114                                     ok             1.2ms rx=2 busy=0
17:17:29.834     +9755.534s  M114                                     ok             3.4ms rx=2 busy=0
17:17:29.834     +9755.853s  M114                                     ok             1.4ms rx=2 busy=0
17:17:29.834     +9756.173s  M114                                     ok             1.8ms rx=2 busy=0
17:17:29.834     +9756.493s  M114                                     ok             1.8ms rx=2 busy=0
17:17:29.834     +9756.813s  M114                                     ok             1.6ms rx=2 busy=0
17:17:29.834     +9757.132s  M114                                     ok             1.5ms rx=2 busy=0
17:17:29.834     +9757.452s  M114                                     ok             1.7ms rx=2 busy=0
17:17:29.834     +9757.794s  M114                                     ok            22.8ms rx=2 busy=0
17:17:29.834     +9758.110s  M114                                     ok             1.6ms rx=2 busy=0
17:17:29.835     +9758.432s  M114                                     ok             5.0ms rx=2 busy=0
17:17:29.835     +9758.748s  M114                                     ok             1.3ms rx=2 busy=0
17:17:29.835     +9759.068s  M114                                     ok             1.2ms rx=2 busy=0
17:17:29.835     +9759.388s  M114                                     ok             1.2ms rx=2 busy=0
17:17:29.835     +9759.516s  M114                                     ok             6.1ms rx=2 busy=0
17:17:29.835     +9759.517s  G90                                      ok             0.4ms rx=1 busy=0
17:17:29.835     +9759.517s  G0 Z-101.5500 F60                        ok             0.9ms rx=1 busy=0
17:17:29.835     +9759.518s  G91                                      ok             0.3ms rx=1 busy=0
17:17:29.835     +9759.518s  G90                                      ok             0.4ms rx=1 busy=0
17:17:29.835     +9759.519s  G0 Z-79.3500 F201                        ok             1.2ms rx=1 busy=0
17:17:29.835     +9759.520s  G91                                      ok             0.4ms rx=1 busy=0
17:17:29.835     +9767.278s  M400                                     ok          7758.0ms rx=4 busy=3
17:17:29.835     +9767.286s  M114                                     ok             1.3ms rx=2 busy=0
17:17:29.835     +9770.705s  M114                                     ok             3.6ms rx=2 busy=0
17:17:29.835     +9770.705s  G90                                      ok             0.3ms rx=1 busy=0
17:17:29.835     +9770.706s  G0 Z-101.5500 F121                       ok             0.8ms rx=1 busy=0
17:17:29.835     +9770.706s  G91                                      ok             0.3ms rx=1 busy=0
17:17:29.835     +9770.706s  G90                                      ok             0.3ms rx=1 busy=0
17:17:29.835     +9770.707s  G0 Z-102.5500 F60                        ok             1.0ms rx=1 busy=0
17:17:29.835     +9770.708s  G91                                      ok             0.3ms rx=1 busy=0
17:17:29.835     +9782.848s  M400                                     ok         12140.8ms rx=7 busy=6
17:17:29.835 ---- end recent ----
17:17:47.460 ANOMALY M400                                     ok          7758.0ms rx=4 busy=3
17:17:47.460 ---- recent ZP transactions (anomaly: M400 -> ok) [300] ----
17:17:47.460     +9706.084s  G0 F2.261946710584651 X0.0004            ok             2.5ms rx=1 busy=0
17:17:47.460     +9706.128s  G0 F2.261946710584651 X0.0005            ok             1.1ms rx=1 busy=0
17:17:47.460     +9706.161s  G0 F2.261946710584651 X0.0004            ok             1.6ms rx=1 busy=0
17:17:47.460     +9706.192s  G0 F2.261946710584651 X0.0004            ok             2.5ms rx=1 busy=0
17:17:47.460     +9706.227s  G0 F2.261946710584651 X0.0004            ok             2.1ms rx=1 busy=0
17:17:47.460     +9706.277s  G0 F2.261946710584651 X0.0005            ok             1.4ms rx=1 busy=0
17:17:47.460     +9706.324s  G0 F2.261946710584651 X0.0007            ok             2.3ms rx=1 busy=0
17:17:47.460     +9706.375s  G0 F2.261946710584651 X0.0005            ok             1.7ms rx=1 busy=0
17:17:47.460     +9706.419s  G0 F2.261946710584651 X0.0006            ok             1.4ms rx=1 busy=0
17:17:47.460     +9706.453s  G0 F2.261946710584651 X0.0004            ok             2.5ms rx=1 busy=0
17:17:47.460     +9706.505s  G0 F2.261946710584651 X0.0007            ok             4.5ms rx=1 busy=0
17:17:47.460     +9706.546s  G0 F2.261946710584651 X0.0005            ok             1.5ms rx=1 busy=0
17:17:47.460     +9706.577s  G0 F2.261946710584651 X0.0004            ok             1.4ms rx=1 busy=0
17:17:47.460     +9706.611s  G0 F2.261946710584651 X0.0004            ok             3.0ms rx=1 busy=0
17:17:47.460     +9706.644s  G0 F2.261946710584651 X0.0004            ok             1.9ms rx=1 busy=0
17:17:47.460     +9706.688s  G0 F2.261946710584651 X0.0007            ok             1.5ms rx=1 busy=0
17:17:47.460     +9706.722s  G0 F2.261946710584651 X0.0004            ok             3.0ms rx=1 busy=0
17:17:47.460     +9706.753s  G0 F2.261946710584651 X0.0004            ok             1.2ms rx=1 busy=0
17:17:47.460     +9706.785s  G0 F2.261946710584651 X0.0004            ok             1.2ms rx=1 busy=0
17:17:47.460     +9706.838s  G0 F2.261946710584651 X0.0004            ok            17.3ms rx=1 busy=0
17:17:47.460     +9706.878s  G0 F2.261946710584651 X0.0008            ok             2.4ms rx=1 busy=0
17:17:47.460     +9706.917s  G0 F2.261946710584651 X0.0004            ok             1.6ms rx=1 busy=0
17:17:47.460     +9706.962s  G0 F2.261946710584651 X0.0007            ok             4.6ms rx=1 busy=0
17:17:47.460     +9706.995s  G0 F2.261946710584651 X0.0004            ok             2.6ms rx=1 busy=0
17:17:47.460     +9707.038s  G0 F2.261946710584651 X0.0005            ok             0.9ms rx=1 busy=0
17:17:47.460     +9707.069s  G0 F2.261946710584651 X0.0004            ok             1.2ms rx=1 busy=0
17:17:47.460     +9707.103s  G0 F2.261946710584651 X0.0005            ok             1.6ms rx=1 busy=0
17:17:47.460     +9707.135s  G0 F2.261946710584651 X0.0004            ok             1.5ms rx=1 busy=0
17:17:47.460     +9707.168s  G0 F2.261946710584651 X0.0004            ok             1.7ms rx=1 busy=0
17:17:47.461     +9707.199s  G0 F2.261946710584651 X0.0004            ok             0.9ms rx=1 busy=0
17:17:47.461     +9707.232s  G0 F2.261946710584651 X0.0004            ok             2.9ms rx=1 busy=0
17:17:47.461     +9707.262s  G0 F2.261946710584651 X0.0004            ok             1.7ms rx=1 busy=0
17:17:47.461     +9707.293s  G0 F2.261946710584651 X0.0004            ok             0.9ms rx=1 busy=0
17:17:47.461     +9707.328s  G0 F2.261946710584651 X0.0004            ok             1.4ms rx=1 busy=0
17:17:47.461     +9707.361s  G0 F2.261946710584651 X0.0004            ok             3.0ms rx=1 busy=0
17:17:47.461     +9707.391s  G0 F2.261946710584651 X0.0004            ok             1.6ms rx=1 busy=0
17:17:47.461     +9707.420s  G0 F2.261946710584651 X0.0004            ok             1.2ms rx=1 busy=0
17:17:47.461     +9707.471s  G0 F2.261946710584651 X0.0004            ok             1.9ms rx=1 busy=0
17:17:47.461     +9707.505s  G0 F2.261946710584651 X0.0006            ok             1.0ms rx=1 busy=0
17:17:47.461     +9707.541s  G0 F2.261946710584651 X0.0004            ok             3.3ms rx=1 busy=0
17:17:47.461     +9707.589s  G0 F2.261946710584651 X0.0006            ok             1.7ms rx=1 busy=0
17:17:47.461     +9707.635s  G0 F2.261946710584651 X0.0006            ok             1.9ms rx=1 busy=0
17:17:47.461     +9707.683s  G0 F2.261946710584651 X0.0006            ok             2.7ms rx=1 busy=0
17:17:47.461     +9707.714s  G0 F2.261946710584651 X0.0004            ok             4.9ms rx=1 busy=0
17:17:47.461     +9707.743s  G0 F2.261946710584651 X0.0004            ok             1.4ms rx=1 busy=0
17:17:47.461     +9707.775s  G0 F2.261946710584651 X0.0004            ok             1.6ms rx=1 busy=0
17:17:47.461     +9707.812s  G0 F2.261946710584651 X0.0004            ok             2.8ms rx=1 busy=0
17:17:47.461     +9707.875s  G0 F2.261946710584651 X0.0006            ok            17.7ms rx=1 busy=0
17:17:47.461     +9707.918s  G0 F2.261946710584651 X0.0009            ok             1.4ms rx=1 busy=0
17:17:47.461     +9707.949s  G0 F2.261946710584651 X0.0004            ok             1.0ms rx=1 busy=0
17:17:47.461     +9707.985s  G0 F2.261946710584651 X0.0004            ok             1.3ms rx=1 busy=0
17:17:47.461     +9708.018s  G0 F2.261946710584651 X0.0004            ok             1.7ms rx=1 busy=0
17:17:47.461     +9708.045s  G0 F2.261946710584651 X0.0004            ok             1.5ms rx=1 busy=0
17:17:47.461     +9708.080s  G0 F2.261946710584651 X0.0004            ok             3.0ms rx=1 busy=0
17:17:47.461     +9708.113s  G0 F2.261946710584651 X0.0004            ok             4.1ms rx=1 busy=0
17:17:47.461     +9708.144s  G0 F2.261946710584651 X0.0004            ok             1.7ms rx=1 busy=0
17:17:47.461     +9708.183s  G0 F2.261946710584651 X0.0004            ok             3.7ms rx=1 busy=0
17:17:47.461     +9708.225s  G0 F2.261946710584651 X0.0005            ok             1.6ms rx=1 busy=0
17:17:47.461     +9708.254s  G0 F2.261946710584651 X0.0004            ok             0.9ms rx=1 busy=0
17:17:47.461     +9708.290s  G0 F2.261946710584651 X0.0004            ok             2.1ms rx=1 busy=0
17:17:47.461     +9708.316s  G0 F2.261946710584651 X0.0005            ok             1.3ms rx=1 busy=0
17:17:47.461     +9708.349s  G0 F2.261946710584651 X0.0004            ok             1.0ms rx=1 busy=0
17:17:47.461     +9708.384s  G0 F2.261946710584651 X0.0004            ok             1.6ms rx=1 busy=0
17:17:47.461     +9708.413s  G0 F2.261946710584651 X0.0004            ok             1.7ms rx=1 busy=0
17:17:47.461     +9708.446s  G0 F2.261946710584651 X0.0004            ok             1.2ms rx=1 busy=0
17:17:47.461     +9708.476s  G0 F2.261946710584651 X0.0004            ok             0.8ms rx=1 busy=0
17:17:47.461     +9708.509s  G0 F2.261946710584651 X0.0004            ok             1.1ms rx=1 busy=0
17:17:47.461     +9708.543s  G0 F2.261946710584651 X0.0004            ok             1.3ms rx=1 busy=0
17:17:47.461     +9708.575s  G0 F2.261946710584651 X0.0004            ok             1.0ms rx=1 busy=0
17:17:47.461     +9708.606s  G0 F2.261946710584651 X0.0004            ok             1.5ms rx=1 busy=0
17:17:47.461     +9708.638s  G0 F2.261946710584651 X0.0004            ok             1.2ms rx=1 busy=0
17:17:47.461     +9708.668s  G0 F2.261946710584651 X0.0004            ok             0.9ms rx=1 busy=0
17:17:47.461     +9708.710s  G0 F2.261946710584651 X0.0004            ok             1.8ms rx=1 busy=0
17:17:47.461     +9708.750s  G0 F2.261946710584651 X0.0006            ok             1.1ms rx=1 busy=0
17:17:47.461     +9708.780s  G0 F2.261946710584651 X0.0004            ok             1.1ms rx=1 busy=0
17:17:47.461     +9708.817s  G0 F2.261946710584651 X0.0004            ok             1.4ms rx=1 busy=0
17:17:47.461     +9708.848s  G0 F2.261946710584651 X0.0004            ok             1.4ms rx=1 busy=0
17:17:47.461     +9708.899s  G0 F2.261946710584651 X0.0004            ok            23.1ms rx=1 busy=0
17:17:47.461     +9708.946s  G0 F2.261946710584651 X0.0007            ok             1.4ms rx=1 busy=0
17:17:47.461     +9708.977s  G0 F2.261946710584651 X0.0004            ok             2.4ms rx=1 busy=0
17:17:47.461     +9709.006s  G0 F2.261946710584651 X0.0004            ok             0.9ms rx=1 busy=0
17:17:47.461     +9709.038s  G0 F2.261946710584651 X0.0004            ok             2.0ms rx=1 busy=0
17:17:47.461     +9709.088s  G0 F2.261946710584651 X0.0005            ok             2.7ms rx=1 busy=0
17:17:47.461     +9709.121s  G0 F2.261946710584651 X0.0004            ok             1.1ms rx=1 busy=0
17:17:47.461     +9709.157s  G0 F2.261946710584651 X0.0005            ok             2.4ms rx=1 busy=0
17:17:47.461     +9709.202s  G0 F2.261946710584651 X0.0005            ok             2.2ms rx=1 busy=0
17:17:47.461     +9709.238s  G0 F2.261946710584651 X0.0004            ok             2.6ms rx=1 busy=0
17:17:47.461     +9709.282s  G0 F2.261946710584651 X0.0006            ok             2.3ms rx=1 busy=0
17:17:47.461     +9709.314s  G0 F2.261946710584651 X0.0004            ok             1.2ms rx=1 busy=0
17:17:47.461     +9709.349s  G0 F2.261946710584651 X0.0004            ok             5.0ms rx=1 busy=0
17:17:47.462     +9709.392s  G0 F2.261946710584651 X0.0006            ok             1.7ms rx=1 busy=0
17:17:47.462     +9709.420s  G0 F2.261946710584651 X0.0004            ok             1.1ms rx=1 busy=0
17:17:47.462     +9709.455s  G0 F2.261946710584651 X0.0004            ok             1.0ms rx=1 busy=0
17:17:47.462     +9709.489s  G0 F2.261946710584651 X0.0004            ok             1.7ms rx=1 busy=0
17:17:47.462     +9709.523s  G0 F2.261946710584651 X0.0004            ok             1.8ms rx=1 busy=0
17:17:47.462     +9709.553s  G0 F2.261946710584651 X0.0005            ok             1.2ms rx=1 busy=0
17:17:47.462     +9709.585s  G0 F2.261946710584651 X0.0004            ok             1.3ms rx=1 busy=0
17:17:47.462     +9709.614s  G0 F2.261946710584651 X0.0004            ok             1.1ms rx=1 busy=0
17:17:47.462     +9709.656s  G0 F2.261946710584651 X0.0004            ok             5.2ms rx=1 busy=0
17:17:47.462     +9709.696s  G0 F2.261946710584651 X0.0005            ok             1.4ms rx=1 busy=0
17:17:47.462     +9709.733s  G0 F2.261946710584651 X0.0004            ok             0.9ms rx=1 busy=0
17:17:47.462     +9709.773s  G0 F2.261946710584651 X0.0006            ok             1.5ms rx=1 busy=0
17:17:47.462     +9709.806s  G0 F2.261946710584651 X0.0004            ok             1.5ms rx=1 busy=0
17:17:47.462     +9709.838s  G0 F2.261946710584651 X0.0004            ok             2.3ms rx=1 busy=0
17:17:47.462     +9709.869s  G0 F2.261946710584651 X0.0004            ok             1.4ms rx=1 busy=0
17:17:47.462     +9709.919s  G0 F2.261946710584651 X0.0004            ok            18.6ms rx=1 busy=0
17:17:47.462     +9709.956s  G0 F2.261946710584651 X0.0007            ok             4.6ms rx=1 busy=0
17:17:47.462     +9710.001s  G0 F2.261946710584651 X0.0006            ok             1.4ms rx=1 busy=0
17:17:47.462     +9710.031s  G0 F2.261946710584651 X0.0004            ok             1.2ms rx=1 busy=0
17:17:47.462     +9710.067s  G0 F2.261946710584651 X0.0004            ok             1.0ms rx=1 busy=0
17:17:47.462     +9710.096s  G0 F2.261946710584651 X0.0004            ok             2.6ms rx=1 busy=0
17:17:47.462     +9710.125s  G0 F2.261946710584651 X0.0004            ok             0.9ms rx=1 busy=0
17:17:47.462     +9710.157s  G0 F2.261946710584651 X0.0004            ok             1.8ms rx=1 busy=0
17:17:47.462     +9710.195s  G0 F2.261946710584651 X0.0004            ok             2.9ms rx=1 busy=0
17:17:47.462     +9710.223s  G0 F2.261946710584651 X0.0004            ok             1.2ms rx=1 busy=0
17:17:47.462     +9710.253s  G0 F2.261946710584651 X0.0004            ok             0.9ms rx=1 busy=0
17:17:47.462     +9710.289s  G0 F2.261946710584651 X0.0004            ok             1.9ms rx=1 busy=0
17:17:47.462     +9710.322s  G0 F2.261946710584651 X0.0004            ok             1.4ms rx=1 busy=0
17:17:47.462     +9710.348s  G0 F2.261946710584651 X0.0005            ok             0.9ms rx=1 busy=0
17:17:47.462     +9710.383s  G0 F2.261946710584651 X0.0004            ok             2.0ms rx=1 busy=0
17:17:47.462     +9710.415s  G0 F2.261946710584651 X0.0004            ok             1.3ms rx=1 busy=0
17:17:47.462     +9710.444s  G0 F2.261946710584651 X0.0004            ok             1.0ms rx=1 busy=0
17:17:47.462     +9710.479s  G0 F2.261946710584651 X0.0004            ok             1.9ms rx=1 busy=0
17:17:47.462     +9710.512s  G0 F2.261946710584651 X0.0004            ok             1.6ms rx=1 busy=0
17:17:47.462     +9710.544s  G0 F2.261946710584651 X0.0004            ok             1.2ms rx=1 busy=0
17:17:47.462     +9710.577s  G0 F2.261946710584651 X0.0004            ok             1.2ms rx=1 busy=0
17:17:47.462     +9710.605s  G0 F2.261946710584651 X0.0004            ok             1.2ms rx=1 busy=0
17:17:47.462     +9710.638s  G0 F2.261946710584651 X0.0004            ok             1.1ms rx=1 busy=0
17:17:47.462     +9710.672s  G0 F2.261946710584651 X0.0003            ok             3.1ms rx=1 busy=0
17:17:47.462     +9710.702s  G0 F2.261946710584651 X0.0004            ok             1.4ms rx=1 busy=0
17:17:47.462     +9710.752s  G0 F2.261946710584651 X0.0004            ok             1.7ms rx=1 busy=0
17:17:47.462     +9710.784s  G0 F2.261946710584651 X0.0006            ok             2.5ms rx=1 busy=0
17:17:47.462     +9710.812s  G0 F2.261946710584651 X0.0004            ok             1.2ms rx=1 busy=0
17:17:47.462     +9710.849s  G0 F2.261946710584651 X0.0004            ok             1.2ms rx=1 busy=0
17:17:47.462     +9710.881s  G0 F2.261946710584651 X0.0003            ok             1.2ms rx=1 busy=0
17:17:47.462     +9710.913s  G0 F2.261946710584651 X0.0003            ok             4.1ms rx=1 busy=0
17:17:47.462     +9710.981s  G0 F2.261946710584651 X0.0006            ok             1.5ms rx=1 busy=0
17:17:47.462     +9711.031s  G0 F2.261946710584651 X0.0004            ok             7.1ms rx=1 busy=0
17:17:47.462     +9711.071s  G0 F2.261946710584651 X0.0004            ok             1.5ms rx=1 busy=0
17:17:47.462     +9711.135s  G0 F2.261946710584651 X0.0005            ok             1.7ms rx=1 busy=0
17:17:47.462     +9711.203s  G0 F2.261946710584651 X0.0004            ok             1.1ms rx=1 busy=0
17:17:47.462     +9711.284s  G0 F2.261946710584651 X0.0005            ok             1.3ms rx=1 busy=0
17:17:47.462     +9711.362s  G0 F2.261946710584651 X0.0006            ok             6.2ms rx=1 busy=0
17:17:47.462     +9711.429s  G0 F2.261946710584651 X0.0004            ok             3.8ms rx=1 busy=0
17:17:47.463     +9711.507s  G0 F2.261946710584651 X0.0004            ok             1.5ms rx=1 busy=0
17:17:47.463     +9711.597s  G0 F2.261946710584651 X0.0004            ok             1.0ms rx=1 busy=0
17:17:47.463     +9711.678s  G0 F2.261946710584651 X0.0003            ok             1.0ms rx=1 busy=0
17:17:47.463     +9711.775s  G0 F2.261946710584651 X0.0003            ok             1.0ms rx=1 busy=0
17:17:47.463     +9711.871s  G0 F2.261946710584651 X0.0003            ok             1.5ms rx=1 busy=0
17:17:47.463     +9712.013s  G0 F2.261946710584651 X0.0004            ok            17.9ms rx=1 busy=0
17:17:47.463     +9712.141s  G0 F2.261946710584651 X0.0003            ok             0.9ms rx=1 busy=0
17:17:47.463     +9712.303s  G0 F2.261946710584651 X0.0003            ok             1.4ms rx=1 busy=0
17:17:47.463     +9712.509s  G0 F2.261946710584651 X0.0003            ok             2.1ms rx=1 busy=0
17:17:47.463     +9712.768s  G0 F2.261946710584651 X0.0004            ok             0.9ms rx=1 busy=0
17:17:47.463     +9713.062s  G0 F2.261946710584651 X0.0004            ok             2.9ms rx=1 busy=0
17:17:47.463     +9713.326s  G0 F2.261946710584651 X0.0003            ok             1.2ms rx=1 busy=0
17:17:47.463     +9713.568s  G0 F2.261946710584651 X0.0002            ok             1.2ms rx=1 busy=0
17:17:47.463     +9713.651s  G0 F200.0 X-0.0600                       ok             1.2ms rx=1 busy=0
17:17:47.463     +9713.658s  M114                                     ok             4.0ms rx=2 busy=0
17:17:47.463     +9713.659s  G90                                      ok             0.3ms rx=1 busy=0
17:17:47.463     +9713.660s  G0 Z-102.7000 F60                        ok             1.0ms rx=1 busy=0
17:17:47.463     +9713.660s  G91                                      ok             0.4ms rx=1 busy=0
17:17:47.463     +9713.660s  G90                                      ok             0.2ms rx=1 busy=0
17:17:47.463     +9713.661s  G0 Z-79.3500 F201                        ok             1.0ms rx=1 busy=0
17:17:47.463     +9713.662s  G91                                      ok             0.3ms rx=1 busy=0
17:17:47.463     +9721.719s  M400                                     ok          8057.2ms rx=5 busy=4
17:17:47.463     +9721.731s  M114                                     ok             1.7ms rx=2 busy=0
17:17:47.463     +9721.775s  M114                                     ok            14.6ms rx=2 busy=0
17:17:47.463     +9721.782s  M114                                     ok             8.1ms rx=2 busy=0
17:17:47.463     +9721.795s  M114                                     ok            12.3ms rx=2 busy=0
17:17:47.463     +9721.860s  M114                                     ok             6.7ms rx=2 busy=0
17:17:47.463     +9721.861s  G90                                      ok             1.3ms rx=1 busy=0
17:17:47.463     +9721.861s  G0 Z-79.3500 F201                        ok             0.5ms rx=1 busy=0
17:17:47.463     +9721.862s  G91                                      ok             0.5ms rx=1 busy=0
17:17:47.463     +9721.862s  M400                                     ok             0.2ms rx=1 busy=0
17:17:47.463     +9721.864s  M114                                     ok             1.5ms rx=2 busy=0
17:17:47.463     +9731.388s  M114                                     ok             1.5ms rx=2 busy=0
17:17:47.463     +9731.389s  G90                                      ok             0.2ms rx=1 busy=0
17:17:47.463     +9731.390s  G0 Z-101.5500 F121                       ok             0.9ms rx=1 busy=0
17:17:47.463     +9731.390s  G91                                      ok             0.4ms rx=1 busy=0
17:17:47.463     +9731.390s  G90                                      ok             0.4ms rx=1 busy=0
17:17:47.463     +9731.391s  G0 Z-102.5500 F60                        ok             1.1ms rx=1 busy=0
17:17:47.463     +9731.393s  G91                                      ok             1.2ms rx=1 busy=0
17:17:47.463     +9743.522s  M400                                     ok         12129.3ms rx=7 busy=6
17:17:47.463     +9743.551s  M114                                     ok             1.1ms rx=2 busy=0
17:17:47.463     +9743.554s  G0 F18.0 X3.2453                         ok             0.8ms rx=1 busy=0
17:17:47.463     +9754.479s  M400                                     ok         10925.0ms rx=6 busy=5
17:17:47.463     +9754.583s  M114                                     ok             1.7ms rx=2 busy=0
17:17:47.463     +9754.895s  M114                                     ok             1.3ms rx=2 busy=0
17:17:47.463     +9755.213s  M114                                     ok             1.2ms rx=2 busy=0
17:17:47.463     +9755.534s  M114                                     ok             3.4ms rx=2 busy=0
17:17:47.463     +9755.853s  M114                                     ok             1.4ms rx=2 busy=0
17:17:47.463     +9756.173s  M114                                     ok             1.8ms rx=2 busy=0
17:17:47.463     +9756.493s  M114                                     ok             1.8ms rx=2 busy=0
17:17:47.463     +9756.813s  M114                                     ok             1.6ms rx=2 busy=0
17:17:47.463     +9757.132s  M114                                     ok             1.5ms rx=2 busy=0
17:17:47.463     +9757.452s  M114                                     ok             1.7ms rx=2 busy=0
17:17:47.463     +9757.794s  M114                                     ok            22.8ms rx=2 busy=0
17:17:47.463     +9758.110s  M114                                     ok             1.6ms rx=2 busy=0
17:17:47.463     +9758.432s  M114                                     ok             5.0ms rx=2 busy=0
17:17:47.463     +9758.748s  M114                                     ok             1.3ms rx=2 busy=0
17:17:47.463     +9759.068s  M114                                     ok             1.2ms rx=2 busy=0
17:17:47.463     +9759.388s  M114                                     ok             1.2ms rx=2 busy=0
17:17:47.463     +9759.516s  M114                                     ok             6.1ms rx=2 busy=0
17:17:47.463     +9759.517s  G90                                      ok             0.4ms rx=1 busy=0
17:17:47.464     +9759.517s  G0 Z-101.5500 F60                        ok             0.9ms rx=1 busy=0
17:17:47.464     +9759.518s  G91                                      ok             0.3ms rx=1 busy=0
17:17:47.464     +9759.518s  G90                                      ok             0.4ms rx=1 busy=0
17:17:47.464     +9759.519s  G0 Z-79.3500 F201                        ok             1.2ms rx=1 busy=0
17:17:47.464     +9759.520s  G91                                      ok             0.4ms rx=1 busy=0
17:17:47.464     +9767.278s  M400                                     ok          7758.0ms rx=4 busy=3
17:17:47.464     +9767.286s  M114                                     ok             1.3ms rx=2 busy=0
17:17:47.464     +9770.705s  M114                                     ok             3.6ms rx=2 busy=0
17:17:47.464     +9770.705s  G90                                      ok             0.3ms rx=1 busy=0
17:17:47.464     +9770.706s  G0 Z-101.5500 F121                       ok             0.8ms rx=1 busy=0
17:17:47.464     +9770.706s  G91                                      ok             0.3ms rx=1 busy=0
17:17:47.464     +9770.706s  G90                                      ok             0.3ms rx=1 busy=0
17:17:47.464     +9770.707s  G0 Z-102.5500 F60                        ok             1.0ms rx=1 busy=0
17:17:47.464     +9770.708s  G91                                      ok             0.3ms rx=1 busy=0
17:17:47.464     +9782.848s  M400                                     ok         12140.8ms rx=7 busy=6
17:17:47.464     +9782.875s  M114                                     ok            19.4ms rx=2 busy=0
17:17:47.464     +9782.886s  G0 F200.0 Z0.5000                        ok            10.2ms rx=1 busy=0
17:17:47.464     +9782.914s  M114                                     ok            16.8ms rx=2 busy=0
17:17:47.464     +9783.188s  G90                                      ok             1.2ms rx=1 busy=0
17:17:47.464     +9783.189s  G0 Z-102.5500 F201                       ok             1.2ms rx=1 busy=0
17:17:47.464     +9783.189s  G91                                      ok             0.2ms rx=1 busy=0
17:17:47.464     +9783.229s  M114                                     ok             2.0ms rx=2 busy=0
17:17:47.464     +9783.564s  M114                                     ok             1.2ms rx=2 busy=0
17:17:47.464     +9783.847s  G0 F200.0 Z0.5000                        ok             2.5ms rx=1 busy=0
17:17:47.464     +9783.897s  M114                                     ok            14.2ms rx=2 busy=0
17:17:47.464     +9784.148s  G90                                      ok             0.3ms rx=1 busy=0
17:17:47.464     +9784.148s  G0 Z-102.5500 F201                       ok             0.9ms rx=1 busy=0
17:17:47.464     +9784.149s  G91                                      ok             0.3ms rx=1 busy=0
17:17:47.464     +9784.204s  M114                                     ok             1.2ms rx=2 busy=0
17:17:47.464     +9784.525s  M114                                     ok             1.3ms rx=2 busy=0
17:17:47.464     +9784.806s  G0 F200.0 Z0.5000                        ok             1.1ms rx=1 busy=0
17:17:47.464     +9784.845s  M114                                     ok             2.1ms rx=2 busy=0
17:17:47.464     +9785.107s  G90                                      ok             0.7ms rx=1 busy=0
17:17:47.464     +9785.109s  G0 Z-102.5500 F201                       ok             1.8ms rx=1 busy=0
17:17:47.464     +9785.109s  G91                                      ok             0.2ms rx=1 busy=0
17:17:47.464     +9785.165s  M114                                     ok             1.3ms rx=2 busy=0
17:17:47.464     +9785.494s  M114                                     ok             3.6ms rx=2 busy=0
17:17:47.464     +9785.765s  G0 F200.0 Z0.5000                        ok             0.9ms rx=1 busy=0
17:17:47.464     +9785.804s  M114                                     ok             1.4ms rx=2 busy=0
17:17:47.464     +9786.066s  G90                                      ok             0.5ms rx=1 busy=0
17:17:47.464     +9786.067s  G0 Z-102.5500 F201                       ok             0.9ms rx=1 busy=0
17:17:47.464     +9786.067s  G91                                      ok             0.2ms rx=1 busy=0
17:17:47.464     +9786.124s  M114                                     ok             1.2ms rx=2 busy=0
17:17:47.464     +9786.444s  M114                                     ok             1.3ms rx=2 busy=0
17:17:47.464     +9786.727s  G0 F200.0 Z0.5000                        ok             2.6ms rx=1 busy=0
17:17:47.464     +9786.764s  M114                                     ok             1.2ms rx=2 busy=0
17:17:47.464     +9787.052s  G90                                      ok            24.6ms rx=1 busy=0
17:17:47.464     +9787.064s  G0 Z-102.5500 F201                       ok            11.8ms rx=1 busy=0
17:17:47.464     +9787.064s  G91                                      ok             0.3ms rx=1 busy=0
17:17:47.464     +9787.084s  M114                                     ok             1.2ms rx=2 busy=0
17:17:47.464     +9787.441s  M114                                     ok             3.6ms rx=2 busy=0
17:17:47.464     +9787.723s  G0 F200.0 Z0.5000                        ok             0.9ms rx=1 busy=0
17:17:47.464     +9787.765s  M114                                     ok             2.9ms rx=2 busy=0
17:17:47.464     +9788.024s  G90                                      ok             0.3ms rx=1 busy=0
17:17:47.464     +9788.025s  G0 Z-102.5500 F201                       ok             1.0ms rx=1 busy=0
17:17:47.464     +9788.025s  G91                                      ok             0.3ms rx=1 busy=0
17:17:47.464     +9788.099s  M114                                     ok            20.7ms rx=2 busy=0
17:17:47.464     +9788.412s  M114                                     ok             1.5ms rx=2 busy=0
17:17:47.464     +9788.686s  G0 F200.0 Z0.5000                        ok             2.5ms rx=1 busy=0
17:17:47.464     +9788.732s  M114                                     ok             1.5ms rx=2 busy=0
17:17:47.465     +9788.987s  G90                                      ok             0.3ms rx=1 busy=0
17:17:47.465     +9788.988s  G0 Z-102.5500 F201                       ok             0.8ms rx=1 busy=0
17:17:47.465     +9788.988s  G91                                      ok             0.2ms rx=1 busy=0
17:17:47.465     +9789.053s  M114                                     ok             2.1ms rx=2 busy=0
17:17:47.465     +9789.373s  M114                                     ok             1.2ms rx=2 busy=0
17:17:47.465     +9789.645s  G0 F200.0 Z0.5000                        ok             1.1ms rx=1 busy=0
17:17:47.465     +9789.700s  M114                                     ok             6.0ms rx=2 busy=0
17:17:47.465     +9789.945s  G90                                      ok             0.3ms rx=1 busy=0
17:17:47.465     +9789.946s  G0 Z-102.5500 F201                       ok             0.8ms rx=1 busy=0
17:17:47.465     +9789.946s  G91                                      ok             0.2ms rx=1 busy=0
17:17:47.465     +9790.022s  M114                                     ok             8.6ms rx=2 busy=0
17:17:47.465     +9790.333s  M114                                     ok             1.2ms rx=2 busy=0
17:17:47.465     +9790.608s  G0 F200.0 Z0.5000                        ok             0.9ms rx=1 busy=0
17:17:47.465     +9790.654s  M114                                     ok             2.2ms rx=2 busy=0
17:17:47.465     +9790.910s  G90                                      ok             0.5ms rx=1 busy=0
17:17:47.465     +9790.913s  G0 Z-102.5500 F201                       ok             3.0ms rx=1 busy=0
17:17:47.465     +9790.913s  G91                                      ok             0.3ms rx=1 busy=0
17:17:47.465     +9790.973s  M114                                     ok             2.4ms rx=2 busy=0
17:17:47.465     +9791.293s  M114                                     ok             1.9ms rx=2 busy=0
17:17:47.465     +9791.573s  G0 F200.0 Z0.5000                        ok             1.2ms rx=1 busy=0
17:17:47.465     +9791.612s  M114                                     ok             1.5ms rx=2 busy=0
17:17:47.465     +9791.874s  G90                                      ok             0.4ms rx=1 busy=0
17:17:47.465     +9791.875s  G0 Z-102.5500 F201                       ok             1.2ms rx=1 busy=0
17:17:47.465     +9791.875s  G91                                      ok             0.2ms rx=1 busy=0
17:17:47.465     +9791.932s  M114                                     ok             1.5ms rx=2 busy=0
17:17:47.465     +9792.280s  M114                                     ok            28.5ms rx=2 busy=0
17:17:47.465     +9792.603s  M114                                     ok            16.0ms rx=2 busy=0
17:17:47.465     +9792.718s  M114                                     ok             2.5ms rx=2 busy=0
17:17:47.465     +9792.719s  G90                                      ok             0.5ms rx=1 busy=0
17:17:47.465     +9792.720s  G0 Z-101.5500 F60                        ok             1.1ms rx=1 busy=0
17:17:47.465     +9792.720s  G91                                      ok             0.3ms rx=1 busy=0
17:17:47.465     +9792.720s  G90                                      ok             0.3ms rx=1 busy=0
17:17:47.465     +9792.722s  G0 Z-79.3500 F201                        ok             1.5ms rx=1 busy=0
17:17:47.465     +9792.722s  G91                                      ok             0.3ms rx=1 busy=0
17:17:47.465     +9800.480s  M400                                     ok          7758.0ms rx=4 busy=3
17:17:47.465 ---- end recent ----
17:18:06.216 ANOMALY M400                                     ok         12131.0ms rx=7 busy=6
17:18:06.217 ---- recent ZP transactions (anomaly: M400 -> ok) [300] ----
17:18:06.217     +9706.453s  G0 F2.261946710584651 X0.0004            ok             2.5ms rx=1 busy=0
17:18:06.217     +9706.505s  G0 F2.261946710584651 X0.0007            ok             4.5ms rx=1 busy=0
17:18:06.217     +9706.546s  G0 F2.261946710584651 X0.0005            ok             1.5ms rx=1 busy=0
17:18:06.217     +9706.577s  G0 F2.261946710584651 X0.0004            ok             1.4ms rx=1 busy=0
17:18:06.217     +9706.611s  G0 F2.261946710584651 X0.0004            ok             3.0ms rx=1 busy=0
17:18:06.217     +9706.644s  G0 F2.261946710584651 X0.0004            ok             1.9ms rx=1 busy=0
17:18:06.217     +9706.688s  G0 F2.261946710584651 X0.0007            ok             1.5ms rx=1 busy=0
17:18:06.217     +9706.722s  G0 F2.261946710584651 X0.0004            ok             3.0ms rx=1 busy=0
17:18:06.217     +9706.753s  G0 F2.261946710584651 X0.0004            ok             1.2ms rx=1 busy=0
17:18:06.217     +9706.785s  G0 F2.261946710584651 X0.0004            ok             1.2ms rx=1 busy=0
17:18:06.217     +9706.838s  G0 F2.261946710584651 X0.0004            ok            17.3ms rx=1 busy=0
17:18:06.217     +9706.878s  G0 F2.261946710584651 X0.0008            ok             2.4ms rx=1 busy=0
17:18:06.217     +9706.917s  G0 F2.261946710584651 X0.0004            ok             1.6ms rx=1 busy=0
17:18:06.217     +9706.962s  G0 F2.261946710584651 X0.0007            ok             4.6ms rx=1 busy=0
17:18:06.217     +9706.995s  G0 F2.261946710584651 X0.0004            ok             2.6ms rx=1 busy=0
17:18:06.217     +9707.038s  G0 F2.261946710584651 X0.0005            ok             0.9ms rx=1 busy=0
17:18:06.217     +9707.069s  G0 F2.261946710584651 X0.0004            ok             1.2ms rx=1 busy=0
17:18:06.217     +9707.103s  G0 F2.261946710584651 X0.0005            ok             1.6ms rx=1 busy=0
17:18:06.217     +9707.135s  G0 F2.261946710584651 X0.0004            ok             1.5ms rx=1 busy=0
17:18:06.217     +9707.168s  G0 F2.261946710584651 X0.0004            ok             1.7ms rx=1 busy=0
17:18:06.217     +9707.199s  G0 F2.261946710584651 X0.0004            ok             0.9ms rx=1 busy=0
17:18:06.217     +9707.232s  G0 F2.261946710584651 X0.0004            ok             2.9ms rx=1 busy=0
17:18:06.217     +9707.262s  G0 F2.261946710584651 X0.0004            ok             1.7ms rx=1 busy=0
17:18:06.217     +9707.293s  G0 F2.261946710584651 X0.0004            ok             0.9ms rx=1 busy=0
17:18:06.217     +9707.328s  G0 F2.261946710584651 X0.0004            ok             1.4ms rx=1 busy=0
17:18:06.217     +9707.361s  G0 F2.261946710584651 X0.0004            ok             3.0ms rx=1 busy=0
17:18:06.217     +9707.391s  G0 F2.261946710584651 X0.0004            ok             1.6ms rx=1 busy=0
17:18:06.218     +9707.420s  G0 F2.261946710584651 X0.0004            ok             1.2ms rx=1 busy=0
17:18:06.218     +9707.471s  G0 F2.261946710584651 X0.0004            ok             1.9ms rx=1 busy=0
17:18:06.218     +9707.505s  G0 F2.261946710584651 X0.0006            ok             1.0ms rx=1 busy=0
17:18:06.218     +9707.541s  G0 F2.261946710584651 X0.0004            ok             3.3ms rx=1 busy=0
17:18:06.218     +9707.589s  G0 F2.261946710584651 X0.0006            ok             1.7ms rx=1 busy=0
17:18:06.218     +9707.635s  G0 F2.261946710584651 X0.0006            ok             1.9ms rx=1 busy=0
17:18:06.218     +9707.683s  G0 F2.261946710584651 X0.0006            ok             2.7ms rx=1 busy=0
17:18:06.218     +9707.714s  G0 F2.261946710584651 X0.0004            ok             4.9ms rx=1 busy=0
17:18:06.218     +9707.743s  G0 F2.261946710584651 X0.0004            ok             1.4ms rx=1 busy=0
17:18:06.218     +9707.775s  G0 F2.261946710584651 X0.0004            ok             1.6ms rx=1 busy=0
17:18:06.218     +9707.812s  G0 F2.261946710584651 X0.0004            ok             2.8ms rx=1 busy=0
17:18:06.218     +9707.875s  G0 F2.261946710584651 X0.0006            ok            17.7ms rx=1 busy=0
17:18:06.218     +9707.918s  G0 F2.261946710584651 X0.0009            ok             1.4ms rx=1 busy=0
17:18:06.218     +9707.949s  G0 F2.261946710584651 X0.0004            ok             1.0ms rx=1 busy=0
17:18:06.218     +9707.985s  G0 F2.261946710584651 X0.0004            ok             1.3ms rx=1 busy=0
17:18:06.218     +9708.018s  G0 F2.261946710584651 X0.0004            ok             1.7ms rx=1 busy=0
17:18:06.218     +9708.045s  G0 F2.261946710584651 X0.0004            ok             1.5ms rx=1 busy=0
17:18:06.218     +9708.080s  G0 F2.261946710584651 X0.0004            ok             3.0ms rx=1 busy=0
17:18:06.218     +9708.113s  G0 F2.261946710584651 X0.0004            ok             4.1ms rx=1 busy=0
17:18:06.218     +9708.144s  G0 F2.261946710584651 X0.0004            ok             1.7ms rx=1 busy=0
17:18:06.218     +9708.183s  G0 F2.261946710584651 X0.0004            ok             3.7ms rx=1 busy=0
17:18:06.218     +9708.225s  G0 F2.261946710584651 X0.0005            ok             1.6ms rx=1 busy=0
17:18:06.218     +9708.254s  G0 F2.261946710584651 X0.0004            ok             0.9ms rx=1 busy=0
17:18:06.218     +9708.290s  G0 F2.261946710584651 X0.0004            ok             2.1ms rx=1 busy=0
17:18:06.218     +9708.316s  G0 F2.261946710584651 X0.0005            ok             1.3ms rx=1 busy=0
17:18:06.218     +9708.349s  G0 F2.261946710584651 X0.0004            ok             1.0ms rx=1 busy=0
17:18:06.218     +9708.384s  G0 F2.261946710584651 X0.0004            ok             1.6ms rx=1 busy=0
17:18:06.218     +9708.413s  G0 F2.261946710584651 X0.0004            ok             1.7ms rx=1 busy=0
17:18:06.218     +9708.446s  G0 F2.261946710584651 X0.0004            ok             1.2ms rx=1 busy=0
17:18:06.218     +9708.476s  G0 F2.261946710584651 X0.0004            ok             0.8ms rx=1 busy=0
17:18:06.218     +9708.509s  G0 F2.261946710584651 X0.0004            ok             1.1ms rx=1 busy=0
17:18:06.218     +9708.543s  G0 F2.261946710584651 X0.0004            ok             1.3ms rx=1 busy=0
17:18:06.218     +9708.575s  G0 F2.261946710584651 X0.0004            ok             1.0ms rx=1 busy=0
17:18:06.218     +9708.606s  G0 F2.261946710584651 X0.0004            ok             1.5ms rx=1 busy=0
17:18:06.218     +9708.638s  G0 F2.261946710584651 X0.0004            ok             1.2ms rx=1 busy=0
17:18:06.218     +9708.668s  G0 F2.261946710584651 X0.0004            ok             0.9ms rx=1 busy=0
17:18:06.218     +9708.710s  G0 F2.261946710584651 X0.0004            ok             1.8ms rx=1 busy=0
17:18:06.218     +9708.750s  G0 F2.261946710584651 X0.0006            ok             1.1ms rx=1 busy=0
17:18:06.219     +9708.780s  G0 F2.261946710584651 X0.0004            ok             1.1ms rx=1 busy=0
17:18:06.219     +9708.817s  G0 F2.261946710584651 X0.0004            ok             1.4ms rx=1 busy=0
17:18:06.219     +9708.848s  G0 F2.261946710584651 X0.0004            ok             1.4ms rx=1 busy=0
17:18:06.219     +9708.899s  G0 F2.261946710584651 X0.0004            ok            23.1ms rx=1 busy=0
17:18:06.219     +9708.946s  G0 F2.261946710584651 X0.0007            ok             1.4ms rx=1 busy=0
17:18:06.219     +9708.977s  G0 F2.261946710584651 X0.0004            ok             2.4ms rx=1 busy=0
17:18:06.219     +9709.006s  G0 F2.261946710584651 X0.0004            ok             0.9ms rx=1 busy=0
17:18:06.219     +9709.038s  G0 F2.261946710584651 X0.0004            ok             2.0ms rx=1 busy=0
17:18:06.219     +9709.088s  G0 F2.261946710584651 X0.0005            ok             2.7ms rx=1 busy=0
17:18:06.219     +9709.121s  G0 F2.261946710584651 X0.0004            ok             1.1ms rx=1 busy=0
17:18:06.219     +9709.157s  G0 F2.261946710584651 X0.0005            ok             2.4ms rx=1 busy=0
17:18:06.219     +9709.202s  G0 F2.261946710584651 X0.0005            ok             2.2ms rx=1 busy=0
17:18:06.219     +9709.238s  G0 F2.261946710584651 X0.0004            ok             2.6ms rx=1 busy=0
17:18:06.219     +9709.282s  G0 F2.261946710584651 X0.0006            ok             2.3ms rx=1 busy=0
17:18:06.219     +9709.314s  G0 F2.261946710584651 X0.0004            ok             1.2ms rx=1 busy=0
17:18:06.219     +9709.349s  G0 F2.261946710584651 X0.0004            ok             5.0ms rx=1 busy=0
17:18:06.219     +9709.392s  G0 F2.261946710584651 X0.0006            ok             1.7ms rx=1 busy=0
17:18:06.219     +9709.420s  G0 F2.261946710584651 X0.0004            ok             1.1ms rx=1 busy=0
17:18:06.219     +9709.455s  G0 F2.261946710584651 X0.0004            ok             1.0ms rx=1 busy=0
17:18:06.219     +9709.489s  G0 F2.261946710584651 X0.0004            ok             1.7ms rx=1 busy=0
17:18:06.219     +9709.523s  G0 F2.261946710584651 X0.0004            ok             1.8ms rx=1 busy=0
17:18:06.219     +9709.553s  G0 F2.261946710584651 X0.0005            ok             1.2ms rx=1 busy=0
17:18:06.219     +9709.585s  G0 F2.261946710584651 X0.0004            ok             1.3ms rx=1 busy=0
17:18:06.219     +9709.614s  G0 F2.261946710584651 X0.0004            ok             1.1ms rx=1 busy=0
17:18:06.219     +9709.656s  G0 F2.261946710584651 X0.0004            ok             5.2ms rx=1 busy=0
17:18:06.219     +9709.696s  G0 F2.261946710584651 X0.0005            ok             1.4ms rx=1 busy=0
17:18:06.219     +9709.733s  G0 F2.261946710584651 X0.0004            ok             0.9ms rx=1 busy=0
17:18:06.219     +9709.773s  G0 F2.261946710584651 X0.0006            ok             1.5ms rx=1 busy=0
17:18:06.219     +9709.806s  G0 F2.261946710584651 X0.0004            ok             1.5ms rx=1 busy=0
17:18:06.219     +9709.838s  G0 F2.261946710584651 X0.0004            ok             2.3ms rx=1 busy=0
17:18:06.219     +9709.869s  G0 F2.261946710584651 X0.0004            ok             1.4ms rx=1 busy=0
17:18:06.219     +9709.919s  G0 F2.261946710584651 X0.0004            ok            18.6ms rx=1 busy=0
17:18:06.219     +9709.956s  G0 F2.261946710584651 X0.0007            ok             4.6ms rx=1 busy=0
17:18:06.219     +9710.001s  G0 F2.261946710584651 X0.0006            ok             1.4ms rx=1 busy=0
17:18:06.219     +9710.031s  G0 F2.261946710584651 X0.0004            ok             1.2ms rx=1 busy=0
17:18:06.219     +9710.067s  G0 F2.261946710584651 X0.0004            ok             1.0ms rx=1 busy=0
17:18:06.219     +9710.096s  G0 F2.261946710584651 X0.0004            ok             2.6ms rx=1 busy=0
17:18:06.219     +9710.125s  G0 F2.261946710584651 X0.0004            ok             0.9ms rx=1 busy=0
17:18:06.219     +9710.157s  G0 F2.261946710584651 X0.0004            ok             1.8ms rx=1 busy=0
17:18:06.219     +9710.195s  G0 F2.261946710584651 X0.0004            ok             2.9ms rx=1 busy=0
17:18:06.219     +9710.223s  G0 F2.261946710584651 X0.0004            ok             1.2ms rx=1 busy=0
17:18:06.219     +9710.253s  G0 F2.261946710584651 X0.0004            ok             0.9ms rx=1 busy=0
17:18:06.219     +9710.289s  G0 F2.261946710584651 X0.0004            ok             1.9ms rx=1 busy=0
17:18:06.219     +9710.322s  G0 F2.261946710584651 X0.0004            ok             1.4ms rx=1 busy=0
17:18:06.219     +9710.348s  G0 F2.261946710584651 X0.0005            ok             0.9ms rx=1 busy=0
17:18:06.219     +9710.383s  G0 F2.261946710584651 X0.0004            ok             2.0ms rx=1 busy=0
17:18:06.219     +9710.415s  G0 F2.261946710584651 X0.0004            ok             1.3ms rx=1 busy=0
17:18:06.219     +9710.444s  G0 F2.261946710584651 X0.0004            ok             1.0ms rx=1 busy=0
17:18:06.219     +9710.479s  G0 F2.261946710584651 X0.0004            ok             1.9ms rx=1 busy=0
17:18:06.219     +9710.512s  G0 F2.261946710584651 X0.0004            ok             1.6ms rx=1 busy=0
17:18:06.219     +9710.544s  G0 F2.261946710584651 X0.0004            ok             1.2ms rx=1 busy=0
17:18:06.219     +9710.577s  G0 F2.261946710584651 X0.0004            ok             1.2ms rx=1 busy=0
17:18:06.219     +9710.605s  G0 F2.261946710584651 X0.0004            ok             1.2ms rx=1 busy=0
17:18:06.219     +9710.638s  G0 F2.261946710584651 X0.0004            ok             1.1ms rx=1 busy=0
17:18:06.219     +9710.672s  G0 F2.261946710584651 X0.0003            ok             3.1ms rx=1 busy=0
17:18:06.219     +9710.702s  G0 F2.261946710584651 X0.0004            ok             1.4ms rx=1 busy=0
17:18:06.219     +9710.752s  G0 F2.261946710584651 X0.0004            ok             1.7ms rx=1 busy=0
17:18:06.219     +9710.784s  G0 F2.261946710584651 X0.0006            ok             2.5ms rx=1 busy=0
17:18:06.219     +9710.812s  G0 F2.261946710584651 X0.0004            ok             1.2ms rx=1 busy=0
17:18:06.219     +9710.849s  G0 F2.261946710584651 X0.0004            ok             1.2ms rx=1 busy=0
17:18:06.219     +9710.881s  G0 F2.261946710584651 X0.0003            ok             1.2ms rx=1 busy=0
17:18:06.219     +9710.913s  G0 F2.261946710584651 X0.0003            ok             4.1ms rx=1 busy=0
17:18:06.220     +9710.981s  G0 F2.261946710584651 X0.0006            ok             1.5ms rx=1 busy=0
17:18:06.220     +9711.031s  G0 F2.261946710584651 X0.0004            ok             7.1ms rx=1 busy=0
17:18:06.220     +9711.071s  G0 F2.261946710584651 X0.0004            ok             1.5ms rx=1 busy=0
17:18:06.220     +9711.135s  G0 F2.261946710584651 X0.0005            ok             1.7ms rx=1 busy=0
17:18:06.220     +9711.203s  G0 F2.261946710584651 X0.0004            ok             1.1ms rx=1 busy=0
17:18:06.220     +9711.284s  G0 F2.261946710584651 X0.0005            ok             1.3ms rx=1 busy=0
17:18:06.220     +9711.362s  G0 F2.261946710584651 X0.0006            ok             6.2ms rx=1 busy=0
17:18:06.220     +9711.429s  G0 F2.261946710584651 X0.0004            ok             3.8ms rx=1 busy=0
17:18:06.220     +9711.507s  G0 F2.261946710584651 X0.0004            ok             1.5ms rx=1 busy=0
17:18:06.220     +9711.597s  G0 F2.261946710584651 X0.0004            ok             1.0ms rx=1 busy=0
17:18:06.220     +9711.678s  G0 F2.261946710584651 X0.0003            ok             1.0ms rx=1 busy=0
17:18:06.220     +9711.775s  G0 F2.261946710584651 X0.0003            ok             1.0ms rx=1 busy=0
17:18:06.220     +9711.871s  G0 F2.261946710584651 X0.0003            ok             1.5ms rx=1 busy=0
17:18:06.220     +9712.013s  G0 F2.261946710584651 X0.0004            ok            17.9ms rx=1 busy=0
17:18:06.220     +9712.141s  G0 F2.261946710584651 X0.0003            ok             0.9ms rx=1 busy=0
17:18:06.220     +9712.303s  G0 F2.261946710584651 X0.0003            ok             1.4ms rx=1 busy=0
17:18:06.220     +9712.509s  G0 F2.261946710584651 X0.0003            ok             2.1ms rx=1 busy=0
17:18:06.220     +9712.768s  G0 F2.261946710584651 X0.0004            ok             0.9ms rx=1 busy=0
17:18:06.220     +9713.062s  G0 F2.261946710584651 X0.0004            ok             2.9ms rx=1 busy=0
17:18:06.220     +9713.326s  G0 F2.261946710584651 X0.0003            ok             1.2ms rx=1 busy=0
17:18:06.220     +9713.568s  G0 F2.261946710584651 X0.0002            ok             1.2ms rx=1 busy=0
17:18:06.220     +9713.651s  G0 F200.0 X-0.0600                       ok             1.2ms rx=1 busy=0
17:18:06.220     +9713.658s  M114                                     ok             4.0ms rx=2 busy=0
17:18:06.220     +9713.659s  G90                                      ok             0.3ms rx=1 busy=0
17:18:06.220     +9713.660s  G0 Z-102.7000 F60                        ok             1.0ms rx=1 busy=0
17:18:06.220     +9713.660s  G91                                      ok             0.4ms rx=1 busy=0
17:18:06.220     +9713.660s  G90                                      ok             0.2ms rx=1 busy=0
17:18:06.220     +9713.661s  G0 Z-79.3500 F201                        ok             1.0ms rx=1 busy=0
17:18:06.220     +9713.662s  G91                                      ok             0.3ms rx=1 busy=0
17:18:06.220     +9721.719s  M400                                     ok          8057.2ms rx=5 busy=4
17:18:06.220     +9721.731s  M114                                     ok             1.7ms rx=2 busy=0
17:18:06.220     +9721.775s  M114                                     ok            14.6ms rx=2 busy=0
17:18:06.220     +9721.782s  M114                                     ok             8.1ms rx=2 busy=0
17:18:06.220     +9721.795s  M114                                     ok            12.3ms rx=2 busy=0
17:18:06.220     +9721.860s  M114                                     ok             6.7ms rx=2 busy=0
17:18:06.220     +9721.861s  G90                                      ok             1.3ms rx=1 busy=0
17:18:06.220     +9721.861s  G0 Z-79.3500 F201                        ok             0.5ms rx=1 busy=0
17:18:06.220     +9721.862s  G91                                      ok             0.5ms rx=1 busy=0
17:18:06.220     +9721.862s  M400                                     ok             0.2ms rx=1 busy=0
17:18:06.220     +9721.864s  M114                                     ok             1.5ms rx=2 busy=0
17:18:06.220     +9731.388s  M114                                     ok             1.5ms rx=2 busy=0
17:18:06.220     +9731.389s  G90                                      ok             0.2ms rx=1 busy=0
17:18:06.220     +9731.390s  G0 Z-101.5500 F121                       ok             0.9ms rx=1 busy=0
17:18:06.220     +9731.390s  G91                                      ok             0.4ms rx=1 busy=0
17:18:06.220     +9731.390s  G90                                      ok             0.4ms rx=1 busy=0
17:18:06.220     +9731.391s  G0 Z-102.5500 F60                        ok             1.1ms rx=1 busy=0
17:18:06.220     +9731.393s  G91                                      ok             1.2ms rx=1 busy=0
17:18:06.220     +9743.522s  M400                                     ok         12129.3ms rx=7 busy=6
17:18:06.220     +9743.551s  M114                                     ok             1.1ms rx=2 busy=0
17:18:06.220     +9743.554s  G0 F18.0 X3.2453                         ok             0.8ms rx=1 busy=0
17:18:06.220     +9754.479s  M400                                     ok         10925.0ms rx=6 busy=5
17:18:06.220     +9754.583s  M114                                     ok             1.7ms rx=2 busy=0
17:18:06.220     +9754.895s  M114                                     ok             1.3ms rx=2 busy=0
17:18:06.220     +9755.213s  M114                                     ok             1.2ms rx=2 busy=0
17:18:06.220     +9755.534s  M114                                     ok             3.4ms rx=2 busy=0
17:18:06.221     +9755.853s  M114                                     ok             1.4ms rx=2 busy=0
17:18:06.221     +9756.173s  M114                                     ok             1.8ms rx=2 busy=0
17:18:06.221     +9756.493s  M114                                     ok             1.8ms rx=2 busy=0
17:18:06.221     +9756.813s  M114                                     ok             1.6ms rx=2 busy=0
17:18:06.221     +9757.132s  M114                                     ok             1.5ms rx=2 busy=0
17:18:06.221     +9757.452s  M114                                     ok             1.7ms rx=2 busy=0
17:18:06.221     +9757.794s  M114                                     ok            22.8ms rx=2 busy=0
17:18:06.221     +9758.110s  M114                                     ok             1.6ms rx=2 busy=0
17:18:06.221     +9758.432s  M114                                     ok             5.0ms rx=2 busy=0
17:18:06.221     +9758.748s  M114                                     ok             1.3ms rx=2 busy=0
17:18:06.221     +9759.068s  M114                                     ok             1.2ms rx=2 busy=0
17:18:06.221     +9759.388s  M114                                     ok             1.2ms rx=2 busy=0
17:18:06.221     +9759.516s  M114                                     ok             6.1ms rx=2 busy=0
17:18:06.221     +9759.517s  G90                                      ok             0.4ms rx=1 busy=0
17:18:06.221     +9759.517s  G0 Z-101.5500 F60                        ok             0.9ms rx=1 busy=0
17:18:06.221     +9759.518s  G91                                      ok             0.3ms rx=1 busy=0
17:18:06.221     +9759.518s  G90                                      ok             0.4ms rx=1 busy=0
17:18:06.221     +9759.519s  G0 Z-79.3500 F201                        ok             1.2ms rx=1 busy=0
17:18:06.221     +9759.520s  G91                                      ok             0.4ms rx=1 busy=0
17:18:06.221     +9767.278s  M400                                     ok          7758.0ms rx=4 busy=3
17:18:06.221     +9767.286s  M114                                     ok             1.3ms rx=2 busy=0
17:18:06.221     +9770.705s  M114                                     ok             3.6ms rx=2 busy=0
17:18:06.221     +9770.705s  G90                                      ok             0.3ms rx=1 busy=0
17:18:06.221     +9770.706s  G0 Z-101.5500 F121                       ok             0.8ms rx=1 busy=0
17:18:06.221     +9770.706s  G91                                      ok             0.3ms rx=1 busy=0
17:18:06.221     +9770.706s  G90                                      ok             0.3ms rx=1 busy=0
17:18:06.221     +9770.707s  G0 Z-102.5500 F60                        ok             1.0ms rx=1 busy=0
17:18:06.221     +9770.708s  G91                                      ok             0.3ms rx=1 busy=0
17:18:06.221     +9782.848s  M400                                     ok         12140.8ms rx=7 busy=6
17:18:06.221     +9782.875s  M114                                     ok            19.4ms rx=2 busy=0
17:18:06.221     +9782.886s  G0 F200.0 Z0.5000                        ok            10.2ms rx=1 busy=0
17:18:06.221     +9782.914s  M114                                     ok            16.8ms rx=2 busy=0
17:18:06.221     +9783.188s  G90                                      ok             1.2ms rx=1 busy=0
17:18:06.221     +9783.189s  G0 Z-102.5500 F201                       ok             1.2ms rx=1 busy=0
17:18:06.221     +9783.189s  G91                                      ok             0.2ms rx=1 busy=0
17:18:06.221     +9783.229s  M114                                     ok             2.0ms rx=2 busy=0
17:18:06.221     +9783.564s  M114                                     ok             1.2ms rx=2 busy=0
17:18:06.221     +9783.847s  G0 F200.0 Z0.5000                        ok             2.5ms rx=1 busy=0
17:18:06.221     +9783.897s  M114                                     ok            14.2ms rx=2 busy=0
17:18:06.221     +9784.148s  G90                                      ok             0.3ms rx=1 busy=0
17:18:06.221     +9784.148s  G0 Z-102.5500 F201                       ok             0.9ms rx=1 busy=0
17:18:06.221     +9784.149s  G91                                      ok             0.3ms rx=1 busy=0
17:18:06.221     +9784.204s  M114                                     ok             1.2ms rx=2 busy=0
17:18:06.221     +9784.525s  M114                                     ok             1.3ms rx=2 busy=0
17:18:06.221     +9784.806s  G0 F200.0 Z0.5000                        ok             1.1ms rx=1 busy=0
17:18:06.221     +9784.845s  M114                                     ok             2.1ms rx=2 busy=0
17:18:06.221     +9785.107s  G90                                      ok             0.7ms rx=1 busy=0
17:18:06.221     +9785.109s  G0 Z-102.5500 F201                       ok             1.8ms rx=1 busy=0
17:18:06.221     +9785.109s  G91                                      ok             0.2ms rx=1 busy=0
17:18:06.221     +9785.165s  M114                                     ok             1.3ms rx=2 busy=0
17:18:06.221     +9785.494s  M114                                     ok             3.6ms rx=2 busy=0
17:18:06.221     +9785.765s  G0 F200.0 Z0.5000                        ok             0.9ms rx=1 busy=0
17:18:06.221     +9785.804s  M114                                     ok             1.4ms rx=2 busy=0
17:18:06.221     +9786.066s  G90                                      ok             0.5ms rx=1 busy=0
17:18:06.221     +9786.067s  G0 Z-102.5500 F201                       ok             0.9ms rx=1 busy=0
17:18:06.221     +9786.067s  G91                                      ok             0.2ms rx=1 busy=0
17:18:06.222     +9786.124s  M114                                     ok             1.2ms rx=2 busy=0
17:18:06.222     +9786.444s  M114                                     ok             1.3ms rx=2 busy=0
17:18:06.222     +9786.727s  G0 F200.0 Z0.5000                        ok             2.6ms rx=1 busy=0
17:18:06.222     +9786.764s  M114                                     ok             1.2ms rx=2 busy=0
17:18:06.222     +9787.052s  G90                                      ok            24.6ms rx=1 busy=0
17:18:06.222     +9787.064s  G0 Z-102.5500 F201                       ok            11.8ms rx=1 busy=0
17:18:06.222     +9787.064s  G91                                      ok             0.3ms rx=1 busy=0
17:18:06.222     +9787.084s  M114                                     ok             1.2ms rx=2 busy=0
17:18:06.222     +9787.441s  M114                                     ok             3.6ms rx=2 busy=0
17:18:06.222     +9787.723s  G0 F200.0 Z0.5000                        ok             0.9ms rx=1 busy=0
17:18:06.222     +9787.765s  M114                                     ok             2.9ms rx=2 busy=0
17:18:06.222     +9788.024s  G90                                      ok             0.3ms rx=1 busy=0
17:18:06.222     +9788.025s  G0 Z-102.5500 F201                       ok             1.0ms rx=1 busy=0
17:18:06.222     +9788.025s  G91                                      ok             0.3ms rx=1 busy=0
17:18:06.222     +9788.099s  M114                                     ok            20.7ms rx=2 busy=0
17:18:06.222     +9788.412s  M114                                     ok             1.5ms rx=2 busy=0
17:18:06.222     +9788.686s  G0 F200.0 Z0.5000                        ok             2.5ms rx=1 busy=0
17:18:06.222     +9788.732s  M114                                     ok             1.5ms rx=2 busy=0
17:18:06.222     +9788.987s  G90                                      ok             0.3ms rx=1 busy=0
17:18:06.222     +9788.988s  G0 Z-102.5500 F201                       ok             0.8ms rx=1 busy=0
17:18:06.222     +9788.988s  G91                                      ok             0.2ms rx=1 busy=0
17:18:06.222     +9789.053s  M114                                     ok             2.1ms rx=2 busy=0
17:18:06.222     +9789.373s  M114                                     ok             1.2ms rx=2 busy=0
17:18:06.222     +9789.645s  G0 F200.0 Z0.5000                        ok             1.1ms rx=1 busy=0
17:18:06.222     +9789.700s  M114                                     ok             6.0ms rx=2 busy=0
17:18:06.222     +9789.945s  G90                                      ok             0.3ms rx=1 busy=0
17:18:06.222     +9789.946s  G0 Z-102.5500 F201                       ok             0.8ms rx=1 busy=0
17:18:06.222     +9789.946s  G91                                      ok             0.2ms rx=1 busy=0
17:18:06.222     +9790.022s  M114                                     ok             8.6ms rx=2 busy=0
17:18:06.222     +9790.333s  M114                                     ok             1.2ms rx=2 busy=0
17:18:06.222     +9790.608s  G0 F200.0 Z0.5000                        ok             0.9ms rx=1 busy=0
17:18:06.222     +9790.654s  M114                                     ok             2.2ms rx=2 busy=0
17:18:06.222     +9790.910s  G90                                      ok             0.5ms rx=1 busy=0
17:18:06.222     +9790.913s  G0 Z-102.5500 F201                       ok             3.0ms rx=1 busy=0
17:18:06.222     +9790.913s  G91                                      ok             0.3ms rx=1 busy=0
17:18:06.222     +9790.973s  M114                                     ok             2.4ms rx=2 busy=0
17:18:06.222     +9791.293s  M114                                     ok             1.9ms rx=2 busy=0
17:18:06.222     +9791.573s  G0 F200.0 Z0.5000                        ok             1.2ms rx=1 busy=0
17:18:06.222     +9791.612s  M114                                     ok             1.5ms rx=2 busy=0
17:18:06.222     +9791.874s  G90                                      ok             0.4ms rx=1 busy=0
17:18:06.222     +9791.875s  G0 Z-102.5500 F201                       ok             1.2ms rx=1 busy=0
17:18:06.222     +9791.875s  G91                                      ok             0.2ms rx=1 busy=0
17:18:06.222     +9791.932s  M114                                     ok             1.5ms rx=2 busy=0
17:18:06.222     +9792.280s  M114                                     ok            28.5ms rx=2 busy=0
17:18:06.222     +9792.603s  M114                                     ok            16.0ms rx=2 busy=0
17:18:06.222     +9792.718s  M114                                     ok             2.5ms rx=2 busy=0
17:18:06.222     +9792.719s  G90                                      ok             0.5ms rx=1 busy=0
17:18:06.222     +9792.720s  G0 Z-101.5500 F60                        ok             1.1ms rx=1 busy=0
17:18:06.222     +9792.720s  G91                                      ok             0.3ms rx=1 busy=0
17:18:06.222     +9792.720s  G90                                      ok             0.3ms rx=1 busy=0
17:18:06.222     +9792.722s  G0 Z-79.3500 F201                        ok             1.5ms rx=1 busy=0
17:18:06.222     +9792.722s  G91                                      ok             0.3ms rx=1 busy=0
17:18:06.222     +9800.480s  M400                                     ok          7758.0ms rx=4 busy=3
17:18:06.222     +9800.487s  M114                                     ok             1.2ms rx=2 busy=0
17:18:06.222     +9807.103s  M114                                     ok             1.4ms rx=2 busy=0
17:18:06.223     +9807.103s  G90                                      ok             0.2ms rx=1 busy=0
17:18:06.223     +9807.104s  G0 Z-101.5500 F121                       ok             0.8ms rx=1 busy=0
17:18:06.223     +9807.104s  G91                                      ok             0.3ms rx=1 busy=0
17:18:06.223     +9807.104s  G90                                      ok             0.3ms rx=1 busy=0
17:18:06.223     +9807.106s  G0 Z-102.5500 F60                        ok             1.1ms rx=1 busy=0
17:18:06.223     +9807.106s  G91                                      ok             0.2ms rx=1 busy=0
17:18:06.223     +9819.237s  M400                                     ok         12131.0ms rx=7 busy=6
17:18:06.223 ---- end recent ----
17:18:12.935 ANOMALY M400                                     ok          6707.5ms rx=4 busy=3
17:18:12.936 ---- recent ZP transactions (anomaly: M400 -> ok) [300] ----
17:18:12.936     +9706.577s  G0 F2.261946710584651 X0.0004            ok             1.4ms rx=1 busy=0
17:18:12.936     +9706.611s  G0 F2.261946710584651 X0.0004            ok             3.0ms rx=1 busy=0
17:18:12.936     +9706.644s  G0 F2.261946710584651 X0.0004            ok             1.9ms rx=1 busy=0
17:18:12.936     +9706.688s  G0 F2.261946710584651 X0.0007            ok             1.5ms rx=1 busy=0
17:18:12.936     +9706.722s  G0 F2.261946710584651 X0.0004            ok             3.0ms rx=1 busy=0
17:18:12.936     +9706.753s  G0 F2.261946710584651 X0.0004            ok             1.2ms rx=1 busy=0
17:18:12.936     +9706.785s  G0 F2.261946710584651 X0.0004            ok             1.2ms rx=1 busy=0
17:18:12.936     +9706.838s  G0 F2.261946710584651 X0.0004            ok            17.3ms rx=1 busy=0
17:18:12.936     +9706.878s  G0 F2.261946710584651 X0.0008            ok             2.4ms rx=1 busy=0
17:18:12.936     +9706.917s  G0 F2.261946710584651 X0.0004            ok             1.6ms rx=1 busy=0
17:18:12.936     +9706.962s  G0 F2.261946710584651 X0.0007            ok             4.6ms rx=1 busy=0
17:18:12.936     +9706.995s  G0 F2.261946710584651 X0.0004            ok             2.6ms rx=1 busy=0
17:18:12.936     +9707.038s  G0 F2.261946710584651 X0.0005            ok             0.9ms rx=1 busy=0
17:18:12.936     +9707.069s  G0 F2.261946710584651 X0.0004            ok             1.2ms rx=1 busy=0
17:18:12.936     +9707.103s  G0 F2.261946710584651 X0.0005            ok             1.6ms rx=1 busy=0
17:18:12.936     +9707.135s  G0 F2.261946710584651 X0.0004            ok             1.5ms rx=1 busy=0
17:18:12.936     +9707.168s  G0 F2.261946710584651 X0.0004            ok             1.7ms rx=1 busy=0
17:18:12.936     +9707.199s  G0 F2.261946710584651 X0.0004            ok             0.9ms rx=1 busy=0
17:18:12.936     +9707.232s  G0 F2.261946710584651 X0.0004            ok             2.9ms rx=1 busy=0
17:18:12.936     +9707.262s  G0 F2.261946710584651 X0.0004            ok             1.7ms rx=1 busy=0
17:18:12.936     +9707.293s  G0 F2.261946710584651 X0.0004            ok             0.9ms rx=1 busy=0
17:18:12.936     +9707.328s  G0 F2.261946710584651 X0.0004            ok             1.4ms rx=1 busy=0
17:18:12.936     +9707.361s  G0 F2.261946710584651 X0.0004            ok             3.0ms rx=1 busy=0
17:18:12.936     +9707.391s  G0 F2.261946710584651 X0.0004            ok             1.6ms rx=1 busy=0
17:18:12.936     +9707.420s  G0 F2.261946710584651 X0.0004            ok             1.2ms rx=1 busy=0
17:18:12.936     +9707.471s  G0 F2.261946710584651 X0.0004            ok             1.9ms rx=1 busy=0
17:18:12.936     +9707.505s  G0 F2.261946710584651 X0.0006            ok             1.0ms rx=1 busy=0
17:18:12.936     +9707.541s  G0 F2.261946710584651 X0.0004            ok             3.3ms rx=1 busy=0
17:18:12.936     +9707.589s  G0 F2.261946710584651 X0.0006            ok             1.7ms rx=1 busy=0
17:18:12.936     +9707.635s  G0 F2.261946710584651 X0.0006            ok             1.9ms rx=1 busy=0
17:18:12.936     +9707.683s  G0 F2.261946710584651 X0.0006            ok             2.7ms rx=1 busy=0
17:18:12.936     +9707.714s  G0 F2.261946710584651 X0.0004            ok             4.9ms rx=1 busy=0
17:18:12.936     +9707.743s  G0 F2.261946710584651 X0.0004            ok             1.4ms rx=1 busy=0
17:18:12.936     +9707.775s  G0 F2.261946710584651 X0.0004            ok             1.6ms rx=1 busy=0
17:18:12.937     +9707.812s  G0 F2.261946710584651 X0.0004            ok             2.8ms rx=1 busy=0
17:18:12.937     +9707.875s  G0 F2.261946710584651 X0.0006            ok            17.7ms rx=1 busy=0
17:18:12.937     +9707.918s  G0 F2.261946710584651 X0.0009            ok             1.4ms rx=1 busy=0
17:18:12.937     +9707.949s  G0 F2.261946710584651 X0.0004            ok             1.0ms rx=1 busy=0
17:18:12.937     +9707.985s  G0 F2.261946710584651 X0.0004            ok             1.3ms rx=1 busy=0
17:18:12.937     +9708.018s  G0 F2.261946710584651 X0.0004            ok             1.7ms rx=1 busy=0
17:18:12.937     +9708.045s  G0 F2.261946710584651 X0.0004            ok             1.5ms rx=1 busy=0
17:18:12.937     +9708.080s  G0 F2.261946710584651 X0.0004            ok             3.0ms rx=1 busy=0
17:18:12.937     +9708.113s  G0 F2.261946710584651 X0.0004            ok             4.1ms rx=1 busy=0
17:18:12.937     +9708.144s  G0 F2.261946710584651 X0.0004            ok             1.7ms rx=1 busy=0
17:18:12.937     +9708.183s  G0 F2.261946710584651 X0.0004            ok             3.7ms rx=1 busy=0
17:18:12.937     +9708.225s  G0 F2.261946710584651 X0.0005            ok             1.6ms rx=1 busy=0
17:18:12.937     +9708.254s  G0 F2.261946710584651 X0.0004            ok             0.9ms rx=1 busy=0
17:18:12.937     +9708.290s  G0 F2.261946710584651 X0.0004            ok             2.1ms rx=1 busy=0
17:18:12.937     +9708.316s  G0 F2.261946710584651 X0.0005            ok             1.3ms rx=1 busy=0
17:18:12.937     +9708.349s  G0 F2.261946710584651 X0.0004            ok             1.0ms rx=1 busy=0
17:18:12.937     +9708.384s  G0 F2.261946710584651 X0.0004            ok             1.6ms rx=1 busy=0
17:18:12.937     +9708.413s  G0 F2.261946710584651 X0.0004            ok             1.7ms rx=1 busy=0
17:18:12.937     +9708.446s  G0 F2.261946710584651 X0.0004            ok             1.2ms rx=1 busy=0
17:18:12.937     +9708.476s  G0 F2.261946710584651 X0.0004            ok             0.8ms rx=1 busy=0
17:18:12.937     +9708.509s  G0 F2.261946710584651 X0.0004            ok             1.1ms rx=1 busy=0
17:18:12.937     +9708.543s  G0 F2.261946710584651 X0.0004            ok             1.3ms rx=1 busy=0
17:18:12.937     +9708.575s  G0 F2.261946710584651 X0.0004            ok             1.0ms rx=1 busy=0
17:18:12.937     +9708.606s  G0 F2.261946710584651 X0.0004            ok             1.5ms rx=1 busy=0
17:18:12.937     +9708.638s  G0 F2.261946710584651 X0.0004            ok             1.2ms rx=1 busy=0
17:18:12.937     +9708.668s  G0 F2.261946710584651 X0.0004            ok             0.9ms rx=1 busy=0
17:18:12.937     +9708.710s  G0 F2.261946710584651 X0.0004            ok             1.8ms rx=1 busy=0
17:18:12.937     +9708.750s  G0 F2.261946710584651 X0.0006            ok             1.1ms rx=1 busy=0
17:18:12.937     +9708.780s  G0 F2.261946710584651 X0.0004            ok             1.1ms rx=1 busy=0
17:18:12.937     +9708.817s  G0 F2.261946710584651 X0.0004            ok             1.4ms rx=1 busy=0
17:18:12.937     +9708.848s  G0 F2.261946710584651 X0.0004            ok             1.4ms rx=1 busy=0
17:18:12.937     +9708.899s  G0 F2.261946710584651 X0.0004            ok            23.1ms rx=1 busy=0
17:18:12.937     +9708.946s  G0 F2.261946710584651 X0.0007            ok             1.4ms rx=1 busy=0
17:18:12.937     +9708.977s  G0 F2.261946710584651 X0.0004            ok             2.4ms rx=1 busy=0
17:18:12.937     +9709.006s  G0 F2.261946710584651 X0.0004            ok             0.9ms rx=1 busy=0
17:18:12.937     +9709.038s  G0 F2.261946710584651 X0.0004            ok             2.0ms rx=1 busy=0
17:18:12.937     +9709.088s  G0 F2.261946710584651 X0.0005            ok             2.7ms rx=1 busy=0
17:18:12.937     +9709.121s  G0 F2.261946710584651 X0.0004            ok             1.1ms rx=1 busy=0
17:18:12.937     +9709.157s  G0 F2.261946710584651 X0.0005            ok             2.4ms rx=1 busy=0
17:18:12.937     +9709.202s  G0 F2.261946710584651 X0.0005            ok             2.2ms rx=1 busy=0
17:18:12.937     +9709.238s  G0 F2.261946710584651 X0.0004            ok             2.6ms rx=1 busy=0
17:18:12.937     +9709.282s  G0 F2.261946710584651 X0.0006            ok             2.3ms rx=1 busy=0
17:18:12.937     +9709.314s  G0 F2.261946710584651 X0.0004            ok             1.2ms rx=1 busy=0
17:18:12.937     +9709.349s  G0 F2.261946710584651 X0.0004            ok             5.0ms rx=1 busy=0
17:18:12.937     +9709.392s  G0 F2.261946710584651 X0.0006            ok             1.7ms rx=1 busy=0
17:18:12.938     +9709.420s  G0 F2.261946710584651 X0.0004            ok             1.1ms rx=1 busy=0
17:18:12.938     +9709.455s  G0 F2.261946710584651 X0.0004            ok             1.0ms rx=1 busy=0
17:18:12.938     +9709.489s  G0 F2.261946710584651 X0.0004            ok             1.7ms rx=1 busy=0
17:18:12.938     +9709.523s  G0 F2.261946710584651 X0.0004            ok             1.8ms rx=1 busy=0
17:18:12.938     +9709.553s  G0 F2.261946710584651 X0.0005            ok             1.2ms rx=1 busy=0
17:18:12.938     +9709.585s  G0 F2.261946710584651 X0.0004            ok             1.3ms rx=1 busy=0
17:18:12.938     +9709.614s  G0 F2.261946710584651 X0.0004            ok             1.1ms rx=1 busy=0
17:18:12.938     +9709.656s  G0 F2.261946710584651 X0.0004            ok             5.2ms rx=1 busy=0
17:18:12.938     +9709.696s  G0 F2.261946710584651 X0.0005            ok             1.4ms rx=1 busy=0
17:18:12.938     +9709.733s  G0 F2.261946710584651 X0.0004            ok             0.9ms rx=1 busy=0
17:18:12.938     +9709.773s  G0 F2.261946710584651 X0.0006            ok             1.5ms rx=1 busy=0
17:18:12.938     +9709.806s  G0 F2.261946710584651 X0.0004            ok             1.5ms rx=1 busy=0
17:18:12.938     +9709.838s  G0 F2.261946710584651 X0.0004            ok             2.3ms rx=1 busy=0
17:18:12.938     +9709.869s  G0 F2.261946710584651 X0.0004            ok             1.4ms rx=1 busy=0
17:18:12.938     +9709.919s  G0 F2.261946710584651 X0.0004            ok            18.6ms rx=1 busy=0
17:18:12.938     +9709.956s  G0 F2.261946710584651 X0.0007            ok             4.6ms rx=1 busy=0
17:18:12.938     +9710.001s  G0 F2.261946710584651 X0.0006            ok             1.4ms rx=1 busy=0
17:18:12.938     +9710.031s  G0 F2.261946710584651 X0.0004            ok             1.2ms rx=1 busy=0
17:18:12.938     +9710.067s  G0 F2.261946710584651 X0.0004            ok             1.0ms rx=1 busy=0
17:18:12.938     +9710.096s  G0 F2.261946710584651 X0.0004            ok             2.6ms rx=1 busy=0
17:18:12.938     +9710.125s  G0 F2.261946710584651 X0.0004            ok             0.9ms rx=1 busy=0
17:18:12.938     +9710.157s  G0 F2.261946710584651 X0.0004            ok             1.8ms rx=1 busy=0
17:18:12.938     +9710.195s  G0 F2.261946710584651 X0.0004            ok             2.9ms rx=1 busy=0
17:18:12.938     +9710.223s  G0 F2.261946710584651 X0.0004            ok             1.2ms rx=1 busy=0
17:18:12.938     +9710.253s  G0 F2.261946710584651 X0.0004            ok             0.9ms rx=1 busy=0
17:18:12.938     +9710.289s  G0 F2.261946710584651 X0.0004            ok             1.9ms rx=1 busy=0
17:18:12.938     +9710.322s  G0 F2.261946710584651 X0.0004            ok             1.4ms rx=1 busy=0
17:18:12.938     +9710.348s  G0 F2.261946710584651 X0.0005            ok             0.9ms rx=1 busy=0
17:18:12.938     +9710.383s  G0 F2.261946710584651 X0.0004            ok             2.0ms rx=1 busy=0
17:18:12.938     +9710.415s  G0 F2.261946710584651 X0.0004            ok             1.3ms rx=1 busy=0
17:18:12.938     +9710.444s  G0 F2.261946710584651 X0.0004            ok             1.0ms rx=1 busy=0
17:18:12.938     +9710.479s  G0 F2.261946710584651 X0.0004            ok             1.9ms rx=1 busy=0
17:18:12.938     +9710.512s  G0 F2.261946710584651 X0.0004            ok             1.6ms rx=1 busy=0
17:18:12.938     +9710.544s  G0 F2.261946710584651 X0.0004            ok             1.2ms rx=1 busy=0
17:18:12.938     +9710.577s  G0 F2.261946710584651 X0.0004            ok             1.2ms rx=1 busy=0
17:18:12.938     +9710.605s  G0 F2.261946710584651 X0.0004            ok             1.2ms rx=1 busy=0
17:18:12.938     +9710.638s  G0 F2.261946710584651 X0.0004            ok             1.1ms rx=1 busy=0
17:18:12.938     +9710.672s  G0 F2.261946710584651 X0.0003            ok             3.1ms rx=1 busy=0
17:18:12.938     +9710.702s  G0 F2.261946710584651 X0.0004            ok             1.4ms rx=1 busy=0
17:18:12.938     +9710.752s  G0 F2.261946710584651 X0.0004            ok             1.7ms rx=1 busy=0
17:18:12.939     +9710.784s  G0 F2.261946710584651 X0.0006            ok             2.5ms rx=1 busy=0
17:18:12.939     +9710.812s  G0 F2.261946710584651 X0.0004            ok             1.2ms rx=1 busy=0
17:18:12.939     +9710.849s  G0 F2.261946710584651 X0.0004            ok             1.2ms rx=1 busy=0
17:18:12.939     +9710.881s  G0 F2.261946710584651 X0.0003            ok             1.2ms rx=1 busy=0
17:18:12.939     +9710.913s  G0 F2.261946710584651 X0.0003            ok             4.1ms rx=1 busy=0
17:18:12.939     +9710.981s  G0 F2.261946710584651 X0.0006            ok             1.5ms rx=1 busy=0
17:18:12.939     +9711.031s  G0 F2.261946710584651 X0.0004            ok             7.1ms rx=1 busy=0
17:18:12.939     +9711.071s  G0 F2.261946710584651 X0.0004            ok             1.5ms rx=1 busy=0
17:18:12.940     +9711.135s  G0 F2.261946710584651 X0.0005            ok             1.7ms rx=1 busy=0
17:18:12.940     +9711.203s  G0 F2.261946710584651 X0.0004            ok             1.1ms rx=1 busy=0
17:18:12.940     +9711.284s  G0 F2.261946710584651 X0.0005            ok             1.3ms rx=1 busy=0
17:18:12.940     +9711.362s  G0 F2.261946710584651 X0.0006            ok             6.2ms rx=1 busy=0
17:18:12.940     +9711.429s  G0 F2.261946710584651 X0.0004            ok             3.8ms rx=1 busy=0
17:18:12.940     +9711.507s  G0 F2.261946710584651 X0.0004            ok             1.5ms rx=1 busy=0
17:18:12.940     +9711.597s  G0 F2.261946710584651 X0.0004            ok             1.0ms rx=1 busy=0
17:18:12.940     +9711.678s  G0 F2.261946710584651 X0.0003            ok             1.0ms rx=1 busy=0
17:18:12.940     +9711.775s  G0 F2.261946710584651 X0.0003            ok             1.0ms rx=1 busy=0
17:18:12.940     +9711.871s  G0 F2.261946710584651 X0.0003            ok             1.5ms rx=1 busy=0
17:18:12.940     +9712.013s  G0 F2.261946710584651 X0.0004            ok            17.9ms rx=1 busy=0
17:18:12.940     +9712.141s  G0 F2.261946710584651 X0.0003            ok             0.9ms rx=1 busy=0
17:18:12.940     +9712.303s  G0 F2.261946710584651 X0.0003            ok             1.4ms rx=1 busy=0
17:18:12.940     +9712.509s  G0 F2.261946710584651 X0.0003            ok             2.1ms rx=1 busy=0
17:18:12.940     +9712.768s  G0 F2.261946710584651 X0.0004            ok             0.9ms rx=1 busy=0
17:18:12.940     +9713.062s  G0 F2.261946710584651 X0.0004            ok             2.9ms rx=1 busy=0
17:18:12.940     +9713.326s  G0 F2.261946710584651 X0.0003            ok             1.2ms rx=1 busy=0
17:18:12.940     +9713.568s  G0 F2.261946710584651 X0.0002            ok             1.2ms rx=1 busy=0
17:18:12.940     +9713.651s  G0 F200.0 X-0.0600                       ok             1.2ms rx=1 busy=0
17:18:12.940     +9713.658s  M114                                     ok             4.0ms rx=2 busy=0
17:18:12.940     +9713.659s  G90                                      ok             0.3ms rx=1 busy=0
17:18:12.940     +9713.660s  G0 Z-102.7000 F60                        ok             1.0ms rx=1 busy=0
17:18:12.940     +9713.660s  G91                                      ok             0.4ms rx=1 busy=0
17:18:12.940     +9713.660s  G90                                      ok             0.2ms rx=1 busy=0
17:18:12.940     +9713.661s  G0 Z-79.3500 F201                        ok             1.0ms rx=1 busy=0
17:18:12.940     +9713.662s  G91                                      ok             0.3ms rx=1 busy=0
17:18:12.940     +9721.719s  M400                                     ok          8057.2ms rx=5 busy=4
17:18:12.941     +9721.731s  M114                                     ok             1.7ms rx=2 busy=0
17:18:12.941     +9721.775s  M114                                     ok            14.6ms rx=2 busy=0
17:18:12.941     +9721.782s  M114                                     ok             8.1ms rx=2 busy=0
17:18:12.941     +9721.795s  M114                                     ok            12.3ms rx=2 busy=0
17:18:12.941     +9721.860s  M114                                     ok             6.7ms rx=2 busy=0
17:18:12.941     +9721.861s  G90                                      ok             1.3ms rx=1 busy=0
17:18:12.941     +9721.861s  G0 Z-79.3500 F201                        ok             0.5ms rx=1 busy=0
17:18:12.941     +9721.862s  G91                                      ok             0.5ms rx=1 busy=0
17:18:12.941     +9721.862s  M400                                     ok             0.2ms rx=1 busy=0
17:18:12.941     +9721.864s  M114                                     ok             1.5ms rx=2 busy=0
17:18:12.941     +9731.388s  M114                                     ok             1.5ms rx=2 busy=0
17:18:12.941     +9731.389s  G90                                      ok             0.2ms rx=1 busy=0
17:18:12.941     +9731.390s  G0 Z-101.5500 F121                       ok             0.9ms rx=1 busy=0
17:18:12.941     +9731.390s  G91                                      ok             0.4ms rx=1 busy=0
17:18:12.941     +9731.390s  G90                                      ok             0.4ms rx=1 busy=0
17:18:12.941     +9731.391s  G0 Z-102.5500 F60                        ok             1.1ms rx=1 busy=0
17:18:12.941     +9731.393s  G91                                      ok             1.2ms rx=1 busy=0
17:18:12.941     +9743.522s  M400                                     ok         12129.3ms rx=7 busy=6
17:18:12.941     +9743.551s  M114                                     ok             1.1ms rx=2 busy=0
17:18:12.941     +9743.554s  G0 F18.0 X3.2453                         ok             0.8ms rx=1 busy=0
17:18:12.941     +9754.479s  M400                                     ok         10925.0ms rx=6 busy=5
17:18:12.941     +9754.583s  M114                                     ok             1.7ms rx=2 busy=0
17:18:12.941     +9754.895s  M114                                     ok             1.3ms rx=2 busy=0
17:18:12.941     +9755.213s  M114                                     ok             1.2ms rx=2 busy=0
17:18:12.941     +9755.534s  M114                                     ok             3.4ms rx=2 busy=0
17:18:12.941     +9755.853s  M114                                     ok             1.4ms rx=2 busy=0
17:18:12.941     +9756.173s  M114                                     ok             1.8ms rx=2 busy=0
17:18:12.941     +9756.493s  M114                                     ok             1.8ms rx=2 busy=0
17:18:12.941     +9756.813s  M114                                     ok             1.6ms rx=2 busy=0
17:18:12.941     +9757.132s  M114                                     ok             1.5ms rx=2 busy=0
17:18:12.941     +9757.452s  M114                                     ok             1.7ms rx=2 busy=0
17:18:12.941     +9757.794s  M114                                     ok            22.8ms rx=2 busy=0
17:18:12.941     +9758.110s  M114                                     ok             1.6ms rx=2 busy=0
17:18:12.941     +9758.432s  M114                                     ok             5.0ms rx=2 busy=0
17:18:12.941     +9758.748s  M114                                     ok             1.3ms rx=2 busy=0
17:18:12.941     +9759.068s  M114                                     ok             1.2ms rx=2 busy=0
17:18:12.941     +9759.388s  M114                                     ok             1.2ms rx=2 busy=0
17:18:12.942     +9759.516s  M114                                     ok             6.1ms rx=2 busy=0
17:18:12.942     +9759.517s  G90                                      ok             0.4ms rx=1 busy=0
17:18:12.942     +9759.517s  G0 Z-101.5500 F60                        ok             0.9ms rx=1 busy=0
17:18:12.942     +9759.518s  G91                                      ok             0.3ms rx=1 busy=0
17:18:12.942     +9759.518s  G90                                      ok             0.4ms rx=1 busy=0
17:18:12.942     +9759.519s  G0 Z-79.3500 F201                        ok             1.2ms rx=1 busy=0
17:18:12.942     +9759.520s  G91                                      ok             0.4ms rx=1 busy=0
17:18:12.942     +9767.278s  M400                                     ok          7758.0ms rx=4 busy=3
17:18:12.942     +9767.286s  M114                                     ok             1.3ms rx=2 busy=0
17:18:12.942     +9770.705s  M114                                     ok             3.6ms rx=2 busy=0
17:18:12.942     +9770.705s  G90                                      ok             0.3ms rx=1 busy=0
17:18:12.942     +9770.706s  G0 Z-101.5500 F121                       ok             0.8ms rx=1 busy=0
17:18:12.942     +9770.706s  G91                                      ok             0.3ms rx=1 busy=0
17:18:12.942     +9770.706s  G90                                      ok             0.3ms rx=1 busy=0
17:18:12.942     +9770.707s  G0 Z-102.5500 F60                        ok             1.0ms rx=1 busy=0
17:18:12.942     +9770.708s  G91                                      ok             0.3ms rx=1 busy=0
17:18:12.942     +9782.848s  M400                                     ok         12140.8ms rx=7 busy=6
17:18:12.942     +9782.875s  M114                                     ok            19.4ms rx=2 busy=0
17:18:12.942     +9782.886s  G0 F200.0 Z0.5000                        ok            10.2ms rx=1 busy=0
17:18:12.942     +9782.914s  M114                                     ok            16.8ms rx=2 busy=0
17:18:12.942     +9783.188s  G90                                      ok             1.2ms rx=1 busy=0
17:18:12.942     +9783.189s  G0 Z-102.5500 F201                       ok             1.2ms rx=1 busy=0
17:18:12.942     +9783.189s  G91                                      ok             0.2ms rx=1 busy=0
17:18:12.942     +9783.229s  M114                                     ok             2.0ms rx=2 busy=0
17:18:12.942     +9783.564s  M114                                     ok             1.2ms rx=2 busy=0
17:18:12.942     +9783.847s  G0 F200.0 Z0.5000                        ok             2.5ms rx=1 busy=0
17:18:12.942     +9783.897s  M114                                     ok            14.2ms rx=2 busy=0
17:18:12.942     +9784.148s  G90                                      ok             0.3ms rx=1 busy=0
17:18:12.942     +9784.148s  G0 Z-102.5500 F201                       ok             0.9ms rx=1 busy=0
17:18:12.942     +9784.149s  G91                                      ok             0.3ms rx=1 busy=0
17:18:12.942     +9784.204s  M114                                     ok             1.2ms rx=2 busy=0
17:18:12.942     +9784.525s  M114                                     ok             1.3ms rx=2 busy=0
17:18:12.942     +9784.806s  G0 F200.0 Z0.5000                        ok             1.1ms rx=1 busy=0
17:18:12.942     +9784.845s  M114                                     ok             2.1ms rx=2 busy=0
17:18:12.942     +9785.107s  G90                                      ok             0.7ms rx=1 busy=0
17:18:12.942     +9785.109s  G0 Z-102.5500 F201                       ok             1.8ms rx=1 busy=0
17:18:12.942     +9785.109s  G91                                      ok             0.2ms rx=1 busy=0
17:18:12.942     +9785.165s  M114                                     ok             1.3ms rx=2 busy=0
17:18:12.942     +9785.494s  M114                                     ok             3.6ms rx=2 busy=0
17:18:12.942     +9785.765s  G0 F200.0 Z0.5000                        ok             0.9ms rx=1 busy=0
17:18:12.942     +9785.804s  M114                                     ok             1.4ms rx=2 busy=0
17:18:12.942     +9786.066s  G90                                      ok             0.5ms rx=1 busy=0
17:18:12.942     +9786.067s  G0 Z-102.5500 F201                       ok             0.9ms rx=1 busy=0
17:18:12.942     +9786.067s  G91                                      ok             0.2ms rx=1 busy=0
17:18:12.942     +9786.124s  M114                                     ok             1.2ms rx=2 busy=0
17:18:12.942     +9786.444s  M114                                     ok             1.3ms rx=2 busy=0
17:18:12.943     +9786.727s  G0 F200.0 Z0.5000                        ok             2.6ms rx=1 busy=0
17:18:12.943     +9786.764s  M114                                     ok             1.2ms rx=2 busy=0
17:18:12.943     +9787.052s  G90                                      ok            24.6ms rx=1 busy=0
17:18:12.943     +9787.064s  G0 Z-102.5500 F201                       ok            11.8ms rx=1 busy=0
17:18:12.943     +9787.064s  G91                                      ok             0.3ms rx=1 busy=0
17:18:12.943     +9787.084s  M114                                     ok             1.2ms rx=2 busy=0
17:18:12.943     +9787.441s  M114                                     ok             3.6ms rx=2 busy=0
17:18:12.943     +9787.723s  G0 F200.0 Z0.5000                        ok             0.9ms rx=1 busy=0
17:18:12.943     +9787.765s  M114                                     ok             2.9ms rx=2 busy=0
17:18:12.943     +9788.024s  G90                                      ok             0.3ms rx=1 busy=0
17:18:12.943     +9788.025s  G0 Z-102.5500 F201                       ok             1.0ms rx=1 busy=0
17:18:12.943     +9788.025s  G91                                      ok             0.3ms rx=1 busy=0
17:18:12.943     +9788.099s  M114                                     ok            20.7ms rx=2 busy=0
17:18:12.943     +9788.412s  M114                                     ok             1.5ms rx=2 busy=0
17:18:12.943     +9788.686s  G0 F200.0 Z0.5000                        ok             2.5ms rx=1 busy=0
17:18:12.943     +9788.732s  M114                                     ok             1.5ms rx=2 busy=0
17:18:12.943     +9788.987s  G90                                      ok             0.3ms rx=1 busy=0
17:18:12.943     +9788.988s  G0 Z-102.5500 F201                       ok             0.8ms rx=1 busy=0
17:18:12.943     +9788.988s  G91                                      ok             0.2ms rx=1 busy=0
17:18:12.943     +9789.053s  M114                                     ok             2.1ms rx=2 busy=0
17:18:12.943     +9789.373s  M114                                     ok             1.2ms rx=2 busy=0
17:18:12.943     +9789.645s  G0 F200.0 Z0.5000                        ok             1.1ms rx=1 busy=0
17:18:12.943     +9789.700s  M114                                     ok             6.0ms rx=2 busy=0
17:18:12.943     +9789.945s  G90                                      ok             0.3ms rx=1 busy=0
17:18:12.943     +9789.946s  G0 Z-102.5500 F201                       ok             0.8ms rx=1 busy=0
17:18:12.943     +9789.946s  G91                                      ok             0.2ms rx=1 busy=0
17:18:12.943     +9790.022s  M114                                     ok             8.6ms rx=2 busy=0
17:18:12.943     +9790.333s  M114                                     ok             1.2ms rx=2 busy=0
17:18:12.943     +9790.608s  G0 F200.0 Z0.5000                        ok             0.9ms rx=1 busy=0
17:18:12.943     +9790.654s  M114                                     ok             2.2ms rx=2 busy=0
17:18:12.943     +9790.910s  G90                                      ok             0.5ms rx=1 busy=0
17:18:12.943     +9790.913s  G0 Z-102.5500 F201                       ok             3.0ms rx=1 busy=0
17:18:12.943     +9790.913s  G91                                      ok             0.3ms rx=1 busy=0
17:18:12.943     +9790.973s  M114                                     ok             2.4ms rx=2 busy=0
17:18:12.943     +9791.293s  M114                                     ok             1.9ms rx=2 busy=0
17:18:12.943     +9791.573s  G0 F200.0 Z0.5000                        ok             1.2ms rx=1 busy=0
17:18:12.943     +9791.612s  M114                                     ok             1.5ms rx=2 busy=0
17:18:12.943     +9791.874s  G90                                      ok             0.4ms rx=1 busy=0
17:18:12.943     +9791.875s  G0 Z-102.5500 F201                       ok             1.2ms rx=1 busy=0
17:18:12.943     +9791.875s  G91                                      ok             0.2ms rx=1 busy=0
17:18:12.943     +9791.932s  M114                                     ok             1.5ms rx=2 busy=0
17:18:12.943     +9792.280s  M114                                     ok            28.5ms rx=2 busy=0
17:18:12.943     +9792.603s  M114                                     ok            16.0ms rx=2 busy=0
17:18:12.943     +9792.718s  M114                                     ok             2.5ms rx=2 busy=0
17:18:12.943     +9792.719s  G90                                      ok             0.5ms rx=1 busy=0
17:18:12.943     +9792.720s  G0 Z-101.5500 F60                        ok             1.1ms rx=1 busy=0
17:18:12.943     +9792.720s  G91                                      ok             0.3ms rx=1 busy=0
17:18:12.943     +9792.720s  G90                                      ok             0.3ms rx=1 busy=0
17:18:12.943     +9792.722s  G0 Z-79.3500 F201                        ok             1.5ms rx=1 busy=0
17:18:12.943     +9792.722s  G91                                      ok             0.3ms rx=1 busy=0
17:18:12.943     +9800.480s  M400                                     ok          7758.0ms rx=4 busy=3
17:18:12.943     +9800.487s  M114                                     ok             1.2ms rx=2 busy=0
17:18:12.943     +9807.103s  M114                                     ok             1.4ms rx=2 busy=0
17:18:12.943     +9807.103s  G90                                      ok             0.2ms rx=1 busy=0
17:18:12.943     +9807.104s  G0 Z-101.5500 F121                       ok             0.8ms rx=1 busy=0
17:18:12.943     +9807.104s  G91                                      ok             0.3ms rx=1 busy=0
17:18:12.943     +9807.104s  G90                                      ok             0.3ms rx=1 busy=0
17:18:12.943     +9807.106s  G0 Z-102.5500 F60                        ok             1.1ms rx=1 busy=0
17:18:12.943     +9807.106s  G91                                      ok             0.2ms rx=1 busy=0
17:18:12.943     +9819.237s  M400                                     ok         12131.0ms rx=7 busy=6
17:18:12.943     +9819.245s  M114                                     ok             1.4ms rx=2 busy=0
17:18:12.943     +9819.248s  G0 F18.0 X-1.9800                        ok             0.8ms rx=1 busy=0
17:18:12.944     +9825.956s  M400                                     ok          6707.5ms rx=4 busy=3
17:18:12.944 ---- end recent ----
17:18:25.709 ANOMALY M400                                     ok          7755.9ms rx=4 busy=3
17:18:25.709 ---- recent ZP transactions (anomaly: M400 -> ok) [300] ----
17:18:25.709     +9707.420s  G0 F2.261946710584651 X0.0004            ok             1.2ms rx=1 busy=0
17:18:25.709     +9707.471s  G0 F2.261946710584651 X0.0004            ok             1.9ms rx=1 busy=0
17:18:25.709     +9707.505s  G0 F2.261946710584651 X0.0006            ok             1.0ms rx=1 busy=0
17:18:25.709     +9707.541s  G0 F2.261946710584651 X0.0004            ok             3.3ms rx=1 busy=0
17:18:25.709     +9707.589s  G0 F2.261946710584651 X0.0006            ok             1.7ms rx=1 busy=0
17:18:25.709     +9707.635s  G0 F2.261946710584651 X0.0006            ok             1.9ms rx=1 busy=0
17:18:25.709     +9707.683s  G0 F2.261946710584651 X0.0006            ok             2.7ms rx=1 busy=0
17:18:25.710     +9707.714s  G0 F2.261946710584651 X0.0004            ok             4.9ms rx=1 busy=0
17:18:25.710     +9707.743s  G0 F2.261946710584651 X0.0004            ok             1.4ms rx=1 busy=0
17:18:25.710     +9707.775s  G0 F2.261946710584651 X0.0004            ok             1.6ms rx=1 busy=0
17:18:25.710     +9707.812s  G0 F2.261946710584651 X0.0004            ok             2.8ms rx=1 busy=0
17:18:25.710     +9707.875s  G0 F2.261946710584651 X0.0006            ok            17.7ms rx=1 busy=0
17:18:25.710     +9707.918s  G0 F2.261946710584651 X0.0009            ok             1.4ms rx=1 busy=0
17:18:25.710     +9707.949s  G0 F2.261946710584651 X0.0004            ok             1.0ms rx=1 busy=0
17:18:25.710     +9707.985s  G0 F2.261946710584651 X0.0004            ok             1.3ms rx=1 busy=0
17:18:25.710     +9708.018s  G0 F2.261946710584651 X0.0004            ok             1.7ms rx=1 busy=0
17:18:25.711     +9708.045s  G0 F2.261946710584651 X0.0004            ok             1.5ms rx=1 busy=0
17:18:25.711     +9708.080s  G0 F2.261946710584651 X0.0004            ok             3.0ms rx=1 busy=0
17:18:25.711     +9708.113s  G0 F2.261946710584651 X0.0004            ok             4.1ms rx=1 busy=0
17:18:25.711     +9708.144s  G0 F2.261946710584651 X0.0004            ok             1.7ms rx=1 busy=0
17:18:25.711     +9708.183s  G0 F2.261946710584651 X0.0004            ok             3.7ms rx=1 busy=0
17:18:25.711     +9708.225s  G0 F2.261946710584651 X0.0005            ok             1.6ms rx=1 busy=0
17:18:25.711     +9708.254s  G0 F2.261946710584651 X0.0004            ok             0.9ms rx=1 busy=0
17:18:25.711     +9708.290s  G0 F2.261946710584651 X0.0004            ok             2.1ms rx=1 busy=0
17:18:25.711     +9708.316s  G0 F2.261946710584651 X0.0005            ok             1.3ms rx=1 busy=0
17:18:25.711     +9708.349s  G0 F2.261946710584651 X0.0004            ok             1.0ms rx=1 busy=0
17:18:25.711     +9708.384s  G0 F2.261946710584651 X0.0004            ok             1.6ms rx=1 busy=0
17:18:25.711     +9708.413s  G0 F2.261946710584651 X0.0004            ok             1.7ms rx=1 busy=0
17:18:25.711     +9708.446s  G0 F2.261946710584651 X0.0004            ok             1.2ms rx=1 busy=0
17:18:25.711     +9708.476s  G0 F2.261946710584651 X0.0004            ok             0.8ms rx=1 busy=0
17:18:25.711     +9708.509s  G0 F2.261946710584651 X0.0004            ok             1.1ms rx=1 busy=0
17:18:25.711     +9708.543s  G0 F2.261946710584651 X0.0004            ok             1.3ms rx=1 busy=0
17:18:25.711     +9708.575s  G0 F2.261946710584651 X0.0004            ok             1.0ms rx=1 busy=0
17:18:25.711     +9708.606s  G0 F2.261946710584651 X0.0004            ok             1.5ms rx=1 busy=0
17:18:25.711     +9708.638s  G0 F2.261946710584651 X0.0004            ok             1.2ms rx=1 busy=0
17:18:25.711     +9708.668s  G0 F2.261946710584651 X0.0004            ok             0.9ms rx=1 busy=0
17:18:25.711     +9708.710s  G0 F2.261946710584651 X0.0004            ok             1.8ms rx=1 busy=0
17:18:25.711     +9708.750s  G0 F2.261946710584651 X0.0006            ok             1.1ms rx=1 busy=0
17:18:25.711     +9708.780s  G0 F2.261946710584651 X0.0004            ok             1.1ms rx=1 busy=0
17:18:25.711     +9708.817s  G0 F2.261946710584651 X0.0004            ok             1.4ms rx=1 busy=0
17:18:25.711     +9708.848s  G0 F2.261946710584651 X0.0004            ok             1.4ms rx=1 busy=0
17:18:25.711     +9708.899s  G0 F2.261946710584651 X0.0004            ok            23.1ms rx=1 busy=0
17:18:25.711     +9708.946s  G0 F2.261946710584651 X0.0007            ok             1.4ms rx=1 busy=0
17:18:25.712     +9708.977s  G0 F2.261946710584651 X0.0004            ok             2.4ms rx=1 busy=0
17:18:25.712     +9709.006s  G0 F2.261946710584651 X0.0004            ok             0.9ms rx=1 busy=0
17:18:25.712     +9709.038s  G0 F2.261946710584651 X0.0004            ok             2.0ms rx=1 busy=0
17:18:25.712     +9709.088s  G0 F2.261946710584651 X0.0005            ok             2.7ms rx=1 busy=0
17:18:25.712     +9709.121s  G0 F2.261946710584651 X0.0004            ok             1.1ms rx=1 busy=0
17:18:25.712     +9709.157s  G0 F2.261946710584651 X0.0005            ok             2.4ms rx=1 busy=0
17:18:25.712     +9709.202s  G0 F2.261946710584651 X0.0005            ok             2.2ms rx=1 busy=0
17:18:25.712     +9709.238s  G0 F2.261946710584651 X0.0004            ok             2.6ms rx=1 busy=0
17:18:25.712     +9709.282s  G0 F2.261946710584651 X0.0006            ok             2.3ms rx=1 busy=0
17:18:25.712     +9709.314s  G0 F2.261946710584651 X0.0004            ok             1.2ms rx=1 busy=0
17:18:25.712     +9709.349s  G0 F2.261946710584651 X0.0004            ok             5.0ms rx=1 busy=0
17:18:25.712     +9709.392s  G0 F2.261946710584651 X0.0006            ok             1.7ms rx=1 busy=0
17:18:25.712     +9709.420s  G0 F2.261946710584651 X0.0004            ok             1.1ms rx=1 busy=0
17:18:25.712     +9709.455s  G0 F2.261946710584651 X0.0004            ok             1.0ms rx=1 busy=0
17:18:25.712     +9709.489s  G0 F2.261946710584651 X0.0004            ok             1.7ms rx=1 busy=0
17:18:25.712     +9709.523s  G0 F2.261946710584651 X0.0004            ok             1.8ms rx=1 busy=0
17:18:25.712     +9709.553s  G0 F2.261946710584651 X0.0005            ok             1.2ms rx=1 busy=0
17:18:25.712     +9709.585s  G0 F2.261946710584651 X0.0004            ok             1.3ms rx=1 busy=0
17:18:25.712     +9709.614s  G0 F2.261946710584651 X0.0004            ok             1.1ms rx=1 busy=0
17:18:25.712     +9709.656s  G0 F2.261946710584651 X0.0004            ok             5.2ms rx=1 busy=0
17:18:25.712     +9709.696s  G0 F2.261946710584651 X0.0005            ok             1.4ms rx=1 busy=0
17:18:25.712     +9709.733s  G0 F2.261946710584651 X0.0004            ok             0.9ms rx=1 busy=0
17:18:25.712     +9709.773s  G0 F2.261946710584651 X0.0006            ok             1.5ms rx=1 busy=0
17:18:25.712     +9709.806s  G0 F2.261946710584651 X0.0004            ok             1.5ms rx=1 busy=0
17:18:25.712     +9709.838s  G0 F2.261946710584651 X0.0004            ok             2.3ms rx=1 busy=0
17:18:25.712     +9709.869s  G0 F2.261946710584651 X0.0004            ok             1.4ms rx=1 busy=0
17:18:25.712     +9709.919s  G0 F2.261946710584651 X0.0004            ok            18.6ms rx=1 busy=0
17:18:25.712     +9709.956s  G0 F2.261946710584651 X0.0007            ok             4.6ms rx=1 busy=0
17:18:25.712     +9710.001s  G0 F2.261946710584651 X0.0006            ok             1.4ms rx=1 busy=0
17:18:25.712     +9710.031s  G0 F2.261946710584651 X0.0004            ok             1.2ms rx=1 busy=0
17:18:25.712     +9710.067s  G0 F2.261946710584651 X0.0004            ok             1.0ms rx=1 busy=0
17:18:25.712     +9710.096s  G0 F2.261946710584651 X0.0004            ok             2.6ms rx=1 busy=0
17:18:25.712     +9710.125s  G0 F2.261946710584651 X0.0004            ok             0.9ms rx=1 busy=0
17:18:25.712     +9710.157s  G0 F2.261946710584651 X0.0004            ok             1.8ms rx=1 busy=0
17:18:25.712     +9710.195s  G0 F2.261946710584651 X0.0004            ok             2.9ms rx=1 busy=0
17:18:25.712     +9710.223s  G0 F2.261946710584651 X0.0004            ok             1.2ms rx=1 busy=0
17:18:25.712     +9710.253s  G0 F2.261946710584651 X0.0004            ok             0.9ms rx=1 busy=0
17:18:25.712     +9710.289s  G0 F2.261946710584651 X0.0004            ok             1.9ms rx=1 busy=0
17:18:25.712     +9710.322s  G0 F2.261946710584651 X0.0004            ok             1.4ms rx=1 busy=0
17:18:25.712     +9710.348s  G0 F2.261946710584651 X0.0005            ok             0.9ms rx=1 busy=0
17:18:25.712     +9710.383s  G0 F2.261946710584651 X0.0004            ok             2.0ms rx=1 busy=0
17:18:25.712     +9710.415s  G0 F2.261946710584651 X0.0004            ok             1.3ms rx=1 busy=0
17:18:25.712     +9710.444s  G0 F2.261946710584651 X0.0004            ok             1.0ms rx=1 busy=0
17:18:25.712     +9710.479s  G0 F2.261946710584651 X0.0004            ok             1.9ms rx=1 busy=0
17:18:25.712     +9710.512s  G0 F2.261946710584651 X0.0004            ok             1.6ms rx=1 busy=0
17:18:25.712     +9710.544s  G0 F2.261946710584651 X0.0004            ok             1.2ms rx=1 busy=0
17:18:25.712     +9710.577s  G0 F2.261946710584651 X0.0004            ok             1.2ms rx=1 busy=0
17:18:25.712     +9710.605s  G0 F2.261946710584651 X0.0004            ok             1.2ms rx=1 busy=0
17:18:25.712     +9710.638s  G0 F2.261946710584651 X0.0004            ok             1.1ms rx=1 busy=0
17:18:25.712     +9710.672s  G0 F2.261946710584651 X0.0003            ok             3.1ms rx=1 busy=0
17:18:25.712     +9710.702s  G0 F2.261946710584651 X0.0004            ok             1.4ms rx=1 busy=0
17:18:25.712     +9710.752s  G0 F2.261946710584651 X0.0004            ok             1.7ms rx=1 busy=0
17:18:25.712     +9710.784s  G0 F2.261946710584651 X0.0006            ok             2.5ms rx=1 busy=0
17:18:25.712     +9710.812s  G0 F2.261946710584651 X0.0004            ok             1.2ms rx=1 busy=0
17:18:25.712     +9710.849s  G0 F2.261946710584651 X0.0004            ok             1.2ms rx=1 busy=0
17:18:25.712     +9710.881s  G0 F2.261946710584651 X0.0003            ok             1.2ms rx=1 busy=0
17:18:25.712     +9710.913s  G0 F2.261946710584651 X0.0003            ok             4.1ms rx=1 busy=0
17:18:25.712     +9710.981s  G0 F2.261946710584651 X0.0006            ok             1.5ms rx=1 busy=0
17:18:25.712     +9711.031s  G0 F2.261946710584651 X0.0004            ok             7.1ms rx=1 busy=0
17:18:25.712     +9711.071s  G0 F2.261946710584651 X0.0004            ok             1.5ms rx=1 busy=0
17:18:25.712     +9711.135s  G0 F2.261946710584651 X0.0005            ok             1.7ms rx=1 busy=0
17:18:25.712     +9711.203s  G0 F2.261946710584651 X0.0004            ok             1.1ms rx=1 busy=0
17:18:25.713     +9711.284s  G0 F2.261946710584651 X0.0005            ok             1.3ms rx=1 busy=0
17:18:25.713     +9711.362s  G0 F2.261946710584651 X0.0006            ok             6.2ms rx=1 busy=0
17:18:25.713     +9711.429s  G0 F2.261946710584651 X0.0004            ok             3.8ms rx=1 busy=0
17:18:25.713     +9711.507s  G0 F2.261946710584651 X0.0004            ok             1.5ms rx=1 busy=0
17:18:25.713     +9711.597s  G0 F2.261946710584651 X0.0004            ok             1.0ms rx=1 busy=0
17:18:25.713     +9711.678s  G0 F2.261946710584651 X0.0003            ok             1.0ms rx=1 busy=0
17:18:25.713     +9711.775s  G0 F2.261946710584651 X0.0003            ok             1.0ms rx=1 busy=0
17:18:25.713     +9711.871s  G0 F2.261946710584651 X0.0003            ok             1.5ms rx=1 busy=0
17:18:25.713     +9712.013s  G0 F2.261946710584651 X0.0004            ok            17.9ms rx=1 busy=0
17:18:25.713     +9712.141s  G0 F2.261946710584651 X0.0003            ok             0.9ms rx=1 busy=0
17:18:25.713     +9712.303s  G0 F2.261946710584651 X0.0003            ok             1.4ms rx=1 busy=0
17:18:25.713     +9712.509s  G0 F2.261946710584651 X0.0003            ok             2.1ms rx=1 busy=0
17:18:25.713     +9712.768s  G0 F2.261946710584651 X0.0004            ok             0.9ms rx=1 busy=0
17:18:25.713     +9713.062s  G0 F2.261946710584651 X0.0004            ok             2.9ms rx=1 busy=0
17:18:25.713     +9713.326s  G0 F2.261946710584651 X0.0003            ok             1.2ms rx=1 busy=0
17:18:25.713     +9713.568s  G0 F2.261946710584651 X0.0002            ok             1.2ms rx=1 busy=0
17:18:25.713     +9713.651s  G0 F200.0 X-0.0600                       ok             1.2ms rx=1 busy=0
17:18:25.713     +9713.658s  M114                                     ok             4.0ms rx=2 busy=0
17:18:25.713     +9713.659s  G90                                      ok             0.3ms rx=1 busy=0
17:18:25.713     +9713.660s  G0 Z-102.7000 F60                        ok             1.0ms rx=1 busy=0
17:18:25.713     +9713.660s  G91                                      ok             0.4ms rx=1 busy=0
17:18:25.713     +9713.660s  G90                                      ok             0.2ms rx=1 busy=0
17:18:25.713     +9713.661s  G0 Z-79.3500 F201                        ok             1.0ms rx=1 busy=0
17:18:25.713     +9713.662s  G91                                      ok             0.3ms rx=1 busy=0
17:18:25.713     +9721.719s  M400                                     ok          8057.2ms rx=5 busy=4
17:18:25.713     +9721.731s  M114                                     ok             1.7ms rx=2 busy=0
17:18:25.713     +9721.775s  M114                                     ok            14.6ms rx=2 busy=0
17:18:25.713     +9721.782s  M114                                     ok             8.1ms rx=2 busy=0
17:18:25.713     +9721.795s  M114                                     ok            12.3ms rx=2 busy=0
17:18:25.713     +9721.860s  M114                                     ok             6.7ms rx=2 busy=0
17:18:25.713     +9721.861s  G90                                      ok             1.3ms rx=1 busy=0
17:18:25.713     +9721.861s  G0 Z-79.3500 F201                        ok             0.5ms rx=1 busy=0
17:18:25.713     +9721.862s  G91                                      ok             0.5ms rx=1 busy=0
17:18:25.713     +9721.862s  M400                                     ok             0.2ms rx=1 busy=0
17:18:25.713     +9721.864s  M114                                     ok             1.5ms rx=2 busy=0
17:18:25.713     +9731.388s  M114                                     ok             1.5ms rx=2 busy=0
17:18:25.713     +9731.389s  G90                                      ok             0.2ms rx=1 busy=0
17:18:25.713     +9731.390s  G0 Z-101.5500 F121                       ok             0.9ms rx=1 busy=0
17:18:25.713     +9731.390s  G91                                      ok             0.4ms rx=1 busy=0
17:18:25.713     +9731.390s  G90                                      ok             0.4ms rx=1 busy=0
17:18:25.713     +9731.391s  G0 Z-102.5500 F60                        ok             1.1ms rx=1 busy=0
17:18:25.713     +9731.393s  G91                                      ok             1.2ms rx=1 busy=0
17:18:25.713     +9743.522s  M400                                     ok         12129.3ms rx=7 busy=6
17:18:25.713     +9743.551s  M114                                     ok             1.1ms rx=2 busy=0
17:18:25.713     +9743.554s  G0 F18.0 X3.2453                         ok             0.8ms rx=1 busy=0
17:18:25.713     +9754.479s  M400                                     ok         10925.0ms rx=6 busy=5
17:18:25.713     +9754.583s  M114                                     ok             1.7ms rx=2 busy=0
17:18:25.713     +9754.895s  M114                                     ok             1.3ms rx=2 busy=0
17:18:25.713     +9755.213s  M114                                     ok             1.2ms rx=2 busy=0
17:18:25.713     +9755.534s  M114                                     ok             3.4ms rx=2 busy=0
17:18:25.713     +9755.853s  M114                                     ok             1.4ms rx=2 busy=0
17:18:25.713     +9756.173s  M114                                     ok             1.8ms rx=2 busy=0
17:18:25.713     +9756.493s  M114                                     ok             1.8ms rx=2 busy=0
17:18:25.713     +9756.813s  M114                                     ok             1.6ms rx=2 busy=0
17:18:25.713     +9757.132s  M114                                     ok             1.5ms rx=2 busy=0
17:18:25.713     +9757.452s  M114                                     ok             1.7ms rx=2 busy=0
17:18:25.713     +9757.794s  M114                                     ok            22.8ms rx=2 busy=0
17:18:25.713     +9758.110s  M114                                     ok             1.6ms rx=2 busy=0
17:18:25.713     +9758.432s  M114                                     ok             5.0ms rx=2 busy=0
17:18:25.713     +9758.748s  M114                                     ok             1.3ms rx=2 busy=0
17:18:25.713     +9759.068s  M114                                     ok             1.2ms rx=2 busy=0
17:18:25.714     +9759.388s  M114                                     ok             1.2ms rx=2 busy=0
17:18:25.714     +9759.516s  M114                                     ok             6.1ms rx=2 busy=0
17:18:25.714     +9759.517s  G90                                      ok             0.4ms rx=1 busy=0
17:18:25.714     +9759.517s  G0 Z-101.5500 F60                        ok             0.9ms rx=1 busy=0
17:18:25.714     +9759.518s  G91                                      ok             0.3ms rx=1 busy=0
17:18:25.714     +9759.518s  G90                                      ok             0.4ms rx=1 busy=0
17:18:25.714     +9759.519s  G0 Z-79.3500 F201                        ok             1.2ms rx=1 busy=0
17:18:25.714     +9759.520s  G91                                      ok             0.4ms rx=1 busy=0
17:18:25.714     +9767.278s  M400                                     ok          7758.0ms rx=4 busy=3
17:18:25.714     +9767.286s  M114                                     ok             1.3ms rx=2 busy=0
17:18:25.714     +9770.705s  M114                                     ok             3.6ms rx=2 busy=0
17:18:25.714     +9770.705s  G90                                      ok             0.3ms rx=1 busy=0
17:18:25.714     +9770.706s  G0 Z-101.5500 F121                       ok             0.8ms rx=1 busy=0
17:18:25.714     +9770.706s  G91                                      ok             0.3ms rx=1 busy=0
17:18:25.714     +9770.706s  G90                                      ok             0.3ms rx=1 busy=0
17:18:25.714     +9770.707s  G0 Z-102.5500 F60                        ok             1.0ms rx=1 busy=0
17:18:25.714     +9770.708s  G91                                      ok             0.3ms rx=1 busy=0
17:18:25.714     +9782.848s  M400                                     ok         12140.8ms rx=7 busy=6
17:18:25.714     +9782.875s  M114                                     ok            19.4ms rx=2 busy=0
17:18:25.714     +9782.886s  G0 F200.0 Z0.5000                        ok            10.2ms rx=1 busy=0
17:18:25.714     +9782.914s  M114                                     ok            16.8ms rx=2 busy=0
17:18:25.714     +9783.188s  G90                                      ok             1.2ms rx=1 busy=0
17:18:25.714     +9783.189s  G0 Z-102.5500 F201                       ok             1.2ms rx=1 busy=0
17:18:25.714     +9783.189s  G91                                      ok             0.2ms rx=1 busy=0
17:18:25.714     +9783.229s  M114                                     ok             2.0ms rx=2 busy=0
17:18:25.714     +9783.564s  M114                                     ok             1.2ms rx=2 busy=0
17:18:25.714     +9783.847s  G0 F200.0 Z0.5000                        ok             2.5ms rx=1 busy=0
17:18:25.714     +9783.897s  M114                                     ok            14.2ms rx=2 busy=0
17:18:25.714     +9784.148s  G90                                      ok             0.3ms rx=1 busy=0
17:18:25.714     +9784.148s  G0 Z-102.5500 F201                       ok             0.9ms rx=1 busy=0
17:18:25.714     +9784.149s  G91                                      ok             0.3ms rx=1 busy=0
17:18:25.714     +9784.204s  M114                                     ok             1.2ms rx=2 busy=0
17:18:25.714     +9784.525s  M114                                     ok             1.3ms rx=2 busy=0
17:18:25.714     +9784.806s  G0 F200.0 Z0.5000                        ok             1.1ms rx=1 busy=0
17:18:25.714     +9784.845s  M114                                     ok             2.1ms rx=2 busy=0
17:18:25.714     +9785.107s  G90                                      ok             0.7ms rx=1 busy=0
17:18:25.714     +9785.109s  G0 Z-102.5500 F201                       ok             1.8ms rx=1 busy=0
17:18:25.714     +9785.109s  G91                                      ok             0.2ms rx=1 busy=0
17:18:25.714     +9785.165s  M114                                     ok             1.3ms rx=2 busy=0
17:18:25.714     +9785.494s  M114                                     ok             3.6ms rx=2 busy=0
17:18:25.714     +9785.765s  G0 F200.0 Z0.5000                        ok             0.9ms rx=1 busy=0
17:18:25.714     +9785.804s  M114                                     ok             1.4ms rx=2 busy=0
17:18:25.714     +9786.066s  G90                                      ok             0.5ms rx=1 busy=0
17:18:25.714     +9786.067s  G0 Z-102.5500 F201                       ok             0.9ms rx=1 busy=0
17:18:25.714     +9786.067s  G91                                      ok             0.2ms rx=1 busy=0
17:18:25.714     +9786.124s  M114                                     ok             1.2ms rx=2 busy=0
17:18:25.714     +9786.444s  M114                                     ok             1.3ms rx=2 busy=0
17:18:25.714     +9786.727s  G0 F200.0 Z0.5000                        ok             2.6ms rx=1 busy=0
17:18:25.715     +9786.764s  M114                                     ok             1.2ms rx=2 busy=0
17:18:25.715     +9787.052s  G90                                      ok            24.6ms rx=1 busy=0
17:18:25.715     +9787.064s  G0 Z-102.5500 F201                       ok            11.8ms rx=1 busy=0
17:18:25.715     +9787.064s  G91                                      ok             0.3ms rx=1 busy=0
17:18:25.715     +9787.084s  M114                                     ok             1.2ms rx=2 busy=0
17:18:25.715     +9787.441s  M114                                     ok             3.6ms rx=2 busy=0
17:18:25.715     +9787.723s  G0 F200.0 Z0.5000                        ok             0.9ms rx=1 busy=0
17:18:25.715     +9787.765s  M114                                     ok             2.9ms rx=2 busy=0
17:18:25.715     +9788.024s  G90                                      ok             0.3ms rx=1 busy=0
17:18:25.715     +9788.025s  G0 Z-102.5500 F201                       ok             1.0ms rx=1 busy=0
17:18:25.715     +9788.025s  G91                                      ok             0.3ms rx=1 busy=0
17:18:25.715     +9788.099s  M114                                     ok            20.7ms rx=2 busy=0
17:18:25.715     +9788.412s  M114                                     ok             1.5ms rx=2 busy=0
17:18:25.715     +9788.686s  G0 F200.0 Z0.5000                        ok             2.5ms rx=1 busy=0
17:18:25.715     +9788.732s  M114                                     ok             1.5ms rx=2 busy=0
17:18:25.715     +9788.987s  G90                                      ok             0.3ms rx=1 busy=0
17:18:25.715     +9788.988s  G0 Z-102.5500 F201                       ok             0.8ms rx=1 busy=0
17:18:25.715     +9788.988s  G91                                      ok             0.2ms rx=1 busy=0
17:18:25.715     +9789.053s  M114                                     ok             2.1ms rx=2 busy=0
17:18:25.715     +9789.373s  M114                                     ok             1.2ms rx=2 busy=0
17:18:25.715     +9789.645s  G0 F200.0 Z0.5000                        ok             1.1ms rx=1 busy=0
17:18:25.715     +9789.700s  M114                                     ok             6.0ms rx=2 busy=0
17:18:25.715     +9789.945s  G90                                      ok             0.3ms rx=1 busy=0
17:18:25.715     +9789.946s  G0 Z-102.5500 F201                       ok             0.8ms rx=1 busy=0
17:18:25.715     +9789.946s  G91                                      ok             0.2ms rx=1 busy=0
17:18:25.715     +9790.022s  M114                                     ok             8.6ms rx=2 busy=0
17:18:25.715     +9790.333s  M114                                     ok             1.2ms rx=2 busy=0
17:18:25.715     +9790.608s  G0 F200.0 Z0.5000                        ok             0.9ms rx=1 busy=0
17:18:25.715     +9790.654s  M114                                     ok             2.2ms rx=2 busy=0
17:18:25.715     +9790.910s  G90                                      ok             0.5ms rx=1 busy=0
17:18:25.715     +9790.913s  G0 Z-102.5500 F201                       ok             3.0ms rx=1 busy=0
17:18:25.715     +9790.913s  G91                                      ok             0.3ms rx=1 busy=0
17:18:25.715     +9790.973s  M114                                     ok             2.4ms rx=2 busy=0
17:18:25.715     +9791.293s  M114                                     ok             1.9ms rx=2 busy=0
17:18:25.715     +9791.573s  G0 F200.0 Z0.5000                        ok             1.2ms rx=1 busy=0
17:18:25.715     +9791.612s  M114                                     ok             1.5ms rx=2 busy=0
17:18:25.715     +9791.874s  G90                                      ok             0.4ms rx=1 busy=0
17:18:25.715     +9791.875s  G0 Z-102.5500 F201                       ok             1.2ms rx=1 busy=0
17:18:25.715     +9791.875s  G91                                      ok             0.2ms rx=1 busy=0
17:18:25.715     +9791.932s  M114                                     ok             1.5ms rx=2 busy=0
17:18:25.715     +9792.280s  M114                                     ok            28.5ms rx=2 busy=0
17:18:25.715     +9792.603s  M114                                     ok            16.0ms rx=2 busy=0
17:18:25.715     +9792.718s  M114                                     ok             2.5ms rx=2 busy=0
17:18:25.715     +9792.719s  G90                                      ok             0.5ms rx=1 busy=0
17:18:25.715     +9792.720s  G0 Z-101.5500 F60                        ok             1.1ms rx=1 busy=0
17:18:25.715     +9792.720s  G91                                      ok             0.3ms rx=1 busy=0
17:18:25.715     +9792.720s  G90                                      ok             0.3ms rx=1 busy=0
17:18:25.715     +9792.722s  G0 Z-79.3500 F201                        ok             1.5ms rx=1 busy=0
17:18:25.715     +9792.722s  G91                                      ok             0.3ms rx=1 busy=0
17:18:25.715     +9800.480s  M400                                     ok          7758.0ms rx=4 busy=3
17:18:25.715     +9800.487s  M114                                     ok             1.2ms rx=2 busy=0
17:18:25.715     +9807.103s  M114                                     ok             1.4ms rx=2 busy=0
17:18:25.715     +9807.103s  G90                                      ok             0.2ms rx=1 busy=0
17:18:25.715     +9807.104s  G0 Z-101.5500 F121                       ok             0.8ms rx=1 busy=0
17:18:25.715     +9807.104s  G91                                      ok             0.3ms rx=1 busy=0
17:18:25.715     +9807.104s  G90                                      ok             0.3ms rx=1 busy=0
17:18:25.715     +9807.106s  G0 Z-102.5500 F60                        ok             1.1ms rx=1 busy=0
17:18:25.715     +9807.106s  G91                                      ok             0.2ms rx=1 busy=0
17:18:25.715     +9819.237s  M400                                     ok         12131.0ms rx=7 busy=6
17:18:25.715     +9819.245s  M114                                     ok             1.4ms rx=2 busy=0
17:18:25.716     +9819.248s  G0 F18.0 X-1.9800                        ok             0.8ms rx=1 busy=0
17:18:25.716     +9825.956s  M400                                     ok          6707.5ms rx=4 busy=3
17:18:25.716     +9826.004s  M114                                     ok             1.4ms rx=2 busy=0
17:18:25.716     +9826.316s  M114                                     ok             1.5ms rx=2 busy=0
17:18:25.716     +9826.645s  M114                                     ok            10.7ms rx=2 busy=0
17:18:25.716     +9826.956s  M114                                     ok             1.3ms rx=2 busy=0
17:18:25.716     +9827.276s  M114                                     ok             1.2ms rx=2 busy=0
17:18:25.716     +9827.596s  M114                                     ok             1.4ms rx=2 busy=0
17:18:25.716     +9827.916s  M114                                     ok             1.4ms rx=2 busy=0
17:18:25.716     +9828.237s  M114                                     ok             1.5ms rx=2 busy=0
17:18:25.716     +9828.557s  M114                                     ok             1.9ms rx=2 busy=0
17:18:25.716     +9828.882s  M114                                     ok             7.3ms rx=2 busy=0
17:18:25.716     +9829.200s  M114                                     ok             3.3ms rx=2 busy=0
17:18:25.716     +9829.516s  M114                                     ok             1.2ms rx=2 busy=0
17:18:25.716     +9829.836s  M114                                     ok             1.3ms rx=2 busy=0
17:18:25.716     +9830.156s  M114                                     ok             1.6ms rx=2 busy=0
17:18:25.716     +9830.476s  M114                                     ok             1.2ms rx=2 busy=0
17:18:25.716     +9830.796s  M114                                     ok             1.5ms rx=2 busy=0
17:18:25.716     +9830.967s  M114                                     ok             2.2ms rx=2 busy=0
17:18:25.716     +9830.967s  G90                                      ok             0.2ms rx=1 busy=0
17:18:25.716     +9830.968s  G0 Z-101.5500 F60                        ok             0.8ms rx=1 busy=0
17:18:25.716     +9830.968s  G91                                      ok             0.3ms rx=1 busy=0
17:18:25.716     +9830.969s  G90                                      ok             0.3ms rx=1 busy=0
17:18:25.716     +9830.970s  G0 Z-79.3500 F201                        ok             1.3ms rx=1 busy=0
17:18:25.716     +9830.973s  G91                                      ok             3.0ms rx=1 busy=0
17:18:25.716     +9838.729s  M400                                     ok          7755.9ms rx=4 busy=3
17:18:25.716 ---- end recent ----
17:18:32.814 STATS txns=33750 ok=33750 fail=0 reset=0 avg=53.0ms max=13392.6ms
17:19:59.929 STATS txns=34000 ok=34000 fail=0 reset=0 avg=52.6ms max=13392.6ms
17:21:19.051 STATS txns=34250 ok=34250 fail=0 reset=0 avg=52.3ms max=13392.6ms
17:22:41.065 STATS txns=34500 ok=34500 fail=0 reset=0 avg=51.9ms max=13392.6ms
17:24:00.222 STATS txns=34750 ok=34750 fail=0 reset=0 avg=51.6ms max=13392.6ms
17:25:21.072 STATS txns=35000 ok=35000 fail=0 reset=0 avg=51.2ms max=13392.6ms
17:26:41.592 STATS txns=35250 ok=35250 fail=0 reset=0 avg=50.9ms max=13392.6ms
18:57:18.217 === ZP serial trace opened (mode=summary, pid=23616) at 2026-07-29T18:57:18 ===
18:57:18.217 ANOMALY M400                                     aborted      163.2ms rx=0 busy=0
18:57:18.217 ---- recent ZP transactions (anomaly: M400 -> aborted) [1] ----
18:57:18.217     +   0.163s  M400                                     aborted      163.2ms rx=0 busy=0
18:57:18.217 ---- end recent ----
18:57:18.218 ANOMALY M400                                     aborted        0.0ms rx=0 busy=0
18:57:18.624 ANOMALY M400                                     timeout      406.7ms rx=0 busy=0 SILENT
19:10:42.693 === ZP serial trace opened (mode=summary, pid=27476) at 2026-07-29T19:10:42 ===
19:10:42.693 EVENT board_reset line='FIRMWARE_NAME:Marlin bugfix-2.0.x (Oct 11 2022 14:32:21) SOURCE_CODE_URL:github.com/MarlinFirmware/Marlin PROTOCOL_VERSION:1.0 MACHINE_TYPE:Ender-3 EXTRUDER_COUNT:1 UUID:cede2a2f-41a2-4748-9b12-c55c62f367ff'
19:10:42.693 ---- recent ZP transactions (event: board_reset) [12] ----
19:10:42.693     +   0.000s  M302 S0                                  ok             0.3ms rx=1 busy=0
19:10:42.693     +   0.001s  M83                                      ok             0.3ms rx=1 busy=0
19:10:42.693     +   0.001s  G91                                      ok             0.3ms rx=1 busy=0
19:10:42.693     +   0.001s  M203 X200.00 Y200.00 Z200.00 E200.00     ok             0.7ms rx=1 busy=0
19:10:42.694     +   0.002s  M92 X5069.00 Y5069.00 Z-5069.00 E5069.00 ok             0.9ms rx=1 busy=0
19:10:42.694     +   0.003s  G0 F200                                  ok             0.3ms rx=1 busy=0
19:10:42.694     +   0.003s  M220 S100                                ok             0.3ms rx=1 busy=0
19:10:42.694     +   1.422s  M114                                     ok             1.5ms rx=2 busy=0
19:10:42.694     +   1.584s  M114                                     ok             1.2ms rx=2 busy=0
19:10:42.694     +   1.746s  M114                                     ok             1.3ms rx=2 busy=0
19:10:42.694     +   1.908s  M114                                     ok             1.3ms rx=2 busy=0
19:10:42.694     +   2.070s  M114                                     ok             1.3ms rx=2 busy=0
19:10:42.694 ---- end recent ----
19:10:42.694 ANOMALY M115                                     reset          4.5ms rx=1 busy=0
19:10:42.694 ---- recent ZP transactions (anomaly: M115 -> reset) [13] ----
19:10:42.694     +   0.000s  M302 S0                                  ok             0.3ms rx=1 busy=0
19:10:42.694     +   0.001s  M83                                      ok             0.3ms rx=1 busy=0
19:10:42.694     +   0.001s  G91                                      ok             0.3ms rx=1 busy=0
19:10:42.694     +   0.001s  M203 X200.00 Y200.00 Z200.00 E200.00     ok             0.7ms rx=1 busy=0
19:10:42.694     +   0.002s  M92 X5069.00 Y5069.00 Z-5069.00 E5069.00 ok             0.9ms rx=1 busy=0
19:10:42.694     +   0.003s  G0 F200                                  ok             0.3ms rx=1 busy=0
19:10:42.694     +   0.003s  M220 S100                                ok             0.3ms rx=1 busy=0
19:10:42.694     +   1.422s  M114                                     ok             1.5ms rx=2 busy=0
19:10:42.694     +   1.584s  M114                                     ok             1.2ms rx=2 busy=0
19:10:42.694     +   1.746s  M114                                     ok             1.3ms rx=2 busy=0
19:10:42.694     +   1.908s  M114                                     ok             1.3ms rx=2 busy=0
19:10:42.694     +   2.070s  M114                                     ok             1.3ms rx=2 busy=0
19:10:42.694     +   2.235s  M115                                     reset          4.5ms rx=1 busy=0
19:10:42.694 ---- end recent ----
19:10:42.858 EVENT board_reset line='FIRMWARE_NAME:Marlin bugfix-2.0.x (Oct 11 2022 14:32:21) SOURCE_CODE_URL:github.com/MarlinFirmware/Marlin PROTOCOL_VERSION:1.0 MACHINE_TYPE:Ender-3 EXTRUDER_COUNT:1 UUID:cede2a2f-41a2-4748-9b12-c55c62f367ff'
19:10:42.858 ---- recent ZP transactions (event: board_reset) [13] ----
19:10:42.858     +   0.000s  M302 S0                                  ok             0.3ms rx=1 busy=0
19:10:42.858     +   0.001s  M83                                      ok             0.3ms rx=1 busy=0
19:10:42.858     +   0.001s  G91                                      ok             0.3ms rx=1 busy=0
19:10:42.858     +   0.001s  M203 X200.00 Y200.00 Z200.00 E200.00     ok             0.7ms rx=1 busy=0
19:10:42.858     +   0.002s  M92 X5069.00 Y5069.00 Z-5069.00 E5069.00 ok             0.9ms rx=1 busy=0
19:10:42.858     +   0.003s  G0 F200                                  ok             0.3ms rx=1 busy=0
19:10:42.858     +   0.003s  M220 S100                                ok             0.3ms rx=1 busy=0
19:10:42.858     +   1.422s  M114                                     ok             1.5ms rx=2 busy=0
19:10:42.859     +   1.584s  M114                                     ok             1.2ms rx=2 busy=0
19:10:42.859     +   1.746s  M114                                     ok             1.3ms rx=2 busy=0
19:10:42.859     +   1.908s  M114                                     ok             1.3ms rx=2 busy=0
19:10:42.859     +   2.070s  M114                                     ok             1.3ms rx=2 busy=0
19:10:42.859     +   2.235s  M115                                     reset          4.5ms rx=1 busy=0
19:10:42.859 ---- end recent ----
19:10:42.859 ANOMALY M115                                     reset          3.6ms rx=1 busy=0
19:10:43.023 EVENT board_reset line='FIRMWARE_NAME:Marlin bugfix-2.0.x (Oct 11 2022 14:32:21) SOURCE_CODE_URL:github.com/MarlinFirmware/Marlin PROTOCOL_VERSION:1.0 MACHINE_TYPE:Ender-3 EXTRUDER_COUNT:1 UUID:cede2a2f-41a2-4748-9b12-c55c62f367ff'
19:10:43.023 ---- recent ZP transactions (event: board_reset) [14] ----
19:10:43.023     +   0.000s  M302 S0                                  ok             0.3ms rx=1 busy=0
19:10:43.023     +   0.001s  M83                                      ok             0.3ms rx=1 busy=0
19:10:43.023     +   0.001s  G91                                      ok             0.3ms rx=1 busy=0
19:10:43.023     +   0.001s  M203 X200.00 Y200.00 Z200.00 E200.00     ok             0.7ms rx=1 busy=0
19:10:43.023     +   0.002s  M92 X5069.00 Y5069.00 Z-5069.00 E5069.00 ok             0.9ms rx=1 busy=0
19:10:43.023     +   0.003s  G0 F200                                  ok             0.3ms rx=1 busy=0
19:10:43.023     +   0.003s  M220 S100                                ok             0.3ms rx=1 busy=0
19:10:43.023     +   1.422s  M114                                     ok             1.5ms rx=2 busy=0
19:10:43.023     +   1.584s  M114                                     ok             1.2ms rx=2 busy=0
19:10:43.023     +   1.746s  M114                                     ok             1.3ms rx=2 busy=0
19:10:43.023     +   1.908s  M114                                     ok             1.3ms rx=2 busy=0
19:10:43.023     +   2.070s  M114                                     ok             1.3ms rx=2 busy=0
19:10:43.023     +   2.235s  M115                                     reset          4.5ms rx=1 busy=0
19:10:43.023     +   2.400s  M115                                     reset          3.6ms rx=1 busy=0
19:10:43.023 ---- end recent ----
19:10:43.023 ANOMALY M115                                     reset          3.6ms rx=1 busy=0
19:10:43.186 EVENT board_reset line='FIRMWARE_NAME:Marlin bugfix-2.0.x (Oct 11 2022 14:32:21) SOURCE_CODE_URL:github.com/MarlinFirmware/Marlin PROTOCOL_VERSION:1.0 MACHINE_TYPE:Ender-3 EXTRUDER_COUNT:1 UUID:cede2a2f-41a2-4748-9b12-c55c62f367ff'
19:10:43.187 ---- recent ZP transactions (event: board_reset) [15] ----
19:10:43.187     +   0.000s  M302 S0                                  ok             0.3ms rx=1 busy=0
19:10:43.187     +   0.001s  M83                                      ok             0.3ms rx=1 busy=0
19:10:43.187     +   0.001s  G91                                      ok             0.3ms rx=1 busy=0
19:10:43.187     +   0.001s  M203 X200.00 Y200.00 Z200.00 E200.00     ok             0.7ms rx=1 busy=0
19:10:43.187     +   0.002s  M92 X5069.00 Y5069.00 Z-5069.00 E5069.00 ok             0.9ms rx=1 busy=0
19:10:43.187     +   0.003s  G0 F200                                  ok             0.3ms rx=1 busy=0
19:10:43.187     +   0.003s  M220 S100                                ok             0.3ms rx=1 busy=0
19:10:43.187     +   1.422s  M114                                     ok             1.5ms rx=2 busy=0
19:10:43.187     +   1.584s  M114                                     ok             1.2ms rx=2 busy=0
19:10:43.187     +   1.746s  M114                                     ok             1.3ms rx=2 busy=0
19:10:43.187     +   1.908s  M114                                     ok             1.3ms rx=2 busy=0
19:10:43.187     +   2.070s  M114                                     ok             1.3ms rx=2 busy=0
19:10:43.187     +   2.235s  M115                                     reset          4.5ms rx=1 busy=0
19:10:43.187     +   2.400s  M115                                     reset          3.6ms rx=1 busy=0
19:10:43.187     +   2.565s  M115                                     reset          3.6ms rx=1 busy=0
19:10:43.187 ---- end recent ----
19:10:43.187 ANOMALY M115                                     reset          2.8ms rx=1 busy=0
19:10:43.351 EVENT board_reset line='FIRMWARE_NAME:Marlin bugfix-2.0.x (Oct 11 2022 14:32:21) SOURCE_CODE_URL:github.com/MarlinFirmware/Marlin PROTOCOL_VERSION:1.0 MACHINE_TYPE:Ender-3 EXTRUDER_COUNT:1 UUID:cede2a2f-41a2-4748-9b12-c55c62f367ff'
19:10:43.351 ---- recent ZP transactions (event: board_reset) [16] ----
19:10:43.351     +   0.000s  M302 S0                                  ok             0.3ms rx=1 busy=0
19:10:43.352     +   0.001s  M83                                      ok             0.3ms rx=1 busy=0
19:10:43.352     +   0.001s  G91                                      ok             0.3ms rx=1 busy=0
19:10:43.352     +   0.001s  M203 X200.00 Y200.00 Z200.00 E200.00     ok             0.7ms rx=1 busy=0
19:10:43.352     +   0.002s  M92 X5069.00 Y5069.00 Z-5069.00 E5069.00 ok             0.9ms rx=1 busy=0
19:10:43.352     +   0.003s  G0 F200                                  ok             0.3ms rx=1 busy=0
19:10:43.352     +   0.003s  M220 S100                                ok             0.3ms rx=1 busy=0
19:10:43.352     +   1.422s  M114                                     ok             1.5ms rx=2 busy=0
19:10:43.352     +   1.584s  M114                                     ok             1.2ms rx=2 busy=0
19:10:43.352     +   1.746s  M114                                     ok             1.3ms rx=2 busy=0
19:10:43.352     +   1.908s  M114                                     ok             1.3ms rx=2 busy=0
19:10:43.352     +   2.070s  M114                                     ok             1.3ms rx=2 busy=0
19:10:43.352     +   2.235s  M115                                     reset          4.5ms rx=1 busy=0
19:10:43.352     +   2.400s  M115                                     reset          3.6ms rx=1 busy=0
19:10:43.352     +   2.565s  M115                                     reset          3.6ms rx=1 busy=0
19:10:43.352     +   2.728s  M115                                     reset          2.8ms rx=1 busy=0
19:10:43.352 ---- end recent ----
19:10:43.352 ANOMALY M115                                     reset          3.8ms rx=1 busy=0
17:10:01.981 === ZP serial trace opened (mode=summary, pid=8700) at 2026-07-30T17:10:01 ===
17:10:01.981 STATS txns=250 ok=250 fail=0 reset=0 avg=3.8ms max=39.6ms
17:11:22.413 STATS txns=500 ok=500 fail=0 reset=0 avg=3.6ms max=69.0ms
17:12:42.588 STATS txns=750 ok=750 fail=0 reset=0 avg=3.2ms max=69.0ms
17:44:14.957 === ZP serial trace opened (mode=summary, pid=20276) at 2026-07-30T17:44:14 ===
17:44:14.957 STATS txns=250 ok=250 fail=0 reset=0 avg=2.6ms max=37.2ms
17:45:34.877 STATS txns=500 ok=500 fail=0 reset=0 avg=2.5ms max=37.2ms
17:46:55.005 STATS txns=750 ok=750 fail=0 reset=0 avg=2.4ms max=37.2ms
17:48:15.133 STATS txns=1000 ok=1000 fail=0 reset=0 avg=2.4ms max=37.2ms
17:52:34.707 === ZP serial trace opened (mode=summary, pid=14252) at 2026-07-30T17:52:34 ===
17:52:34.707 STATS txns=250 ok=250 fail=0 reset=0 avg=3.1ms max=35.1ms
17:53:54.336 STATS txns=500 ok=500 fail=0 reset=0 avg=3.7ms max=49.8ms
17:55:15.128 STATS txns=750 ok=750 fail=0 reset=0 avg=3.9ms max=49.8ms
17:56:34.335 STATS txns=1000 ok=1000 fail=0 reset=0 avg=3.8ms max=49.8ms
17:57:55.042 STATS txns=1250 ok=1250 fail=0 reset=0 avg=3.8ms max=49.8ms
17:59:15.962 STATS txns=1500 ok=1500 fail=0 reset=0 avg=4.1ms max=63.2ms
18:00:36.714 STATS txns=1750 ok=1750 fail=0 reset=0 avg=4.2ms max=63.2ms
18:01:57.651 STATS txns=2000 ok=2000 fail=0 reset=0 avg=4.2ms max=63.2ms
18:03:18.495 STATS txns=2250 ok=2250 fail=0 reset=0 avg=4.2ms max=63.2ms
18:04:39.347 STATS txns=2500 ok=2500 fail=0 reset=0 avg=4.2ms max=63.2ms
18:06:00.406 STATS txns=2750 ok=2750 fail=0 reset=0 avg=4.3ms max=63.2ms
18:07:21.643 STATS txns=3000 ok=3000 fail=0 reset=0 avg=4.4ms max=63.2ms
18:08:43.648 STATS txns=3250 ok=3250 fail=0 reset=0 avg=4.5ms max=63.2ms
18:10:04.769 STATS txns=3500 ok=3500 fail=0 reset=0 avg=4.5ms max=63.2ms
18:11:26.082 STATS txns=3750 ok=3750 fail=0 reset=0 avg=4.6ms max=63.2ms
18:12:47.275 STATS txns=4000 ok=4000 fail=0 reset=0 avg=4.6ms max=63.2ms
19:12:47.725 === ZP serial trace opened (mode=summary, pid=22664) at 2026-07-30T19:12:47 ===
19:12:47.725 STATS txns=250 ok=250 fail=0 reset=0 avg=3.1ms max=39.2ms
19:14:05.004 STATS txns=500 ok=500 fail=0 reset=0 avg=2.9ms max=39.2ms
19:15:25.131 STATS txns=750 ok=750 fail=0 reset=0 avg=2.9ms max=39.2ms
19:16:35.176 ANOMALY M400                                     ok          1670.2ms rx=1 busy=0
19:16:35.176 ---- recent ZP transactions (anomaly: M400 -> ok) [300] ----
19:16:35.176     + 196.191s  M114                                     ok             2.0ms rx=2 busy=0
19:16:35.176     + 196.511s  M114                                     ok             1.2ms rx=2 busy=0
19:16:35.176     + 196.831s  M114                                     ok             1.2ms rx=2 busy=0
19:16:35.176     + 197.152s  M114                                     ok             2.3ms rx=2 busy=0
19:16:35.176     + 197.470s  M114                                     ok             1.2ms rx=2 busy=0
19:16:35.177     + 197.790s  M114                                     ok             1.2ms rx=2 busy=0
19:16:35.177     + 198.120s  M114                                     ok            10.2ms rx=2 busy=0
19:16:35.177     + 198.436s  M114                                     ok             1.5ms rx=2 busy=0
19:16:35.177     + 198.750s  M114                                     ok             1.2ms rx=2 busy=0
19:16:35.177     + 199.071s  M114                                     ok             1.7ms rx=2 busy=0
19:16:35.177     + 199.390s  M114                                     ok             1.2ms rx=2 busy=0
19:16:35.177     + 199.711s  M114                                     ok             1.2ms rx=2 busy=0
19:16:35.177     + 200.031s  M114                                     ok             1.3ms rx=2 busy=0
19:16:35.177     + 200.351s  M114                                     ok             1.2ms rx=2 busy=0
19:16:35.178     + 200.671s  M114                                     ok             1.8ms rx=2 busy=0
19:16:35.179     + 201.013s  M114                                     ok            23.8ms rx=2 busy=0
19:16:35.179     + 201.327s  M114                                     ok             1.5ms rx=2 busy=0
19:16:35.179     + 201.647s  M114                                     ok             1.5ms rx=2 busy=0
19:16:35.179     + 201.967s  M114                                     ok             1.4ms rx=2 busy=0
19:16:35.179     + 202.287s  M114                                     ok             1.5ms rx=2 busy=0
19:16:35.179     + 202.607s  M114                                     ok             1.5ms rx=2 busy=0
19:16:35.179     + 202.927s  M114                                     ok             1.5ms rx=2 busy=0
19:16:35.179     + 203.247s  M114                                     ok             1.9ms rx=2 busy=0
19:16:35.179     + 203.567s  M114                                     ok             1.8ms rx=2 busy=0
19:16:35.179     + 203.889s  M114                                     ok             3.1ms rx=2 busy=0
19:16:35.179     + 204.217s  M114                                     ok             9.7ms rx=2 busy=0
19:16:35.179     + 204.533s  M114                                     ok             4.0ms rx=2 busy=0
19:16:35.179     + 204.848s  M114                                     ok             1.6ms rx=2 busy=0
19:16:35.180     + 205.167s  M114                                     ok             1.5ms rx=2 busy=0
19:16:35.180     + 205.487s  M114                                     ok             1.6ms rx=2 busy=0
19:16:35.180     + 205.807s  M114                                     ok             1.5ms rx=2 busy=0
19:16:35.180     + 206.127s  M114                                     ok             1.5ms rx=2 busy=0
19:16:35.180     + 206.447s  M114                                     ok             1.9ms rx=2 busy=0
19:16:35.180     + 206.767s  M114                                     ok             1.4ms rx=2 busy=0
19:16:35.180     + 207.087s  M114                                     ok             1.2ms rx=2 busy=0
19:16:35.180     + 207.407s  M114                                     ok             1.5ms rx=2 busy=0
19:16:35.180     + 207.727s  M114                                     ok             1.5ms rx=2 busy=0
19:16:35.180     + 208.055s  M114                                     ok             7.3ms rx=2 busy=0
19:16:35.180     + 208.383s  M114                                     ok             4.3ms rx=2 busy=0
19:16:35.180     + 208.709s  M114                                     ok             5.5ms rx=2 busy=0
19:16:35.180     + 209.023s  M114                                     ok             1.9ms rx=2 busy=0
19:16:35.180     + 209.343s  M114                                     ok             1.3ms rx=2 busy=0
19:16:35.180     + 209.663s  M114                                     ok             1.3ms rx=2 busy=0
19:16:35.181     + 209.983s  M114                                     ok             1.2ms rx=2 busy=0
19:16:35.181     + 210.316s  M114                                     ok            14.5ms rx=2 busy=0
19:16:35.181     + 210.623s  M114                                     ok             1.4ms rx=2 busy=0
19:16:35.183     + 210.944s  M114                                     ok             1.9ms rx=2 busy=0
19:16:35.183     + 211.263s  M114                                     ok             1.5ms rx=2 busy=0
19:16:35.183     + 211.586s  M114                                     ok             2.0ms rx=2 busy=0
19:16:35.183     + 211.914s  M114                                     ok             6.3ms rx=2 busy=0
19:16:35.183     + 212.228s  M114                                     ok             1.6ms rx=2 busy=0
19:16:35.183     + 212.545s  M114                                     ok             1.7ms rx=2 busy=0
19:16:35.183     + 212.863s  M114                                     ok             1.2ms rx=2 busy=0
19:16:35.183     + 213.183s  M114                                     ok             1.6ms rx=2 busy=0
19:16:35.183     + 213.503s  M114                                     ok             1.3ms rx=2 busy=0
19:16:35.183     + 213.823s  M114                                     ok             1.6ms rx=2 busy=0
19:16:35.183     + 214.154s  M114                                     ok             8.4ms rx=2 busy=0
19:16:35.183     + 214.488s  M114                                     ok            26.6ms rx=2 busy=0
19:16:35.183     + 214.807s  M114                                     ok             1.5ms rx=2 busy=0
19:16:35.184     + 215.119s  M114                                     ok             1.3ms rx=2 busy=0
19:16:35.184     + 215.439s  M114                                     ok             1.2ms rx=2 busy=0
19:16:35.184     + 215.760s  M114                                     ok             1.3ms rx=2 busy=0
19:16:35.184     + 216.079s  M114                                     ok             1.8ms rx=2 busy=0
19:16:35.184     + 216.399s  M114                                     ok             1.6ms rx=2 busy=0
19:16:35.184     + 216.719s  M114                                     ok             1.3ms rx=2 busy=0
19:16:35.184     + 217.039s  M114                                     ok             1.3ms rx=2 busy=0
19:16:35.184     + 217.362s  M114                                     ok             1.5ms rx=2 busy=0
19:16:35.184     + 217.685s  M114                                     ok             7.4ms rx=2 busy=0
19:16:35.184     + 217.999s  M114                                     ok             1.5ms rx=2 busy=0
19:16:35.184     + 218.319s  M114                                     ok             1.9ms rx=2 busy=0
19:16:35.184     + 218.639s  M114                                     ok             1.5ms rx=2 busy=0
19:16:35.184     + 218.959s  M114                                     ok             1.5ms rx=2 busy=0
19:16:35.185     + 219.279s  M114                                     ok             1.2ms rx=2 busy=0
19:16:35.185     + 219.599s  M114                                     ok             1.3ms rx=2 busy=0
19:16:35.185     + 219.919s  M114                                     ok             1.2ms rx=2 busy=0
19:16:35.185     + 220.243s  M114                                     ok             4.6ms rx=2 busy=0
19:16:35.185     + 220.559s  M114                                     ok             1.4ms rx=2 busy=0
19:16:35.186     + 220.879s  M114                                     ok             1.2ms rx=2 busy=0
19:16:35.186     + 221.205s  M114                                     ok             3.2ms rx=2 busy=0
19:16:35.186     + 221.519s  M114                                     ok             1.3ms rx=2 busy=0
19:16:35.186     + 221.839s  M114                                     ok             1.2ms rx=2 busy=0
19:16:35.186     + 222.162s  M114                                     ok             1.7ms rx=2 busy=0
19:16:35.186     + 222.479s  M114                                     ok             1.2ms rx=2 busy=0
19:16:35.187     + 222.799s  M114                                     ok             1.7ms rx=2 busy=0
19:16:35.187     + 223.119s  M114                                     ok             1.3ms rx=2 busy=0
19:16:35.187     + 223.438s  M114                                     ok             1.2ms rx=2 busy=0
19:16:35.187     + 223.771s  M114                                     ok            13.9ms rx=2 busy=0
19:16:35.187     + 224.079s  M114                                     ok             1.4ms rx=2 busy=0
19:16:35.187     + 224.399s  M114                                     ok             1.2ms rx=2 busy=0
19:16:35.187     + 224.726s  M114                                     ok             8.3ms rx=2 busy=0
19:16:35.187     + 225.044s  M114                                     ok             2.8ms rx=2 busy=0
19:16:35.187     + 225.360s  M114                                     ok             1.2ms rx=2 busy=0
19:16:35.187     + 225.679s  M114                                     ok             1.6ms rx=2 busy=0
19:16:35.187     + 225.999s  M114                                     ok             1.2ms rx=2 busy=0
19:16:35.187     + 226.319s  M114                                     ok             1.3ms rx=2 busy=0
19:16:35.187     + 226.639s  M114                                     ok             1.2ms rx=2 busy=0
19:16:35.187     + 226.959s  M114                                     ok             1.2ms rx=2 busy=0
19:16:35.187     + 227.279s  M114                                     ok             1.3ms rx=2 busy=0
19:16:35.187     + 227.599s  M114                                     ok             1.2ms rx=2 busy=0
19:16:35.187     + 227.937s  M114                                     ok            19.3ms rx=2 busy=0
19:16:35.187     + 228.255s  M114                                     ok             1.5ms rx=2 busy=0
19:16:35.187     + 228.575s  M114                                     ok             1.6ms rx=2 busy=0
19:16:35.187     + 228.895s  M114                                     ok             1.5ms rx=2 busy=0
19:16:35.187     + 229.215s  M114                                     ok             1.5ms rx=2 busy=0
19:16:35.187     + 229.535s  M114                                     ok             1.5ms rx=2 busy=0
19:16:35.187     + 229.855s  M114                                     ok             1.6ms rx=2 busy=0
19:16:35.187     + 230.175s  M114                                     ok             1.6ms rx=2 busy=0
19:16:35.187     + 230.496s  M114                                     ok             2.4ms rx=2 busy=0
19:16:35.187     + 230.825s  M114                                     ok            11.6ms rx=2 busy=0
19:16:35.187     + 231.138s  M114                                     ok             3.4ms rx=2 busy=0
19:16:35.188     + 231.464s  M114                                     ok             2.4ms rx=2 busy=0
19:16:35.188     + 231.779s  M114                                     ok             1.2ms rx=2 busy=0
19:16:35.188     + 232.095s  M114                                     ok             1.5ms rx=2 busy=0
19:16:35.190     + 232.415s  M114                                     ok             1.6ms rx=2 busy=0
19:16:35.190     + 232.735s  M114                                     ok             1.5ms rx=2 busy=0
19:16:35.190     + 233.055s  M114                                     ok             1.5ms rx=2 busy=0
19:16:35.190     + 233.375s  M114                                     ok             1.5ms rx=2 busy=0
19:16:35.190     + 233.697s  M114                                     ok             1.5ms rx=2 busy=0
19:16:35.190     + 234.015s  M114                                     ok             1.7ms rx=2 busy=0
19:16:35.190     + 234.335s  M114                                     ok             1.5ms rx=2 busy=0
19:16:35.190     + 234.656s  M114                                     ok             2.3ms rx=2 busy=0
19:16:35.190     + 234.975s  M114                                     ok             1.7ms rx=2 busy=0
19:16:35.190     + 235.300s  M114                                     ok             6.0ms rx=2 busy=0
19:16:35.190     + 235.616s  M114                                     ok             1.6ms rx=2 busy=0
19:16:35.190     + 235.936s  M114                                     ok             1.4ms rx=2 busy=0
19:16:35.190     + 236.256s  M114                                     ok             2.0ms rx=2 busy=0
19:16:35.190     + 236.575s  M114                                     ok             1.5ms rx=2 busy=0
19:16:35.190     + 236.895s  M114                                     ok             1.7ms rx=2 busy=0
19:16:35.190     + 237.228s  M114                                     ok            14.3ms rx=2 busy=0
19:16:35.191     + 237.535s  M114                                     ok             1.5ms rx=2 busy=0
19:16:35.191     + 237.855s  M114                                     ok             1.5ms rx=2 busy=0
19:16:35.191     + 238.175s  M114                                     ok             1.5ms rx=2 busy=0
19:16:35.191     + 238.496s  M114                                     ok             2.1ms rx=2 busy=0
19:16:35.192     + 238.815s  M114                                     ok             1.5ms rx=2 busy=0
19:16:35.192     + 239.140s  M114                                     ok             3.1ms rx=2 busy=0
19:16:35.192     + 239.459s  M114                                     ok             1.2ms rx=2 busy=0
19:16:35.192     + 239.775s  M114                                     ok             1.5ms rx=2 busy=0
19:16:35.192     + 240.095s  M114                                     ok             1.6ms rx=2 busy=0
19:16:35.192     + 240.415s  M114                                     ok             1.5ms rx=2 busy=0
19:16:35.192     + 240.735s  M114                                     ok             1.7ms rx=2 busy=0
19:16:35.192     + 241.055s  M114                                     ok             1.8ms rx=2 busy=0
19:16:35.192     + 241.393s  M114                                     ok            19.4ms rx=2 busy=0
19:16:35.192     + 241.711s  M114                                     ok             1.2ms rx=2 busy=0
19:16:35.192     + 242.031s  M114                                     ok             1.3ms rx=2 busy=0
19:16:35.192     + 242.351s  M114                                     ok             1.4ms rx=2 busy=0
19:16:35.192     + 242.671s  M114                                     ok             1.5ms rx=2 busy=0
19:16:35.192     + 242.991s  M114                                     ok             1.5ms rx=2 busy=0
19:16:35.192     + 243.315s  M114                                     ok             4.9ms rx=2 busy=0
19:16:35.192     + 243.639s  M114                                     ok             5.6ms rx=2 busy=0
19:16:35.192     + 243.952s  M114                                     ok             1.2ms rx=2 busy=0
19:16:35.192     + 244.271s  M114                                     ok             1.2ms rx=2 busy=0
19:16:35.192     + 244.592s  M114                                     ok             1.9ms rx=2 busy=0
19:16:35.192     + 244.911s  M114                                     ok             1.2ms rx=2 busy=0
19:16:35.192     + 245.231s  M114                                     ok             1.2ms rx=2 busy=0
19:16:35.192     + 245.552s  M114                                     ok             2.1ms rx=2 busy=0
19:16:35.192     + 245.871s  M114                                     ok             1.2ms rx=2 busy=0
19:16:35.192     + 246.191s  M114                                     ok             1.7ms rx=2 busy=0
19:16:35.192     + 246.511s  M114                                     ok             1.2ms rx=2 busy=0
19:16:35.192     + 246.833s  M114                                     ok             3.2ms rx=2 busy=0
19:16:35.192     + 247.151s  M114                                     ok             1.6ms rx=2 busy=0
19:16:35.192     + 247.477s  M114                                     ok             1.5ms rx=2 busy=0
19:16:35.194     + 247.791s  M114                                     ok             1.2ms rx=2 busy=0
19:16:35.194     + 248.111s  M114                                     ok             1.2ms rx=2 busy=0
19:16:35.194     + 248.431s  M114                                     ok             1.2ms rx=2 busy=0
19:16:35.194     + 248.752s  M114                                     ok             1.2ms rx=2 busy=0
19:16:35.194     + 249.071s  M114                                     ok             1.3ms rx=2 busy=0
19:16:35.195     + 249.391s  M114                                     ok             1.2ms rx=2 busy=0
19:16:35.195     + 249.711s  M114                                     ok             1.2ms rx=2 busy=0
19:16:35.195     + 250.031s  M114                                     ok             1.2ms rx=2 busy=0
19:16:35.195     + 250.353s  M114                                     ok             3.5ms rx=2 busy=0
19:16:35.195     + 250.683s  M114                                     ok            13.8ms rx=2 busy=0
19:16:35.195     + 250.997s  M114                                     ok             1.5ms rx=2 busy=0
19:16:35.195     + 251.313s  M114                                     ok             1.3ms rx=2 busy=0
19:16:35.195     + 251.631s  M114                                     ok             1.3ms rx=2 busy=0
19:16:35.195     + 251.951s  M114                                     ok             1.2ms rx=2 busy=0
19:16:35.195     + 252.271s  M114                                     ok             1.2ms rx=2 busy=0
19:16:35.195     + 252.591s  M114                                     ok             1.2ms rx=2 busy=0
19:16:35.195     + 252.911s  M114                                     ok             1.2ms rx=2 busy=0
19:16:35.195     + 253.231s  M114                                     ok             1.6ms rx=2 busy=0
19:16:35.195     + 253.551s  M114                                     ok             1.2ms rx=2 busy=0
19:16:35.195     + 253.871s  M114                                     ok             1.2ms rx=2 busy=0
19:16:35.195     + 254.193s  M114                                     ok             2.8ms rx=2 busy=0
19:16:35.195     + 254.518s  M114                                     ok             1.2ms rx=2 busy=0
19:16:35.195     + 254.849s  M114                                     ok            19.3ms rx=2 busy=0
19:16:35.195     + 255.167s  M114                                     ok             1.8ms rx=2 busy=0
19:16:35.195     + 255.487s  M114                                     ok             1.6ms rx=2 busy=0
19:16:35.195     + 255.809s  M114                                     ok             3.5ms rx=2 busy=0
19:16:35.195     + 256.128s  M114                                     ok             2.1ms rx=2 busy=0
19:16:35.196     + 256.447s  M114                                     ok             1.5ms rx=2 busy=0
19:16:35.196     + 256.773s  M114                                     ok             6.7ms rx=2 busy=0
19:16:35.196     + 257.093s  M114                                     ok             5.0ms rx=2 busy=0
19:16:35.196     + 257.411s  M114                                     ok             1.3ms rx=2 busy=0
19:16:35.196     + 257.731s  M114                                     ok             1.3ms rx=2 busy=0
19:16:35.196     + 258.055s  M114                                     ok             9.4ms rx=2 busy=0
19:16:35.196     + 258.367s  M114                                     ok             1.8ms rx=2 busy=0
19:16:35.196     + 258.687s  M114                                     ok             1.5ms rx=2 busy=0
19:16:35.196     + 259.007s  M114                                     ok             1.6ms rx=2 busy=0
19:16:35.197     + 259.327s  M114                                     ok             1.6ms rx=2 busy=0
19:16:35.197     + 259.647s  M114                                     ok             1.6ms rx=2 busy=0
19:16:35.198     + 259.967s  M114                                     ok             1.5ms rx=2 busy=0
19:16:35.198     + 260.287s  M114                                     ok             1.8ms rx=2 busy=0
19:16:35.198     + 260.607s  M114                                     ok             1.8ms rx=2 busy=0
19:16:35.198     + 260.937s  M114                                     ok            10.3ms rx=2 busy=0
19:16:35.198     + 261.250s  M114                                     ok             1.4ms rx=2 busy=0
19:16:35.198     + 261.567s  M114                                     ok             1.5ms rx=2 busy=0
19:16:35.198     + 261.888s  M114                                     ok             1.6ms rx=2 busy=0
19:16:35.198     + 262.031s  M114                                     ok             1.2ms rx=2 busy=0
19:16:35.198     + 262.207s  M114                                     ok             1.5ms rx=2 busy=0
19:16:35.198     + 262.527s  M114                                     ok             1.8ms rx=2 busy=0
19:16:35.198     + 262.847s  M114                                     ok             1.6ms rx=2 busy=0
19:16:35.198     + 263.167s  M114                                     ok             1.6ms rx=2 busy=0
19:16:35.198     + 263.487s  M114                                     ok             1.5ms rx=2 busy=0
19:16:35.198     + 263.807s  M114                                     ok             1.5ms rx=2 busy=0
19:16:35.198     + 264.152s  M114                                     ok            22.8ms rx=2 busy=0
19:16:35.198     + 264.463s  M114                                     ok             1.4ms rx=2 busy=0
19:16:35.198     + 264.783s  M114                                     ok             2.0ms rx=2 busy=0
19:16:35.198     + 265.103s  M114                                     ok             1.2ms rx=2 busy=0
19:16:35.198     + 265.423s  M114                                     ok             1.2ms rx=2 busy=0
19:16:35.198     + 265.743s  M114                                     ok             1.3ms rx=2 busy=0
19:16:35.198     + 266.063s  M114                                     ok             1.2ms rx=2 busy=0
19:16:35.198     + 266.383s  M114                                     ok             1.5ms rx=2 busy=0
19:16:35.198     + 266.710s  M114                                     ok             2.6ms rx=2 busy=0
19:16:35.198     + 267.030s  M114                                     ok             5.8ms rx=2 busy=0
19:16:35.198     + 267.343s  M114                                     ok             1.2ms rx=2 busy=0
19:16:35.199     + 267.664s  M114                                     ok             2.6ms rx=2 busy=0
19:16:35.199     + 267.986s  M114                                     ok             1.9ms rx=2 busy=0
19:16:35.199     + 268.304s  M114                                     ok             2.8ms rx=2 busy=0
19:16:35.199     + 268.623s  M114                                     ok             1.2ms rx=2 busy=0
19:16:35.199     + 268.943s  M114                                     ok             1.4ms rx=2 busy=0
19:16:35.199     + 269.263s  M114                                     ok             1.3ms rx=2 busy=0
19:16:35.199     + 269.583s  M114                                     ok             1.2ms rx=2 busy=0
19:16:35.199     + 269.913s  M114                                     ok            11.3ms rx=2 busy=0
19:16:35.199     + 270.227s  M114                                     ok             3.9ms rx=2 busy=0
19:16:35.199     + 270.544s  M114                                     ok             1.9ms rx=2 busy=0
19:16:35.199     + 270.863s  M114                                     ok             1.2ms rx=2 busy=0
19:16:35.199     + 271.190s  M114                                     ok             8.1ms rx=2 busy=0
19:16:35.199     + 271.506s  M114                                     ok             1.5ms rx=2 busy=0
19:16:35.199     + 271.823s  M114                                     ok             1.2ms rx=2 busy=0
19:16:35.199     + 272.143s  M114                                     ok             1.2ms rx=2 busy=0
19:16:35.199     + 272.463s  M114                                     ok             2.1ms rx=2 busy=0
19:16:35.200     + 272.783s  M114                                     ok             1.3ms rx=2 busy=0
19:16:35.201     + 273.103s  M114                                     ok             1.2ms rx=2 busy=0
19:16:35.201     + 273.424s  M114                                     ok             2.1ms rx=2 busy=0
19:16:35.201     + 273.750s  M114                                     ok             2.6ms rx=2 busy=0
19:16:35.201     + 274.065s  M114                                     ok             2.8ms rx=2 busy=0
19:16:35.201     + 274.392s  M114                                     ok            10.7ms rx=2 busy=0
19:16:35.201     + 274.708s  M114                                     ok             1.2ms rx=2 busy=0
19:16:35.201     + 275.023s  M114                                     ok             1.3ms rx=2 busy=0
19:16:35.201     + 275.349s  M114                                     ok             4.0ms rx=2 busy=0
19:16:35.201     + 275.666s  M114                                     ok             1.3ms rx=2 busy=0
19:16:35.201     + 275.983s  M114                                     ok             1.8ms rx=2 busy=0
19:16:35.201     + 276.303s  M114                                     ok             1.3ms rx=2 busy=0
19:16:35.201     + 276.623s  M114                                     ok             1.2ms rx=2 busy=0
19:16:35.201     + 276.949s  M114                                     ok             4.2ms rx=2 busy=0
19:16:35.202     + 277.263s  M114                                     ok             1.3ms rx=2 busy=0
19:16:35.202     + 277.614s  M114                                     ok            29.5ms rx=2 busy=0
19:16:35.202     + 277.935s  M114                                     ok             2.0ms rx=2 busy=0
19:16:35.202     + 278.255s  M114                                     ok             1.5ms rx=2 busy=0
19:16:35.202     + 278.576s  M114                                     ok             1.8ms rx=2 busy=0
19:16:35.202     + 278.906s  M114                                     ok            10.3ms rx=2 busy=0
19:16:35.202     + 279.219s  M114                                     ok             3.7ms rx=2 busy=0
19:16:35.202     + 279.535s  M114                                     ok             1.5ms rx=2 busy=0
19:16:35.202     + 279.863s  M114                                     ok             6.3ms rx=2 busy=0
19:16:35.202     + 280.177s  M114                                     ok             1.5ms rx=2 busy=0
19:16:35.202     + 280.495s  M114                                     ok             1.6ms rx=2 busy=0
19:16:35.202     + 280.815s  M114                                     ok             1.6ms rx=2 busy=0
19:16:35.202     + 281.135s  M114                                     ok             1.6ms rx=2 busy=0
19:16:35.202     + 281.455s  M114                                     ok             1.5ms rx=2 busy=0
19:16:35.202     + 281.775s  M114                                     ok             1.5ms rx=2 busy=0
19:16:35.202     + 282.095s  M114                                     ok             1.6ms rx=2 busy=0
19:16:35.202     + 282.415s  M114                                     ok             2.0ms rx=2 busy=0
19:16:35.202     + 282.737s  M114                                     ok             3.9ms rx=2 busy=0
19:16:35.202     + 283.055s  M114                                     ok             1.5ms rx=2 busy=0
19:16:35.202     + 283.376s  M114                                     ok             2.2ms rx=2 busy=0
19:16:35.202     + 283.699s  M114                                     ok             2.2ms rx=2 busy=0
19:16:35.202     + 284.015s  M114                                     ok             1.7ms rx=2 busy=0
19:16:35.202     + 284.335s  M114                                     ok             1.5ms rx=2 busy=0
19:16:35.202     + 284.655s  M114                                     ok             1.6ms rx=2 busy=0
19:16:35.202     + 284.976s  M114                                     ok             1.3ms rx=2 busy=0
19:16:35.202     + 285.295s  M114                                     ok             1.5ms rx=2 busy=0
19:16:35.202     + 285.615s  M114                                     ok             1.5ms rx=2 busy=0
19:16:35.202     + 285.935s  M114                                     ok             1.5ms rx=2 busy=0
19:16:35.202     + 286.265s  M114                                     ok            11.5ms rx=2 busy=0
19:16:35.202     + 286.584s  M114                                     ok             8.0ms rx=2 busy=0
19:16:35.202     + 286.916s  M114                                     ok            18.3ms rx=2 busy=0
19:16:35.202     + 287.231s  M114                                     ok             1.2ms rx=2 busy=0
19:16:35.202     + 287.551s  M114                                     ok             1.2ms rx=2 busy=0
19:16:35.202     + 287.871s  M114                                     ok             1.5ms rx=2 busy=0
19:16:35.202     + 288.191s  M114                                     ok             1.2ms rx=2 busy=0
19:16:35.202     + 288.518s  M114                                     ok             7.7ms rx=2 busy=0
19:16:35.202     + 288.841s  M114                                     ok            10.6ms rx=2 busy=0
19:16:35.202     + 289.155s  M114                                     ok             1.6ms rx=2 busy=0
19:16:35.202     + 289.476s  M114                                     ok             4.9ms rx=2 busy=0
19:16:35.202     + 289.792s  M114                                     ok             1.3ms rx=2 busy=0
19:16:35.202     + 289.887s  M114                                     ok             1.5ms rx=2 busy=0
19:16:35.202     + 289.892s  M114                                     ok             1.6ms rx=2 busy=0
19:16:35.202     + 289.892s  G90                                      ok             0.5ms rx=1 busy=0
19:16:35.202     + 289.893s  G0 Z-117.5600 F201                       ok             0.8ms rx=1 busy=0
19:16:35.203     + 289.893s  G91                                      ok             0.2ms rx=1 busy=0
19:16:35.203     + 291.564s  M400                                     ok          1670.2ms rx=1 busy=0
19:16:35.203 ---- end recent ----
19:16:44.795 STATS txns=1000 ok=1000 fail=0 reset=0 avg=4.6ms max=1670.2ms
19:18:05.499 STATS txns=1250 ok=1250 fail=0 reset=0 avg=4.4ms max=1670.2ms
19:19:26.171 STATS txns=1500 ok=1500 fail=0 reset=0 avg=4.3ms max=1670.2ms
19:20:46.938 STATS txns=1750 ok=1750 fail=0 reset=0 avg=4.2ms max=1670.2ms
19:22:07.804 STATS txns=2000 ok=2000 fail=0 reset=0 avg=4.2ms max=1670.2ms
19:23:28.616 STATS txns=2250 ok=2250 fail=0 reset=0 avg=4.1ms max=1670.2ms
19:24:49.365 STATS txns=2500 ok=2500 fail=0 reset=0 avg=4.1ms max=1670.2ms
19:26:09.971 STATS txns=2750 ok=2750 fail=0 reset=0 avg=4.0ms max=1670.2ms
19:27:30.505 STATS txns=3000 ok=3000 fail=0 reset=0 avg=4.0ms max=1670.2ms
19:28:51.084 STATS txns=3250 ok=3250 fail=0 reset=0 avg=4.0ms max=1670.2ms
19:30:12.046 STATS txns=3500 ok=3500 fail=0 reset=0 avg=4.0ms max=1670.2ms
19:31:32.604 STATS txns=3750 ok=3750 fail=0 reset=0 avg=3.9ms max=1670.2ms
19:32:53.331 STATS txns=4000 ok=4000 fail=0 reset=0 avg=3.9ms max=1670.2ms
19:34:14.196 STATS txns=4250 ok=4250 fail=0 reset=0 avg=3.9ms max=1670.2ms
19:35:34.910 STATS txns=4500 ok=4500 fail=0 reset=0 avg=3.9ms max=1670.2ms
19:36:55.724 STATS txns=4750 ok=4750 fail=0 reset=0 avg=3.9ms max=1670.2ms
19:38:16.253 STATS txns=5000 ok=5000 fail=0 reset=0 avg=3.8ms max=1670.2ms
19:39:36.857 STATS txns=5250 ok=5250 fail=0 reset=0 avg=3.8ms max=1670.2ms
19:40:58.369 STATS txns=5500 ok=5500 fail=0 reset=0 avg=3.9ms max=1670.2ms
19:42:19.472 STATS txns=5750 ok=5750 fail=0 reset=0 avg=3.9ms max=1670.2ms
19:43:40.630 STATS txns=6000 ok=6000 fail=0 reset=0 avg=4.0ms max=1670.2ms
19:45:00.958 STATS txns=6250 ok=6250 fail=0 reset=0 avg=4.0ms max=1670.2ms
19:46:25.734 STATS txns=6500 ok=6500 fail=0 reset=0 avg=3.9ms max=1670.2ms
19:47:47.090 STATS txns=6750 ok=6750 fail=0 reset=0 avg=3.9ms max=1670.2ms
19:49:05.924 STATS txns=7000 ok=7000 fail=0 reset=0 avg=3.9ms max=1670.2ms
19:50:26.184 STATS txns=7250 ok=7250 fail=0 reset=0 avg=3.8ms max=1670.2ms
19:51:46.507 STATS txns=7500 ok=7500 fail=0 reset=0 avg=3.8ms max=1670.2ms
19:53:06.776 STATS txns=7750 ok=7750 fail=0 reset=0 avg=3.8ms max=1670.2ms
19:54:27.128 STATS txns=8000 ok=8000 fail=0 reset=0 avg=3.8ms max=1670.2ms
19:55:47.544 STATS txns=8250 ok=8250 fail=0 reset=0 avg=3.8ms max=1670.2ms
19:57:07.986 STATS txns=8500 ok=8500 fail=0 reset=0 avg=3.8ms max=1670.2ms
19:58:28.401 STATS txns=8750 ok=8750 fail=0 reset=0 avg=3.8ms max=1670.2ms
19:59:48.792 STATS txns=9000 ok=9000 fail=0 reset=0 avg=3.7ms max=1670.2ms
20:01:09.225 STATS txns=9250 ok=9250 fail=0 reset=0 avg=3.8ms max=1670.2ms
20:02:29.609 STATS txns=9500 ok=9500 fail=0 reset=0 avg=3.7ms max=1670.2ms
20:03:50.053 STATS txns=9750 ok=9750 fail=0 reset=0 avg=3.7ms max=1670.2ms
20:05:10.585 STATS txns=10000 ok=10000 fail=0 reset=0 avg=3.7ms max=1670.2ms
20:06:27.673 STATS txns=10250 ok=10250 fail=0 reset=0 avg=3.7ms max=1670.2ms
20:07:48.249 STATS txns=10500 ok=10500 fail=0 reset=0 avg=3.7ms max=1670.2ms
09:59:35.762 === ZP serial trace opened (mode=summary, pid=12100) at 2026-07-31T09:59:35 ===
09:59:35.763 STATS txns=250 ok=250 fail=0 reset=0 avg=2.2ms max=25.9ms
10:00:50.098 STATS txns=500 ok=500 fail=0 reset=0 avg=2.3ms max=25.9ms
10:02:08.275 STATS txns=750 ok=750 fail=0 reset=0 avg=2.2ms max=25.9ms
10:03:23.571 STATS txns=1000 ok=1000 fail=0 reset=0 avg=2.2ms max=26.5ms
10:04:40.147 STATS txns=1250 ok=1250 fail=0 reset=0 avg=2.2ms max=26.5ms
10:05:58.978 STATS txns=1500 ok=1500 fail=0 reset=0 avg=2.2ms max=26.5ms
10:07:13.331 STATS txns=1750 ok=1750 fail=0 reset=0 avg=2.2ms max=26.5ms
10:08:33.427 STATS txns=2000 ok=2000 fail=0 reset=0 avg=2.2ms max=26.5ms
10:09:53.523 STATS txns=2250 ok=2250 fail=0 reset=0 avg=2.2ms max=26.5ms
10:11:13.619 STATS txns=2500 ok=2500 fail=0 reset=0 avg=2.2ms max=29.4ms
10:12:33.716 STATS txns=2750 ok=2750 fail=0 reset=0 avg=2.2ms max=29.4ms
10:13:53.812 STATS txns=3000 ok=3000 fail=0 reset=0 avg=2.2ms max=29.4ms
10:14:24.883 ANOMALY M114                                     write_error     1.3ms rx=0 busy=0 Attempting to use a port that is not open
10:14:24.883 ---- recent ZP transactions (anomaly: M114 -> write_error) [300] ----
10:14:24.883     + 866.504s  M114                                     ok             1.9ms rx=2 busy=0
10:14:24.883     + 866.823s  M114                                     ok             1.5ms rx=2 busy=0
10:14:24.883     + 867.143s  M114                                     ok             1.6ms rx=2 busy=0
10:14:24.883     + 867.464s  M114                                     ok             1.6ms rx=2 busy=0
10:14:24.883     + 867.784s  M114                                     ok             1.8ms rx=2 busy=0
10:14:24.883     + 868.103s  M114                                     ok             1.6ms rx=2 busy=0
10:14:24.883     + 868.426s  M114                                     ok             4.0ms rx=2 busy=0
10:14:24.883     + 868.744s  M114                                     ok             1.9ms rx=2 busy=0
10:14:24.883     + 869.064s  M114                                     ok             1.8ms rx=2 busy=0
10:14:24.883     + 869.384s  M114                                     ok             1.9ms rx=2 busy=0
10:14:24.883     + 869.703s  M114                                     ok             1.7ms rx=2 busy=0
10:14:24.883     + 870.023s  M114                                     ok             1.7ms rx=2 busy=0
10:14:24.883     + 870.343s  M114                                     ok             1.6ms rx=2 busy=0
10:14:24.883     + 870.664s  M114                                     ok             1.9ms rx=2 busy=0
10:14:24.883     + 870.983s  M114                                     ok             1.8ms rx=2 busy=0
10:14:24.883     + 871.303s  M114                                     ok             1.6ms rx=2 busy=0
10:14:24.883     + 871.623s  M114                                     ok             1.7ms rx=2 busy=0
10:14:24.883     + 871.960s  M114                                     ok            18.3ms rx=2 busy=0
10:14:24.883     + 872.279s  M114                                     ok             1.5ms rx=2 busy=0
10:14:24.883     + 872.599s  M114                                     ok             1.5ms rx=2 busy=0
10:14:24.883     + 872.919s  M114                                     ok             1.4ms rx=2 busy=0
10:14:24.883     + 873.239s  M114                                     ok             1.5ms rx=2 busy=0
10:14:24.883     + 873.559s  M114                                     ok             1.5ms rx=2 busy=0
10:14:24.883     + 873.879s  M114                                     ok             1.4ms rx=2 busy=0
10:14:24.883     + 874.199s  M114                                     ok             1.6ms rx=2 busy=0
10:14:24.883     + 874.520s  M114                                     ok             1.4ms rx=2 busy=0
10:14:24.883     + 874.839s  M114                                     ok             1.4ms rx=2 busy=0
10:14:24.883     + 875.159s  M114                                     ok             1.5ms rx=2 busy=0
10:14:24.883     + 875.480s  M114                                     ok             1.8ms rx=2 busy=0
10:14:24.883     + 875.799s  M114                                     ok             1.6ms rx=2 busy=0
10:14:24.883     + 876.125s  M114                                     ok             7.1ms rx=2 busy=0
10:14:24.883     + 876.439s  M114                                     ok             1.4ms rx=2 busy=0
10:14:24.883     + 876.759s  M114                                     ok             1.7ms rx=2 busy=0
10:14:24.883     + 877.079s  M114                                     ok             1.5ms rx=2 busy=0
10:14:24.883     + 877.399s  M114                                     ok             1.6ms rx=2 busy=0
10:14:24.883     + 877.720s  M114                                     ok             1.5ms rx=2 busy=0
10:14:24.883     + 878.039s  M114                                     ok             1.5ms rx=2 busy=0
10:14:24.883     + 878.360s  M114                                     ok             1.5ms rx=2 busy=0
10:14:24.883     + 878.680s  M114                                     ok             1.6ms rx=2 busy=0
10:14:24.883     + 878.999s  M114                                     ok             1.2ms rx=2 busy=0
10:14:24.883     + 879.319s  M114                                     ok             1.4ms rx=2 busy=0
10:14:24.884     + 879.640s  M114                                     ok             1.4ms rx=2 busy=0
10:14:24.884     + 879.960s  M114                                     ok             1.5ms rx=2 busy=0
10:14:24.884     + 880.279s  M114                                     ok             1.4ms rx=2 busy=0
10:14:24.884     + 880.600s  M114                                     ok             1.4ms rx=2 busy=0
10:14:24.884     + 880.920s  M114                                     ok             1.7ms rx=2 busy=0
10:14:24.884     + 881.240s  M114                                     ok             1.4ms rx=2 busy=0
10:14:24.884     + 881.560s  M114                                     ok             1.4ms rx=2 busy=0
10:14:24.884     + 881.879s  M114                                     ok             1.4ms rx=2 busy=0
10:14:24.884     + 882.200s  M114                                     ok             1.5ms rx=2 busy=0
10:14:24.884     + 882.520s  M114                                     ok             1.5ms rx=2 busy=0
10:14:24.884     + 882.840s  M114                                     ok             1.4ms rx=2 busy=0
10:14:24.884     + 883.160s  M114                                     ok             1.6ms rx=2 busy=0
10:14:24.884     + 883.480s  M114                                     ok             1.5ms rx=2 busy=0
10:14:24.884     + 883.800s  M114                                     ok             1.5ms rx=2 busy=0
10:14:24.885     + 884.119s  M114                                     ok             1.4ms rx=2 busy=0
10:14:24.885     + 884.440s  M114                                     ok             1.5ms rx=2 busy=0
10:14:24.885     + 884.760s  M114                                     ok             1.7ms rx=2 busy=0
10:14:24.885     + 885.080s  M114                                     ok             1.6ms rx=2 busy=0
10:14:24.885     + 885.416s  M114                                     ok            17.5ms rx=2 busy=0
10:14:24.885     + 885.735s  M114                                     ok             1.3ms rx=2 busy=0
10:14:24.885     + 886.055s  M114                                     ok             1.4ms rx=2 busy=0
10:14:24.885     + 886.376s  M114                                     ok             1.5ms rx=2 busy=0
10:14:24.885     + 886.696s  M114                                     ok             1.5ms rx=2 busy=0
10:14:24.886     + 887.016s  M114                                     ok             1.6ms rx=2 busy=0
10:14:24.886     + 887.336s  M114                                     ok             1.6ms rx=2 busy=0
10:14:24.886     + 887.656s  M114                                     ok             1.5ms rx=2 busy=0
10:14:24.886     + 887.975s  M114                                     ok             1.4ms rx=2 busy=0
10:14:24.886     + 888.296s  M114                                     ok             1.5ms rx=2 busy=0
10:14:24.886     + 888.616s  M114                                     ok             1.5ms rx=2 busy=0
10:14:24.886     + 888.935s  M114                                     ok             1.3ms rx=2 busy=0
10:14:24.886     + 889.256s  M114                                     ok             1.6ms rx=2 busy=0
10:14:24.886     + 889.581s  M114                                     ok             6.2ms rx=2 busy=0
10:14:24.886     + 889.896s  M114                                     ok             1.4ms rx=2 busy=0
10:14:24.886     + 890.216s  M114                                     ok             1.5ms rx=2 busy=0
10:14:24.886     + 890.535s  M114                                     ok             1.3ms rx=2 busy=0
10:14:24.886     + 890.856s  M114                                     ok             1.2ms rx=2 busy=0
10:14:24.886     + 891.176s  M114                                     ok             1.4ms rx=2 busy=0
10:14:24.886     + 891.496s  M114                                     ok             1.5ms rx=2 busy=0
10:14:24.886     + 891.816s  M114                                     ok             1.5ms rx=2 busy=0
10:14:24.886     + 892.136s  M114                                     ok             1.5ms rx=2 busy=0
10:14:24.886     + 892.456s  M114                                     ok             1.6ms rx=2 busy=0
10:14:24.886     + 892.776s  M114                                     ok             1.5ms rx=2 busy=0
10:14:24.886     + 893.096s  M114                                     ok             1.5ms rx=2 busy=0
10:14:24.886     + 893.416s  M114                                     ok             1.6ms rx=2 busy=0
10:14:24.886     + 893.736s  M114                                     ok             1.6ms rx=2 busy=0
10:14:24.886     + 894.056s  M114                                     ok             1.6ms rx=2 busy=0
10:14:24.886     + 894.375s  M114                                     ok             1.1ms rx=2 busy=0
10:14:24.886     + 894.696s  M114                                     ok             1.5ms rx=2 busy=0
10:14:24.886     + 895.016s  M114                                     ok             1.5ms rx=2 busy=0
10:14:24.886     + 895.336s  M114                                     ok             1.5ms rx=2 busy=0
10:14:24.886     + 895.656s  M114                                     ok             1.4ms rx=2 busy=0
10:14:24.886     + 895.976s  M114                                     ok             1.5ms rx=2 busy=0
10:14:24.886     + 896.296s  M114                                     ok             1.6ms rx=2 busy=0
10:14:24.886     + 896.616s  M114                                     ok             1.4ms rx=2 busy=0
10:14:24.886     + 896.937s  M114                                     ok             1.6ms rx=2 busy=0
10:14:24.886     + 897.256s  M114                                     ok             1.5ms rx=2 busy=0
10:14:24.886     + 897.576s  M114                                     ok             1.4ms rx=2 busy=0
10:14:24.886     + 897.897s  M114                                     ok             1.2ms rx=2 busy=0
10:14:24.886     + 898.216s  M114                                     ok             1.6ms rx=2 busy=0
10:14:24.886     + 898.537s  M114                                     ok             1.3ms rx=2 busy=0
10:14:24.886     + 898.872s  M114                                     ok            17.7ms rx=2 busy=0
10:14:24.886     + 899.192s  M114                                     ok             1.8ms rx=2 busy=0
10:14:24.886     + 899.512s  M114                                     ok             1.8ms rx=2 busy=0
10:14:24.886     + 899.832s  M114                                     ok             1.8ms rx=2 busy=0
10:14:24.886     + 900.152s  M114                                     ok             1.6ms rx=2 busy=0
10:14:24.886     + 900.472s  M114                                     ok             1.8ms rx=2 busy=0
10:14:24.886     + 900.793s  M114                                     ok             1.8ms rx=2 busy=0
10:14:24.886     + 901.112s  M114                                     ok             1.5ms rx=2 busy=0
10:14:24.886     + 901.436s  M114                                     ok             1.6ms rx=2 busy=0
10:14:24.886     + 901.752s  M114                                     ok             1.9ms rx=2 busy=0
10:14:24.886     + 902.072s  M114                                     ok             1.5ms rx=2 busy=0
10:14:24.886     + 902.392s  M114                                     ok             1.7ms rx=2 busy=0
10:14:24.887     + 902.712s  M114                                     ok             1.8ms rx=2 busy=0
10:14:24.887     + 903.037s  M114                                     ok             6.1ms rx=2 busy=0
10:14:24.887     + 903.352s  M114                                     ok             1.7ms rx=2 busy=0
10:14:24.887     + 903.672s  M114                                     ok             2.0ms rx=2 busy=0
10:14:24.887     + 903.992s  M114                                     ok             1.7ms rx=2 busy=0
10:14:24.887     + 904.312s  M114                                     ok             1.8ms rx=2 busy=0
10:14:24.887     + 904.632s  M114                                     ok             1.7ms rx=2 busy=0
10:14:24.887     + 904.952s  M114                                     ok             1.6ms rx=2 busy=0
10:14:24.887     + 905.272s  M114                                     ok             1.6ms rx=2 busy=0
10:14:24.887     + 905.592s  M114                                     ok             1.8ms rx=2 busy=0
10:14:24.887     + 905.912s  M114                                     ok             1.5ms rx=2 busy=0
10:14:24.887     + 906.232s  M114                                     ok             1.9ms rx=2 busy=0
10:14:24.887     + 906.552s  M114                                     ok             1.8ms rx=2 busy=0
10:14:24.887     + 906.873s  M114                                     ok             1.9ms rx=2 busy=0
10:14:24.887     + 907.192s  M114                                     ok             1.4ms rx=2 busy=0
10:14:24.887     + 907.512s  M114                                     ok             1.4ms rx=2 busy=0
10:14:24.887     + 907.832s  M114                                     ok             1.5ms rx=2 busy=0
10:14:24.887     + 908.152s  M114                                     ok             2.0ms rx=2 busy=0
10:14:24.887     + 908.471s  M114                                     ok             1.5ms rx=2 busy=0
10:14:24.887     + 908.792s  M114                                     ok             1.7ms rx=2 busy=0
10:14:24.887     + 909.111s  M114                                     ok             1.7ms rx=2 busy=0
10:14:24.887     + 909.433s  M114                                     ok             1.4ms rx=2 busy=0
10:14:24.887     + 909.751s  M114                                     ok             1.6ms rx=2 busy=0
10:14:24.887     + 910.072s  M114                                     ok             1.8ms rx=2 busy=0
10:14:24.887     + 910.392s  M114                                     ok             1.7ms rx=2 busy=0
10:14:24.887     + 910.712s  M114                                     ok             2.1ms rx=2 busy=0
10:14:24.887     + 911.033s  M114                                     ok             1.4ms rx=2 busy=0
10:14:24.887     + 911.352s  M114                                     ok             1.7ms rx=2 busy=0
10:14:24.887     + 911.672s  M114                                     ok             1.8ms rx=2 busy=0
10:14:24.887     + 911.992s  M114                                     ok             2.0ms rx=2 busy=0
10:14:24.887     + 912.328s  M114                                     ok            17.6ms rx=2 busy=0
10:14:24.887     + 912.648s  M114                                     ok             1.7ms rx=2 busy=0
10:14:24.887     + 912.967s  M114                                     ok             1.2ms rx=2 busy=0
10:14:24.887     + 913.288s  M114                                     ok             1.8ms rx=2 busy=0
10:14:24.887     + 913.608s  M114                                     ok             2.1ms rx=2 busy=0
10:14:24.887     + 913.928s  M114                                     ok             1.7ms rx=2 busy=0
10:14:24.887     + 914.248s  M114                                     ok             1.4ms rx=2 busy=0
10:14:24.887     + 914.569s  M114                                     ok             2.0ms rx=2 busy=0
10:14:24.887     + 914.888s  M114                                     ok             1.4ms rx=2 busy=0
10:14:24.887     + 915.209s  M114                                     ok             1.3ms rx=2 busy=0
10:14:24.887     + 915.528s  M114                                     ok             1.4ms rx=2 busy=0
10:14:24.887     + 915.848s  M114                                     ok             1.5ms rx=2 busy=0
10:14:24.887     + 916.168s  M114                                     ok             1.4ms rx=2 busy=0
10:14:24.887     + 916.491s  M114                                     ok             5.8ms rx=2 busy=0
10:14:24.887     + 916.808s  M114                                     ok             1.5ms rx=2 busy=0
10:14:24.887     + 917.128s  M114                                     ok             1.5ms rx=2 busy=0
10:14:24.887     + 917.448s  M114                                     ok             1.7ms rx=2 busy=0
10:14:24.887     + 917.768s  M114                                     ok             1.6ms rx=2 busy=0
10:14:24.887     + 918.087s  M114                                     ok             1.4ms rx=2 busy=0
10:14:24.887     + 918.408s  M114                                     ok             1.4ms rx=2 busy=0
10:14:24.887     + 918.728s  M114                                     ok             1.7ms rx=2 busy=0
10:14:24.887     + 919.048s  M114                                     ok             1.5ms rx=2 busy=0
10:14:24.887     + 919.368s  M114                                     ok             1.8ms rx=2 busy=0
10:14:24.887     + 919.688s  M114                                     ok             1.5ms rx=2 busy=0
10:14:24.887     + 920.012s  M114                                     ok             3.4ms rx=2 busy=0
10:14:24.887     + 920.328s  M114                                     ok             1.6ms rx=2 busy=0
10:14:24.887     + 920.648s  M114                                     ok             1.5ms rx=2 busy=0
10:14:24.887     + 920.968s  M114                                     ok             1.6ms rx=2 busy=0
10:14:24.887     + 921.288s  M114                                     ok             1.4ms rx=2 busy=0
10:14:24.887     + 921.608s  M114                                     ok             1.6ms rx=2 busy=0
10:14:24.887     + 921.928s  M114                                     ok             1.4ms rx=2 busy=0
10:14:24.887     + 922.247s  M114                                     ok             1.4ms rx=2 busy=0
10:14:24.888     + 922.568s  M114                                     ok             1.6ms rx=2 busy=0
10:14:24.888     + 922.888s  M114                                     ok             1.6ms rx=2 busy=0
10:14:24.888     + 923.216s  M114                                     ok             8.7ms rx=2 busy=0
10:14:24.888     + 923.528s  M114                                     ok             1.4ms rx=2 busy=0
10:14:24.888     + 923.848s  M114                                     ok             1.4ms rx=2 busy=0
10:14:24.888     + 924.168s  M114                                     ok             1.6ms rx=2 busy=0
10:14:24.888     + 924.487s  M114                                     ok             1.4ms rx=2 busy=0
10:14:24.888     + 924.808s  M114                                     ok             1.5ms rx=2 busy=0
10:14:24.888     + 925.128s  M114                                     ok             1.9ms rx=2 busy=0
10:14:24.888     + 925.448s  M114                                     ok             1.5ms rx=2 busy=0
10:14:24.888     + 925.783s  M114                                     ok            17.0ms rx=2 busy=0
10:14:24.888     + 926.103s  M114                                     ok             1.5ms rx=2 busy=0
10:14:24.888     + 926.424s  M114                                     ok             2.2ms rx=2 busy=0
10:14:24.888     + 926.744s  M114                                     ok             1.8ms rx=2 busy=0
10:14:24.888     + 927.064s  M114                                     ok             1.9ms rx=2 busy=0
10:14:24.888     + 927.384s  M114                                     ok             1.7ms rx=2 busy=0
10:14:24.888     + 927.704s  M114                                     ok             2.1ms rx=2 busy=0
10:14:24.888     + 928.024s  M114                                     ok             1.8ms rx=2 busy=0
10:14:24.888     + 928.344s  M114                                     ok             2.1ms rx=2 busy=0
10:14:24.888     + 928.664s  M114                                     ok             1.9ms rx=2 busy=0
10:14:24.888     + 928.984s  M114                                     ok             1.5ms rx=2 busy=0
10:14:24.888     + 929.304s  M114                                     ok             1.8ms rx=2 busy=0
10:14:24.888     + 929.624s  M114                                     ok             1.5ms rx=2 busy=0
10:14:24.888     + 929.948s  M114                                     ok             6.2ms rx=2 busy=0
10:14:24.888     + 930.264s  M114                                     ok             1.8ms rx=2 busy=0
10:14:24.888     + 930.584s  M114                                     ok             2.2ms rx=2 busy=0
10:14:24.888     + 930.903s  M114                                     ok             1.5ms rx=2 busy=0
10:14:24.888     + 931.224s  M114                                     ok             2.2ms rx=2 busy=0
10:14:24.888     + 931.544s  M114                                     ok             1.8ms rx=2 busy=0
10:14:24.888     + 931.864s  M114                                     ok             1.8ms rx=2 busy=0
10:14:24.888     + 932.183s  M114                                     ok             1.5ms rx=2 busy=0
10:14:24.888     + 932.504s  M114                                     ok             1.9ms rx=2 busy=0
10:14:24.888     + 932.824s  M114                                     ok             1.7ms rx=2 busy=0
10:14:24.888     + 933.144s  M114                                     ok             1.9ms rx=2 busy=0
10:14:24.888     + 933.463s  M114                                     ok             1.6ms rx=2 busy=0
10:14:24.888     + 933.784s  M114                                     ok             1.6ms rx=2 busy=0
10:14:24.888     + 934.103s  M114                                     ok             1.5ms rx=2 busy=0
10:14:24.888     + 934.423s  M114                                     ok             1.5ms rx=2 busy=0
10:14:24.888     + 934.744s  M114                                     ok             1.9ms rx=2 busy=0
10:14:24.888     + 935.064s  M114                                     ok             1.7ms rx=2 busy=0
10:14:24.888     + 935.384s  M114                                     ok             1.6ms rx=2 busy=0
10:14:24.888     + 935.704s  M114                                     ok             1.8ms rx=2 busy=0
10:14:24.888     + 936.024s  M114                                     ok             1.7ms rx=2 busy=0
10:14:24.888     + 936.343s  M114                                     ok             1.7ms rx=2 busy=0
10:14:24.888     + 936.664s  M114                                     ok             1.7ms rx=2 busy=0
10:14:24.888     + 936.984s  M114                                     ok             1.7ms rx=2 busy=0
10:14:24.888     + 937.304s  M114                                     ok             1.1ms rx=2 busy=0
10:14:24.888     + 937.624s  M114                                     ok             1.8ms rx=2 busy=0
10:14:24.888     + 937.944s  M114                                     ok             1.8ms rx=2 busy=0
10:14:24.888     + 938.264s  M114                                     ok             1.7ms rx=2 busy=0
10:14:24.888     + 938.583s  M114                                     ok             1.7ms rx=2 busy=0
10:14:24.888     + 938.904s  M114                                     ok             1.8ms rx=2 busy=0
10:14:24.888     + 939.239s  M114                                     ok            16.9ms rx=2 busy=0
10:14:24.888     + 939.559s  M114                                     ok             1.4ms rx=2 busy=0
10:14:24.888     + 939.879s  M114                                     ok             1.4ms rx=2 busy=0
10:14:24.888     + 940.199s  M114                                     ok             1.6ms rx=2 busy=0
10:14:24.888     + 940.519s  M114                                     ok             1.5ms rx=2 busy=0
10:14:24.888     + 940.839s  M114                                     ok             1.6ms rx=2 busy=0
10:14:24.888     + 941.159s  M114                                     ok             1.5ms rx=2 busy=0
10:14:24.888     + 941.479s  M114                                     ok             1.6ms rx=2 busy=0
10:14:24.888     + 941.799s  M114                                     ok             1.5ms rx=2 busy=0
10:14:24.888     + 942.119s  M114                                     ok             1.6ms rx=2 busy=0
10:14:24.889     + 942.439s  M114                                     ok             1.5ms rx=2 busy=0
10:14:24.889     + 942.759s  M114                                     ok             1.5ms rx=2 busy=0
10:14:24.889     + 943.079s  M114                                     ok             1.6ms rx=2 busy=0
10:14:24.889     + 943.404s  M114                                     ok             5.9ms rx=2 busy=0
10:14:24.889     + 943.720s  M114                                     ok             1.3ms rx=2 busy=0
10:14:24.889     + 944.039s  M114                                     ok             1.6ms rx=2 busy=0
10:14:24.889     + 944.359s  M114                                     ok             1.4ms rx=2 busy=0
10:14:24.889     + 944.679s  M114                                     ok             1.5ms rx=2 busy=0
10:14:24.889     + 945.000s  M114                                     ok             1.9ms rx=2 busy=0
10:14:24.889     + 945.320s  M114                                     ok             1.5ms rx=2 busy=0
10:14:24.889     + 945.639s  M114                                     ok             1.5ms rx=2 busy=0
10:14:24.889     + 945.960s  M114                                     ok             1.3ms rx=2 busy=0
10:14:24.889     + 946.279s  M114                                     ok             1.5ms rx=2 busy=0
10:14:24.889     + 946.599s  M114                                     ok             1.7ms rx=2 busy=0
10:14:24.889     + 946.919s  M114                                     ok             1.5ms rx=2 busy=0
10:14:24.889     + 947.239s  M114                                     ok             1.6ms rx=2 busy=0
10:14:24.889     + 947.560s  M114                                     ok             1.4ms rx=2 busy=0
10:14:24.889     + 947.879s  M114                                     ok             1.8ms rx=2 busy=0
10:14:24.889     + 948.199s  M114                                     ok             1.3ms rx=2 busy=0
10:14:24.889     + 948.519s  M114                                     ok             1.4ms rx=2 busy=0
10:14:24.889     + 948.839s  M114                                     ok             1.5ms rx=2 busy=0
10:14:24.889     + 949.160s  M114                                     ok             1.7ms rx=2 busy=0
10:14:24.889     + 949.479s  M114                                     ok             1.4ms rx=2 busy=0
10:14:24.889     + 949.799s  M114                                     ok             1.8ms rx=2 busy=0
10:14:24.889     + 950.119s  M114                                     ok             1.6ms rx=2 busy=0
10:14:24.889     + 950.439s  M114                                     ok             1.6ms rx=2 busy=0
10:14:24.889     + 950.760s  M114                                     ok             1.5ms rx=2 busy=0
10:14:24.889     + 951.079s  M114                                     ok             1.8ms rx=2 busy=0
10:14:24.889     + 951.399s  M114                                     ok             1.2ms rx=2 busy=0
10:14:24.889     + 951.719s  M114                                     ok             1.5ms rx=2 busy=0
10:14:24.889     + 952.039s  M114                                     ok             1.6ms rx=2 busy=0
10:14:24.889     + 952.359s  M114                                     ok             1.6ms rx=2 busy=0
10:14:24.889     + 952.695s  M114                                     ok            17.5ms rx=2 busy=0
10:14:24.889     + 953.015s  M114                                     ok             1.7ms rx=2 busy=0
10:14:24.889     + 953.335s  M114                                     ok             1.6ms rx=2 busy=0
10:14:24.889     + 953.655s  M114                                     ok             1.4ms rx=2 busy=0
10:14:24.889     + 953.975s  M114                                     ok             1.6ms rx=2 busy=0
10:14:24.889     + 954.295s  M114                                     ok             1.5ms rx=2 busy=0
10:14:24.889     + 954.616s  M114                                     ok             1.7ms rx=2 busy=0
10:14:24.889     + 954.935s  M114                                     ok             1.6ms rx=2 busy=0
10:14:24.889     + 955.255s  M114                                     ok             1.6ms rx=2 busy=0
10:14:24.889     + 955.576s  M114                                     ok             1.5ms rx=2 busy=0
10:14:24.889     + 955.896s  M114                                     ok             1.4ms rx=2 busy=0
10:14:24.889     + 956.215s  M114                                     ok             1.5ms rx=2 busy=0
10:14:24.889     + 956.535s  M114                                     ok             1.4ms rx=2 busy=0
10:14:24.889     + 956.859s  M114                                     ok             2.4ms rx=2 busy=0
10:14:24.889     + 957.175s  M114                                     ok             1.8ms rx=2 busy=0
10:14:24.889     + 957.495s  M114                                     ok             1.6ms rx=2 busy=0
10:14:24.889     + 957.815s  M114                                     ok             1.5ms rx=2 busy=0
10:14:24.889     + 958.135s  M114                                     ok             1.5ms rx=2 busy=0
10:14:24.889     + 958.455s  M114                                     ok             1.5ms rx=2 busy=0
10:14:24.889     + 958.775s  M114                                     ok             1.3ms rx=2 busy=0
10:14:24.889     + 959.095s  M114                                     ok             1.5ms rx=2 busy=0
10:14:24.889     + 959.415s  M114                                     ok             1.6ms rx=2 busy=0
10:14:24.889     + 959.735s  M114                                     ok             1.7ms rx=2 busy=0
10:14:24.889     + 960.056s  M114                                     ok             1.4ms rx=2 busy=0
10:14:24.889     + 960.375s  M114                                     ok             1.5ms rx=2 busy=0
10:14:24.889     + 960.695s  M114                                     ok             1.5ms rx=2 busy=0
10:14:24.889     + 961.016s  M114                                     ok             1.8ms rx=2 busy=0
10:14:24.889     + 961.335s  M114                                     ok             1.4ms rx=2 busy=0
10:14:24.889     + 961.655s  M114                                     ok             1.5ms rx=2 busy=0
10:14:24.889     + 961.975s  M114                                     ok             1.6ms rx=2 busy=0
10:14:24.889     + 962.295s  M114                                     write_error     1.3ms rx=0 busy=0 Attempting to use a port that is not open
10:14:24.889 ---- end recent ----
17:09:19.233 === ZP serial trace opened (mode=summary, pid=23280) at 2026-07-31T17:09:19 ===
17:09:19.233 STATS txns=250 ok=250 fail=0 reset=0 avg=2.2ms max=21.2ms
17:10:39.339 STATS txns=500 ok=500 fail=0 reset=0 avg=2.3ms max=24.1ms
17:11:59.435 STATS txns=750 ok=750 fail=0 reset=0 avg=2.3ms max=25.5ms
17:13:17.676 STATS txns=1000 ok=1000 fail=0 reset=0 avg=2.3ms max=32.0ms
17:14:27.517 STATS txns=1250 ok=1250 fail=0 reset=0 avg=2.3ms max=32.0ms
17:15:47.611 STATS txns=1500 ok=1500 fail=0 reset=0 avg=2.3ms max=32.0ms
17:17:07.714 STATS txns=1750 ok=1750 fail=0 reset=0 avg=2.3ms max=32.0ms
17:18:27.821 STATS txns=2000 ok=2000 fail=0 reset=0 avg=2.4ms max=32.0ms
17:23:28.133 === ZP serial trace opened (mode=summary, pid=20360) at 2026-07-31T17:23:28 ===
17:23:28.133 ANOMALY M400                                     timeout     2000.2ms rx=0 busy=0 SILENT
17:23:28.133 ---- recent ZP transactions (anomaly: M400 -> timeout) [2] ----
17:23:28.133     +   0.000s  G0 X1                                    ok             0.0ms rx=1 busy=0
17:23:28.133     +   2.000s  M400                                     timeout     2000.2ms rx=0 busy=0 SILENT
17:23:28.133 ---- end recent ----
17:23:29.134 ANOMALY M400                                     timeout     1000.2ms rx=0 busy=0 SILENT
17:23:29.334 ANOMALY G0 X1                                    timeout      200.0ms rx=0 busy=0
17:23:29.835 ANOMALY M114                                     timeout      500.0ms rx=0 busy=0
17:23:29.835 ---- recent ZP transactions (anomaly: M114 -> timeout) [6] ----
17:23:29.835     +   0.000s  G0 X1                                    ok             0.0ms rx=1 busy=0
17:23:29.835     +   2.000s  M400                                     timeout     2000.2ms rx=0 busy=0 SILENT
17:23:29.835     +   3.002s  M400                                     timeout     1000.2ms rx=0 busy=0 SILENT
17:23:29.835     +   3.203s  G0 X1                                    timeout      200.0ms rx=0 busy=0
17:23:29.835     +   3.203s  M114                                     ok             0.0ms rx=2 busy=0
17:23:29.835     +   3.703s  M114                                     timeout      500.0ms rx=0 busy=0
17:23:29.835 ---- end recent ----
17:23:29.835 EVENT board_reset line='start'
17:23:29.835 ---- recent ZP transactions (event: board_reset) [10] ----
17:23:29.835     +   0.000s  G0 X1                                    ok             0.0ms rx=1 busy=0
17:23:29.835     +   2.000s  M400                                     timeout     2000.2ms rx=0 busy=0 SILENT
17:23:29.835     +   3.002s  M400                                     timeout     1000.2ms rx=0 busy=0 SILENT
17:23:29.835     +   3.203s  G0 X1                                    timeout      200.0ms rx=0 busy=0
17:23:29.835     +   3.203s  M114                                     ok             0.0ms rx=2 busy=0
17:23:29.835     +   3.703s  M114                                     timeout      500.0ms rx=0 busy=0
17:23:29.835     +   3.703s  G90                                      ok             0.0ms rx=1 busy=0
17:23:29.835     +   3.703s  G0 X10.0000 F300                         ok             0.0ms rx=1 busy=0
17:23:29.835     +   3.703s  G91                                      ok             0.0ms rx=1 busy=0
17:23:29.836     +   3.703s  G0 F600.0 X1.5000                        ok             0.0ms rx=1 busy=0
17:23:29.836 ---- end recent ----
17:23:29.836 ANOMALY G0 X1                                    reset          0.4ms rx=1 busy=0
17:23:29.836 ---- recent ZP transactions (anomaly: G0 X1 -> reset) [11] ----
17:23:29.836     +   0.000s  G0 X1                                    ok             0.0ms rx=1 busy=0
17:23:29.836     +   2.000s  M400                                     timeout     2000.2ms rx=0 busy=0 SILENT
17:23:29.836     +   3.002s  M400                                     timeout     1000.2ms rx=0 busy=0 SILENT
17:23:29.836     +   3.203s  G0 X1                                    timeout      200.0ms rx=0 busy=0
17:23:29.836     +   3.203s  M114                                     ok             0.0ms rx=2 busy=0
17:23:29.836     +   3.703s  M114                                     timeout      500.0ms rx=0 busy=0
17:23:29.836     +   3.703s  G90                                      ok             0.0ms rx=1 busy=0
17:23:29.836     +   3.703s  G0 X10.0000 F300                         ok             0.0ms rx=1 busy=0
17:23:29.836     +   3.703s  G91                                      ok             0.0ms rx=1 busy=0
17:23:29.836     +   3.703s  G0 F600.0 X1.5000                        ok             0.0ms rx=1 busy=0
17:23:29.836     +   3.704s  G0 X1                                    reset          0.4ms rx=1 busy=0
17:23:29.836 ---- end recent ----
17:23:29.836 ANOMALY G0 X1                                    error          0.0ms rx=1 busy=0
17:23:29.836 ---- recent ZP transactions (anomaly: G0 X1 -> error) [13] ----
17:23:29.836     +   0.000s  G0 X1                                    ok             0.0ms rx=1 busy=0
17:23:29.836     +   2.000s  M400                                     timeout     2000.2ms rx=0 busy=0 SILENT
17:23:29.836     +   3.002s  M400                                     timeout     1000.2ms rx=0 busy=0 SILENT
17:23:29.836     +   3.203s  G0 X1                                    timeout      200.0ms rx=0 busy=0
17:23:29.836     +   3.203s  M114                                     ok             0.0ms rx=2 busy=0
17:23:29.836     +   3.703s  M114                                     timeout      500.0ms rx=0 busy=0
17:23:29.836     +   3.703s  G90                                      ok             0.0ms rx=1 busy=0
17:23:29.836     +   3.703s  G0 X10.0000 F300                         ok             0.0ms rx=1 busy=0
17:23:29.836     +   3.703s  G91                                      ok             0.0ms rx=1 busy=0
17:23:29.836     +   3.703s  G0 F600.0 X1.5000                        ok             0.0ms rx=1 busy=0
17:23:29.836     +   3.704s  G0 X1                                    reset          0.4ms rx=1 busy=0
17:23:29.836     +   3.704s  G0 X50                                   ok             0.0ms rx=2 busy=1
17:23:29.836     +   3.704s  G0 X1                                    error          0.0ms rx=1 busy=0
17:23:29.836 ---- end recent ----
17:23:30.136 ANOMALY G0 X1                                    timeout      300.0ms rx=0 busy=0
17:47:37.672 === ZP serial trace opened (mode=summary, pid=1360) at 2026-07-31T17:47:37 ===
17:47:37.672 STATS txns=250 ok=250 fail=0 reset=0 avg=2.5ms max=28.1ms
17:48:57.822 STATS txns=500 ok=500 fail=0 reset=0 avg=2.7ms max=28.1ms
17:50:17.940 STATS txns=750 ok=750 fail=0 reset=0 avg=2.7ms max=29.3ms
17:51:38.068 STATS txns=1000 ok=1000 fail=0 reset=0 avg=2.7ms max=31.7ms
17:52:58.164 STATS txns=1250 ok=1250 fail=0 reset=0 avg=2.7ms max=31.7ms
17:54:14.437 STATS txns=1500 ok=1500 fail=0 reset=0 avg=2.7ms max=31.7ms
17:55:25.604 STATS txns=1750 ok=1750 fail=0 reset=0 avg=2.6ms max=31.7ms
17:56:42.532 STATS txns=2000 ok=2000 fail=0 reset=0 avg=2.6ms max=31.7ms
17:57:56.894 STATS txns=2250 ok=2250 fail=0 reset=0 avg=2.7ms max=32.5ms
17:59:14.885 STATS txns=2500 ok=2500 fail=0 reset=0 avg=2.7ms max=32.5ms
18:00:35.154 STATS txns=2750 ok=2750 fail=0 reset=0 avg=2.7ms max=32.5ms
18:01:55.557 STATS txns=3000 ok=3000 fail=0 reset=0 avg=2.8ms max=32.5ms
18:03:15.925 STATS txns=3250 ok=3250 fail=0 reset=0 avg=2.8ms max=33.3ms
18:04:36.213 STATS txns=3500 ok=3500 fail=0 reset=0 avg=2.8ms max=33.3ms
18:05:56.277 STATS txns=3750 ok=3750 fail=0 reset=0 avg=2.9ms max=38.0ms
18:07:16.613 STATS txns=4000 ok=4000 fail=0 reset=0 avg=2.9ms max=38.0ms
18:08:36.982 STATS txns=4250 ok=4250 fail=0 reset=0 avg=2.9ms max=38.0ms
18:09:55.685 STATS txns=4500 ok=4500 fail=0 reset=0 avg=3.0ms max=38.0ms
18:11:16.037 STATS txns=4750 ok=4750 fail=0 reset=0 avg=3.0ms max=38.0ms
18:12:36.399 STATS txns=5000 ok=5000 fail=0 reset=0 avg=3.0ms max=38.0ms
18:13:56.679 STATS txns=5250 ok=5250 fail=0 reset=0 avg=3.0ms max=38.0ms
18:15:17.002 STATS txns=5500 ok=5500 fail=0 reset=0 avg=3.0ms max=38.0ms
18:18:58.784 === ZP serial trace opened (mode=summary, pid=4820) at 2026-07-31T18:18:58 ===
18:18:58.784 ANOMALY M400                                     timeout     2000.2ms rx=0 busy=0 SILENT
18:18:58.784 ---- recent ZP transactions (anomaly: M400 -> timeout) [8] ----
18:18:58.784     +   0.000s  M106 P0 S0                               ok             0.0ms rx=1 busy=0
18:18:58.784     +   0.000s  M106 P0 S255                             ok             0.0ms rx=1 busy=0
18:18:58.784     +   0.000s  M106 P0 S128                             ok             0.0ms rx=1 busy=0
18:18:58.784     +   0.000s  M106 P0 S64                              ok             0.0ms rx=1 busy=0
18:18:58.784     +   0.000s  M106 P0 S200                             ok             0.0ms rx=1 busy=0
18:18:58.784     +   0.000s  M106 P0 S0                               ok             0.0ms rx=1 busy=0
18:18:58.784     +   0.000s  G0 X1                                    ok             0.0ms rx=1 busy=0
18:18:58.784     +   2.000s  M400                                     timeout     2000.2ms rx=0 busy=0 SILENT
18:18:58.784 ---- end recent ----
18:18:59.785 ANOMALY M400                                     timeout     1000.1ms rx=0 busy=0 SILENT
18:18:59.985 ANOMALY G0 X1                                    timeout      200.0ms rx=0 busy=0
18:19:00.486 ANOMALY M114                                     timeout      500.0ms rx=0 busy=0
18:19:00.486 ---- recent ZP transactions (anomaly: M114 -> timeout) [12] ----
18:19:00.486     +   0.000s  M106 P0 S0                               ok             0.0ms rx=1 busy=0
18:19:00.486     +   0.000s  M106 P0 S255                             ok             0.0ms rx=1 busy=0
18:19:00.486     +   0.000s  M106 P0 S128                             ok             0.0ms rx=1 busy=0
18:19:00.486     +   0.000s  M106 P0 S64                              ok             0.0ms rx=1 busy=0
18:19:00.486     +   0.000s  M106 P0 S200                             ok             0.0ms rx=1 busy=0
18:19:00.486     +   0.000s  M106 P0 S0                               ok             0.0ms rx=1 busy=0
18:19:00.486     +   0.000s  G0 X1                                    ok             0.0ms rx=1 busy=0
18:19:00.486     +   2.000s  M400                                     timeout     2000.2ms rx=0 busy=0 SILENT
18:19:00.486     +   3.002s  M400                                     timeout     1000.1ms rx=0 busy=0 SILENT
18:19:00.486     +   3.202s  G0 X1                                    timeout      200.0ms rx=0 busy=0
18:19:00.486     +   3.203s  M114                                     ok             0.0ms rx=2 busy=0
18:19:00.486     +   3.703s  M114                                     timeout      500.0ms rx=0 busy=0
18:19:00.486 ---- end recent ----
18:19:00.486 EVENT board_reset line='start'
18:19:00.486 ---- recent ZP transactions (event: board_reset) [16] ----
18:19:00.486     +   0.000s  M106 P0 S0                               ok             0.0ms rx=1 busy=0
18:19:00.486     +   0.000s  M106 P0 S255                             ok             0.0ms rx=1 busy=0
18:19:00.486     +   0.000s  M106 P0 S128                             ok             0.0ms rx=1 busy=0
18:19:00.486     +   0.000s  M106 P0 S64                              ok             0.0ms rx=1 busy=0
18:19:00.486     +   0.000s  M106 P0 S200                             ok             0.0ms rx=1 busy=0
18:19:00.486     +   0.000s  M106 P0 S0                               ok             0.0ms rx=1 busy=0
18:19:00.486     +   0.000s  G0 X1                                    ok             0.0ms rx=1 busy=0
18:19:00.487     +   2.000s  M400                                     timeout     2000.2ms rx=0 busy=0 SILENT
18:19:00.487     +   3.002s  M400                                     timeout     1000.1ms rx=0 busy=0 SILENT
18:19:00.487     +   3.202s  G0 X1                                    timeout      200.0ms rx=0 busy=0
18:19:00.487     +   3.203s  M114                                     ok             0.0ms rx=2 busy=0
18:19:00.487     +   3.703s  M114                                     timeout      500.0ms rx=0 busy=0
18:19:00.487     +   3.703s  G90                                      ok             0.0ms rx=1 busy=0
18:19:00.487     +   3.703s  G0 X10.0000 F300                         ok             0.0ms rx=1 busy=0
18:19:00.487     +   3.703s  G91                                      ok             0.0ms rx=1 busy=0
18:19:00.487     +   3.704s  G0 F600.0 X1.5000                        ok             0.0ms rx=1 busy=0
18:19:00.487 ---- end recent ----
18:19:00.487 ANOMALY G0 X1                                    reset          0.5ms rx=1 busy=0
18:19:00.487 ---- recent ZP transactions (anomaly: G0 X1 -> reset) [17] ----
18:19:00.487     +   0.000s  M106 P0 S0                               ok             0.0ms rx=1 busy=0
18:19:00.487     +   0.000s  M106 P0 S255                             ok             0.0ms rx=1 busy=0
18:19:00.487     +   0.000s  M106 P0 S128                             ok             0.0ms rx=1 busy=0
18:19:00.487     +   0.000s  M106 P0 S64                              ok             0.0ms rx=1 busy=0
18:19:00.487     +   0.000s  M106 P0 S200                             ok             0.0ms rx=1 busy=0
18:19:00.487     +   0.000s  M106 P0 S0                               ok             0.0ms rx=1 busy=0
18:19:00.487     +   0.000s  G0 X1                                    ok             0.0ms rx=1 busy=0
18:19:00.487     +   2.000s  M400                                     timeout     2000.2ms rx=0 busy=0 SILENT
18:19:00.487     +   3.002s  M400                                     timeout     1000.1ms rx=0 busy=0 SILENT
18:19:00.487     +   3.202s  G0 X1                                    timeout      200.0ms rx=0 busy=0
18:19:00.487     +   3.203s  M114                                     ok             0.0ms rx=2 busy=0
18:19:00.487     +   3.703s  M114                                     timeout      500.0ms rx=0 busy=0
18:19:00.487     +   3.703s  G90                                      ok             0.0ms rx=1 busy=0
18:19:00.487     +   3.703s  G0 X10.0000 F300                         ok             0.0ms rx=1 busy=0
18:19:00.487     +   3.703s  G91                                      ok             0.0ms rx=1 busy=0
18:19:00.487     +   3.704s  G0 F600.0 X1.5000                        ok             0.0ms rx=1 busy=0
18:19:00.487     +   3.704s  G0 X1                                    reset          0.5ms rx=1 busy=0
18:19:00.487 ---- end recent ----
18:19:00.487 ANOMALY G0 X1                                    error          0.0ms rx=1 busy=0
18:19:00.487 ---- recent ZP transactions (anomaly: G0 X1 -> error) [19] ----
18:19:00.487     +   0.000s  M106 P0 S0                               ok             0.0ms rx=1 busy=0
18:19:00.487     +   0.000s  M106 P0 S255                             ok             0.0ms rx=1 busy=0
18:19:00.487     +   0.000s  M106 P0 S128                             ok             0.0ms rx=1 busy=0
18:19:00.487     +   0.000s  M106 P0 S64                              ok             0.0ms rx=1 busy=0
18:19:00.487     +   0.000s  M106 P0 S200                             ok             0.0ms rx=1 busy=0
18:19:00.487     +   0.000s  M106 P0 S0                               ok             0.0ms rx=1 busy=0
18:19:00.487     +   0.000s  G0 X1                                    ok             0.0ms rx=1 busy=0
18:19:00.487     +   2.000s  M400                                     timeout     2000.2ms rx=0 busy=0 SILENT
18:19:00.487     +   3.002s  M400                                     timeout     1000.1ms rx=0 busy=0 SILENT
18:19:00.487     +   3.202s  G0 X1                                    timeout      200.0ms rx=0 busy=0
18:19:00.487     +   3.203s  M114                                     ok             0.0ms rx=2 busy=0
18:19:00.487     +   3.703s  M114                                     timeout      500.0ms rx=0 busy=0
18:19:00.487     +   3.703s  G90                                      ok             0.0ms rx=1 busy=0
18:19:00.487     +   3.703s  G0 X10.0000 F300                         ok             0.0ms rx=1 busy=0
18:19:00.487     +   3.703s  G91                                      ok             0.0ms rx=1 busy=0
18:19:00.487     +   3.704s  G0 F600.0 X1.5000                        ok             0.0ms rx=1 busy=0
18:19:00.488     +   3.704s  G0 X1                                    reset          0.5ms rx=1 busy=0
18:19:00.488     +   3.704s  G0 X50                                   ok             0.0ms rx=2 busy=1
18:19:00.488     +   3.704s  G0 X1                                    error          0.0ms rx=1 busy=0
18:19:00.488 ---- end recent ----
18:19:00.788 ANOMALY G0 X1                                    timeout      300.0ms rx=0 busy=0
18:29:51.558 === ZP serial trace opened (mode=summary, pid=11028) at 2026-07-31T18:29:51 ===
18:29:51.558 STATS txns=250 ok=250 fail=0 reset=0 avg=3.2ms max=25.2ms
18:31:11.969 STATS txns=500 ok=500 fail=0 reset=0 avg=3.3ms max=35.3ms
18:32:31.633 STATS txns=750 ok=750 fail=0 reset=0 avg=3.3ms max=35.3ms
18:33:37.729 STATS txns=1000 ok=1000 fail=0 reset=0 avg=3.3ms max=42.3ms
18:34:31.651 STATS txns=1250 ok=1250 fail=0 reset=0 avg=3.3ms max=42.3ms
18:35:42.176 STATS txns=1500 ok=1500 fail=0 reset=0 avg=3.2ms max=42.3ms
18:36:30.933 ANOMALY G0 F21.0 X1.0000                         ok         25758.9ms rx=13 busy=12
18:36:30.933 ---- recent ZP transactions (anomaly: G0 F21.0 X1.0000 -> ok) [300] ----
18:36:30.934     + 357.838s  M114                                     ok             1.4ms rx=2 busy=0
18:36:30.934     + 358.086s  M114                                     ok             6.9ms rx=2 busy=0
18:36:30.934     + 358.401s  M114                                     ok             1.7ms rx=2 busy=0
18:36:30.934     + 358.657s  G0 F1.0 X1.0000                          ok             1.1ms rx=1 busy=0
18:36:30.934     + 358.670s  M114                                     ok             1.3ms rx=2 busy=0
18:36:30.934     + 358.718s  M114                                     ok             1.2ms rx=2 busy=0
18:36:30.934     + 359.038s  M114                                     ok             1.2ms rx=2 busy=0
18:36:30.934     + 359.358s  M114                                     ok             1.2ms rx=2 busy=0
18:36:30.934     + 359.678s  M114                                     ok             1.3ms rx=2 busy=0
18:36:30.934     + 359.998s  M114                                     ok             1.2ms rx=2 busy=0
18:36:30.934     + 360.318s  M114                                     ok             1.2ms rx=2 busy=0
18:36:30.934     + 360.638s  M114                                     ok             1.3ms rx=2 busy=0
18:36:30.935     + 360.851s  G0 F1.0 X1.0000                          ok             1.3ms rx=1 busy=0
18:36:30.935     + 360.862s  M114                                     ok             1.2ms rx=2 busy=0
18:36:30.935     + 360.958s  M114                                     ok             1.4ms rx=2 busy=0
18:36:30.935     + 361.278s  M114                                     ok             1.6ms rx=2 busy=0
18:36:30.935     + 361.604s  M114                                     ok             4.9ms rx=2 busy=0
18:36:30.935     + 361.759s  G0 F1.0 X1.0000                          ok             1.6ms rx=1 busy=0
18:36:30.935     + 361.790s  M114                                     ok             1.2ms rx=2 busy=0
18:36:30.935     + 361.923s  M114                                     ok             4.0ms rx=2 busy=0
18:36:30.935     + 362.192s  G0 F1.0 X1.0000                          ok             1.4ms rx=1 busy=0
18:36:30.935     + 362.222s  M114                                     ok             1.2ms rx=2 busy=0
18:36:30.935     + 362.240s  M114                                     ok             1.3ms rx=2 busy=0
18:36:30.935     + 362.403s  G0 F1.0 X1.0000                          ok             1.2ms rx=1 busy=0
18:36:30.935     + 362.414s  M114                                     ok             1.2ms rx=2 busy=0
18:36:30.935     + 362.558s  M114                                     ok             1.2ms rx=2 busy=0
18:36:30.935     + 362.633s  G0 F1.0 X1.0000                          ok             1.4ms rx=1 busy=0
18:36:30.936     + 362.654s  M114                                     ok             1.3ms rx=2 busy=0
18:36:30.936     + 362.878s  M114                                     ok             1.4ms rx=2 busy=0
18:36:30.936     + 363.199s  M114                                     ok             1.6ms rx=2 busy=0
18:36:30.936     + 363.518s  M114                                     ok             1.7ms rx=2 busy=0
18:36:30.936     + 363.838s  M114                                     ok             1.2ms rx=2 busy=0
18:36:30.936     + 363.998s  G0 F1.0 X1.0000                          ok             1.1ms rx=1 busy=0
18:36:30.936     + 364.015s  M114                                     ok             1.4ms rx=2 busy=0
18:36:30.936     + 364.158s  M114                                     ok             1.5ms rx=2 busy=0
18:36:30.936     + 364.478s  M114                                     ok             1.6ms rx=2 busy=0
18:36:30.936     + 364.635s  G0 F1.0 X1.0000                          ok             1.1ms rx=1 busy=0
18:36:30.936     + 364.654s  M114                                     ok             2.1ms rx=2 busy=0
18:36:30.936     + 364.799s  M114                                     ok             2.1ms rx=2 busy=0
18:36:30.936     + 365.122s  M114                                     ok             3.1ms rx=2 busy=0
18:36:30.936     + 365.441s  M114                                     ok             1.8ms rx=2 busy=0
18:36:30.936     + 365.758s  M114                                     ok             1.3ms rx=2 busy=0
18:36:30.937     + 365.969s  G0 F1.0 X1.0000                          ok             1.4ms rx=1 busy=0
18:36:30.937     + 366.014s  M114                                     ok             1.2ms rx=2 busy=0
18:36:30.937     + 366.082s  M114                                     ok             1.8ms rx=2 busy=0
18:36:30.937     + 366.399s  M114                                     ok             1.8ms rx=2 busy=0
18:36:30.937     + 366.718s  M114                                     ok             1.3ms rx=2 busy=0
18:36:30.937     + 367.037s  M114                                     ok             1.3ms rx=2 busy=0
18:36:30.937     + 367.359s  M114                                     ok             1.5ms rx=2 busy=0
18:36:30.937     + 367.679s  M114                                     ok             2.3ms rx=2 busy=0
18:36:30.937     + 367.999s  M114                                     ok             2.0ms rx=2 busy=0
18:36:30.937     + 368.321s  M114                                     ok             2.1ms rx=2 busy=0
18:36:30.937     + 368.645s  M114                                     ok             6.8ms rx=2 busy=0
18:36:30.937     + 368.958s  M114                                     ok             1.4ms rx=2 busy=0
18:36:30.937     + 369.278s  M114                                     ok             1.3ms rx=2 busy=0
18:36:30.937     + 369.598s  M114                                     ok             1.2ms rx=2 busy=0
18:36:30.937     + 369.937s  M114                                     ok            20.3ms rx=2 busy=0
18:36:30.937     + 370.254s  M114                                     ok             1.9ms rx=2 busy=0
18:36:30.937     + 370.574s  M114                                     ok             1.6ms rx=2 busy=0
18:36:30.937     + 370.894s  M114                                     ok             1.6ms rx=2 busy=0
18:36:30.937     + 371.225s  M114                                     ok            12.1ms rx=2 busy=0
18:36:30.937     + 371.539s  M114                                     ok             1.6ms rx=2 busy=0
18:36:30.937     + 371.854s  M114                                     ok             1.3ms rx=2 busy=0
18:36:30.937     + 372.174s  M114                                     ok             1.4ms rx=2 busy=0
18:36:30.938     + 372.494s  M114                                     ok             1.3ms rx=2 busy=0
18:36:30.938     + 372.814s  M114                                     ok             1.5ms rx=2 busy=0
18:36:30.938     + 373.134s  M114                                     ok             1.6ms rx=2 busy=0
18:36:30.938     + 373.454s  M114                                     ok             1.3ms rx=2 busy=0
18:36:30.938     + 373.774s  M114                                     ok             1.3ms rx=2 busy=0
18:36:30.938     + 373.968s  G0 F1.0 X1.0000                          ok             1.2ms rx=1 busy=0
18:36:30.938     + 373.998s  M114                                     ok             1.4ms rx=2 busy=0
18:36:30.938     + 374.094s  M114                                     ok             1.2ms rx=2 busy=0
18:36:30.938     + 374.420s  M114                                     ok             4.1ms rx=2 busy=0
18:36:30.938     + 374.737s  M114                                     ok             3.0ms rx=2 busy=0
18:36:30.938     + 375.054s  M114                                     ok             1.2ms rx=2 busy=0
18:36:30.938     + 375.374s  M114                                     ok             1.4ms rx=2 busy=0
18:36:30.938     + 375.694s  M114                                     ok             1.2ms rx=2 busy=0
18:36:30.938     + 376.014s  M114                                     ok             1.3ms rx=2 busy=0
18:36:30.938     + 376.335s  M114                                     ok             2.2ms rx=2 busy=0
18:36:30.938     + 376.654s  M114                                     ok             1.3ms rx=2 busy=0
18:36:30.938     + 376.974s  M114                                     ok             1.3ms rx=2 busy=0
18:36:30.938     + 377.294s  M114                                     ok             1.2ms rx=2 busy=0
18:36:30.938     + 377.614s  M114                                     ok             2.2ms rx=2 busy=0
18:36:30.938     + 377.943s  M114                                     ok             7.5ms rx=2 busy=0
18:36:30.938     + 378.256s  M114                                     ok             2.1ms rx=2 busy=0
18:36:30.938     + 378.575s  M114                                     ok             2.7ms rx=2 busy=0
18:36:30.938     + 378.894s  M114                                     ok             1.8ms rx=2 busy=0
18:36:30.939     + 379.214s  M114                                     ok             1.5ms rx=2 busy=0
18:36:30.939     + 379.535s  M114                                     ok             1.5ms rx=2 busy=0
18:36:30.939     + 379.854s  M114                                     ok             1.2ms rx=2 busy=0
18:36:30.939     + 380.174s  M114                                     ok             1.3ms rx=2 busy=0
18:36:30.939     + 380.497s  M114                                     ok             1.6ms rx=2 busy=0
18:36:30.939     + 380.816s  M114                                     ok             1.8ms rx=2 busy=0
18:36:30.939     + 381.135s  M114                                     ok             2.7ms rx=2 busy=0
18:36:30.939     + 381.456s  M114                                     ok             1.5ms rx=2 busy=0
18:36:30.939     + 381.774s  M114                                     ok             1.4ms rx=2 busy=0
18:36:30.939     + 382.094s  M114                                     ok             1.2ms rx=2 busy=0
18:36:30.939     + 382.415s  M114                                     ok             1.3ms rx=2 busy=0
18:36:30.939     + 382.734s  M114                                     ok             2.0ms rx=2 busy=0
18:36:30.939     + 383.054s  M114                                     ok             1.3ms rx=2 busy=0
18:36:30.939     + 383.392s  M114                                     ok            19.3ms rx=2 busy=0
18:36:30.939     + 383.722s  M114                                     ok            13.3ms rx=2 busy=0
18:36:30.939     + 384.034s  M114                                     ok             2.6ms rx=2 busy=0
18:36:30.939     + 384.352s  M114                                     ok             1.2ms rx=2 busy=0
18:36:30.939     + 384.670s  M114                                     ok             1.4ms rx=2 busy=0
18:36:30.939     + 384.990s  M114                                     ok             1.6ms rx=2 busy=0
18:36:30.939     + 385.310s  M114                                     ok             1.6ms rx=2 busy=0
18:36:30.939     + 385.631s  M114                                     ok             1.6ms rx=2 busy=0
18:36:30.939     + 385.950s  M114                                     ok             1.6ms rx=2 busy=0
18:36:30.939     + 386.270s  M114                                     ok             2.1ms rx=2 busy=0
18:36:30.939     + 386.594s  M114                                     ok             5.6ms rx=2 busy=0
18:36:30.939     + 386.912s  M114                                     ok             2.1ms rx=2 busy=0
18:36:30.939     + 387.230s  M114                                     ok             1.6ms rx=2 busy=0
18:36:30.939     + 387.554s  M114                                     ok             5.3ms rx=2 busy=0
18:36:30.939     + 387.877s  M114                                     ok             4.8ms rx=2 busy=0
18:36:30.939     + 388.191s  M114                                     ok             2.0ms rx=2 busy=0
18:36:30.939     + 388.510s  M114                                     ok             1.4ms rx=2 busy=0
18:36:30.939     + 388.830s  M114                                     ok             1.9ms rx=2 busy=0
18:36:30.939     + 389.150s  M114                                     ok             1.6ms rx=2 busy=0
18:36:30.939     + 389.470s  M114                                     ok             1.2ms rx=2 busy=0
18:36:30.939     + 389.790s  M114                                     ok             1.9ms rx=2 busy=0
18:36:30.939     + 390.110s  M114                                     ok             1.6ms rx=2 busy=0
18:36:30.940     + 390.431s  M114                                     ok             2.3ms rx=2 busy=0
18:36:30.940     + 390.751s  M114                                     ok             2.9ms rx=2 busy=0
18:36:30.940     + 391.070s  M114                                     ok             1.5ms rx=2 busy=0
18:36:30.940     + 391.391s  M114                                     ok             1.7ms rx=2 busy=0
18:36:30.940     + 391.717s  M114                                     ok             1.7ms rx=2 busy=0
18:36:30.940     + 392.033s  M114                                     ok             1.8ms rx=2 busy=0
18:36:30.940     + 392.358s  M114                                     ok             5.4ms rx=2 busy=0
18:36:30.940     + 392.694s  M114                                     ok            24.3ms rx=2 busy=0
18:36:30.940     + 393.009s  M114                                     ok             2.4ms rx=2 busy=0
18:36:30.940     + 393.327s  M114                                     ok             2.3ms rx=2 busy=0
18:36:30.940     + 393.646s  M114                                     ok             1.4ms rx=2 busy=0
18:36:30.940     + 393.966s  M114                                     ok             1.2ms rx=2 busy=0
18:36:30.940     + 394.286s  M114                                     ok             1.3ms rx=2 busy=0
18:36:30.940     + 394.607s  M114                                     ok             2.1ms rx=2 busy=0
18:36:30.940     + 394.927s  M114                                     ok             1.6ms rx=2 busy=0
18:36:30.940     + 395.251s  M114                                     ok             2.4ms rx=2 busy=0
18:36:30.940     + 395.572s  M114                                     ok             5.4ms rx=2 busy=0
18:36:30.940     + 395.886s  M114                                     ok             1.2ms rx=2 busy=0
18:36:30.940     + 396.207s  M114                                     ok             1.3ms rx=2 busy=0
18:36:30.940     + 396.527s  M114                                     ok             1.3ms rx=2 busy=0
18:36:30.940     + 396.858s  M114                                     ok            13.1ms rx=2 busy=0
18:36:30.940     + 397.167s  M114                                     ok             2.5ms rx=2 busy=0
18:36:30.940     + 397.486s  M114                                     ok             1.5ms rx=2 busy=0
18:36:30.940     + 397.806s  M114                                     ok             1.6ms rx=2 busy=0
18:36:30.940     + 398.127s  M114                                     ok             1.4ms rx=2 busy=0
18:36:30.940     + 398.446s  M114                                     ok             1.3ms rx=2 busy=0
18:36:30.940     + 398.766s  M114                                     ok             1.3ms rx=2 busy=0
18:36:30.940     + 399.090s  M114                                     ok             5.9ms rx=2 busy=0
18:36:30.940     + 399.098s  G0 F1.0 X1.0000                          ok             1.4ms rx=1 busy=0
18:36:30.940     + 399.118s  M114                                     ok             1.3ms rx=2 busy=0
18:36:30.941     + 399.411s  M114                                     ok             1.6ms rx=2 busy=0
18:36:30.941     + 399.727s  M114                                     ok             1.3ms rx=2 busy=0
18:36:30.941     + 400.046s  M114                                     ok             1.3ms rx=2 busy=0
18:36:30.941     + 400.366s  M114                                     ok             1.4ms rx=2 busy=0
18:36:30.941     + 400.686s  M114                                     ok             1.2ms rx=2 busy=0
18:36:30.941     + 401.006s  M114                                     ok             1.3ms rx=2 busy=0
18:36:30.941     + 401.326s  M114                                     ok             1.4ms rx=2 busy=0
18:36:30.941     + 401.646s  M114                                     ok             1.2ms rx=2 busy=0
18:36:30.941     + 401.966s  M114                                     ok             1.3ms rx=2 busy=0
18:36:30.941     + 402.295s  M114                                     ok             9.2ms rx=2 busy=0
18:36:30.941     + 402.617s  M114                                     ok            12.7ms rx=2 busy=0
18:36:30.941     + 402.926s  M114                                     ok             1.4ms rx=2 busy=0
18:36:30.941     + 403.246s  M114                                     ok             1.4ms rx=2 busy=0
18:36:30.941     + 403.566s  M114                                     ok             1.3ms rx=2 busy=0
18:36:30.941     + 403.886s  M114                                     ok             1.3ms rx=2 busy=0
18:36:30.941     + 404.206s  M114                                     ok             1.2ms rx=2 busy=0
18:36:30.942     + 404.526s  M114                                     ok             1.9ms rx=2 busy=0
18:36:30.942     + 404.847s  M114                                     ok             1.8ms rx=2 busy=0
18:36:30.942     + 405.166s  M114                                     ok             1.7ms rx=2 busy=0
18:36:30.942     + 405.487s  M114                                     ok             2.0ms rx=2 busy=0
18:36:30.942     + 405.814s  M114                                     ok             9.2ms rx=2 busy=0
18:36:30.942     + 406.149s  M114                                     ok            22.3ms rx=2 busy=0
18:36:30.942     + 406.463s  M114                                     ok             2.2ms rx=2 busy=0
18:36:30.942     + 406.782s  M114                                     ok             1.2ms rx=2 busy=0
18:36:30.942     + 407.102s  M114                                     ok             1.7ms rx=2 busy=0
18:36:30.942 ANOMALY M114                                     ok         25711.1ms rx=2 busy=0
18:36:30.942     + 407.422s  M114                                     ok             1.2ms rx=2 busy=0
18:36:30.943     + 407.742s  M114                                     ok             1.3ms rx=2 busy=0
18:36:30.943     + 408.063s  M114                                     ok             2.4ms rx=2 busy=0
18:36:30.943     + 408.384s  M114                                     ok             2.5ms rx=2 busy=0
18:36:30.943     + 408.709s  M114                                     ok             8.1ms rx=2 busy=0
18:36:30.943     + 409.022s  M114                                     ok             1.3ms rx=2 busy=0
18:36:30.943     + 409.344s  M114                                     ok             1.3ms rx=2 busy=0
18:36:30.943     + 409.663s  M114                                     ok             2.7ms rx=2 busy=0
18:36:30.943     + 409.983s  M114                                     ok             1.3ms rx=2 busy=0
18:36:30.943     + 410.313s  M114                                     ok            12.2ms rx=2 busy=0
18:36:30.943     + 410.622s  M114                                     ok             2.0ms rx=2 busy=0
18:36:30.943     + 410.943s  M114                                     ok             1.7ms rx=2 busy=0
18:36:30.943     + 411.262s  M114                                     ok             1.2ms rx=2 busy=0
18:36:30.943     + 411.586s  M114                                     ok             2.8ms rx=2 busy=0
18:36:30.943     + 411.903s  M114                                     ok             2.1ms rx=2 busy=0
18:36:30.943     + 412.231s  M114                                     ok             6.7ms rx=2 busy=0
18:36:30.943     + 412.543s  M114                                     ok             2.1ms rx=2 busy=0
18:36:30.943     + 412.862s  M114                                     ok             1.2ms rx=2 busy=0
18:36:30.943     + 413.183s  M114                                     ok             2.4ms rx=2 busy=0
18:36:30.943     + 413.502s  M114                                     ok             1.7ms rx=2 busy=0
18:36:30.943     + 413.822s  M114                                     ok             1.2ms rx=2 busy=0
18:36:30.943     + 414.142s  M114                                     ok             1.2ms rx=2 busy=0
18:36:30.943     + 414.462s  M114                                     ok             1.2ms rx=2 busy=0
18:36:30.943     + 414.782s  M114                                     ok             1.6ms rx=2 busy=0
18:36:30.943     + 415.102s  M114                                     ok             1.3ms rx=2 busy=0
18:36:30.943     + 415.422s  M114                                     ok             1.6ms rx=2 busy=0
18:36:30.943     + 415.752s  M114                                     ok             7.2ms rx=2 busy=0
18:36:30.943     + 416.064s  M114                                     ok             1.5ms rx=2 busy=0
18:36:30.943     + 416.382s  M114                                     ok             1.2ms rx=2 busy=0
18:36:30.944     + 416.703s  M114                                     ok             2.2ms rx=2 busy=0
18:36:30.944     + 417.022s  M114                                     ok             1.6ms rx=2 busy=0
18:36:30.944     + 417.342s  M114                                     ok             1.6ms rx=2 busy=0
18:36:30.944     + 417.663s  M114                                     ok             1.8ms rx=2 busy=0
18:36:30.944     + 417.982s  M114                                     ok             1.3ms rx=2 busy=0
18:36:30.944     + 418.303s  M114                                     ok             1.5ms rx=2 busy=0
18:36:30.944     + 418.622s  M114                                     ok             1.3ms rx=2 busy=0
18:36:30.944     + 418.942s  M114                                     ok             1.3ms rx=2 busy=0
18:36:30.944     + 419.264s  M114                                     ok             2.7ms rx=2 busy=0
18:36:30.944     + 419.612s  M114                                     ok            30.7ms rx=2 busy=0
18:36:30.944     + 419.934s  M114                                     ok             1.6ms rx=2 busy=0
18:36:30.944     + 420.254s  M114                                     ok             1.6ms rx=2 busy=0
18:36:30.944     + 420.575s  M114                                     ok             1.5ms rx=2 busy=0
18:36:30.944     + 420.894s  M114                                     ok             1.3ms rx=2 busy=0
18:36:30.944     + 421.214s  M114                                     ok             1.2ms rx=2 busy=0
18:36:30.944     + 421.534s  M114                                     ok             1.2ms rx=2 busy=0
18:36:30.944     + 421.727s  G0 F1.0 X1.0000                          ok             1.1ms rx=1 busy=0
18:36:30.944     + 421.742s  M114                                     ok             1.6ms rx=2 busy=0
18:36:30.944     + 421.855s  M114                                     ok             2.2ms rx=2 busy=0
18:36:30.944     + 422.174s  M114                                     ok             1.4ms rx=2 busy=0
18:36:30.944     + 422.499s  M114                                     ok             3.9ms rx=2 busy=0
18:36:30.944     + 422.822s  M114                                     ok             6.0ms rx=2 busy=0
18:36:30.944     + 423.135s  M114                                     ok             1.3ms rx=2 busy=0
18:36:30.944     + 423.454s  M114                                     ok             1.3ms rx=2 busy=0
18:36:30.944     + 423.774s  M114                                     ok             1.7ms rx=2 busy=0
18:36:30.944     + 424.094s  M114                                     ok             1.6ms rx=2 busy=0
18:36:30.944     + 424.414s  M114                                     ok             1.5ms rx=2 busy=0
18:36:30.944     + 424.734s  M114                                     ok             1.3ms rx=2 busy=0
18:36:30.944     + 425.054s  M114                                     ok             1.7ms rx=2 busy=0
18:36:30.944     + 425.374s  M114                                     ok             1.3ms rx=2 busy=0
18:36:30.945     + 425.700s  M114                                     ok             6.7ms rx=2 busy=0
18:36:30.945     + 426.016s  M114                                     ok             1.3ms rx=2 busy=0
18:36:30.945     + 426.334s  M114                                     ok             1.3ms rx=2 busy=0
18:36:30.945     + 426.601s  G0 F1.0 X1.0000                          ok             1.4ms rx=1 busy=0
18:36:30.945     + 426.622s  M114                                     ok             1.4ms rx=2 busy=0
18:36:30.945     + 426.654s  M114                                     ok             1.3ms rx=2 busy=0
18:36:30.945     + 426.974s  M114                                     ok             1.9ms rx=2 busy=0
18:36:30.945     + 427.294s  M114                                     ok             1.6ms rx=2 busy=0
18:36:30.945     + 427.614s  M114                                     ok             1.4ms rx=2 busy=0
18:36:30.945     + 427.934s  M114                                     ok             1.9ms rx=2 busy=0
18:36:30.945     + 428.254s  M114                                     ok             1.2ms rx=2 busy=0
18:36:30.945     + 428.574s  M114                                     ok             1.8ms rx=2 busy=0
18:36:30.945     + 428.895s  M114                                     ok             1.6ms rx=2 busy=0
18:36:30.945     + 429.222s  M114                                     ok             7.8ms rx=2 busy=0
18:36:30.945     + 429.539s  M114                                     ok             3.8ms rx=2 busy=0
18:36:30.945     + 429.855s  M114                                     ok             1.5ms rx=2 busy=0
18:36:30.945     + 430.174s  M114                                     ok             1.4ms rx=2 busy=0
18:36:30.945     + 430.495s  M114                                     ok             1.8ms rx=2 busy=0
18:36:30.945     + 430.814s  M114                                     ok             1.3ms rx=2 busy=0
18:36:30.945     + 431.134s  M114                                     ok             1.2ms rx=2 busy=0
18:36:30.945     + 431.454s  M114                                     ok             1.6ms rx=2 busy=0
18:36:30.945     + 431.775s  M114                                     ok             2.1ms rx=2 busy=0
18:36:30.945     + 432.094s  M114                                     ok             1.3ms rx=2 busy=0
18:36:30.945     + 432.419s  M114                                     ok             4.5ms rx=2 busy=0
18:36:30.945     + 432.738s  M114                                     ok             1.6ms rx=2 busy=0
18:36:30.945     + 433.071s  M114                                     ok            17.8ms rx=2 busy=0
18:36:30.945     + 433.390s  M114                                     ok             1.2ms rx=2 busy=0
18:36:30.945     + 433.711s  M114                                     ok             2.7ms rx=2 busy=0
18:36:30.945     + 434.030s  M114                                     ok             1.7ms rx=2 busy=0
18:36:30.945     + 434.350s  M114                                     ok             1.3ms rx=2 busy=0
18:36:30.945     + 434.670s  M114                                     ok             1.3ms rx=2 busy=0
18:36:30.945     + 434.998s  M114                                     ok             8.3ms rx=2 busy=0
18:36:30.945     + 435.311s  M114                                     ok             1.3ms rx=2 busy=0
18:36:30.945     + 435.630s  M114                                     ok             1.3ms rx=2 busy=0
18:36:30.945     + 435.955s  M114                                     ok             6.2ms rx=2 busy=0
18:36:30.945     + 436.270s  M114                                     ok             2.0ms rx=2 busy=0
18:36:30.945     + 436.590s  M114                                     ok             1.3ms rx=2 busy=0
18:36:30.945     + 436.910s  M114                                     ok             1.4ms rx=2 busy=0
18:36:30.945     + 437.230s  M114                                     ok             1.4ms rx=2 busy=0
18:36:30.945     + 437.550s  M114                                     ok             1.5ms rx=2 busy=0
18:36:30.945     + 437.870s  M114                                     ok             1.3ms rx=2 busy=0
18:36:30.946     + 438.191s  M114                                     ok             2.0ms rx=2 busy=0
18:36:30.946     + 438.510s  M114                                     ok             1.5ms rx=2 busy=0
18:36:30.946     + 438.837s  M114                                     ok             4.2ms rx=2 busy=0
18:36:30.946     + 439.152s  M114                                     ok             1.6ms rx=2 busy=0
18:36:30.946     + 439.470s  M114                                     ok             1.4ms rx=2 busy=0
18:36:30.946     + 439.790s  M114                                     ok             1.4ms rx=2 busy=0
18:36:30.946     + 440.110s  M114                                     ok             1.4ms rx=2 busy=0
18:36:30.946     + 440.430s  M114                                     ok             1.5ms rx=2 busy=0
18:36:30.946     + 440.750s  M114                                     ok             1.3ms rx=2 busy=0
18:36:30.946     + 441.072s  M114                                     ok             3.3ms rx=2 busy=0
18:36:30.946     + 441.390s  M114                                     ok             1.3ms rx=2 busy=0
18:36:30.946     + 441.712s  M114                                     ok             3.3ms rx=2 busy=0
18:36:30.946     + 442.034s  M114                                     ok             3.2ms rx=2 busy=0
18:36:30.946     + 442.350s  M114                                     ok             1.3ms rx=2 busy=0
18:36:30.946     + 442.678s  M114                                     ok             6.7ms rx=2 busy=0
18:36:30.946     + 442.991s  M114                                     ok             1.8ms rx=2 busy=0
18:36:30.946     + 443.310s  M114                                     ok             1.5ms rx=2 busy=0
18:36:30.946     + 443.630s  M114                                     ok             1.3ms rx=2 busy=0
18:36:30.946     + 443.950s  M114                                     ok             1.2ms rx=2 busy=0
18:36:30.946     + 444.271s  M114                                     ok             2.2ms rx=2 busy=0
18:36:30.946     + 444.591s  M114                                     ok             2.2ms rx=2 busy=0
18:36:30.946     + 444.911s  M114                                     ok             1.8ms rx=2 busy=0
18:36:30.946     + 470.931s  G0 F21.0 X1.0000                         ok         25758.9ms rx=13 busy=12
18:36:30.946 ---- end recent ----
18:37:30.523 ANOMALY G0 F21.0 X1.0000                         ok         35717.4ms rx=18 busy=17
18:37:30.523 ---- recent ZP transactions (anomaly: G0 F21.0 X1.0000 -> ok) [300] ----
18:37:30.523     + 376.014s  M114                                     ok             1.3ms rx=2 busy=0
18:37:30.523     + 376.335s  M114                                     ok             2.2ms rx=2 busy=0
18:37:30.523     + 376.654s  M114                                     ok             1.3ms rx=2 busy=0
18:37:30.523     + 376.974s  M114                                     ok             1.3ms rx=2 busy=0
18:37:30.524     + 377.294s  M114                                     ok             1.2ms rx=2 busy=0
18:37:30.524     + 377.614s  M114                                     ok             2.2ms rx=2 busy=0
18:37:30.524     + 377.943s  M114                                     ok             7.5ms rx=2 busy=0
18:37:30.524     + 378.256s  M114                                     ok             2.1ms rx=2 busy=0
18:37:30.524     + 378.575s  M114                                     ok             2.7ms rx=2 busy=0
18:37:30.524     + 378.894s  M114                                     ok             1.8ms rx=2 busy=0
18:37:30.524     + 379.214s  M114                                     ok             1.5ms rx=2 busy=0
18:37:30.524     + 379.535s  M114                                     ok             1.5ms rx=2 busy=0
18:37:30.524     + 379.854s  M114                                     ok             1.2ms rx=2 busy=0
18:37:30.524     + 380.174s  M114                                     ok             1.3ms rx=2 busy=0
18:37:30.524     + 380.497s  M114                                     ok             1.6ms rx=2 busy=0
18:37:30.524     + 380.816s  M114                                     ok             1.8ms rx=2 busy=0
18:37:30.524     + 381.135s  M114                                     ok             2.7ms rx=2 busy=0
18:37:30.524     + 381.456s  M114                                     ok             1.5ms rx=2 busy=0
18:37:30.524     + 381.774s  M114                                     ok             1.4ms rx=2 busy=0
18:37:30.524     + 382.094s  M114                                     ok             1.2ms rx=2 busy=0
18:37:30.524     + 382.415s  M114                                     ok             1.3ms rx=2 busy=0
18:37:30.524     + 382.734s  M114                                     ok             2.0ms rx=2 busy=0
18:37:30.525     + 383.054s  M114                                     ok             1.3ms rx=2 busy=0
18:37:30.525     + 383.392s  M114                                     ok            19.3ms rx=2 busy=0
18:37:30.525     + 383.722s  M114                                     ok            13.3ms rx=2 busy=0
18:37:30.525     + 384.034s  M114                                     ok             2.6ms rx=2 busy=0
18:37:30.525     + 384.352s  M114                                     ok             1.2ms rx=2 busy=0
18:37:30.525     + 384.670s  M114                                     ok             1.4ms rx=2 busy=0
18:37:30.525     + 384.990s  M114                                     ok             1.6ms rx=2 busy=0
18:37:30.525     + 385.310s  M114                                     ok             1.6ms rx=2 busy=0
18:37:30.525     + 385.631s  M114                                     ok             1.6ms rx=2 busy=0
18:37:30.525     + 385.950s  M114                                     ok             1.6ms rx=2 busy=0
18:37:30.525     + 386.270s  M114                                     ok             2.1ms rx=2 busy=0
18:37:30.526     + 386.594s  M114                                     ok             5.6ms rx=2 busy=0
18:37:30.526     + 386.912s  M114                                     ok             2.1ms rx=2 busy=0
18:37:30.526     + 387.230s  M114                                     ok             1.6ms rx=2 busy=0
18:37:30.526     + 387.554s  M114                                     ok             5.3ms rx=2 busy=0
18:37:30.526     + 387.877s  M114                                     ok             4.8ms rx=2 busy=0
18:37:30.526     + 388.191s  M114                                     ok             2.0ms rx=2 busy=0
18:37:30.526     + 388.510s  M114                                     ok             1.4ms rx=2 busy=0
18:37:30.526     + 388.830s  M114                                     ok             1.9ms rx=2 busy=0
18:37:30.526     + 389.150s  M114                                     ok             1.6ms rx=2 busy=0
18:37:30.526     + 389.470s  M114                                     ok             1.2ms rx=2 busy=0
18:37:30.526     + 389.790s  M114                                     ok             1.9ms rx=2 busy=0
18:37:30.526     + 390.110s  M114                                     ok             1.6ms rx=2 busy=0
18:37:30.526     + 390.431s  M114                                     ok             2.3ms rx=2 busy=0
18:37:30.526     + 390.751s  M114                                     ok             2.9ms rx=2 busy=0
18:37:30.526     + 391.070s  M114                                     ok             1.5ms rx=2 busy=0
18:37:30.526     + 391.391s  M114                                     ok             1.7ms rx=2 busy=0
18:37:30.526     + 391.717s  M114                                     ok             1.7ms rx=2 busy=0
18:37:30.526     + 392.033s  M114                                     ok             1.8ms rx=2 busy=0
18:37:30.526     + 392.358s  M114                                     ok             5.4ms rx=2 busy=0
18:37:30.527     + 392.694s  M114                                     ok            24.3ms rx=2 busy=0
18:37:30.527     + 393.009s  M114                                     ok             2.4ms rx=2 busy=0
18:37:30.527     + 393.327s  M114                                     ok             2.3ms rx=2 busy=0
18:37:30.527     + 393.646s  M114                                     ok             1.4ms rx=2 busy=0
18:37:30.527     + 393.966s  M114                                     ok             1.2ms rx=2 busy=0
18:37:30.527     + 394.286s  M114                                     ok             1.3ms rx=2 busy=0
18:37:30.527     + 394.607s  M114                                     ok             2.1ms rx=2 busy=0
18:37:30.527     + 394.927s  M114                                     ok             1.6ms rx=2 busy=0
18:37:30.527     + 395.251s  M114                                     ok             2.4ms rx=2 busy=0
18:37:30.527     + 395.572s  M114                                     ok             5.4ms rx=2 busy=0
18:37:30.527     + 395.886s  M114                                     ok             1.2ms rx=2 busy=0
18:37:30.527     + 396.207s  M114                                     ok             1.3ms rx=2 busy=0
18:37:30.527     + 396.527s  M114                                     ok             1.3ms rx=2 busy=0
18:37:30.527     + 396.858s  M114                                     ok            13.1ms rx=2 busy=0
18:37:30.527     + 397.167s  M114                                     ok             2.5ms rx=2 busy=0
18:37:30.527     + 397.486s  M114                                     ok             1.5ms rx=2 busy=0
18:37:30.527     + 397.806s  M114                                     ok             1.6ms rx=2 busy=0
18:37:30.527     + 398.127s  M114                                     ok             1.4ms rx=2 busy=0
18:37:30.527     + 398.446s  M114                                     ok             1.3ms rx=2 busy=0
18:37:30.527     + 398.766s  M114                                     ok             1.3ms rx=2 busy=0
18:37:30.528     + 399.090s  M114                                     ok             5.9ms rx=2 busy=0
18:37:30.528     + 399.098s  G0 F1.0 X1.0000                          ok             1.4ms rx=1 busy=0
18:37:30.528     + 399.118s  M114                                     ok             1.3ms rx=2 busy=0
18:37:30.528     + 399.411s  M114                                     ok             1.6ms rx=2 busy=0
18:37:30.528     + 399.727s  M114                                     ok             1.3ms rx=2 busy=0
18:37:30.528     + 400.046s  M114                                     ok             1.3ms rx=2 busy=0
18:37:30.528     + 400.366s  M114                                     ok             1.4ms rx=2 busy=0
18:37:30.528     + 400.686s  M114                                     ok             1.2ms rx=2 busy=0
18:37:30.528     + 401.006s  M114                                     ok             1.3ms rx=2 busy=0
18:37:30.528     + 401.326s  M114                                     ok             1.4ms rx=2 busy=0
18:37:30.528     + 401.646s  M114                                     ok             1.2ms rx=2 busy=0
18:37:30.528     + 401.966s  M114                                     ok             1.3ms rx=2 busy=0
18:37:30.528     + 402.295s  M114                                     ok             9.2ms rx=2 busy=0
18:37:30.528     + 402.617s  M114                                     ok            12.7ms rx=2 busy=0
18:37:30.528     + 402.926s  M114                                     ok             1.4ms rx=2 busy=0
18:37:30.528     + 403.246s  M114                                     ok             1.4ms rx=2 busy=0
18:37:30.528     + 403.566s  M114                                     ok             1.3ms rx=2 busy=0
18:37:30.528     + 403.886s  M114                                     ok             1.3ms rx=2 busy=0
18:37:30.528     + 404.206s  M114                                     ok             1.2ms rx=2 busy=0
18:37:30.528     + 404.526s  M114                                     ok             1.9ms rx=2 busy=0
18:37:30.528     + 404.847s  M114                                     ok             1.8ms rx=2 busy=0
18:37:30.528     + 405.166s  M114                                     ok             1.7ms rx=2 busy=0
18:37:30.528     + 405.487s  M114                                     ok             2.0ms rx=2 busy=0
18:37:30.528     + 405.814s  M114                                     ok             9.2ms rx=2 busy=0
18:37:30.528     + 406.149s  M114                                     ok            22.3ms rx=2 busy=0
18:37:30.528     + 406.463s  M114                                     ok             2.2ms rx=2 busy=0
18:37:30.528     + 406.782s  M114                                     ok             1.2ms rx=2 busy=0
18:37:30.528     + 407.102s  M114                                     ok             1.7ms rx=2 busy=0
18:37:30.528     + 407.422s  M114                                     ok             1.2ms rx=2 busy=0
18:37:30.528     + 407.742s  M114                                     ok             1.3ms rx=2 busy=0
18:37:30.528     + 408.063s  M114                                     ok             2.4ms rx=2 busy=0
18:37:30.529     + 408.384s  M114                                     ok             2.5ms rx=2 busy=0
18:37:30.529     + 408.709s  M114                                     ok             8.1ms rx=2 busy=0
18:37:30.529     + 409.022s  M114                                     ok             1.3ms rx=2 busy=0
18:37:30.529     + 409.344s  M114                                     ok             1.3ms rx=2 busy=0
18:37:30.529     + 409.663s  M114                                     ok             2.7ms rx=2 busy=0
18:37:30.529     + 409.983s  M114                                     ok             1.3ms rx=2 busy=0
18:37:30.529     + 410.313s  M114                                     ok            12.2ms rx=2 busy=0
18:37:30.529     + 410.622s  M114                                     ok             2.0ms rx=2 busy=0
18:37:30.529     + 410.943s  M114                                     ok             1.7ms rx=2 busy=0
18:37:30.529     + 411.262s  M114                                     ok             1.2ms rx=2 busy=0
18:37:30.529     + 411.586s  M114                                     ok             2.8ms rx=2 busy=0
18:37:30.529     + 411.903s  M114                                     ok             2.1ms rx=2 busy=0
18:37:30.529     + 412.231s  M114                                     ok             6.7ms rx=2 busy=0
18:37:30.529     + 412.543s  M114                                     ok             2.1ms rx=2 busy=0
18:37:30.529     + 412.862s  M114                                     ok             1.2ms rx=2 busy=0
18:37:30.529     + 413.183s  M114                                     ok             2.4ms rx=2 busy=0
18:37:30.529     + 413.502s  M114                                     ok             1.7ms rx=2 busy=0
18:37:30.529     + 413.822s  M114                                     ok             1.2ms rx=2 busy=0
18:37:30.529     + 414.142s  M114                                     ok             1.2ms rx=2 busy=0
18:37:30.529     + 414.462s  M114                                     ok             1.2ms rx=2 busy=0
18:37:30.529     + 414.782s  M114                                     ok             1.6ms rx=2 busy=0
18:37:30.529     + 415.102s  M114                                     ok             1.3ms rx=2 busy=0
18:37:30.529     + 415.422s  M114                                     ok             1.6ms rx=2 busy=0
18:37:30.530     + 415.752s  M114                                     ok             7.2ms rx=2 busy=0
18:37:30.530     + 416.064s  M114                                     ok             1.5ms rx=2 busy=0
18:37:30.530     + 416.382s  M114                                     ok             1.2ms rx=2 busy=0
18:37:30.530     + 416.703s  M114                                     ok             2.2ms rx=2 busy=0
18:37:30.530     + 417.022s  M114                                     ok             1.6ms rx=2 busy=0
18:37:30.530     + 417.342s  M114                                     ok             1.6ms rx=2 busy=0
18:37:30.530     + 417.663s  M114                                     ok             1.8ms rx=2 busy=0
18:37:30.530     + 417.982s  M114                                     ok             1.3ms rx=2 busy=0
18:37:30.530     + 418.303s  M114                                     ok             1.5ms rx=2 busy=0
18:37:30.530     + 418.622s  M114                                     ok             1.3ms rx=2 busy=0
18:37:30.530     + 418.942s  M114                                     ok             1.3ms rx=2 busy=0
18:37:30.530     + 419.264s  M114                                     ok             2.7ms rx=2 busy=0
18:37:30.530     + 419.612s  M114                                     ok            30.7ms rx=2 busy=0
18:37:30.530     + 419.934s  M114                                     ok             1.6ms rx=2 busy=0
18:37:30.530     + 420.254s  M114                                     ok             1.6ms rx=2 busy=0
18:37:30.530     + 420.575s  M114                                     ok             1.5ms rx=2 busy=0
18:37:30.530     + 420.894s  M114                                     ok             1.3ms rx=2 busy=0
18:37:30.530     + 421.214s  M114                                     ok             1.2ms rx=2 busy=0
18:37:30.530     + 421.534s  M114                                     ok             1.2ms rx=2 busy=0
18:37:30.530     + 421.727s  G0 F1.0 X1.0000                          ok             1.1ms rx=1 busy=0
18:37:30.530     + 421.742s  M114                                     ok             1.6ms rx=2 busy=0
18:37:30.530     + 421.855s  M114                                     ok             2.2ms rx=2 busy=0
18:37:30.530     + 422.174s  M114                                     ok             1.4ms rx=2 busy=0
18:37:30.531     + 422.499s  M114                                     ok             3.9ms rx=2 busy=0
18:37:30.531     + 422.822s  M114                                     ok             6.0ms rx=2 busy=0
18:37:30.531     + 423.135s  M114                                     ok             1.3ms rx=2 busy=0
18:37:30.531     + 423.454s  M114                                     ok             1.3ms rx=2 busy=0
18:37:30.531     + 423.774s  M114                                     ok             1.7ms rx=2 busy=0
18:37:30.531     + 424.094s  M114                                     ok             1.6ms rx=2 busy=0
18:37:30.531     + 424.414s  M114                                     ok             1.5ms rx=2 busy=0
18:37:30.531     + 424.734s  M114                                     ok             1.3ms rx=2 busy=0
18:37:30.531     + 425.054s  M114                                     ok             1.7ms rx=2 busy=0
18:37:30.531     + 425.374s  M114                                     ok             1.3ms rx=2 busy=0
18:37:30.531     + 425.700s  M114                                     ok             6.7ms rx=2 busy=0
18:37:30.531     + 426.016s  M114                                     ok             1.3ms rx=2 busy=0
18:37:30.531     + 426.334s  M114                                     ok             1.3ms rx=2 busy=0
18:37:30.531     + 426.601s  G0 F1.0 X1.0000                          ok             1.4ms rx=1 busy=0
18:37:30.531     + 426.622s  M114                                     ok             1.4ms rx=2 busy=0
18:37:30.531     + 426.654s  M114                                     ok             1.3ms rx=2 busy=0
18:37:30.531     + 426.974s  M114                                     ok             1.9ms rx=2 busy=0
18:37:30.531     + 427.294s  M114                                     ok             1.6ms rx=2 busy=0
18:37:30.531     + 427.614s  M114                                     ok             1.4ms rx=2 busy=0
18:37:30.531     + 427.934s  M114                                     ok             1.9ms rx=2 busy=0
18:37:30.531     + 428.254s  M114                                     ok             1.2ms rx=2 busy=0
18:37:30.531     + 428.574s  M114                                     ok             1.8ms rx=2 busy=0
18:37:30.531     + 428.895s  M114                                     ok             1.6ms rx=2 busy=0
18:37:30.531     + 429.222s  M114                                     ok             7.8ms rx=2 busy=0
18:37:30.531     + 429.539s  M114                                     ok             3.8ms rx=2 busy=0
18:37:30.531     + 429.855s  M114                                     ok             1.5ms rx=2 busy=0
18:37:30.531     + 430.174s  M114                                     ok             1.4ms rx=2 busy=0
18:37:30.531     + 430.495s  M114                                     ok             1.8ms rx=2 busy=0
18:37:30.531     + 430.814s  M114                                     ok             1.3ms rx=2 busy=0
18:37:30.532     + 431.134s  M114                                     ok             1.2ms rx=2 busy=0
18:37:30.532     + 431.454s  M114                                     ok             1.6ms rx=2 busy=0
18:37:30.532     + 431.775s  M114                                     ok             2.1ms rx=2 busy=0
18:37:30.532     + 432.094s  M114                                     ok             1.3ms rx=2 busy=0
18:37:30.532     + 432.419s  M114                                     ok             4.5ms rx=2 busy=0
18:37:30.532     + 432.738s  M114                                     ok             1.6ms rx=2 busy=0
18:37:30.532     + 433.071s  M114                                     ok            17.8ms rx=2 busy=0
18:37:30.532     + 433.390s  M114                                     ok             1.2ms rx=2 busy=0
18:37:30.532     + 433.711s  M114                                     ok             2.7ms rx=2 busy=0
18:37:30.532     + 434.030s  M114                                     ok             1.7ms rx=2 busy=0
18:37:30.532     + 434.350s  M114                                     ok             1.3ms rx=2 busy=0
18:37:30.532     + 434.670s  M114                                     ok             1.3ms rx=2 busy=0
18:37:30.532     + 434.998s  M114                                     ok             8.3ms rx=2 busy=0
18:37:30.532     + 435.311s  M114                                     ok             1.3ms rx=2 busy=0
18:37:30.532     + 435.630s  M114                                     ok             1.3ms rx=2 busy=0
18:37:30.532     + 435.955s  M114                                     ok             6.2ms rx=2 busy=0
18:37:30.532     + 436.270s  M114                                     ok             2.0ms rx=2 busy=0
18:37:30.532     + 436.590s  M114                                     ok             1.3ms rx=2 busy=0
18:37:30.532     + 436.910s  M114                                     ok             1.4ms rx=2 busy=0
18:37:30.532     + 437.230s  M114                                     ok             1.4ms rx=2 busy=0
18:37:30.532     + 437.550s  M114                                     ok             1.5ms rx=2 busy=0
18:37:30.532     + 437.870s  M114                                     ok             1.3ms rx=2 busy=0
18:37:30.532     + 438.191s  M114                                     ok             2.0ms rx=2 busy=0
18:37:30.532     + 438.510s  M114                                     ok             1.5ms rx=2 busy=0
18:37:30.532     + 438.837s  M114                                     ok             4.2ms rx=2 busy=0
18:37:30.532     + 439.152s  M114                                     ok             1.6ms rx=2 busy=0
18:37:30.532     + 439.470s  M114                                     ok             1.4ms rx=2 busy=0
18:37:30.533     + 439.790s  M114                                     ok             1.4ms rx=2 busy=0
18:37:30.533     + 440.110s  M114                                     ok             1.4ms rx=2 busy=0
18:37:30.533     + 440.430s  M114                                     ok             1.5ms rx=2 busy=0
18:37:30.533     + 440.750s  M114                                     ok             1.3ms rx=2 busy=0
18:37:30.533     + 441.072s  M114                                     ok             3.3ms rx=2 busy=0
18:37:30.533     + 441.390s  M114                                     ok             1.3ms rx=2 busy=0
18:37:30.533     + 441.712s  M114                                     ok             3.3ms rx=2 busy=0
18:37:30.533     + 442.034s  M114                                     ok             3.2ms rx=2 busy=0
18:37:30.533     + 442.350s  M114                                     ok             1.3ms rx=2 busy=0
18:37:30.533     + 442.678s  M114                                     ok             6.7ms rx=2 busy=0
18:37:30.533     + 442.991s  M114                                     ok             1.8ms rx=2 busy=0
18:37:30.533     + 443.310s  M114                                     ok             1.5ms rx=2 busy=0
18:37:30.533     + 443.630s  M114                                     ok             1.3ms rx=2 busy=0
18:37:30.533     + 443.950s  M114                                     ok             1.2ms rx=2 busy=0
18:37:30.533     + 444.271s  M114                                     ok             2.2ms rx=2 busy=0
18:37:30.533     + 444.591s  M114                                     ok             2.2ms rx=2 busy=0
18:37:30.533     + 444.911s  M114                                     ok             1.8ms rx=2 busy=0
18:37:30.533     + 470.931s  G0 F21.0 X1.0000                         ok         25758.9ms rx=13 busy=12
18:37:30.533     + 470.940s  M114                                     ok         25711.1ms rx=2 busy=0
18:37:30.533     + 470.958s  M114                                     ok             1.4ms rx=2 busy=0
18:37:30.533     + 471.263s  M114                                     ok             2.3ms rx=2 busy=0
18:37:30.533     + 471.582s  M114                                     ok             1.3ms rx=2 busy=0
18:37:30.533     + 471.905s  M114                                     ok             1.3ms rx=2 busy=0
18:37:30.533     + 472.222s  M114                                     ok             1.3ms rx=2 busy=0
18:37:30.533     + 472.542s  M114                                     ok             1.3ms rx=2 busy=0
18:37:30.533     + 472.862s  M114                                     ok             1.3ms rx=2 busy=0
18:37:30.533     + 473.182s  M114                                     ok             1.3ms rx=2 busy=0
18:37:30.534 ANOMALY M114                                     ok         35414.5ms rx=2 busy=0
18:37:30.534     + 473.504s  M114                                     ok             2.7ms rx=2 busy=0
18:37:30.534     + 473.822s  M114                                     ok             1.3ms rx=2 busy=0
18:37:30.534     + 474.144s  M114                                     ok             2.6ms rx=2 busy=0
18:37:30.534     + 474.485s  M114                                     ok            24.1ms rx=2 busy=0
18:37:30.534     + 474.798s  M114                                     ok             1.6ms rx=2 busy=0
18:37:30.534     + 475.122s  M114                                     ok             5.0ms rx=2 busy=0
18:37:30.534     + 475.439s  M114                                     ok             1.6ms rx=2 busy=0
18:37:30.534     + 475.759s  M114                                     ok             2.0ms rx=2 busy=0
18:37:30.534     + 476.079s  M114                                     ok             1.9ms rx=2 busy=0
18:37:30.534     + 476.398s  M114                                     ok             1.5ms rx=2 busy=0
18:37:30.534     + 476.719s  M114                                     ok             1.5ms rx=2 busy=0
18:37:30.534     + 477.038s  M114                                     ok             1.6ms rx=2 busy=0
18:37:30.534     + 477.359s  M114                                     ok             1.3ms rx=2 busy=0
18:37:30.534     + 477.679s  M114                                     ok             1.6ms rx=2 busy=0
18:37:30.534     + 478.006s  M114                                     ok             7.5ms rx=2 busy=0
18:37:30.534     + 478.318s  M114                                     ok             1.4ms rx=2 busy=0
18:37:30.534     + 478.638s  M114                                     ok             1.8ms rx=2 busy=0
18:37:30.534     + 478.958s  M114                                     ok             1.5ms rx=2 busy=0
18:37:30.534     + 479.278s  M114                                     ok             1.5ms rx=2 busy=0
18:37:30.534     + 479.598s  M114                                     ok             1.7ms rx=2 busy=0
18:37:30.534     + 479.919s  M114                                     ok             1.7ms rx=2 busy=0
18:37:30.535     + 480.238s  M114                                     ok             1.7ms rx=2 busy=0
18:37:30.535     + 480.559s  M114                                     ok             2.4ms rx=2 busy=0
18:37:30.535     + 480.881s  M114                                     ok             4.4ms rx=2 busy=0
18:37:30.535     + 481.198s  M114                                     ok             1.5ms rx=2 busy=0
18:37:30.535     + 481.518s  M114                                     ok             1.5ms rx=2 busy=0
18:37:30.535     + 481.838s  M114                                     ok             1.7ms rx=2 busy=0
18:37:30.535     + 482.158s  M114                                     ok             1.4ms rx=2 busy=0
18:37:30.535     + 482.478s  M114                                     ok             1.5ms rx=2 busy=0
18:37:30.535     + 482.799s  M114                                     ok             1.5ms rx=2 busy=0
18:37:30.535     + 483.118s  M114                                     ok             1.5ms rx=2 busy=0
18:37:30.535     + 483.439s  M114                                     ok             2.1ms rx=2 busy=0
18:37:30.535     + 483.789s  M114                                     ok            28.3ms rx=2 busy=0
18:37:30.535     + 484.111s  M114                                     ok             1.8ms rx=2 busy=0
18:37:30.536     + 484.431s  M114                                     ok             2.6ms rx=2 busy=0
18:37:30.536     + 484.751s  M114                                     ok             1.9ms rx=2 busy=0
18:37:30.536     + 485.070s  M114                                     ok             1.4ms rx=2 busy=0
18:37:30.536     + 485.390s  M114                                     ok             1.7ms rx=2 busy=0
18:37:30.536     + 485.724s  M114                                     ok            10.1ms rx=2 busy=0
18:37:30.536     + 486.046s  M114                                     ok             1.4ms rx=2 busy=0
18:37:30.536     + 486.366s  M114                                     ok             1.6ms rx=2 busy=0
18:37:30.536     + 486.687s  M114                                     ok             1.9ms rx=2 busy=0
18:37:30.536     + 487.006s  M114                                     ok             1.5ms rx=2 busy=0
18:37:30.536     + 487.332s  M114                                     ok             3.1ms rx=2 busy=0
18:37:30.536     + 487.655s  M114                                     ok             7.5ms rx=2 busy=0
18:37:30.536     + 487.968s  M114                                     ok             1.7ms rx=2 busy=0
18:37:30.536     + 488.299s  M114                                     ok             7.0ms rx=2 busy=0
18:37:30.536     + 488.607s  M114                                     ok             1.3ms rx=2 busy=0
18:37:30.536     + 488.949s  M114                                     ok            24.3ms rx=2 busy=0
18:37:30.536     + 489.359s  M114                                     ok            17.6ms rx=2 busy=0
18:37:30.536     + 489.684s  M114                                     ok             2.5ms rx=2 busy=0
18:37:30.536     + 490.008s  M114                                     ok            11.4ms rx=2 busy=0
18:37:30.536     + 490.318s  M114                                     ok             1.5ms rx=2 busy=0
18:37:30.536     + 490.639s  M114                                     ok             2.0ms rx=2 busy=0
18:37:30.536     + 490.958s  M114                                     ok             1.4ms rx=2 busy=0
18:37:30.536     + 491.278s  M114                                     ok             1.5ms rx=2 busy=0
18:37:30.536     + 491.598s  M114                                     ok             1.5ms rx=2 busy=0
18:37:30.536     + 491.918s  M114                                     ok             1.5ms rx=2 busy=0
18:37:30.536     + 492.238s  M114                                     ok             1.5ms rx=2 busy=0
18:37:30.536     + 492.559s  M114                                     ok             2.3ms rx=2 busy=0
18:37:30.536     + 492.879s  M114                                     ok             1.6ms rx=2 busy=0
18:37:30.536     + 493.198s  M114                                     ok             1.5ms rx=2 busy=0
18:37:30.536     + 493.529s  M114                                     ok            11.2ms rx=2 busy=0
18:37:30.536     + 493.842s  M114                                     ok             1.5ms rx=2 busy=0
18:37:30.536     + 494.167s  M114                                     ok             7.7ms rx=2 busy=0
18:37:30.536     + 494.481s  M114                                     ok             1.6ms rx=2 busy=0
18:37:30.536     + 494.799s  M114                                     ok             1.5ms rx=2 busy=0
18:37:30.536     + 530.521s  G0 F21.0 X1.0000                         ok         35717.4ms rx=18 busy=17
18:37:30.536 ---- end recent ----
18:38:30.113 ANOMALY G0 F111.0 X1.0000                        ok         48104.4ms rx=25 busy=24
18:38:30.113 ---- recent ZP transactions (anomaly: G0 F111.0 X1.0000 -> ok) [300] ----
18:38:30.113     + 388.191s  M114                                     ok             2.0ms rx=2 busy=0
18:38:30.113     + 388.510s  M114                                     ok             1.4ms rx=2 busy=0
18:38:30.113     + 388.830s  M114                                     ok             1.9ms rx=2 busy=0
18:38:30.113     + 389.150s  M114                                     ok             1.6ms rx=2 busy=0
18:38:30.113     + 389.470s  M114                                     ok             1.2ms rx=2 busy=0
18:38:30.113     + 389.790s  M114                                     ok             1.9ms rx=2 busy=0
18:38:30.113     + 390.110s  M114                                     ok             1.6ms rx=2 busy=0
18:38:30.113     + 390.431s  M114                                     ok             2.3ms rx=2 busy=0
18:38:30.113     + 390.751s  M114                                     ok             2.9ms rx=2 busy=0
18:38:30.113     + 391.070s  M114                                     ok             1.5ms rx=2 busy=0
18:38:30.113     + 391.391s  M114                                     ok             1.7ms rx=2 busy=0
18:38:30.113     + 391.717s  M114                                     ok             1.7ms rx=2 busy=0
18:38:30.113     + 392.033s  M114                                     ok             1.8ms rx=2 busy=0
18:38:30.113     + 392.358s  M114                                     ok             5.4ms rx=2 busy=0
18:38:30.113     + 392.694s  M114                                     ok            24.3ms rx=2 busy=0
18:38:30.113     + 393.009s  M114                                     ok             2.4ms rx=2 busy=0
18:38:30.114     + 393.327s  M114                                     ok             2.3ms rx=2 busy=0
18:38:30.114     + 393.646s  M114                                     ok             1.4ms rx=2 busy=0
18:38:30.114     + 393.966s  M114                                     ok             1.2ms rx=2 busy=0
18:38:30.114     + 394.286s  M114                                     ok             1.3ms rx=2 busy=0
18:38:30.114     + 394.607s  M114                                     ok             2.1ms rx=2 busy=0
18:38:30.114     + 394.927s  M114                                     ok             1.6ms rx=2 busy=0
18:38:30.114     + 395.251s  M114                                     ok             2.4ms rx=2 busy=0
18:38:30.114     + 395.572s  M114                                     ok             5.4ms rx=2 busy=0
18:38:30.114     + 395.886s  M114                                     ok             1.2ms rx=2 busy=0
18:38:30.114     + 396.207s  M114                                     ok             1.3ms rx=2 busy=0
18:38:30.114     + 396.527s  M114                                     ok             1.3ms rx=2 busy=0
18:38:30.114     + 396.858s  M114                                     ok            13.1ms rx=2 busy=0
18:38:30.114     + 397.167s  M114                                     ok             2.5ms rx=2 busy=0
18:38:30.114     + 397.486s  M114                                     ok             1.5ms rx=2 busy=0
18:38:30.114     + 397.806s  M114                                     ok             1.6ms rx=2 busy=0
18:38:30.114     + 398.127s  M114                                     ok             1.4ms rx=2 busy=0
18:38:30.114     + 398.446s  M114                                     ok             1.3ms rx=2 busy=0
18:38:30.114     + 398.766s  M114                                     ok             1.3ms rx=2 busy=0
18:38:30.114     + 399.090s  M114                                     ok             5.9ms rx=2 busy=0
18:38:30.114     + 399.098s  G0 F1.0 X1.0000                          ok             1.4ms rx=1 busy=0
18:38:30.114     + 399.118s  M114                                     ok             1.3ms rx=2 busy=0
18:38:30.114     + 399.411s  M114                                     ok             1.6ms rx=2 busy=0
18:38:30.114     + 399.727s  M114                                     ok             1.3ms rx=2 busy=0
18:38:30.114     + 400.046s  M114                                     ok             1.3ms rx=2 busy=0
18:38:30.114     + 400.366s  M114                                     ok             1.4ms rx=2 busy=0
18:38:30.114     + 400.686s  M114                                     ok             1.2ms rx=2 busy=0
18:38:30.114     + 401.006s  M114                                     ok             1.3ms rx=2 busy=0
18:38:30.115     + 401.326s  M114                                     ok             1.4ms rx=2 busy=0
18:38:30.115     + 401.646s  M114                                     ok             1.2ms rx=2 busy=0
18:38:30.115     + 401.966s  M114                                     ok             1.3ms rx=2 busy=0
18:38:30.115     + 402.295s  M114                                     ok             9.2ms rx=2 busy=0
18:38:30.115     + 402.617s  M114                                     ok            12.7ms rx=2 busy=0
18:38:30.115     + 402.926s  M114                                     ok             1.4ms rx=2 busy=0
18:38:30.115     + 403.246s  M114                                     ok             1.4ms rx=2 busy=0
18:38:30.115     + 403.566s  M114                                     ok             1.3ms rx=2 busy=0
18:38:30.115     + 403.886s  M114                                     ok             1.3ms rx=2 busy=0
18:38:30.115     + 404.206s  M114                                     ok             1.2ms rx=2 busy=0
18:38:30.115     + 404.526s  M114                                     ok             1.9ms rx=2 busy=0
18:38:30.115     + 404.847s  M114                                     ok             1.8ms rx=2 busy=0
18:38:30.115     + 405.166s  M114                                     ok             1.7ms rx=2 busy=0
18:38:30.115     + 405.487s  M114                                     ok             2.0ms rx=2 busy=0
18:38:30.115     + 405.814s  M114                                     ok             9.2ms rx=2 busy=0
18:38:30.115     + 406.149s  M114                                     ok            22.3ms rx=2 busy=0
18:38:30.115     + 406.463s  M114                                     ok             2.2ms rx=2 busy=0
18:38:30.115     + 406.782s  M114                                     ok             1.2ms rx=2 busy=0
18:38:30.115     + 407.102s  M114                                     ok             1.7ms rx=2 busy=0
18:38:30.115     + 407.422s  M114                                     ok             1.2ms rx=2 busy=0
18:38:30.115     + 407.742s  M114                                     ok             1.3ms rx=2 busy=0
18:38:30.115     + 408.063s  M114                                     ok             2.4ms rx=2 busy=0
18:38:30.115     + 408.384s  M114                                     ok             2.5ms rx=2 busy=0
18:38:30.115     + 408.709s  M114                                     ok             8.1ms rx=2 busy=0
18:38:30.115     + 409.022s  M114                                     ok             1.3ms rx=2 busy=0
18:38:30.115     + 409.344s  M114                                     ok             1.3ms rx=2 busy=0
18:38:30.115     + 409.663s  M114                                     ok             2.7ms rx=2 busy=0
18:38:30.115     + 409.983s  M114                                     ok             1.3ms rx=2 busy=0
18:38:30.115     + 410.313s  M114                                     ok            12.2ms rx=2 busy=0
18:38:30.115     + 410.622s  M114                                     ok             2.0ms rx=2 busy=0
18:38:30.115     + 410.943s  M114                                     ok             1.7ms rx=2 busy=0
18:38:30.115     + 411.262s  M114                                     ok             1.2ms rx=2 busy=0
18:38:30.116     + 411.586s  M114                                     ok             2.8ms rx=2 busy=0
18:38:30.116     + 411.903s  M114                                     ok             2.1ms rx=2 busy=0
18:38:30.116     + 412.231s  M114                                     ok             6.7ms rx=2 busy=0
18:38:30.116     + 412.543s  M114                                     ok             2.1ms rx=2 busy=0
18:38:30.116     + 412.862s  M114                                     ok             1.2ms rx=2 busy=0
18:38:30.117     + 413.183s  M114                                     ok             2.4ms rx=2 busy=0
18:38:30.117     + 413.502s  M114                                     ok             1.7ms rx=2 busy=0
18:38:30.117     + 413.822s  M114                                     ok             1.2ms rx=2 busy=0
18:38:30.117     + 414.142s  M114                                     ok             1.2ms rx=2 busy=0
18:38:30.117     + 414.462s  M114                                     ok             1.2ms rx=2 busy=0
18:38:30.117     + 414.782s  M114                                     ok             1.6ms rx=2 busy=0
18:38:30.117     + 415.102s  M114                                     ok             1.3ms rx=2 busy=0
18:38:30.117     + 415.422s  M114                                     ok             1.6ms rx=2 busy=0
18:38:30.117     + 415.752s  M114                                     ok             7.2ms rx=2 busy=0
18:38:30.117     + 416.064s  M114                                     ok             1.5ms rx=2 busy=0
18:38:30.117     + 416.382s  M114                                     ok             1.2ms rx=2 busy=0
18:38:30.117     + 416.703s  M114                                     ok             2.2ms rx=2 busy=0
18:38:30.117     + 417.022s  M114                                     ok             1.6ms rx=2 busy=0
18:38:30.117     + 417.342s  M114                                     ok             1.6ms rx=2 busy=0
18:38:30.117     + 417.663s  M114                                     ok             1.8ms rx=2 busy=0
18:38:30.117     + 417.982s  M114                                     ok             1.3ms rx=2 busy=0
18:38:30.117     + 418.303s  M114                                     ok             1.5ms rx=2 busy=0
18:38:30.117     + 418.622s  M114                                     ok             1.3ms rx=2 busy=0
18:38:30.117     + 418.942s  M114                                     ok             1.3ms rx=2 busy=0
18:38:30.117     + 419.264s  M114                                     ok             2.7ms rx=2 busy=0
18:38:30.117     + 419.612s  M114                                     ok            30.7ms rx=2 busy=0
18:38:30.117     + 419.934s  M114                                     ok             1.6ms rx=2 busy=0
18:38:30.117     + 420.254s  M114                                     ok             1.6ms rx=2 busy=0
18:38:30.117     + 420.575s  M114                                     ok             1.5ms rx=2 busy=0
18:38:30.117     + 420.894s  M114                                     ok             1.3ms rx=2 busy=0
18:38:30.117     + 421.214s  M114                                     ok             1.2ms rx=2 busy=0
18:38:30.117     + 421.534s  M114                                     ok             1.2ms rx=2 busy=0
18:38:30.117     + 421.727s  G0 F1.0 X1.0000                          ok             1.1ms rx=1 busy=0
18:38:30.117     + 421.742s  M114                                     ok             1.6ms rx=2 busy=0
18:38:30.117     + 421.855s  M114                                     ok             2.2ms rx=2 busy=0
18:38:30.117     + 422.174s  M114                                     ok             1.4ms rx=2 busy=0
18:38:30.117     + 422.499s  M114                                     ok             3.9ms rx=2 busy=0
18:38:30.117     + 422.822s  M114                                     ok             6.0ms rx=2 busy=0
18:38:30.117     + 423.135s  M114                                     ok             1.3ms rx=2 busy=0
18:38:30.118     + 423.454s  M114                                     ok             1.3ms rx=2 busy=0
18:38:30.118     + 423.774s  M114                                     ok             1.7ms rx=2 busy=0
18:38:30.118     + 424.094s  M114                                     ok             1.6ms rx=2 busy=0
18:38:30.118     + 424.414s  M114                                     ok             1.5ms rx=2 busy=0
18:38:30.118     + 424.734s  M114                                     ok             1.3ms rx=2 busy=0
18:38:30.118     + 425.054s  M114                                     ok             1.7ms rx=2 busy=0
18:38:30.118     + 425.374s  M114                                     ok             1.3ms rx=2 busy=0
18:38:30.118     + 425.700s  M114                                     ok             6.7ms rx=2 busy=0
18:38:30.118     + 426.016s  M114                                     ok             1.3ms rx=2 busy=0
18:38:30.118 ANOMALY M114                                     ok         48055.1ms rx=2 busy=0
18:38:30.118     + 426.334s  M114                                     ok             1.3ms rx=2 busy=0
18:38:30.118     + 426.601s  G0 F1.0 X1.0000                          ok             1.4ms rx=1 busy=0
18:38:30.118     + 426.622s  M114                                     ok             1.4ms rx=2 busy=0
18:38:30.118     + 426.654s  M114                                     ok             1.3ms rx=2 busy=0
18:38:30.118     + 426.974s  M114                                     ok             1.9ms rx=2 busy=0
18:38:30.118     + 427.294s  M114                                     ok             1.6ms rx=2 busy=0
18:38:30.118     + 427.614s  M114                                     ok             1.4ms rx=2 busy=0
18:38:30.118     + 427.934s  M114                                     ok             1.9ms rx=2 busy=0
18:38:30.118     + 428.254s  M114                                     ok             1.2ms rx=2 busy=0
18:38:30.118     + 428.574s  M114                                     ok             1.8ms rx=2 busy=0
18:38:30.118     + 428.895s  M114                                     ok             1.6ms rx=2 busy=0
18:38:30.118     + 429.222s  M114                                     ok             7.8ms rx=2 busy=0
18:38:30.118     + 429.539s  M114                                     ok             3.8ms rx=2 busy=0
18:38:30.118     + 429.855s  M114                                     ok             1.5ms rx=2 busy=0
18:38:30.118     + 430.174s  M114                                     ok             1.4ms rx=2 busy=0
18:38:30.118     + 430.495s  M114                                     ok             1.8ms rx=2 busy=0
18:38:30.118     + 430.814s  M114                                     ok             1.3ms rx=2 busy=0
18:38:30.118     + 431.134s  M114                                     ok             1.2ms rx=2 busy=0
18:38:30.118     + 431.454s  M114                                     ok             1.6ms rx=2 busy=0
18:38:30.118     + 431.775s  M114                                     ok             2.1ms rx=2 busy=0
18:38:30.118     + 432.094s  M114                                     ok             1.3ms rx=2 busy=0
18:38:30.118     + 432.419s  M114                                     ok             4.5ms rx=2 busy=0
18:38:30.118     + 432.738s  M114                                     ok             1.6ms rx=2 busy=0
18:38:30.118     + 433.071s  M114                                     ok            17.8ms rx=2 busy=0
18:38:30.118     + 433.390s  M114                                     ok             1.2ms rx=2 busy=0
18:38:30.118     + 433.711s  M114                                     ok             2.7ms rx=2 busy=0
18:38:30.118     + 434.030s  M114                                     ok             1.7ms rx=2 busy=0
18:38:30.118     + 434.350s  M114                                     ok             1.3ms rx=2 busy=0
18:38:30.119     + 434.670s  M114                                     ok             1.3ms rx=2 busy=0
18:38:30.119     + 434.998s  M114                                     ok             8.3ms rx=2 busy=0
18:38:30.119     + 435.311s  M114                                     ok             1.3ms rx=2 busy=0
18:38:30.119     + 435.630s  M114                                     ok             1.3ms rx=2 busy=0
18:38:30.119     + 435.955s  M114                                     ok             6.2ms rx=2 busy=0
18:38:30.119     + 436.270s  M114                                     ok             2.0ms rx=2 busy=0
18:38:30.119     + 436.590s  M114                                     ok             1.3ms rx=2 busy=0
18:38:30.119     + 436.910s  M114                                     ok             1.4ms rx=2 busy=0
18:38:30.119     + 437.230s  M114                                     ok             1.4ms rx=2 busy=0
18:38:30.119     + 437.550s  M114                                     ok             1.5ms rx=2 busy=0
18:38:30.119     + 437.870s  M114                                     ok             1.3ms rx=2 busy=0
18:38:30.119     + 438.191s  M114                                     ok             2.0ms rx=2 busy=0
18:38:30.119     + 438.510s  M114                                     ok             1.5ms rx=2 busy=0
18:38:30.119     + 438.837s  M114                                     ok             4.2ms rx=2 busy=0
18:38:30.119     + 439.152s  M114                                     ok             1.6ms rx=2 busy=0
18:38:30.119     + 439.470s  M114                                     ok             1.4ms rx=2 busy=0
18:38:30.119     + 439.790s  M114                                     ok             1.4ms rx=2 busy=0
18:38:30.119     + 440.110s  M114                                     ok             1.4ms rx=2 busy=0
18:38:30.119     + 440.430s  M114                                     ok             1.5ms rx=2 busy=0
18:38:30.119     + 440.750s  M114                                     ok             1.3ms rx=2 busy=0
18:38:30.119     + 441.072s  M114                                     ok             3.3ms rx=2 busy=0
18:38:30.119     + 441.390s  M114                                     ok             1.3ms rx=2 busy=0
18:38:30.119     + 441.712s  M114                                     ok             3.3ms rx=2 busy=0
18:38:30.119     + 442.034s  M114                                     ok             3.2ms rx=2 busy=0
18:38:30.119     + 442.350s  M114                                     ok             1.3ms rx=2 busy=0
18:38:30.119     + 442.678s  M114                                     ok             6.7ms rx=2 busy=0
18:38:30.119     + 442.991s  M114                                     ok             1.8ms rx=2 busy=0
18:38:30.119     + 443.310s  M114                                     ok             1.5ms rx=2 busy=0
18:38:30.119     + 443.630s  M114                                     ok             1.3ms rx=2 busy=0
18:38:30.119     + 443.950s  M114                                     ok             1.2ms rx=2 busy=0
18:38:30.119     + 444.271s  M114                                     ok             2.2ms rx=2 busy=0
18:38:30.119     + 444.591s  M114                                     ok             2.2ms rx=2 busy=0
18:38:30.119     + 444.911s  M114                                     ok             1.8ms rx=2 busy=0
18:38:30.119     + 470.931s  G0 F21.0 X1.0000                         ok         25758.9ms rx=13 busy=12
18:38:30.119     + 470.940s  M114                                     ok         25711.1ms rx=2 busy=0
18:38:30.119     + 470.958s  M114                                     ok             1.4ms rx=2 busy=0
18:38:30.119     + 471.263s  M114                                     ok             2.3ms rx=2 busy=0
18:38:30.119     + 471.582s  M114                                     ok             1.3ms rx=2 busy=0
18:38:30.119     + 471.905s  M114                                     ok             1.3ms rx=2 busy=0
18:38:30.119     + 472.222s  M114                                     ok             1.3ms rx=2 busy=0
18:38:30.119     + 472.542s  M114                                     ok             1.3ms rx=2 busy=0
18:38:30.119     + 472.862s  M114                                     ok             1.3ms rx=2 busy=0
18:38:30.119     + 473.182s  M114                                     ok             1.3ms rx=2 busy=0
18:38:30.119     + 473.504s  M114                                     ok             2.7ms rx=2 busy=0
18:38:30.119     + 473.822s  M114                                     ok             1.3ms rx=2 busy=0
18:38:30.119     + 474.144s  M114                                     ok             2.6ms rx=2 busy=0
18:38:30.119     + 474.485s  M114                                     ok            24.1ms rx=2 busy=0
18:38:30.119     + 474.798s  M114                                     ok             1.6ms rx=2 busy=0
18:38:30.119     + 475.122s  M114                                     ok             5.0ms rx=2 busy=0
18:38:30.119     + 475.439s  M114                                     ok             1.6ms rx=2 busy=0
18:38:30.119     + 475.759s  M114                                     ok             2.0ms rx=2 busy=0
18:38:30.119     + 476.079s  M114                                     ok             1.9ms rx=2 busy=0
18:38:30.119     + 476.398s  M114                                     ok             1.5ms rx=2 busy=0
18:38:30.120     + 476.719s  M114                                     ok             1.5ms rx=2 busy=0
18:38:30.120     + 477.038s  M114                                     ok             1.6ms rx=2 busy=0
18:38:30.120     + 477.359s  M114                                     ok             1.3ms rx=2 busy=0
18:38:30.120     + 477.679s  M114                                     ok             1.6ms rx=2 busy=0
18:38:30.120     + 478.006s  M114                                     ok             7.5ms rx=2 busy=0
18:38:30.120     + 478.318s  M114                                     ok             1.4ms rx=2 busy=0
18:38:30.120     + 478.638s  M114                                     ok             1.8ms rx=2 busy=0
18:38:30.120     + 478.958s  M114                                     ok             1.5ms rx=2 busy=0
18:38:30.120     + 479.278s  M114                                     ok             1.5ms rx=2 busy=0
18:38:30.120     + 479.598s  M114                                     ok             1.7ms rx=2 busy=0
18:38:30.120     + 479.919s  M114                                     ok             1.7ms rx=2 busy=0
18:38:30.120     + 480.238s  M114                                     ok             1.7ms rx=2 busy=0
18:38:30.120     + 480.559s  M114                                     ok             2.4ms rx=2 busy=0
18:38:30.120     + 480.881s  M114                                     ok             4.4ms rx=2 busy=0
18:38:30.120     + 481.198s  M114                                     ok             1.5ms rx=2 busy=0
18:38:30.120     + 481.518s  M114                                     ok             1.5ms rx=2 busy=0
18:38:30.120     + 481.838s  M114                                     ok             1.7ms rx=2 busy=0
18:38:30.120     + 482.158s  M114                                     ok             1.4ms rx=2 busy=0
18:38:30.120     + 482.478s  M114                                     ok             1.5ms rx=2 busy=0
18:38:30.120     + 482.799s  M114                                     ok             1.5ms rx=2 busy=0
18:38:30.120     + 483.118s  M114                                     ok             1.5ms rx=2 busy=0
18:38:30.120     + 483.439s  M114                                     ok             2.1ms rx=2 busy=0
18:38:30.120     + 483.789s  M114                                     ok            28.3ms rx=2 busy=0
18:38:30.120     + 484.111s  M114                                     ok             1.8ms rx=2 busy=0
18:38:30.120     + 484.431s  M114                                     ok             2.6ms rx=2 busy=0
18:38:30.120     + 484.751s  M114                                     ok             1.9ms rx=2 busy=0
18:38:30.120     + 485.070s  M114                                     ok             1.4ms rx=2 busy=0
18:38:30.120     + 485.390s  M114                                     ok             1.7ms rx=2 busy=0
18:38:30.120     + 485.724s  M114                                     ok            10.1ms rx=2 busy=0
18:38:30.120     + 486.046s  M114                                     ok             1.4ms rx=2 busy=0
18:38:30.120     + 486.366s  M114                                     ok             1.6ms rx=2 busy=0
18:38:30.120     + 486.687s  M114                                     ok             1.9ms rx=2 busy=0
18:38:30.120     + 487.006s  M114                                     ok             1.5ms rx=2 busy=0
18:38:30.120     + 487.332s  M114                                     ok             3.1ms rx=2 busy=0
18:38:30.120     + 487.655s  M114                                     ok             7.5ms rx=2 busy=0
18:38:30.120     + 487.968s  M114                                     ok             1.7ms rx=2 busy=0
18:38:30.120     + 488.299s  M114                                     ok             7.0ms rx=2 busy=0
18:38:30.120     + 488.607s  M114                                     ok             1.3ms rx=2 busy=0
18:38:30.120     + 488.949s  M114                                     ok            24.3ms rx=2 busy=0
18:38:30.120     + 489.359s  M114                                     ok            17.6ms rx=2 busy=0
18:38:30.120     + 489.684s  M114                                     ok             2.5ms rx=2 busy=0
18:38:30.120     + 490.008s  M114                                     ok            11.4ms rx=2 busy=0
18:38:30.120     + 490.318s  M114                                     ok             1.5ms rx=2 busy=0
18:38:30.120     + 490.639s  M114                                     ok             2.0ms rx=2 busy=0
18:38:30.120     + 490.958s  M114                                     ok             1.4ms rx=2 busy=0
18:38:30.120     + 491.278s  M114                                     ok             1.5ms rx=2 busy=0
18:38:30.120     + 491.598s  M114                                     ok             1.5ms rx=2 busy=0
18:38:30.120     + 491.918s  M114                                     ok             1.5ms rx=2 busy=0
18:38:30.120     + 492.238s  M114                                     ok             1.5ms rx=2 busy=0
18:38:30.120     + 492.559s  M114                                     ok             2.3ms rx=2 busy=0
18:38:30.120     + 492.879s  M114                                     ok             1.6ms rx=2 busy=0
18:38:30.120     + 493.198s  M114                                     ok             1.5ms rx=2 busy=0
18:38:30.120     + 493.529s  M114                                     ok            11.2ms rx=2 busy=0
18:38:30.121     + 493.842s  M114                                     ok             1.5ms rx=2 busy=0
18:38:30.121     + 494.167s  M114                                     ok             7.7ms rx=2 busy=0
18:38:30.121     + 494.481s  M114                                     ok             1.6ms rx=2 busy=0
18:38:30.121     + 494.799s  M114                                     ok             1.5ms rx=2 busy=0
18:38:30.121     + 530.521s  G0 F21.0 X1.0000                         ok         35717.4ms rx=18 busy=17
18:38:30.121     + 530.531s  M114                                     ok         35414.5ms rx=2 busy=0
18:38:30.121     + 530.542s  M114                                     ok             1.3ms rx=2 busy=0
18:38:30.121     + 530.847s  M114                                     ok             2.5ms rx=2 busy=0
18:38:30.121     + 531.167s  M114                                     ok             2.1ms rx=2 busy=0
18:38:30.121     + 531.486s  M114                                     ok             1.8ms rx=2 busy=0
18:38:30.121     + 531.807s  M114                                     ok             2.0ms rx=2 busy=0
18:38:30.121     + 532.127s  M114                                     ok             2.0ms rx=2 busy=0
18:38:30.121     + 532.446s  M114                                     ok             1.3ms rx=2 busy=0
18:38:30.121     + 532.767s  M114                                     ok             2.0ms rx=2 busy=0
18:38:30.121     + 533.087s  M114                                     ok             2.7ms rx=2 busy=0
18:38:30.121     + 533.409s  M114                                     ok             1.8ms rx=2 busy=0
18:38:30.121     + 533.727s  M114                                     ok             1.9ms rx=2 busy=0
18:38:30.121     + 534.046s  M114                                     ok             1.3ms rx=2 busy=0
18:38:30.121     + 534.367s  M114                                     ok             1.8ms rx=2 busy=0
18:38:30.121     + 534.686s  M114                                     ok             1.2ms rx=2 busy=0
18:38:30.121     + 535.006s  M114                                     ok             1.9ms rx=2 busy=0
18:38:30.121     + 535.327s  M114                                     ok             2.3ms rx=2 busy=0
18:38:30.121     + 535.646s  M114                                     ok             1.4ms rx=2 busy=0
18:38:30.121     + 535.966s  M114                                     ok             1.5ms rx=2 busy=0
18:38:30.121     + 536.294s  M114                                     ok             4.2ms rx=2 busy=0
18:38:30.121     + 536.609s  M114                                     ok             1.3ms rx=2 busy=0
18:38:30.121     + 536.935s  M114                                     ok             5.2ms rx=2 busy=0
18:38:30.121     + 537.248s  M114                                     ok             1.7ms rx=2 busy=0
18:38:30.121     + 537.566s  M114                                     ok             1.3ms rx=2 busy=0
18:38:30.121     + 537.887s  M114                                     ok             2.0ms rx=2 busy=0
18:38:30.121     + 538.206s  M114                                     ok             1.6ms rx=2 busy=0
18:38:30.121     + 538.526s  M114                                     ok             1.7ms rx=2 busy=0
18:38:30.121     + 538.846s  M114                                     ok             1.2ms rx=2 busy=0
18:38:30.121     + 539.166s  M114                                     ok             1.3ms rx=2 busy=0
18:38:30.121     + 539.486s  M114                                     ok             1.8ms rx=2 busy=0
18:38:30.121     + 539.807s  M114                                     ok             2.3ms rx=2 busy=0
18:38:30.121     + 540.126s  M114                                     ok             1.2ms rx=2 busy=0
18:38:30.122     + 540.447s  M114                                     ok             2.0ms rx=2 busy=0
18:38:30.122     + 540.766s  M114                                     ok             1.2ms rx=2 busy=0
18:38:30.122     + 541.087s  M114                                     ok             2.4ms rx=2 busy=0
18:38:30.122     + 541.410s  M114                                     ok             1.6ms rx=2 busy=0
18:38:30.122     + 541.745s  M114                                     ok            20.5ms rx=2 busy=0
18:38:30.122     + 590.110s  G0 F111.0 X1.0000                        ok         48104.4ms rx=25 busy=24
18:38:30.122 ---- end recent ----
18:39:29.703 ANOMALY G0 F111.0 X1.0000                        ok         55360.9ms rx=28 busy=27
18:39:29.703 ---- recent ZP transactions (anomaly: G0 F111.0 X1.0000 -> ok) [300] ----
18:39:29.703     + 393.327s  M114                                     ok             2.3ms rx=2 busy=0
18:39:29.703     + 393.646s  M114                                     ok             1.4ms rx=2 busy=0
18:39:29.703     + 393.966s  M114                                     ok             1.2ms rx=2 busy=0
18:39:29.703     + 394.286s  M114                                     ok             1.3ms rx=2 busy=0
18:39:29.703     + 394.607s  M114                                     ok             2.1ms rx=2 busy=0
18:39:29.703     + 394.927s  M114                                     ok             1.6ms rx=2 busy=0
18:39:29.703     + 395.251s  M114                                     ok             2.4ms rx=2 busy=0
18:39:29.703     + 395.572s  M114                                     ok             5.4ms rx=2 busy=0
18:39:29.703     + 395.886s  M114                                     ok             1.2ms rx=2 busy=0
18:39:29.703     + 396.207s  M114                                     ok             1.3ms rx=2 busy=0
18:39:29.703     + 396.527s  M114                                     ok             1.3ms rx=2 busy=0
18:39:29.703     + 396.858s  M114                                     ok            13.1ms rx=2 busy=0
18:39:29.704     + 397.167s  M114                                     ok             2.5ms rx=2 busy=0
18:39:29.704     + 397.486s  M114                                     ok             1.5ms rx=2 busy=0
18:39:29.704     + 397.806s  M114                                     ok             1.6ms rx=2 busy=0
18:39:29.704     + 398.127s  M114                                     ok             1.4ms rx=2 busy=0
18:39:29.704     + 398.446s  M114                                     ok             1.3ms rx=2 busy=0
18:39:29.704     + 398.766s  M114                                     ok             1.3ms rx=2 busy=0
18:39:29.704     + 399.090s  M114                                     ok             5.9ms rx=2 busy=0
18:39:29.704     + 399.098s  G0 F1.0 X1.0000                          ok             1.4ms rx=1 busy=0
18:39:29.704     + 399.118s  M114                                     ok             1.3ms rx=2 busy=0
18:39:29.704     + 399.411s  M114                                     ok             1.6ms rx=2 busy=0
18:39:29.704     + 399.727s  M114                                     ok             1.3ms rx=2 busy=0
18:39:29.704     + 400.046s  M114                                     ok             1.3ms rx=2 busy=0
18:39:29.704     + 400.366s  M114                                     ok             1.4ms rx=2 busy=0
18:39:29.704     + 400.686s  M114                                     ok             1.2ms rx=2 busy=0
18:39:29.704     + 401.006s  M114                                     ok             1.3ms rx=2 busy=0
18:39:29.704     + 401.326s  M114                                     ok             1.4ms rx=2 busy=0
18:39:29.704     + 401.646s  M114                                     ok             1.2ms rx=2 busy=0
18:39:29.704     + 401.966s  M114                                     ok             1.3ms rx=2 busy=0
18:39:29.704     + 402.295s  M114                                     ok             9.2ms rx=2 busy=0
18:39:29.704     + 402.617s  M114                                     ok            12.7ms rx=2 busy=0
18:39:29.704     + 402.926s  M114                                     ok             1.4ms rx=2 busy=0
18:39:29.704     + 403.246s  M114                                     ok             1.4ms rx=2 busy=0
18:39:29.704     + 403.566s  M114                                     ok             1.3ms rx=2 busy=0
18:39:29.704     + 403.886s  M114                                     ok             1.3ms rx=2 busy=0
18:39:29.704     + 404.206s  M114                                     ok             1.2ms rx=2 busy=0
18:39:29.704     + 404.526s  M114                                     ok             1.9ms rx=2 busy=0
18:39:29.704     + 404.847s  M114                                     ok             1.8ms rx=2 busy=0
18:39:29.704     + 405.166s  M114                                     ok             1.7ms rx=2 busy=0
18:39:29.704     + 405.487s  M114                                     ok             2.0ms rx=2 busy=0
18:39:29.704     + 405.814s  M114                                     ok             9.2ms rx=2 busy=0
18:39:29.704     + 406.149s  M114                                     ok            22.3ms rx=2 busy=0
18:39:29.705     + 406.463s  M114                                     ok             2.2ms rx=2 busy=0
18:39:29.705     + 406.782s  M114                                     ok             1.2ms rx=2 busy=0
18:39:29.705     + 407.102s  M114                                     ok             1.7ms rx=2 busy=0
18:39:29.705     + 407.422s  M114                                     ok             1.2ms rx=2 busy=0
18:39:29.705     + 407.742s  M114                                     ok             1.3ms rx=2 busy=0
18:39:29.705     + 408.063s  M114                                     ok             2.4ms rx=2 busy=0
18:39:29.705     + 408.384s  M114                                     ok             2.5ms rx=2 busy=0
18:39:29.705     + 408.709s  M114                                     ok             8.1ms rx=2 busy=0
18:39:29.705     + 409.022s  M114                                     ok             1.3ms rx=2 busy=0
18:39:29.705     + 409.344s  M114                                     ok             1.3ms rx=2 busy=0
18:39:29.705     + 409.663s  M114                                     ok             2.7ms rx=2 busy=0
18:39:29.705     + 409.983s  M114                                     ok             1.3ms rx=2 busy=0
18:39:29.705     + 410.313s  M114                                     ok            12.2ms rx=2 busy=0
18:39:29.706     + 410.622s  M114                                     ok             2.0ms rx=2 busy=0
18:39:29.706     + 410.943s  M114                                     ok             1.7ms rx=2 busy=0
18:39:29.706     + 411.262s  M114                                     ok             1.2ms rx=2 busy=0
18:39:29.706     + 411.586s  M114                                     ok             2.8ms rx=2 busy=0
18:39:29.706     + 411.903s  M114                                     ok             2.1ms rx=2 busy=0
18:39:29.706     + 412.231s  M114                                     ok             6.7ms rx=2 busy=0
18:39:29.706     + 412.543s  M114                                     ok             2.1ms rx=2 busy=0
18:39:29.706     + 412.862s  M114                                     ok             1.2ms rx=2 busy=0
18:39:29.706     + 413.183s  M114                                     ok             2.4ms rx=2 busy=0
18:39:29.706     + 413.502s  M114                                     ok             1.7ms rx=2 busy=0
18:39:29.706     + 413.822s  M114                                     ok             1.2ms rx=2 busy=0
18:39:29.706     + 414.142s  M114                                     ok             1.2ms rx=2 busy=0
18:39:29.706     + 414.462s  M114                                     ok             1.2ms rx=2 busy=0
18:39:29.706     + 414.782s  M114                                     ok             1.6ms rx=2 busy=0
18:39:29.706     + 415.102s  M114                                     ok             1.3ms rx=2 busy=0
18:39:29.706     + 415.422s  M114                                     ok             1.6ms rx=2 busy=0
18:39:29.706     + 415.752s  M114                                     ok             7.2ms rx=2 busy=0
18:39:29.706     + 416.064s  M114                                     ok             1.5ms rx=2 busy=0
18:39:29.706     + 416.382s  M114                                     ok             1.2ms rx=2 busy=0
18:39:29.706     + 416.703s  M114                                     ok             2.2ms rx=2 busy=0
18:39:29.706     + 417.022s  M114                                     ok             1.6ms rx=2 busy=0
18:39:29.706     + 417.342s  M114                                     ok             1.6ms rx=2 busy=0
18:39:29.706     + 417.663s  M114                                     ok             1.8ms rx=2 busy=0
18:39:29.706     + 417.982s  M114                                     ok             1.3ms rx=2 busy=0
18:39:29.706     + 418.303s  M114                                     ok             1.5ms rx=2 busy=0
18:39:29.706     + 418.622s  M114                                     ok             1.3ms rx=2 busy=0
18:39:29.706     + 418.942s  M114                                     ok             1.3ms rx=2 busy=0
18:39:29.707     + 419.264s  M114                                     ok             2.7ms rx=2 busy=0
18:39:29.707     + 419.612s  M114                                     ok            30.7ms rx=2 busy=0
18:39:29.707     + 419.934s  M114                                     ok             1.6ms rx=2 busy=0
18:39:29.707     + 420.254s  M114                                     ok             1.6ms rx=2 busy=0
18:39:29.707     + 420.575s  M114                                     ok             1.5ms rx=2 busy=0
18:39:29.707     + 420.894s  M114                                     ok             1.3ms rx=2 busy=0
18:39:29.707     + 421.214s  M114                                     ok             1.2ms rx=2 busy=0
18:39:29.707     + 421.534s  M114                                     ok             1.2ms rx=2 busy=0
18:39:29.707     + 421.727s  G0 F1.0 X1.0000                          ok             1.1ms rx=1 busy=0
18:39:29.707     + 421.742s  M114                                     ok             1.6ms rx=2 busy=0
18:39:29.707     + 421.855s  M114                                     ok             2.2ms rx=2 busy=0
18:39:29.707     + 422.174s  M114                                     ok             1.4ms rx=2 busy=0
18:39:29.708     + 422.499s  M114                                     ok             3.9ms rx=2 busy=0
18:39:29.708     + 422.822s  M114                                     ok             6.0ms rx=2 busy=0
18:39:29.708     + 423.135s  M114                                     ok             1.3ms rx=2 busy=0
18:39:29.708     + 423.454s  M114                                     ok             1.3ms rx=2 busy=0
18:39:29.708     + 423.774s  M114                                     ok             1.7ms rx=2 busy=0
18:39:29.708     + 424.094s  M114                                     ok             1.6ms rx=2 busy=0
18:39:29.708     + 424.414s  M114                                     ok             1.5ms rx=2 busy=0
18:39:29.708     + 424.734s  M114                                     ok             1.3ms rx=2 busy=0
18:39:29.708     + 425.054s  M114                                     ok             1.7ms rx=2 busy=0
18:39:29.708     + 425.374s  M114                                     ok             1.3ms rx=2 busy=0
18:39:29.708     + 425.700s  M114                                     ok             6.7ms rx=2 busy=0
18:39:29.708     + 426.016s  M114                                     ok             1.3ms rx=2 busy=0
18:39:29.708     + 426.334s  M114                                     ok             1.3ms rx=2 busy=0
18:39:29.708     + 426.601s  G0 F1.0 X1.0000                          ok             1.4ms rx=1 busy=0
18:39:29.708     + 426.622s  M114                                     ok             1.4ms rx=2 busy=0
18:39:29.708     + 426.654s  M114                                     ok             1.3ms rx=2 busy=0
18:39:29.709     + 426.974s  M114                                     ok             1.9ms rx=2 busy=0
18:39:29.709     + 427.294s  M114                                     ok             1.6ms rx=2 busy=0
18:39:29.709     + 427.614s  M114                                     ok             1.4ms rx=2 busy=0
18:39:29.709     + 427.934s  M114                                     ok             1.9ms rx=2 busy=0
18:39:29.709     + 428.254s  M114                                     ok             1.2ms rx=2 busy=0
18:39:29.709     + 428.574s  M114                                     ok             1.8ms rx=2 busy=0
18:39:29.709     + 428.895s  M114                                     ok             1.6ms rx=2 busy=0
18:39:29.709     + 429.222s  M114                                     ok             7.8ms rx=2 busy=0
18:39:29.709     + 429.539s  M114                                     ok             3.8ms rx=2 busy=0
18:39:29.709     + 429.855s  M114                                     ok             1.5ms rx=2 busy=0
18:39:29.709     + 430.174s  M114                                     ok             1.4ms rx=2 busy=0
18:39:29.709     + 430.495s  M114                                     ok             1.8ms rx=2 busy=0
18:39:29.709     + 430.814s  M114                                     ok             1.3ms rx=2 busy=0
18:39:29.709     + 431.134s  M114                                     ok             1.2ms rx=2 busy=0
18:39:29.709     + 431.454s  M114                                     ok             1.6ms rx=2 busy=0
18:39:29.709     + 431.775s  M114                                     ok             2.1ms rx=2 busy=0
18:39:29.709     + 432.094s  M114                                     ok             1.3ms rx=2 busy=0
18:39:29.709     + 432.419s  M114                                     ok             4.5ms rx=2 busy=0
18:39:29.709     + 432.738s  M114                                     ok             1.6ms rx=2 busy=0
18:39:29.709     + 433.071s  M114                                     ok            17.8ms rx=2 busy=0
18:39:29.709     + 433.390s  M114                                     ok             1.2ms rx=2 busy=0
18:39:29.709     + 433.711s  M114                                     ok             2.7ms rx=2 busy=0
18:39:29.710     + 434.030s  M114                                     ok             1.7ms rx=2 busy=0
18:39:29.710     + 434.350s  M114                                     ok             1.3ms rx=2 busy=0
18:39:29.710     + 434.670s  M114                                     ok             1.3ms rx=2 busy=0
18:39:29.710     + 434.998s  M114                                     ok             8.3ms rx=2 busy=0
18:39:29.710     + 435.311s  M114                                     ok             1.3ms rx=2 busy=0
18:39:29.710     + 435.630s  M114                                     ok             1.3ms rx=2 busy=0
18:39:29.710     + 435.955s  M114                                     ok             6.2ms rx=2 busy=0
18:39:29.710     + 436.270s  M114                                     ok             2.0ms rx=2 busy=0
18:39:29.710     + 436.590s  M114                                     ok             1.3ms rx=2 busy=0
18:39:29.710     + 436.910s  M114                                     ok             1.4ms rx=2 busy=0
18:39:29.710     + 437.230s  M114                                     ok             1.4ms rx=2 busy=0
18:39:29.710     + 437.550s  M114                                     ok             1.5ms rx=2 busy=0
18:39:29.710     + 437.870s  M114                                     ok             1.3ms rx=2 busy=0
18:39:29.710     + 438.191s  M114                                     ok             2.0ms rx=2 busy=0
18:39:29.710     + 438.510s  M114                                     ok             1.5ms rx=2 busy=0
18:39:29.710     + 438.837s  M114                                     ok             4.2ms rx=2 busy=0
18:39:29.710     + 439.152s  M114                                     ok             1.6ms rx=2 busy=0
18:39:29.710     + 439.470s  M114                                     ok             1.4ms rx=2 busy=0
18:39:29.710     + 439.790s  M114                                     ok             1.4ms rx=2 busy=0
18:39:29.711     + 440.110s  M114                                     ok             1.4ms rx=2 busy=0
18:39:29.711     + 440.430s  M114                                     ok             1.5ms rx=2 busy=0
18:39:29.711     + 440.750s  M114                                     ok             1.3ms rx=2 busy=0
18:39:29.711     + 441.072s  M114                                     ok             3.3ms rx=2 busy=0
18:39:29.711     + 441.390s  M114                                     ok             1.3ms rx=2 busy=0
18:39:29.711     + 441.712s  M114                                     ok             3.3ms rx=2 busy=0
18:39:29.711     + 442.034s  M114                                     ok             3.2ms rx=2 busy=0
18:39:29.711     + 442.350s  M114                                     ok             1.3ms rx=2 busy=0
18:39:29.711     + 442.678s  M114                                     ok             6.7ms rx=2 busy=0
18:39:29.711     + 442.991s  M114                                     ok             1.8ms rx=2 busy=0
18:39:29.711     + 443.310s  M114                                     ok             1.5ms rx=2 busy=0
18:39:29.711     + 443.630s  M114                                     ok             1.3ms rx=2 busy=0
18:39:29.711     + 443.950s  M114                                     ok             1.2ms rx=2 busy=0
18:39:29.711     + 444.271s  M114                                     ok             2.2ms rx=2 busy=0
18:39:29.711     + 444.591s  M114                                     ok             2.2ms rx=2 busy=0
18:39:29.711     + 444.911s  M114                                     ok             1.8ms rx=2 busy=0
18:39:29.711     + 470.931s  G0 F21.0 X1.0000                         ok         25758.9ms rx=13 busy=12
18:39:29.711     + 470.940s  M114                                     ok         25711.1ms rx=2 busy=0
18:39:29.711     + 470.958s  M114                                     ok             1.4ms rx=2 busy=0
18:39:29.711     + 471.263s  M114                                     ok             2.3ms rx=2 busy=0
18:39:29.711     + 471.582s  M114                                     ok             1.3ms rx=2 busy=0
18:39:29.711     + 471.905s  M114                                     ok             1.3ms rx=2 busy=0
18:39:29.711     + 472.222s  M114                                     ok             1.3ms rx=2 busy=0
18:39:29.712 ANOMALY M114                                     ok         55088.6ms rx=2 busy=0
18:39:29.712     + 472.542s  M114                                     ok             1.3ms rx=2 busy=0
18:39:29.712     + 472.862s  M114                                     ok             1.3ms rx=2 busy=0
18:39:29.712     + 473.182s  M114                                     ok             1.3ms rx=2 busy=0
18:39:29.712     + 473.504s  M114                                     ok             2.7ms rx=2 busy=0
18:39:29.712     + 473.822s  M114                                     ok             1.3ms rx=2 busy=0
18:39:29.712     + 474.144s  M114                                     ok             2.6ms rx=2 busy=0
18:39:29.712     + 474.485s  M114                                     ok            24.1ms rx=2 busy=0
18:39:29.712     + 474.798s  M114                                     ok             1.6ms rx=2 busy=0
18:39:29.712     + 475.122s  M114                                     ok             5.0ms rx=2 busy=0
18:39:29.712     + 475.439s  M114                                     ok             1.6ms rx=2 busy=0
18:39:29.712     + 475.759s  M114                                     ok             2.0ms rx=2 busy=0
18:39:29.712     + 476.079s  M114                                     ok             1.9ms rx=2 busy=0
18:39:29.712     + 476.398s  M114                                     ok             1.5ms rx=2 busy=0
18:39:29.712     + 476.719s  M114                                     ok             1.5ms rx=2 busy=0
18:39:29.712     + 477.038s  M114                                     ok             1.6ms rx=2 busy=0
18:39:29.712     + 477.359s  M114                                     ok             1.3ms rx=2 busy=0
18:39:29.712     + 477.679s  M114                                     ok             1.6ms rx=2 busy=0
18:39:29.712     + 478.006s  M114                                     ok             7.5ms rx=2 busy=0
18:39:29.712     + 478.318s  M114                                     ok             1.4ms rx=2 busy=0
18:39:29.713     + 478.638s  M114                                     ok             1.8ms rx=2 busy=0
18:39:29.713     + 478.958s  M114                                     ok             1.5ms rx=2 busy=0
18:39:29.713     + 479.278s  M114                                     ok             1.5ms rx=2 busy=0
18:39:29.713     + 479.598s  M114                                     ok             1.7ms rx=2 busy=0
18:39:29.713     + 479.919s  M114                                     ok             1.7ms rx=2 busy=0
18:39:29.713     + 480.238s  M114                                     ok             1.7ms rx=2 busy=0
18:39:29.713     + 480.559s  M114                                     ok             2.4ms rx=2 busy=0
18:39:29.713     + 480.881s  M114                                     ok             4.4ms rx=2 busy=0
18:39:29.713     + 481.198s  M114                                     ok             1.5ms rx=2 busy=0
18:39:29.713     + 481.518s  M114                                     ok             1.5ms rx=2 busy=0
18:39:29.713     + 481.838s  M114                                     ok             1.7ms rx=2 busy=0
18:39:29.713     + 482.158s  M114                                     ok             1.4ms rx=2 busy=0
18:39:29.713     + 482.478s  M114                                     ok             1.5ms rx=2 busy=0
18:39:29.713     + 482.799s  M114                                     ok             1.5ms rx=2 busy=0
18:39:29.713     + 483.118s  M114                                     ok             1.5ms rx=2 busy=0
18:39:29.713     + 483.439s  M114                                     ok             2.1ms rx=2 busy=0
18:39:29.713     + 483.789s  M114                                     ok            28.3ms rx=2 busy=0
18:39:29.713     + 484.111s  M114                                     ok             1.8ms rx=2 busy=0
18:39:29.713     + 484.431s  M114                                     ok             2.6ms rx=2 busy=0
18:39:29.713     + 484.751s  M114                                     ok             1.9ms rx=2 busy=0
18:39:29.713     + 485.070s  M114                                     ok             1.4ms rx=2 busy=0
18:39:29.713     + 485.390s  M114                                     ok             1.7ms rx=2 busy=0
18:39:29.713     + 485.724s  M114                                     ok            10.1ms rx=2 busy=0
18:39:29.713     + 486.046s  M114                                     ok             1.4ms rx=2 busy=0
18:39:29.713     + 486.366s  M114                                     ok             1.6ms rx=2 busy=0
18:39:29.713     + 486.687s  M114                                     ok             1.9ms rx=2 busy=0
18:39:29.713     + 487.006s  M114                                     ok             1.5ms rx=2 busy=0
18:39:29.713     + 487.332s  M114                                     ok             3.1ms rx=2 busy=0
18:39:29.714     + 487.655s  M114                                     ok             7.5ms rx=2 busy=0
18:39:29.714     + 487.968s  M114                                     ok             1.7ms rx=2 busy=0
18:39:29.714     + 488.299s  M114                                     ok             7.0ms rx=2 busy=0
18:39:29.714     + 488.607s  M114                                     ok             1.3ms rx=2 busy=0
18:39:29.714     + 488.949s  M114                                     ok            24.3ms rx=2 busy=0
18:39:29.714     + 489.359s  M114                                     ok            17.6ms rx=2 busy=0
18:39:29.714     + 489.684s  M114                                     ok             2.5ms rx=2 busy=0
18:39:29.714     + 490.008s  M114                                     ok            11.4ms rx=2 busy=0
18:39:29.714     + 490.318s  M114                                     ok             1.5ms rx=2 busy=0
18:39:29.714     + 490.639s  M114                                     ok             2.0ms rx=2 busy=0
18:39:29.714     + 490.958s  M114                                     ok             1.4ms rx=2 busy=0
18:39:29.714     + 491.278s  M114                                     ok             1.5ms rx=2 busy=0
18:39:29.714     + 491.598s  M114                                     ok             1.5ms rx=2 busy=0
18:39:29.714     + 491.918s  M114                                     ok             1.5ms rx=2 busy=0
18:39:29.714     + 492.238s  M114                                     ok             1.5ms rx=2 busy=0
18:39:29.714     + 492.559s  M114                                     ok             2.3ms rx=2 busy=0
18:39:29.714     + 492.879s  M114                                     ok             1.6ms rx=2 busy=0
18:39:29.714     + 493.198s  M114                                     ok             1.5ms rx=2 busy=0
18:39:29.714     + 493.529s  M114                                     ok            11.2ms rx=2 busy=0
18:39:29.714     + 493.842s  M114                                     ok             1.5ms rx=2 busy=0
18:39:29.714     + 494.167s  M114                                     ok             7.7ms rx=2 busy=0
18:39:29.714     + 494.481s  M114                                     ok             1.6ms rx=2 busy=0
18:39:29.714     + 494.799s  M114                                     ok             1.5ms rx=2 busy=0
18:39:29.714     + 530.521s  G0 F21.0 X1.0000                         ok         35717.4ms rx=18 busy=17
18:39:29.714     + 530.531s  M114                                     ok         35414.5ms rx=2 busy=0
18:39:29.714     + 530.542s  M114                                     ok             1.3ms rx=2 busy=0
18:39:29.714     + 530.847s  M114                                     ok             2.5ms rx=2 busy=0
18:39:29.714     + 531.167s  M114                                     ok             2.1ms rx=2 busy=0
18:39:29.714     + 531.486s  M114                                     ok             1.8ms rx=2 busy=0
18:39:29.714     + 531.807s  M114                                     ok             2.0ms rx=2 busy=0
18:39:29.714     + 532.127s  M114                                     ok             2.0ms rx=2 busy=0
18:39:29.714     + 532.446s  M114                                     ok             1.3ms rx=2 busy=0
18:39:29.714     + 532.767s  M114                                     ok             2.0ms rx=2 busy=0
18:39:29.714     + 533.087s  M114                                     ok             2.7ms rx=2 busy=0
18:39:29.714     + 533.409s  M114                                     ok             1.8ms rx=2 busy=0
18:39:29.714     + 533.727s  M114                                     ok             1.9ms rx=2 busy=0
18:39:29.714     + 534.046s  M114                                     ok             1.3ms rx=2 busy=0
18:39:29.714     + 534.367s  M114                                     ok             1.8ms rx=2 busy=0
18:39:29.714     + 534.686s  M114                                     ok             1.2ms rx=2 busy=0
18:39:29.714     + 535.006s  M114                                     ok             1.9ms rx=2 busy=0
18:39:29.714     + 535.327s  M114                                     ok             2.3ms rx=2 busy=0
18:39:29.714     + 535.646s  M114                                     ok             1.4ms rx=2 busy=0
18:39:29.714     + 535.966s  M114                                     ok             1.5ms rx=2 busy=0
18:39:29.714     + 536.294s  M114                                     ok             4.2ms rx=2 busy=0
18:39:29.714     + 536.609s  M114                                     ok             1.3ms rx=2 busy=0
18:39:29.714     + 536.935s  M114                                     ok             5.2ms rx=2 busy=0
18:39:29.714     + 537.248s  M114                                     ok             1.7ms rx=2 busy=0
18:39:29.714     + 537.566s  M114                                     ok             1.3ms rx=2 busy=0
18:39:29.714     + 537.887s  M114                                     ok             2.0ms rx=2 busy=0
18:39:29.714     + 538.206s  M114                                     ok             1.6ms rx=2 busy=0
18:39:29.714     + 538.526s  M114                                     ok             1.7ms rx=2 busy=0
18:39:29.714     + 538.846s  M114                                     ok             1.2ms rx=2 busy=0
18:39:29.714     + 539.166s  M114                                     ok             1.3ms rx=2 busy=0
18:39:29.714     + 539.486s  M114                                     ok             1.8ms rx=2 busy=0
18:39:29.715     + 539.807s  M114                                     ok             2.3ms rx=2 busy=0
18:39:29.715     + 540.126s  M114                                     ok             1.2ms rx=2 busy=0
18:39:29.715     + 540.447s  M114                                     ok             2.0ms rx=2 busy=0
18:39:29.715     + 540.766s  M114                                     ok             1.2ms rx=2 busy=0
18:39:29.715     + 541.087s  M114                                     ok             2.4ms rx=2 busy=0
18:39:29.715     + 541.410s  M114                                     ok             1.6ms rx=2 busy=0
18:39:29.715     + 541.745s  M114                                     ok            20.5ms rx=2 busy=0
18:39:29.715     + 590.110s  G0 F111.0 X1.0000                        ok         48104.4ms rx=25 busy=24
18:39:29.715     + 590.115s  M114                                     ok         48055.1ms rx=2 busy=0
18:39:29.715     + 590.126s  M114                                     ok             1.5ms rx=2 busy=0
18:39:29.715     + 590.430s  M114                                     ok             1.5ms rx=2 busy=0
18:39:29.715     + 590.750s  M114                                     ok             1.5ms rx=2 busy=0
18:39:29.715     + 591.071s  M114                                     ok             2.1ms rx=2 busy=0
18:39:29.715     + 591.421s  M114                                     ok            31.7ms rx=2 busy=0
18:39:29.715     + 591.742s  M114                                     ok             1.4ms rx=2 busy=0
18:39:29.715     + 592.062s  M114                                     ok             1.3ms rx=2 busy=0
18:39:29.715     + 592.382s  M114                                     ok             1.2ms rx=2 busy=0
18:39:29.715     + 592.702s  M114                                     ok             2.0ms rx=2 busy=0
18:39:29.715     + 593.022s  M114                                     ok             1.2ms rx=2 busy=0
18:39:29.715     + 593.342s  M114                                     ok             1.3ms rx=2 busy=0
18:39:29.715     + 593.663s  M114                                     ok             1.3ms rx=2 busy=0
18:39:29.715     + 593.982s  M114                                     ok             1.5ms rx=2 busy=0
18:39:29.715     + 594.302s  M114                                     ok             1.4ms rx=2 busy=0
18:39:29.715     + 649.700s  G0 F111.0 X1.0000                        ok         55360.9ms rx=28 busy=27
18:39:29.715 ---- end recent ----
18:44:25.266 === ZP serial trace opened (mode=summary, pid=2680) at 2026-07-31T18:44:25 ===
18:44:25.266 STATS txns=250 ok=250 fail=0 reset=0 avg=3.0ms max=38.4ms
18:45:38.321 STATS txns=500 ok=500 fail=0 reset=0 avg=2.6ms max=38.4ms
18:46:55.841 STATS txns=750 ok=750 fail=0 reset=0 avg=2.6ms max=38.4ms
18:48:15.333 STATS txns=1000 ok=1000 fail=0 reset=0 avg=2.6ms max=38.4ms
18:49:29.041 STATS txns=1250 ok=1250 fail=0 reset=0 avg=2.6ms max=38.4ms
18:50:48.514 STATS txns=1500 ok=1500 fail=0 reset=0 avg=2.6ms max=38.4ms
18:52:07.043 STATS txns=1750 ok=1750 fail=0 reset=0 avg=2.6ms max=38.4ms
18:53:26.482 STATS txns=2000 ok=2000 fail=0 reset=0 avg=2.6ms max=38.4ms
18:54:45.969 STATS txns=2250 ok=2250 fail=0 reset=0 avg=2.6ms max=38.4ms
18:56:02.913 STATS txns=2500 ok=2500 fail=0 reset=0 avg=2.6ms max=38.4ms
18:57:22.354 STATS txns=2750 ok=2750 fail=0 reset=0 avg=2.6ms max=38.4ms
18:58:41.809 STATS txns=3000 ok=3000 fail=0 reset=0 avg=2.6ms max=38.4ms
19:00:00.961 STATS txns=3250 ok=3250 fail=0 reset=0 avg=2.6ms max=38.4ms
19:01:19.106 STATS txns=3500 ok=3500 fail=0 reset=0 avg=2.7ms max=38.4ms
19:02:34.770 STATS txns=3750 ok=3750 fail=0 reset=0 avg=2.7ms max=38.4ms
19:03:54.258 STATS txns=4000 ok=4000 fail=0 reset=0 avg=2.7ms max=38.4ms
19:05:10.231 STATS txns=4250 ok=4250 fail=0 reset=0 avg=2.7ms max=38.4ms
19:06:29.730 STATS txns=4500 ok=4500 fail=0 reset=0 avg=2.7ms max=38.4ms
19:07:48.338 STATS txns=4750 ok=4750 fail=0 reset=0 avg=2.8ms max=42.8ms
19:09:06.754 STATS txns=5000 ok=5000 fail=0 reset=0 avg=2.8ms max=42.8ms
19:10:16.178 STATS txns=5250 ok=5250 fail=0 reset=0 avg=2.8ms max=42.8ms
19:11:31.477 STATS txns=5500 ok=5500 fail=0 reset=0 avg=2.8ms max=42.8ms
19:12:40.130 STATS txns=5750 ok=5750 fail=0 reset=0 avg=2.8ms max=42.8ms
19:13:01.148 ANOMALY M400                                     ok          1064.6ms rx=1 busy=0
19:13:01.148 ---- recent ZP transactions (anomaly: M400 -> ok) [300] ----
19:13:01.148     +1698.786s  M114                                     ok             1.7ms rx=2 busy=0
19:13:01.148     +1699.105s  M114                                     ok             1.3ms rx=2 busy=0
19:13:01.148     +1699.426s  M114                                     ok             2.0ms rx=2 busy=0
19:13:01.148     +1699.746s  M114                                     ok             2.1ms rx=2 busy=0
19:13:01.148     +1700.046s  G0 F201.0 Z0.1000                        ok             1.1ms rx=1 busy=0
19:13:01.148     +1700.073s  M114                                     ok             3.7ms rx=2 busy=0
19:13:01.148     +1700.091s  M114                                     ok             2.1ms rx=2 busy=0
19:13:01.148     +1700.410s  M114                                     ok             4.0ms rx=2 busy=0
19:13:01.148     +1700.724s  M114                                     ok             2.8ms rx=2 busy=0
19:13:01.148     +1701.043s  M114                                     ok             2.1ms rx=2 busy=0
19:13:01.148     +1701.362s  M114                                     ok             1.3ms rx=2 busy=0
19:13:01.148     +1701.681s  M114                                     ok             1.3ms rx=2 busy=0
19:13:01.148     +1702.002s  M114                                     ok             1.4ms rx=2 busy=0
19:13:01.148     +1702.322s  M114                                     ok             1.4ms rx=2 busy=0
19:13:01.148     +1702.661s  M114                                     ok            20.0ms rx=2 busy=0
19:13:01.148     +1702.978s  M114                                     ok             1.7ms rx=2 busy=0
19:13:01.148     +1703.297s  M114                                     ok             1.3ms rx=2 busy=0
19:13:01.148     +1703.621s  M114                                     ok             1.2ms rx=2 busy=0
19:13:01.148     +1703.943s  M114                                     ok             6.0ms rx=2 busy=0
19:13:01.148     +1704.258s  M114                                     ok             1.3ms rx=2 busy=0
19:13:01.148     +1704.578s  M114                                     ok             1.3ms rx=2 busy=0
19:13:01.148     +1704.898s  M114                                     ok             2.2ms rx=2 busy=0
19:13:01.148     +1705.218s  M114                                     ok             1.3ms rx=2 busy=0
19:13:01.148     +1705.537s  M114                                     ok             1.3ms rx=2 busy=0
19:13:01.148     +1705.857s  M114                                     ok             1.3ms rx=2 busy=0
19:13:01.148     +1706.177s  M114                                     ok             1.3ms rx=2 busy=0
19:13:01.148     +1706.498s  M114                                     ok             1.3ms rx=2 busy=0
19:13:01.148     +1706.832s  M114                                     ok            14.1ms rx=2 busy=0
19:13:01.148     +1707.153s  M114                                     ok             1.3ms rx=2 busy=0
19:13:01.148     +1707.474s  M114                                     ok             1.7ms rx=2 busy=0
19:13:01.148     +1707.793s  M114                                     ok             1.3ms rx=2 busy=0
19:13:01.148     +1708.115s  M114                                     ok             1.5ms rx=2 busy=0
19:13:01.148     +1708.433s  M114                                     ok             1.3ms rx=2 busy=0
19:13:01.149     +1708.754s  M114                                     ok             1.6ms rx=2 busy=0
19:13:01.149     +1709.073s  M114                                     ok             1.4ms rx=2 busy=0
19:13:01.149     +1709.394s  M114                                     ok             1.6ms rx=2 busy=0
19:13:01.149     +1709.720s  M114                                     ok             3.7ms rx=2 busy=0
19:13:01.149     +1710.037s  M114                                     ok             2.1ms rx=2 busy=0
19:13:01.149     +1710.353s  M114                                     ok             1.3ms rx=2 busy=0
19:13:01.149     +1710.673s  M114                                     ok             1.3ms rx=2 busy=0
19:13:01.149     +1710.993s  M114                                     ok             1.4ms rx=2 busy=0
19:13:01.149     +1711.314s  M114                                     ok             1.5ms rx=2 busy=0
19:13:01.149     +1711.634s  M114                                     ok             1.6ms rx=2 busy=0
19:13:01.149     +1711.976s  M114                                     ok            23.5ms rx=2 busy=0
19:13:01.149     +1712.296s  M114                                     ok             3.1ms rx=2 busy=0
19:13:01.149     +1712.611s  M114                                     ok             1.3ms rx=2 busy=0
19:13:01.149     +1712.929s  M114                                     ok             1.3ms rx=2 busy=0
19:13:01.149     +1713.249s  M114                                     ok             1.3ms rx=2 busy=0
19:13:01.149     +1713.570s  M114                                     ok             1.8ms rx=2 busy=0
19:13:01.149     +1713.889s  M114                                     ok             1.4ms rx=2 busy=0
19:13:01.149     +1714.210s  M114                                     ok             1.7ms rx=2 busy=0
19:13:01.149     +1714.530s  M114                                     ok             1.3ms rx=2 busy=0
19:13:01.149     +1714.849s  M114                                     ok             1.3ms rx=2 busy=0
19:13:01.149     +1715.170s  M114                                     ok             1.5ms rx=2 busy=0
19:13:01.149     +1715.498s  M114                                     ok             9.2ms rx=2 busy=0
19:13:01.149     +1715.813s  M114                                     ok             1.7ms rx=2 busy=0
19:13:01.149     +1716.146s  M114                                     ok            16.5ms rx=2 busy=0
19:13:01.149     +1716.465s  M114                                     ok             1.3ms rx=2 busy=0
19:13:01.149     +1716.786s  M114                                     ok             1.6ms rx=2 busy=0
19:13:01.149     +1717.105s  M114                                     ok             1.3ms rx=2 busy=0
19:13:01.149     +1717.426s  M114                                     ok             2.0ms rx=2 busy=0
19:13:01.149     +1717.749s  M114                                     ok             3.7ms rx=2 busy=0
19:13:01.149     +1718.076s  M114                                     ok            10.3ms rx=2 busy=0
19:13:01.149     +1718.391s  M114                                     ok             2.2ms rx=2 busy=0
19:13:01.149     +1718.707s  M114                                     ok             1.7ms rx=2 busy=0
19:13:01.149     +1719.025s  M114                                     ok             1.4ms rx=2 busy=0
19:13:01.149     +1719.345s  M114                                     ok             1.3ms rx=2 busy=0
19:13:01.149     +1719.665s  M114                                     ok             1.3ms rx=2 busy=0
19:13:01.149     +1719.986s  M114                                     ok             1.7ms rx=2 busy=0
19:13:01.149     +1720.306s  M114                                     ok             1.6ms rx=2 busy=0
19:13:01.149     +1720.625s  M114                                     ok             1.3ms rx=2 busy=0
19:13:01.149     +1720.946s  M114                                     ok             1.9ms rx=2 busy=0
19:13:01.149     +1721.289s  M114                                     ok            24.4ms rx=2 busy=0
19:13:01.149     +1721.602s  M114                                     ok             1.7ms rx=2 busy=0
19:13:01.149     +1721.921s  M114                                     ok             1.3ms rx=2 busy=0
19:13:01.149     +1722.241s  M114                                     ok             1.3ms rx=2 busy=0
19:13:01.149     +1722.562s  M114                                     ok             1.3ms rx=2 busy=0
19:13:01.149     +1722.881s  M114                                     ok             1.3ms rx=2 busy=0
19:13:01.149     +1723.202s  M114                                     ok             1.6ms rx=2 busy=0
19:13:01.149     +1723.521s  M114                                     ok             1.3ms rx=2 busy=0
19:13:01.149     +1723.842s  M114                                     ok             1.5ms rx=2 busy=0
19:13:01.149     +1724.165s  M114                                     ok             1.3ms rx=2 busy=0
19:13:01.149     +1724.482s  M114                                     ok             1.3ms rx=2 busy=0
19:13:01.149     +1724.801s  M114                                     ok             1.3ms rx=2 busy=0
19:13:01.149     +1725.122s  M114                                     ok             1.4ms rx=2 busy=0
19:13:01.149     +1725.457s  M114                                     ok            16.3ms rx=2 busy=0
19:13:01.149     +1725.778s  M114                                     ok             1.5ms rx=2 busy=0
19:13:01.150     +1726.101s  M114                                     ok             4.4ms rx=2 busy=0
19:13:01.150     +1726.427s  M114                                     ok            10.9ms rx=2 busy=0
19:13:01.150     +1726.743s  M114                                     ok             3.8ms rx=2 busy=0
19:13:01.150     +1727.061s  M114                                     ok             2.3ms rx=2 busy=0
19:13:01.150     +1727.378s  M114                                     ok             1.6ms rx=2 busy=0
19:13:01.150     +1727.701s  M114                                     ok             3.5ms rx=2 busy=0
19:13:01.150     +1728.017s  M114                                     ok             1.3ms rx=2 busy=0
19:13:01.150     +1728.337s  M114                                     ok             1.3ms rx=2 busy=0
19:13:01.150     +1728.657s  M114                                     ok             1.5ms rx=2 busy=0
19:13:01.150     +1728.978s  M114                                     ok             1.3ms rx=2 busy=0
19:13:01.150     +1729.297s  M114                                     ok             1.3ms rx=2 busy=0
19:13:01.150     +1729.617s  M114                                     ok             1.3ms rx=2 busy=0
19:13:01.150     +1729.938s  M114                                     ok             1.5ms rx=2 busy=0
19:13:01.150     +1730.263s  M114                                     ok             6.2ms rx=2 busy=0
19:13:01.150     +1730.578s  M114                                     ok             2.2ms rx=2 busy=0
19:13:01.150     +1730.897s  M114                                     ok             1.3ms rx=2 busy=0
19:13:01.150     +1731.217s  M114                                     ok             1.3ms rx=2 busy=0
19:13:01.150     +1731.538s  M114                                     ok             1.3ms rx=2 busy=0
19:13:01.150     +1731.857s  M114                                     ok             1.3ms rx=2 busy=0
19:13:01.150     +1732.178s  M114                                     ok             2.3ms rx=2 busy=0
19:13:01.150     +1732.498s  M114                                     ok             1.3ms rx=2 busy=0
19:13:01.150     +1732.817s  M114                                     ok             1.3ms rx=2 busy=0
19:13:01.150     +1733.138s  M114                                     ok             1.9ms rx=2 busy=0
19:13:01.150     +1733.460s  M114                                     ok             1.6ms rx=2 busy=0
19:13:01.150     +1733.778s  M114                                     ok             1.5ms rx=2 busy=0
19:13:01.150     +1733.854s  G0 F201.0 Z0.0100                        ok             1.2ms rx=1 busy=0
19:13:01.150     +1733.873s  M114                                     ok             1.3ms rx=2 busy=0
19:13:01.150     +1734.010s  G0 F201.0 Z0.0100                        ok             0.9ms rx=1 busy=0
19:13:01.150     +1734.018s  M114                                     ok             1.3ms rx=2 busy=0
19:13:01.150     +1734.098s  M114                                     ok             1.9ms rx=2 busy=0
19:13:01.150     +1734.178s  G0 F201.0 Z0.0100                        ok             0.9ms rx=1 busy=0
19:13:01.150     +1734.194s  M114                                     ok             1.7ms rx=2 busy=0
19:13:01.150     +1734.425s  M114                                     ok             6.0ms rx=2 busy=0
19:13:01.150     +1734.752s  M114                                     ok            16.2ms rx=2 busy=0
19:13:01.150     +1735.073s  M114                                     ok             1.3ms rx=2 busy=0
19:13:01.150     +1735.261s  G0 F201.0 Z0.0100                        ok             0.9ms rx=1 busy=0
19:13:01.150     +1735.282s  M114                                     ok             1.6ms rx=2 busy=0
19:13:01.150     +1735.394s  M114                                     ok             2.0ms rx=2 busy=0
19:13:01.150     +1735.430s  G0 F201.0 Z0.0100                        ok             0.9ms rx=1 busy=0
19:13:01.150     +1735.441s  M114                                     ok             1.3ms rx=2 busy=0
19:13:01.150     +1735.694s  G0 F201.0 Z0.0100                        ok             1.1ms rx=1 busy=0
19:13:01.150     +1735.724s  M114                                     ok            11.1ms rx=2 busy=0
19:13:01.150     +1735.729s  M114                                     ok             1.3ms rx=2 busy=0
19:13:01.150     +1736.055s  M114                                     ok             1.3ms rx=2 busy=0
19:13:01.150     +1736.094s  G0 F201.0 Z0.0100                        ok             1.2ms rx=1 busy=0
19:13:01.150     +1736.114s  M114                                     ok             1.6ms rx=2 busy=0
19:13:01.150     +1736.380s  M114                                     ok            12.3ms rx=2 busy=0
19:13:01.150     +1736.692s  M114                                     ok             2.5ms rx=2 busy=0
19:13:01.150     +1737.018s  M114                                     ok             7.6ms rx=2 busy=0
19:13:01.150     +1737.336s  M114                                     ok             4.6ms rx=2 busy=0
19:13:01.150     +1737.650s  M114                                     ok             1.4ms rx=2 busy=0
19:13:01.150     +1737.970s  M114                                     ok             1.4ms rx=2 busy=0
19:13:01.150     +1738.289s  M114                                     ok             1.4ms rx=2 busy=0
19:13:01.150     +1738.611s  M114                                     ok             2.3ms rx=2 busy=0
19:13:01.150     +1738.929s  M114                                     ok             1.3ms rx=2 busy=0
19:13:01.150     +1739.250s  M114                                     ok             1.9ms rx=2 busy=0
19:13:01.150     +1739.570s  M114                                     ok             1.5ms rx=2 busy=0
19:13:01.151     +1739.893s  M114                                     ok             5.3ms rx=2 busy=0
19:13:01.151     +1740.209s  M114                                     ok             1.3ms rx=2 busy=0
19:13:01.151     +1740.529s  M114                                     ok             1.5ms rx=2 busy=0
19:13:01.151     +1740.850s  M114                                     ok             1.4ms rx=2 busy=0
19:13:01.151     +1741.171s  M114                                     ok             2.2ms rx=2 busy=0
19:13:01.151     +1741.500s  M114                                     ok             9.5ms rx=2 busy=0
19:13:01.151     +1741.815s  M114                                     ok             1.5ms rx=2 busy=0
19:13:01.151     +1742.130s  M114                                     ok             2.2ms rx=2 busy=0
19:13:01.151     +1742.450s  M114                                     ok             1.3ms rx=2 busy=0
19:13:01.151     +1742.770s  M114                                     ok             1.3ms rx=2 busy=0
19:13:01.151     +1743.089s  M114                                     ok             1.5ms rx=2 busy=0
19:13:01.151     +1743.409s  M114                                     ok             1.3ms rx=2 busy=0
19:13:01.151     +1743.729s  M114                                     ok             1.3ms rx=2 busy=0
19:13:01.151     +1744.049s  M114                                     ok             1.3ms rx=2 busy=0
19:13:01.151     +1744.370s  M114                                     ok             1.5ms rx=2 busy=0
19:13:01.151     +1744.700s  M114                                     ok            10.7ms rx=2 busy=0
19:13:01.151     +1745.014s  M114                                     ok             4.2ms rx=2 busy=0
19:13:01.151     +1745.330s  M114                                     ok             1.3ms rx=2 busy=0
19:13:01.151     +1745.650s  M114                                     ok             1.3ms rx=2 busy=0
19:13:01.151     +1745.969s  M114                                     ok             1.3ms rx=2 busy=0
19:13:01.151     +1746.290s  M114                                     ok             1.3ms rx=2 busy=0
19:13:01.151     +1746.610s  M114                                     ok             1.4ms rx=2 busy=0
19:13:01.151     +1746.929s  M114                                     ok             1.3ms rx=2 busy=0
19:13:01.151     +1747.250s  M114                                     ok             1.3ms rx=2 busy=0
19:13:01.151     +1747.569s  M114                                     ok             1.3ms rx=2 busy=0
19:13:01.151     +1747.901s  M114                                     ok            12.2ms rx=2 busy=0
19:13:01.151     +1748.241s  M114                                     ok            23.9ms rx=2 busy=0
19:13:01.151     +1748.561s  M114                                     ok             1.3ms rx=2 busy=0
19:13:01.151     +1748.881s  M114                                     ok             1.3ms rx=2 busy=0
19:13:01.151     +1749.202s  M114                                     ok             1.3ms rx=2 busy=0
19:13:01.151     +1749.521s  M114                                     ok             1.3ms rx=2 busy=0
19:13:01.151     +1749.842s  M114                                     ok             1.7ms rx=2 busy=0
19:13:01.151     +1750.163s  M114                                     ok             3.2ms rx=2 busy=0
19:13:01.151     +1750.491s  M114                                     ok             7.5ms rx=2 busy=0
19:13:01.151     +1750.802s  M114                                     ok             1.5ms rx=2 busy=0
19:13:01.151     +1751.122s  M114                                     ok             1.4ms rx=2 busy=0
19:13:01.151     +1751.449s  M114                                     ok             6.2ms rx=2 busy=0
19:13:01.151     +1751.767s  M114                                     ok             2.8ms rx=2 busy=0
19:13:01.151     +1752.085s  M114                                     ok             3.1ms rx=2 busy=0
19:13:01.151     +1752.401s  M114                                     ok             1.3ms rx=2 busy=0
19:13:01.151     +1752.722s  M114                                     ok             1.3ms rx=2 busy=0
19:13:01.151     +1753.042s  M114                                     ok             1.4ms rx=2 busy=0
19:13:01.151     +1753.362s  M114                                     ok             1.8ms rx=2 busy=0
19:13:01.151     +1753.681s  M114                                     ok             1.3ms rx=2 busy=0
19:13:01.151     +1753.998s  G0 F201.0 Z0.0100                        ok             0.9ms rx=1 busy=0
19:13:01.151     +1754.002s  M114                                     ok             1.7ms rx=2 busy=0
19:13:01.151     +1754.023s  M114                                     ok             1.3ms rx=2 busy=0
19:13:01.151     +1754.157s  G0 F201.0 Z0.0100                        ok             0.9ms rx=1 busy=0
19:13:01.151     +1754.179s  M114                                     ok             1.6ms rx=2 busy=0
19:13:01.151     +1754.322s  G0 F201.0 Z0.0100                        ok             3.1ms rx=1 busy=0
19:13:01.151     +1754.324s  M114                                     ok             3.3ms rx=2 busy=0
19:13:01.151     +1754.340s  M114                                     ok             1.6ms rx=2 busy=0
19:13:01.151     +1754.470s  G0 F201.0 Z0.0100                        ok             0.8ms rx=1 busy=0
19:13:01.151     +1754.493s  M114                                     ok            12.5ms rx=2 busy=0
19:13:01.151     +1754.628s  G0 F201.0 Z0.0100                        ok             0.9ms rx=1 busy=0
19:13:01.151     +1754.652s  M114                                     ok            11.4ms rx=2 busy=0
19:13:01.151     +1754.658s  M114                                     ok             1.6ms rx=2 busy=0
19:13:01.151     +1754.878s  G0 F201.0 Z0.0100                        ok             2.3ms rx=1 busy=0
19:13:01.151     +1754.901s  M114                                     ok             4.4ms rx=2 busy=0
19:13:01.152     +1754.971s  M114                                     ok            11.0ms rx=2 busy=0
19:13:01.152     +1755.068s  G0 F201.0 Z0.0100                        ok             0.9ms rx=1 busy=0
19:13:01.152     +1755.089s  M114                                     ok             1.3ms rx=2 busy=0
19:13:01.152     +1755.248s  G0 F201.0 Z0.0100                        ok             1.0ms rx=1 busy=0
19:13:01.152     +1755.266s  M114                                     ok             1.8ms rx=2 busy=0
19:13:01.152     +1755.285s  M114                                     ok             2.6ms rx=2 busy=0
19:13:01.152     +1755.430s  G0 F201.0 Z0.0100                        ok             0.9ms rx=1 busy=0
19:13:01.152     +1755.442s  M114                                     ok             1.9ms rx=2 busy=0
19:13:01.152     +1755.560s  G0 F201.0 Z0.0100                        ok             0.9ms rx=1 busy=0
19:13:01.152     +1755.569s  M114                                     ok             1.3ms rx=2 busy=0
19:13:01.152     +1755.602s  M114                                     ok             1.3ms rx=2 busy=0
19:13:01.152     +1755.922s  M114                                     ok             1.9ms rx=2 busy=0
19:13:01.152     +1756.242s  M114                                     ok             1.4ms rx=2 busy=0
19:13:01.152     +1756.561s  M114                                     ok             1.3ms rx=2 busy=0
19:13:01.152     +1756.881s  M114                                     ok             1.3ms rx=2 busy=0
19:13:01.152     +1757.201s  M114                                     ok             1.3ms rx=2 busy=0
19:13:01.152     +1757.522s  M114                                     ok             2.2ms rx=2 busy=0
19:13:01.152     +1757.844s  M114                                     ok             3.6ms rx=2 busy=0
19:13:01.152     +1758.162s  M114                                     ok             1.3ms rx=2 busy=0
19:13:01.152     +1758.484s  M114                                     ok             2.1ms rx=2 busy=0
19:13:01.152     +1758.807s  M114                                     ok             2.9ms rx=2 busy=0
19:13:01.152     +1759.121s  M114                                     ok             1.3ms rx=2 busy=0
19:13:01.152     +1759.442s  M114                                     ok             1.3ms rx=2 busy=0
19:13:01.152     +1759.762s  M114                                     ok             1.3ms rx=2 busy=0
19:13:01.152     +1760.081s  M114                                     ok             1.3ms rx=2 busy=0
19:13:01.152     +1760.402s  M114                                     ok             1.3ms rx=2 busy=0
19:13:01.152     +1760.722s  M114                                     ok             1.3ms rx=2 busy=0
19:13:01.152     +1761.041s  M114                                     ok             1.3ms rx=2 busy=0
19:13:01.152     +1761.362s  M114                                     ok             1.7ms rx=2 busy=0
19:13:01.152     +1761.682s  M114                                     ok             1.4ms rx=2 busy=0
19:13:01.152     +1762.001s  M114                                     ok             1.3ms rx=2 busy=0
19:13:01.152     +1762.322s  M114                                     ok             1.3ms rx=2 busy=0
19:13:01.152     +1762.641s  M114                                     ok             1.3ms rx=2 busy=0
19:13:01.152     +1762.980s  M114                                     ok            19.6ms rx=2 busy=0
19:13:01.152     +1763.298s  M114                                     ok             1.5ms rx=2 busy=0
19:13:01.152     +1763.621s  M114                                     ok             4.5ms rx=2 busy=0
19:13:01.152     +1763.945s  M114                                     ok             3.2ms rx=2 busy=0
19:13:01.152     +1764.265s  M114                                     ok             5.2ms rx=2 busy=0
19:13:01.152     +1764.578s  M114                                     ok             1.3ms rx=2 busy=0
19:13:01.152     +1764.903s  M114                                     ok             4.2ms rx=2 busy=0
19:13:01.152     +1765.218s  M114                                     ok             1.4ms rx=2 busy=0
19:13:01.152     +1765.537s  M114                                     ok             1.3ms rx=2 busy=0
19:13:01.153     +1765.857s  M114                                     ok             1.3ms rx=2 busy=0
19:13:01.153     +1766.178s  M114                                     ok             1.3ms rx=2 busy=0
19:13:01.153     +1766.498s  M114                                     ok             2.2ms rx=2 busy=0
19:13:01.153     +1766.818s  M114                                     ok             1.4ms rx=2 busy=0
19:13:01.153     +1767.147s  M114                                     ok            11.2ms rx=2 busy=0
19:13:01.153     +1767.460s  M114                                     ok             1.4ms rx=2 busy=0
19:13:01.153     +1767.785s  M114                                     ok             5.1ms rx=2 busy=0
19:13:01.153     +1768.102s  M114                                     ok             1.6ms rx=2 busy=0
19:13:01.153     +1768.418s  M114                                     ok             1.5ms rx=2 busy=0
19:13:01.153     +1768.738s  M114                                     ok             1.6ms rx=2 busy=0
19:13:01.153     +1769.058s  M114                                     ok             1.5ms rx=2 busy=0
19:13:01.153     +1769.378s  M114                                     ok             1.5ms rx=2 busy=0
19:13:01.153     +1769.698s  M114                                     ok             1.3ms rx=2 busy=0
19:13:01.153     +1770.018s  M114                                     ok             1.7ms rx=2 busy=0
19:13:01.153     +1770.338s  M114                                     ok             1.3ms rx=2 busy=0
19:13:01.153     +1770.657s  M114                                     ok             1.3ms rx=2 busy=0
19:13:01.153     +1770.982s  M114                                     ok             4.3ms rx=2 busy=0
19:13:01.153     +1771.306s  M114                                     ok             8.6ms rx=2 busy=0
19:13:01.153     +1771.619s  M114                                     ok             1.7ms rx=2 busy=0
19:13:01.153     +1771.941s  M114                                     ok             2.3ms rx=2 busy=0
19:13:01.153     +1772.258s  M114                                     ok             1.4ms rx=2 busy=0
19:13:01.153     +1772.578s  M114                                     ok             1.4ms rx=2 busy=0
19:13:01.153     +1772.898s  M114                                     ok             1.3ms rx=2 busy=0
19:13:01.153     +1773.218s  M114                                     ok             1.4ms rx=2 busy=0
19:13:01.153     +1773.538s  M114                                     ok             1.7ms rx=2 busy=0
19:13:01.153     +1773.858s  M114                                     ok             1.3ms rx=2 busy=0
19:13:01.154     +1774.177s  M114                                     ok             1.3ms rx=2 busy=0
19:13:01.154     +1774.497s  M114                                     ok             1.3ms rx=2 busy=0
19:13:01.154     +1774.817s  M114                                     ok             1.3ms rx=2 busy=0
19:13:01.155     +1775.148s  M114                                     ok            11.9ms rx=2 busy=0
19:13:01.155     +1775.461s  M114                                     ok             3.5ms rx=2 busy=0
19:13:01.155     +1775.778s  M114                                     ok             1.3ms rx=2 busy=0
19:13:01.155     +1776.098s  M114                                     ok             1.4ms rx=2 busy=0
19:13:01.155     +1776.418s  M114                                     ok             1.3ms rx=2 busy=0
19:13:01.156     +1776.738s  M114                                     ok             1.5ms rx=2 busy=0
19:13:01.156     +1776.975s  G0 F18.78731109286744 X0.0600            ok             1.7ms rx=1 busy=0
19:13:01.156     +1777.273s  M400                                     ok           298.1ms rx=1 busy=0
19:13:01.156     +1777.297s  M114                                     ok             1.3ms rx=2 busy=0
19:13:01.156     +1777.617s  M114                                     ok             1.4ms rx=2 busy=0
19:13:01.156     +1777.938s  M114                                     ok             1.3ms rx=2 busy=0
19:13:01.157     +1778.259s  M114                                     ok             1.8ms rx=2 busy=0
19:13:01.158     +1778.584s  M114                                     ok             3.2ms rx=2 busy=0
19:13:01.158     +1778.901s  M114                                     ok             3.0ms rx=2 busy=0
19:13:01.158     +1779.218s  M114                                     ok             1.3ms rx=2 busy=0
19:13:01.158     +1779.563s  M114                                     ok            26.1ms rx=2 busy=0
19:13:01.158     +1779.874s  M114                                     ok             1.6ms rx=2 busy=0
19:13:01.158     +1780.194s  M114                                     ok             1.6ms rx=2 busy=0
19:13:01.158     +1780.514s  M114                                     ok             1.7ms rx=2 busy=0
19:13:01.158     +1780.834s  M114                                     ok             1.6ms rx=2 busy=0
19:13:01.158     +1781.164s  M114                                     ok            10.9ms rx=2 busy=0
19:13:01.158     +1781.480s  M114                                     ok             1.3ms rx=2 busy=0
19:13:01.158     +1781.794s  M114                                     ok             2.0ms rx=2 busy=0
19:13:01.158     +1782.115s  M114                                     ok             1.6ms rx=2 busy=0
19:13:01.158     +1782.274s  G0 F18.78731109286744 X0.3000            ok             1.4ms rx=1 busy=0
19:13:01.159     +1783.339s  M400                                     ok          1064.6ms rx=1 busy=0
19:13:01.159 ---- end recent ----
19:13:36.152 ANOMALY M400                                     timeout     6000.4ms rx=2 busy=2 no-ok
19:13:36.153 ---- recent ZP transactions (anomaly: M400 -> timeout) [300] ----
19:13:36.153     +1735.073s  M114                                     ok             1.3ms rx=2 busy=0
19:13:36.153     +1735.261s  G0 F201.0 Z0.0100                        ok             0.9ms rx=1 busy=0
19:13:36.153     +1735.282s  M114                                     ok             1.6ms rx=2 busy=0
19:13:36.153     +1735.394s  M114                                     ok             2.0ms rx=2 busy=0
19:13:36.153     +1735.430s  G0 F201.0 Z0.0100                        ok             0.9ms rx=1 busy=0
19:13:36.153     +1735.441s  M114                                     ok             1.3ms rx=2 busy=0
19:13:36.153     +1735.694s  G0 F201.0 Z0.0100                        ok             1.1ms rx=1 busy=0
19:13:36.153     +1735.724s  M114                                     ok            11.1ms rx=2 busy=0
19:13:36.153     +1735.729s  M114                                     ok             1.3ms rx=2 busy=0
19:13:36.153     +1736.055s  M114                                     ok             1.3ms rx=2 busy=0
19:13:36.153     +1736.094s  G0 F201.0 Z0.0100                        ok             1.2ms rx=1 busy=0
19:13:36.154     +1736.114s  M114                                     ok             1.6ms rx=2 busy=0
19:13:36.154     +1736.380s  M114                                     ok            12.3ms rx=2 busy=0
19:13:36.154     +1736.692s  M114                                     ok             2.5ms rx=2 busy=0
19:13:36.154     +1737.018s  M114                                     ok             7.6ms rx=2 busy=0
19:13:36.154     +1737.336s  M114                                     ok             4.6ms rx=2 busy=0
19:13:36.154     +1737.650s  M114                                     ok             1.4ms rx=2 busy=0
19:13:36.154     +1737.970s  M114                                     ok             1.4ms rx=2 busy=0
19:13:36.154     +1738.289s  M114                                     ok             1.4ms rx=2 busy=0
19:13:36.154     +1738.611s  M114                                     ok             2.3ms rx=2 busy=0
19:13:36.154     +1738.929s  M114                                     ok             1.3ms rx=2 busy=0
19:13:36.154     +1739.250s  M114                                     ok             1.9ms rx=2 busy=0
19:13:36.154     +1739.570s  M114                                     ok             1.5ms rx=2 busy=0
19:13:36.154     +1739.893s  M114                                     ok             5.3ms rx=2 busy=0
19:13:36.154     +1740.209s  M114                                     ok             1.3ms rx=2 busy=0
19:13:36.154     +1740.529s  M114                                     ok             1.5ms rx=2 busy=0
19:13:36.154     +1740.850s  M114                                     ok             1.4ms rx=2 busy=0
19:13:36.154     +1741.171s  M114                                     ok             2.2ms rx=2 busy=0
19:13:36.155     +1741.500s  M114                                     ok             9.5ms rx=2 busy=0
19:13:36.155     +1741.815s  M114                                     ok             1.5ms rx=2 busy=0
19:13:36.155     +1742.130s  M114                                     ok             2.2ms rx=2 busy=0
19:13:36.155     +1742.450s  M114                                     ok             1.3ms rx=2 busy=0
19:13:36.155     +1742.770s  M114                                     ok             1.3ms rx=2 busy=0
19:13:36.155     +1743.089s  M114                                     ok             1.5ms rx=2 busy=0
19:13:36.155     +1743.409s  M114                                     ok             1.3ms rx=2 busy=0
19:13:36.155     +1743.729s  M114                                     ok             1.3ms rx=2 busy=0
19:13:36.155     +1744.049s  M114                                     ok             1.3ms rx=2 busy=0
19:13:36.155     +1744.370s  M114                                     ok             1.5ms rx=2 busy=0
19:13:36.155     +1744.700s  M114                                     ok            10.7ms rx=2 busy=0
19:13:36.155     +1745.014s  M114                                     ok             4.2ms rx=2 busy=0
19:13:36.155     +1745.330s  M114                                     ok             1.3ms rx=2 busy=0
19:13:36.157     +1745.650s  M114                                     ok             1.3ms rx=2 busy=0
19:13:36.157     +1745.969s  M114                                     ok             1.3ms rx=2 busy=0
19:13:36.157     +1746.290s  M114                                     ok             1.3ms rx=2 busy=0
19:13:36.157     +1746.610s  M114                                     ok             1.4ms rx=2 busy=0
19:13:36.158     +1746.929s  M114                                     ok             1.3ms rx=2 busy=0
19:13:36.158     +1747.250s  M114                                     ok             1.3ms rx=2 busy=0
19:13:36.158     +1747.569s  M114                                     ok             1.3ms rx=2 busy=0
19:13:36.158     +1747.901s  M114                                     ok            12.2ms rx=2 busy=0
19:13:36.159     +1748.241s  M114                                     ok            23.9ms rx=2 busy=0
19:13:36.159     +1748.561s  M114                                     ok             1.3ms rx=2 busy=0
19:13:36.159     +1748.881s  M114                                     ok             1.3ms rx=2 busy=0
19:13:36.159     +1749.202s  M114                                     ok             1.3ms rx=2 busy=0
19:13:36.159     +1749.521s  M114                                     ok             1.3ms rx=2 busy=0
19:13:36.159     +1749.842s  M114                                     ok             1.7ms rx=2 busy=0
19:13:36.159     +1750.163s  M114                                     ok             3.2ms rx=2 busy=0
19:13:36.159     +1750.491s  M114                                     ok             7.5ms rx=2 busy=0
19:13:36.160     +1750.802s  M114                                     ok             1.5ms rx=2 busy=0
19:13:36.160     +1751.122s  M114                                     ok             1.4ms rx=2 busy=0
19:13:36.160     +1751.449s  M114                                     ok             6.2ms rx=2 busy=0
19:13:36.160     +1751.767s  M114                                     ok             2.8ms rx=2 busy=0
19:13:36.160     +1752.085s  M114                                     ok             3.1ms rx=2 busy=0
19:13:36.160     +1752.401s  M114                                     ok             1.3ms rx=2 busy=0
19:13:36.160     +1752.722s  M114                                     ok             1.3ms rx=2 busy=0
19:13:36.161     +1753.042s  M114                                     ok             1.4ms rx=2 busy=0
19:13:36.161     +1753.362s  M114                                     ok             1.8ms rx=2 busy=0
19:13:36.161     +1753.681s  M114                                     ok             1.3ms rx=2 busy=0
19:13:36.161     +1753.998s  G0 F201.0 Z0.0100                        ok             0.9ms rx=1 busy=0
19:13:36.162     +1754.002s  M114                                     ok             1.7ms rx=2 busy=0
19:13:36.162     +1754.023s  M114                                     ok             1.3ms rx=2 busy=0
19:13:36.162     +1754.157s  G0 F201.0 Z0.0100                        ok             0.9ms rx=1 busy=0
19:13:36.162     +1754.179s  M114                                     ok             1.6ms rx=2 busy=0
19:13:36.162     +1754.322s  G0 F201.0 Z0.0100                        ok             3.1ms rx=1 busy=0
19:13:36.162     +1754.324s  M114                                     ok             3.3ms rx=2 busy=0
19:13:36.162     +1754.340s  M114                                     ok             1.6ms rx=2 busy=0
19:13:36.162     +1754.470s  G0 F201.0 Z0.0100                        ok             0.8ms rx=1 busy=0
19:13:36.162     +1754.493s  M114                                     ok            12.5ms rx=2 busy=0
19:13:36.163     +1754.628s  G0 F201.0 Z0.0100                        ok             0.9ms rx=1 busy=0
19:13:36.163     +1754.652s  M114                                     ok            11.4ms rx=2 busy=0
19:13:36.163     +1754.658s  M114                                     ok             1.6ms rx=2 busy=0
19:13:36.164     +1754.878s  G0 F201.0 Z0.0100                        ok             2.3ms rx=1 busy=0
19:13:36.164     +1754.901s  M114                                     ok             4.4ms rx=2 busy=0
19:13:36.164     +1754.971s  M114                                     ok            11.0ms rx=2 busy=0
19:13:36.164     +1755.068s  G0 F201.0 Z0.0100                        ok             0.9ms rx=1 busy=0
19:13:36.164     +1755.089s  M114                                     ok             1.3ms rx=2 busy=0
19:13:36.164     +1755.248s  G0 F201.0 Z0.0100                        ok             1.0ms rx=1 busy=0
19:13:36.164     +1755.266s  M114                                     ok             1.8ms rx=2 busy=0
19:13:36.165     +1755.285s  M114                                     ok             2.6ms rx=2 busy=0
19:13:36.165     +1755.430s  G0 F201.0 Z0.0100                        ok             0.9ms rx=1 busy=0
19:13:36.165     +1755.442s  M114                                     ok             1.9ms rx=2 busy=0
19:13:36.165     +1755.560s  G0 F201.0 Z0.0100                        ok             0.9ms rx=1 busy=0
19:13:36.165     +1755.569s  M114                                     ok             1.3ms rx=2 busy=0
19:13:36.165     +1755.602s  M114                                     ok             1.3ms rx=2 busy=0
19:13:36.165     +1755.922s  M114                                     ok             1.9ms rx=2 busy=0
19:13:36.165     +1756.242s  M114                                     ok             1.4ms rx=2 busy=0
19:13:36.165     +1756.561s  M114                                     ok             1.3ms rx=2 busy=0
19:13:36.165     +1756.881s  M114                                     ok             1.3ms rx=2 busy=0
19:13:36.165     +1757.201s  M114                                     ok             1.3ms rx=2 busy=0
19:13:36.165     +1757.522s  M114                                     ok             2.2ms rx=2 busy=0
19:13:36.166     +1757.844s  M114                                     ok             3.6ms rx=2 busy=0
19:13:36.166     +1758.162s  M114                                     ok             1.3ms rx=2 busy=0
19:13:36.166     +1758.484s  M114                                     ok             2.1ms rx=2 busy=0
19:13:36.166     +1758.807s  M114                                     ok             2.9ms rx=2 busy=0
19:13:36.166     +1759.121s  M114                                     ok             1.3ms rx=2 busy=0
19:13:36.166     +1759.442s  M114                                     ok             1.3ms rx=2 busy=0
19:13:36.166     +1759.762s  M114                                     ok             1.3ms rx=2 busy=0
19:13:36.166     +1760.081s  M114                                     ok             1.3ms rx=2 busy=0
19:13:36.166     +1760.402s  M114                                     ok             1.3ms rx=2 busy=0
19:13:36.166     +1760.722s  M114                                     ok             1.3ms rx=2 busy=0
19:13:36.166     +1761.041s  M114                                     ok             1.3ms rx=2 busy=0
19:13:36.166     +1761.362s  M114                                     ok             1.7ms rx=2 busy=0
19:13:36.166     +1761.682s  M114                                     ok             1.4ms rx=2 busy=0
19:13:36.166     +1762.001s  M114                                     ok             1.3ms rx=2 busy=0
19:13:36.166     +1762.322s  M114                                     ok             1.3ms rx=2 busy=0
19:13:36.166     +1762.641s  M114                                     ok             1.3ms rx=2 busy=0
19:13:36.166     +1762.980s  M114                                     ok            19.6ms rx=2 busy=0
19:13:36.166     +1763.298s  M114                                     ok             1.5ms rx=2 busy=0
19:13:36.166     +1763.621s  M114                                     ok             4.5ms rx=2 busy=0
19:13:36.166     +1763.945s  M114                                     ok             3.2ms rx=2 busy=0
19:13:36.166     +1764.265s  M114                                     ok             5.2ms rx=2 busy=0
19:13:36.166     +1764.578s  M114                                     ok             1.3ms rx=2 busy=0
19:13:36.166     +1764.903s  M114                                     ok             4.2ms rx=2 busy=0
19:13:36.166     +1765.218s  M114                                     ok             1.4ms rx=2 busy=0
19:13:36.166     +1765.537s  M114                                     ok             1.3ms rx=2 busy=0
19:13:36.166     +1765.857s  M114                                     ok             1.3ms rx=2 busy=0
19:13:36.166     +1766.178s  M114                                     ok             1.3ms rx=2 busy=0
19:13:36.166     +1766.498s  M114                                     ok             2.2ms rx=2 busy=0
19:13:36.166     +1766.818s  M114                                     ok             1.4ms rx=2 busy=0
19:13:36.166     +1767.147s  M114                                     ok            11.2ms rx=2 busy=0
19:13:36.166     +1767.460s  M114                                     ok             1.4ms rx=2 busy=0
19:13:36.166     +1767.785s  M114                                     ok             5.1ms rx=2 busy=0
19:13:36.166     +1768.102s  M114                                     ok             1.6ms rx=2 busy=0
19:13:36.166     +1768.418s  M114                                     ok             1.5ms rx=2 busy=0
19:13:36.166     +1768.738s  M114                                     ok             1.6ms rx=2 busy=0
19:13:36.166     +1769.058s  M114                                     ok             1.5ms rx=2 busy=0
19:13:36.166     +1769.378s  M114                                     ok             1.5ms rx=2 busy=0
19:13:36.166     +1769.698s  M114                                     ok             1.3ms rx=2 busy=0
19:13:36.166     +1770.018s  M114                                     ok             1.7ms rx=2 busy=0
19:13:36.166     +1770.338s  M114                                     ok             1.3ms rx=2 busy=0
19:13:36.166     +1770.657s  M114                                     ok             1.3ms rx=2 busy=0
19:13:36.166     +1770.982s  M114                                     ok             4.3ms rx=2 busy=0
19:13:36.166     +1771.306s  M114                                     ok             8.6ms rx=2 busy=0
19:13:36.166     +1771.619s  M114                                     ok             1.7ms rx=2 busy=0
19:13:36.166     +1771.941s  M114                                     ok             2.3ms rx=2 busy=0
19:13:36.166     +1772.258s  M114                                     ok             1.4ms rx=2 busy=0
19:13:36.166     +1772.578s  M114                                     ok             1.4ms rx=2 busy=0
19:13:36.166     +1772.898s  M114                                     ok             1.3ms rx=2 busy=0
19:13:36.166     +1773.218s  M114                                     ok             1.4ms rx=2 busy=0
19:13:36.166     +1773.538s  M114                                     ok             1.7ms rx=2 busy=0
19:13:36.166     +1773.858s  M114                                     ok             1.3ms rx=2 busy=0
19:13:36.166     +1774.177s  M114                                     ok             1.3ms rx=2 busy=0
19:13:36.166     +1774.497s  M114                                     ok             1.3ms rx=2 busy=0
19:13:36.166     +1774.817s  M114                                     ok             1.3ms rx=2 busy=0
19:13:36.167     +1775.148s  M114                                     ok            11.9ms rx=2 busy=0
19:13:36.167     +1775.461s  M114                                     ok             3.5ms rx=2 busy=0
19:13:36.167     +1775.778s  M114                                     ok             1.3ms rx=2 busy=0
19:13:36.167     +1776.098s  M114                                     ok             1.4ms rx=2 busy=0
19:13:36.167     +1776.418s  M114                                     ok             1.3ms rx=2 busy=0
19:13:36.167     +1776.738s  M114                                     ok             1.5ms rx=2 busy=0
19:13:36.167     +1776.975s  G0 F18.78731109286744 X0.0600            ok             1.7ms rx=1 busy=0
19:13:36.167     +1777.273s  M400                                     ok           298.1ms rx=1 busy=0
19:13:36.167     +1777.297s  M114                                     ok             1.3ms rx=2 busy=0
19:13:36.167     +1777.617s  M114                                     ok             1.4ms rx=2 busy=0
19:13:36.167     +1777.938s  M114                                     ok             1.3ms rx=2 busy=0
19:13:36.167     +1778.259s  M114                                     ok             1.8ms rx=2 busy=0
19:13:36.167     +1778.584s  M114                                     ok             3.2ms rx=2 busy=0
19:13:36.167     +1778.901s  M114                                     ok             3.0ms rx=2 busy=0
19:13:36.167     +1779.218s  M114                                     ok             1.3ms rx=2 busy=0
19:13:36.167     +1779.563s  M114                                     ok            26.1ms rx=2 busy=0
19:13:36.167     +1779.874s  M114                                     ok             1.6ms rx=2 busy=0
19:13:36.167     +1780.194s  M114                                     ok             1.6ms rx=2 busy=0
19:13:36.167     +1780.514s  M114                                     ok             1.7ms rx=2 busy=0
19:13:36.167     +1780.834s  M114                                     ok             1.6ms rx=2 busy=0
19:13:36.167     +1781.164s  M114                                     ok            10.9ms rx=2 busy=0
19:13:36.167     +1781.480s  M114                                     ok             1.3ms rx=2 busy=0
19:13:36.167     +1781.794s  M114                                     ok             2.0ms rx=2 busy=0
19:13:36.167     +1782.115s  M114                                     ok             1.6ms rx=2 busy=0
19:13:36.167     +1782.274s  G0 F18.78731109286744 X0.3000            ok             1.4ms rx=1 busy=0
19:13:36.167     +1783.339s  M400                                     ok          1064.6ms rx=1 busy=0
19:13:36.167     +1783.351s  G0 F18.78731109286744 X-0.0600           ok             1.2ms rx=1 busy=0
19:13:36.167     +1783.649s  M400                                     ok           297.6ms rx=1 busy=0
19:13:36.167     +1783.717s  M114                                     ok            21.1ms rx=2 busy=0
19:13:36.167     +1784.034s  M114                                     ok             1.6ms rx=2 busy=0
19:13:36.167     +1784.354s  M114                                     ok             1.6ms rx=2 busy=0
19:13:36.167     +1784.676s  M114                                     ok             3.3ms rx=2 busy=0
19:13:36.167     +1785.004s  M114                                     ok             3.4ms rx=2 busy=0
19:13:36.167     +1785.316s  M114                                     ok             1.8ms rx=2 busy=0
19:13:36.167     +1785.637s  M114                                     ok             2.4ms rx=2 busy=0
19:13:36.167     +1785.954s  M114                                     ok             1.6ms rx=2 busy=0
19:13:36.167     +1786.275s  M114                                     ok             1.9ms rx=2 busy=0
19:13:36.167     +1786.594s  M114                                     ok             1.8ms rx=2 busy=0
19:13:36.167     +1786.914s  M114                                     ok             1.6ms rx=2 busy=0
19:13:36.167     +1787.234s  M114                                     ok             1.6ms rx=2 busy=0
19:13:36.167     +1787.554s  M114                                     ok             1.8ms rx=2 busy=0
19:13:36.167     +1787.874s  M114                                     ok             1.8ms rx=2 busy=0
19:13:36.167     +1788.196s  M114                                     ok             1.8ms rx=2 busy=0
19:13:36.167     +1788.514s  M114                                     ok             1.6ms rx=2 busy=0
19:13:36.167     +1788.689s  M114                                     ok             1.3ms rx=2 busy=0
19:13:36.167     +1788.834s  M114                                     ok             1.6ms rx=2 busy=0
19:13:36.167     +1788.923s  G0 F7.514924437146975 E0.2900            ok             1.2ms rx=1 busy=0
19:13:36.167     +1788.946s  M114                                     ok             2.1ms rx=2 busy=0
19:13:36.167     +1789.155s  M114                                     ok             2.4ms rx=2 busy=0
19:13:36.167     +1789.474s  M114                                     ok             1.8ms rx=2 busy=0
19:13:36.167     +1789.564s  G0 F7.514924437146975 E0.2900            ok             1.5ms rx=1 busy=0
19:13:36.167     +1789.586s  M114                                     ok             1.7ms rx=2 busy=0
19:13:36.167     +1789.794s  M114                                     ok             1.8ms rx=2 busy=0
19:13:36.167     +1790.004s  G0 F7.514924437146975 E0.2900            ok             2.2ms rx=1 busy=0
19:13:36.167     +1790.017s  M114                                     ok             1.3ms rx=2 busy=0
19:13:36.167     +1790.114s  M114                                     ok             1.6ms rx=2 busy=0
19:13:36.167     +1790.434s  M114                                     ok             1.6ms rx=2 busy=0
19:13:36.167     +1790.473s  G0 F7.514924437146975 E0.2900            ok             1.5ms rx=1 busy=0
19:13:36.167     +1790.482s  M114                                     ok             1.5ms rx=2 busy=0
19:13:36.168     +1790.754s  M114                                     ok             1.9ms rx=2 busy=0
19:13:36.168     +1790.967s  G0 F7.514924437146975 E0.2900            ok            25.1ms rx=1 busy=0
19:13:36.168     +1790.977s  M114                                     ok             1.3ms rx=2 busy=0
19:13:36.168     +1791.074s  M114                                     ok             1.7ms rx=2 busy=0
19:13:36.168     +1791.397s  M114                                     ok             4.0ms rx=2 busy=0
19:13:36.168     +1791.726s  M114                                     ok            12.5ms rx=2 busy=0
19:13:36.168     +1791.886s  G0 F7.514924437146975 E0.2900            ok             1.7ms rx=1 busy=0
19:13:36.168     +1791.906s  M114                                     ok             1.7ms rx=2 busy=0
19:13:36.168     +1792.034s  M114                                     ok             1.6ms rx=2 busy=0
19:13:36.168     +1792.354s  M114                                     ok             1.7ms rx=2 busy=0
19:13:36.168     +1792.609s  G0 F7.514924437146975 E0.2900            ok             1.5ms rx=1 busy=0
19:13:36.168     +1792.626s  M114                                     ok             1.6ms rx=2 busy=0
19:13:36.168     +1792.674s  M114                                     ok             1.8ms rx=2 busy=0
19:13:36.168     +1793.014s  M114                                     ok            22.4ms rx=2 busy=0
19:13:36.168     +1793.290s  G0 F7.514924437146975 E0.2900            ok             1.6ms rx=1 busy=0
19:13:36.168     +1793.314s  M114                                     ok             1.6ms rx=2 busy=0
19:13:36.168     +1793.330s  M114                                     ok             1.6ms rx=2 busy=0
19:13:36.168     +1793.652s  M114                                     ok             3.8ms rx=2 busy=0
19:13:36.168     +1793.976s  M114                                     ok             3.5ms rx=2 busy=0
19:13:36.168     +1794.294s  M114                                     ok             1.6ms rx=2 busy=0
19:13:36.168     +1794.468s  G0 F7.514924437146975 E0.2900            ok             1.7ms rx=1 busy=0
19:13:36.168     +1794.482s  M114                                     ok             1.7ms rx=2 busy=0
19:13:36.168     +1794.610s  M114                                     ok             1.7ms rx=2 busy=0
19:13:36.168     +1794.932s  M114                                     ok             1.8ms rx=2 busy=0
19:13:36.168     +1795.250s  M114                                     ok             1.5ms rx=2 busy=0
19:13:36.168     +1795.574s  M114                                     ok             6.0ms rx=2 busy=0
19:13:36.168     +1795.890s  M114                                     ok             1.4ms rx=2 busy=0
19:13:36.168     +1796.210s  M114                                     ok             1.3ms rx=2 busy=0
19:13:36.168     +1796.531s  M114                                     ok             2.1ms rx=2 busy=0
19:13:36.168     +1796.850s  M114                                     ok             1.5ms rx=2 busy=0
19:13:36.168     +1797.187s  M114                                     ok            18.9ms rx=2 busy=0
19:13:36.168     +1797.215s  G0 F7.514924437146975 E0.2900            ok             1.5ms rx=1 busy=0
19:13:36.168     +1797.234s  M114                                     ok             1.6ms rx=2 busy=0
19:13:36.168     +1797.506s  M114                                     ok             1.6ms rx=2 busy=0
19:13:36.168     +1797.827s  M114                                     ok             2.1ms rx=2 busy=0
19:13:36.168     +1798.091s  G0 F7.514924437146975 E0.2900            ok             1.5ms rx=1 busy=0
19:13:36.168     +1798.114s  M114                                     ok             1.8ms rx=2 busy=0
19:13:36.168     +1798.153s  M114                                     ok             4.3ms rx=2 busy=0
19:13:36.168     +1798.470s  M114                                     ok             2.3ms rx=2 busy=0
19:13:36.168     +1798.786s  M114                                     ok             2.0ms rx=2 busy=0
19:13:36.168     +1799.106s  M114                                     ok             1.6ms rx=2 busy=0
19:13:36.168     +1799.426s  M114                                     ok             1.8ms rx=2 busy=0
19:13:36.168     +1799.747s  M114                                     ok             1.7ms rx=2 busy=0
19:13:36.168     +1800.066s  M114                                     ok             1.7ms rx=2 busy=0
19:13:36.168     +1800.386s  M114                                     ok             1.6ms rx=2 busy=0
19:13:36.168     +1800.625s  G0 F7.514924437146975 E0.2900            ok             1.5ms rx=1 busy=0
19:13:36.168     +1800.642s  M114                                     ok             1.4ms rx=2 busy=0
19:13:36.168     +1800.706s  M114                                     ok             1.6ms rx=2 busy=0
19:13:36.168     +1801.026s  M114                                     ok             1.6ms rx=2 busy=0
19:13:36.168     +1801.349s  M114                                     ok             4.3ms rx=2 busy=0
19:13:36.168     +1801.537s  G0 F7.514924437146975 E0.2900            ok             1.8ms rx=1 busy=0
19:13:36.168     +1801.554s  M114                                     ok             1.6ms rx=2 busy=0
19:13:36.168     +1801.676s  M114                                     ok             9.6ms rx=2 busy=0
19:13:36.168     +1801.988s  M114                                     ok             2.8ms rx=2 busy=0
19:13:36.168     +1802.307s  M114                                     ok             1.9ms rx=2 busy=0
19:13:36.169     +1802.626s  M114                                     ok             1.7ms rx=2 busy=0
19:13:36.169     +1802.946s  M114                                     ok             1.6ms rx=2 busy=0
19:13:36.169     +1803.266s  M114                                     ok             1.7ms rx=2 busy=0
19:13:36.169     +1803.586s  M114                                     ok             1.6ms rx=2 busy=0
19:13:36.169     +1803.906s  M114                                     ok             2.0ms rx=2 busy=0
19:13:36.169     +1804.227s  M114                                     ok             1.3ms rx=2 busy=0
19:13:36.169     +1804.547s  M114                                     ok             1.4ms rx=2 busy=0
19:13:36.169     +1804.866s  M114                                     ok             1.7ms rx=2 busy=0
19:13:36.169     +1805.186s  M114                                     ok             1.6ms rx=2 busy=0
19:13:36.169     +1805.506s  M114                                     ok             1.7ms rx=2 busy=0
19:13:36.169     +1805.836s  M114                                     ok            10.0ms rx=2 busy=0
19:13:36.169     +1806.151s  M114                                     ok             2.3ms rx=2 busy=0
19:13:36.169     +1806.480s  M114                                     ok            15.8ms rx=2 busy=0
19:13:36.169     +1806.802s  M114                                     ok             1.8ms rx=2 busy=0
19:13:36.169     +1807.121s  M114                                     ok             1.3ms rx=2 busy=0
19:13:36.169     +1807.441s  M114                                     ok             1.3ms rx=2 busy=0
19:13:36.169     +1807.763s  M114                                     ok             2.2ms rx=2 busy=0
19:13:36.169     +1808.082s  M114                                     ok             1.3ms rx=2 busy=0
19:13:36.169     +1808.402s  M114                                     ok             1.5ms rx=2 busy=0
19:13:36.169     +1808.727s  M114                                     ok             6.9ms rx=2 busy=0
19:13:36.169     +1809.050s  M114                                     ok             6.4ms rx=2 busy=0
19:13:36.169     +1809.365s  M114                                     ok             1.4ms rx=2 busy=0
19:13:36.169     +1809.684s  M114                                     ok             2.2ms rx=2 busy=0
19:13:36.169     +1810.002s  M114                                     ok             1.9ms rx=2 busy=0
19:13:36.169     +1810.321s  M114                                     ok             1.3ms rx=2 busy=0
19:13:36.169     +1810.648s  M114                                     ok             8.2ms rx=2 busy=0
19:13:36.169     +1810.962s  M114                                     ok             1.3ms rx=2 busy=0
19:13:36.169     +1811.282s  M114                                     ok             1.4ms rx=2 busy=0
19:13:36.169     +1811.602s  M114                                     ok             1.5ms rx=2 busy=0
19:13:36.169     +1811.921s  M114                                     ok             1.3ms rx=2 busy=0
19:13:36.169     +1812.244s  M114                                     ok             3.4ms rx=2 busy=0
19:13:36.169     +1812.343s  G0 F18.78731109286744 X0.0600            ok             1.7ms rx=1 busy=0
19:13:36.169     +1818.344s  M400                                     timeout     6000.4ms rx=2 busy=2 no-ok
19:13:36.169 ---- end recent ----
19:13:37.135 ANOMALY M114                                     ok           926.1ms rx=2 busy=1
19:13:42.236 ANOMALY G0 F18.78731109286744 X-0.0600           ok          1064.7ms rx=1 busy=0
19:13:42.236 ---- recent ZP transactions (anomaly: G0 F18.78731109286744 X-0.0600 -> ok) [300] ----
19:13:42.236     +1737.650s  M114                                     ok             1.4ms rx=2 busy=0
19:13:42.236     +1737.970s  M114                                     ok             1.4ms rx=2 busy=0
19:13:42.236     +1738.289s  M114                                     ok             1.4ms rx=2 busy=0
19:13:42.236     +1738.611s  M114                                     ok             2.3ms rx=2 busy=0
19:13:42.236     +1738.929s  M114                                     ok             1.3ms rx=2 busy=0
19:13:42.236     +1739.250s  M114                                     ok             1.9ms rx=2 busy=0
19:13:42.236     +1739.570s  M114                                     ok             1.5ms rx=2 busy=0
19:13:42.236     +1739.893s  M114                                     ok             5.3ms rx=2 busy=0
19:13:42.236     +1740.209s  M114                                     ok             1.3ms rx=2 busy=0
19:13:42.236     +1740.529s  M114                                     ok             1.5ms rx=2 busy=0
19:13:42.236     +1740.850s  M114                                     ok             1.4ms rx=2 busy=0
19:13:42.236     +1741.171s  M114                                     ok             2.2ms rx=2 busy=0
19:13:42.236     +1741.500s  M114                                     ok             9.5ms rx=2 busy=0
19:13:42.236     +1741.815s  M114                                     ok             1.5ms rx=2 busy=0
19:13:42.236     +1742.130s  M114                                     ok             2.2ms rx=2 busy=0
19:13:42.236     +1742.450s  M114                                     ok             1.3ms rx=2 busy=0
19:13:42.236     +1742.770s  M114                                     ok             1.3ms rx=2 busy=0
19:13:42.236     +1743.089s  M114                                     ok             1.5ms rx=2 busy=0
19:13:42.236     +1743.409s  M114                                     ok             1.3ms rx=2 busy=0
19:13:42.236     +1743.729s  M114                                     ok             1.3ms rx=2 busy=0
19:13:42.236     +1744.049s  M114                                     ok             1.3ms rx=2 busy=0
19:13:42.236     +1744.370s  M114                                     ok             1.5ms rx=2 busy=0
19:13:42.236     +1744.700s  M114                                     ok            10.7ms rx=2 busy=0
19:13:42.236     +1745.014s  M114                                     ok             4.2ms rx=2 busy=0
19:13:42.236 ANOMALY M114                                     ok           919.4ms rx=1 busy=0
19:13:42.236     +1745.330s  M114                                     ok             1.3ms rx=2 busy=0
19:13:42.237     +1745.650s  M114                                     ok             1.3ms rx=2 busy=0
19:13:42.237     +1745.969s  M114                                     ok             1.3ms rx=2 busy=0
19:13:42.237     +1746.290s  M114                                     ok             1.3ms rx=2 busy=0
19:13:42.237     +1746.610s  M114                                     ok             1.4ms rx=2 busy=0
19:13:42.237     +1746.929s  M114                                     ok             1.3ms rx=2 busy=0
19:13:42.237     +1747.250s  M114                                     ok             1.3ms rx=2 busy=0
19:13:42.237     +1747.569s  M114                                     ok             1.3ms rx=2 busy=0
19:13:42.237     +1747.901s  M114                                     ok            12.2ms rx=2 busy=0
19:13:42.237     +1748.241s  M114                                     ok            23.9ms rx=2 busy=0
19:13:42.237     +1748.561s  M114                                     ok             1.3ms rx=2 busy=0
19:13:42.237     +1748.881s  M114                                     ok             1.3ms rx=2 busy=0
19:13:42.237     +1749.202s  M114                                     ok             1.3ms rx=2 busy=0
19:13:42.237     +1749.521s  M114                                     ok             1.3ms rx=2 busy=0
19:13:42.237     +1749.842s  M114                                     ok             1.7ms rx=2 busy=0
19:13:42.237     +1750.163s  M114                                     ok             3.2ms rx=2 busy=0
19:13:42.237     +1750.491s  M114                                     ok             7.5ms rx=2 busy=0
19:13:42.237     +1750.802s  M114                                     ok             1.5ms rx=2 busy=0
19:13:42.237     +1751.122s  M114                                     ok             1.4ms rx=2 busy=0
19:13:42.237     +1751.449s  M114                                     ok             6.2ms rx=2 busy=0
19:13:42.237     +1751.767s  M114                                     ok             2.8ms rx=2 busy=0
19:13:42.237     +1752.085s  M114                                     ok             3.1ms rx=2 busy=0
19:13:42.237     +1752.401s  M114                                     ok             1.3ms rx=2 busy=0
19:13:42.237     +1752.722s  M114                                     ok             1.3ms rx=2 busy=0
19:13:42.237     +1753.042s  M114                                     ok             1.4ms rx=2 busy=0
19:13:42.237     +1753.362s  M114                                     ok             1.8ms rx=2 busy=0
19:13:42.237     +1753.681s  M114                                     ok             1.3ms rx=2 busy=0
19:13:42.237     +1753.998s  G0 F201.0 Z0.0100                        ok             0.9ms rx=1 busy=0
19:13:42.237     +1754.002s  M114                                     ok             1.7ms rx=2 busy=0
19:13:42.237     +1754.023s  M114                                     ok             1.3ms rx=2 busy=0
19:13:42.237     +1754.157s  G0 F201.0 Z0.0100                        ok             0.9ms rx=1 busy=0
19:13:42.237     +1754.179s  M114                                     ok             1.6ms rx=2 busy=0
19:13:42.237     +1754.322s  G0 F201.0 Z0.0100                        ok             3.1ms rx=1 busy=0
19:13:42.237     +1754.324s  M114                                     ok             3.3ms rx=2 busy=0
19:13:42.237     +1754.340s  M114                                     ok             1.6ms rx=2 busy=0
19:13:42.237     +1754.470s  G0 F201.0 Z0.0100                        ok             0.8ms rx=1 busy=0
19:13:42.237     +1754.493s  M114                                     ok            12.5ms rx=2 busy=0
19:13:42.237     +1754.628s  G0 F201.0 Z0.0100                        ok             0.9ms rx=1 busy=0
19:13:42.237     +1754.652s  M114                                     ok            11.4ms rx=2 busy=0
19:13:42.237     +1754.658s  M114                                     ok             1.6ms rx=2 busy=0
19:13:42.237     +1754.878s  G0 F201.0 Z0.0100                        ok             2.3ms rx=1 busy=0
19:13:42.237     +1754.901s  M114                                     ok             4.4ms rx=2 busy=0
19:13:42.237     +1754.971s  M114                                     ok            11.0ms rx=2 busy=0
19:13:42.237     +1755.068s  G0 F201.0 Z0.0100                        ok             0.9ms rx=1 busy=0
19:13:42.237     +1755.089s  M114                                     ok             1.3ms rx=2 busy=0
19:13:42.237     +1755.248s  G0 F201.0 Z0.0100                        ok             1.0ms rx=1 busy=0
19:13:42.237     +1755.266s  M114                                     ok             1.8ms rx=2 busy=0
19:13:42.237     +1755.285s  M114                                     ok             2.6ms rx=2 busy=0
19:13:42.237     +1755.430s  G0 F201.0 Z0.0100                        ok             0.9ms rx=1 busy=0
19:13:42.237     +1755.442s  M114                                     ok             1.9ms rx=2 busy=0
19:13:42.237     +1755.560s  G0 F201.0 Z0.0100                        ok             0.9ms rx=1 busy=0
19:13:42.238     +1755.569s  M114                                     ok             1.3ms rx=2 busy=0
19:13:42.238     +1755.602s  M114                                     ok             1.3ms rx=2 busy=0
19:13:42.238     +1755.922s  M114                                     ok             1.9ms rx=2 busy=0
19:13:42.238     +1756.242s  M114                                     ok             1.4ms rx=2 busy=0
19:13:42.238     +1756.561s  M114                                     ok             1.3ms rx=2 busy=0
19:13:42.238     +1756.881s  M114                                     ok             1.3ms rx=2 busy=0
19:13:42.238     +1757.201s  M114                                     ok             1.3ms rx=2 busy=0
19:13:42.238     +1757.522s  M114                                     ok             2.2ms rx=2 busy=0
19:13:42.238     +1757.844s  M114                                     ok             3.6ms rx=2 busy=0
19:13:42.238     +1758.162s  M114                                     ok             1.3ms rx=2 busy=0
19:13:42.238     +1758.484s  M114                                     ok             2.1ms rx=2 busy=0
19:13:42.238     +1758.807s  M114                                     ok             2.9ms rx=2 busy=0
19:13:42.238     +1759.121s  M114                                     ok             1.3ms rx=2 busy=0
19:13:42.238     +1759.442s  M114                                     ok             1.3ms rx=2 busy=0
19:13:42.238     +1759.762s  M114                                     ok             1.3ms rx=2 busy=0
19:13:42.238     +1760.081s  M114                                     ok             1.3ms rx=2 busy=0
19:13:42.238     +1760.402s  M114                                     ok             1.3ms rx=2 busy=0
19:13:42.238     +1760.722s  M114                                     ok             1.3ms rx=2 busy=0
19:13:42.238     +1761.041s  M114                                     ok             1.3ms rx=2 busy=0
19:13:42.238     +1761.362s  M114                                     ok             1.7ms rx=2 busy=0
19:13:42.238     +1761.682s  M114                                     ok             1.4ms rx=2 busy=0
19:13:42.238     +1762.001s  M114                                     ok             1.3ms rx=2 busy=0
19:13:42.238     +1762.322s  M114                                     ok             1.3ms rx=2 busy=0
19:13:42.238     +1762.641s  M114                                     ok             1.3ms rx=2 busy=0
19:13:42.238     +1762.980s  M114                                     ok            19.6ms rx=2 busy=0
19:13:42.238     +1763.298s  M114                                     ok             1.5ms rx=2 busy=0
19:13:42.238     +1763.621s  M114                                     ok             4.5ms rx=2 busy=0
19:13:42.238     +1763.945s  M114                                     ok             3.2ms rx=2 busy=0
19:13:42.238     +1764.265s  M114                                     ok             5.2ms rx=2 busy=0
19:13:42.238     +1764.578s  M114                                     ok             1.3ms rx=2 busy=0
19:13:42.238     +1764.903s  M114                                     ok             4.2ms rx=2 busy=0
19:13:42.238     +1765.218s  M114                                     ok             1.4ms rx=2 busy=0
19:13:42.238     +1765.537s  M114                                     ok             1.3ms rx=2 busy=0
19:13:42.238     +1765.857s  M114                                     ok             1.3ms rx=2 busy=0
19:13:42.238     +1766.178s  M114                                     ok             1.3ms rx=2 busy=0
19:13:42.238     +1766.498s  M114                                     ok             2.2ms rx=2 busy=0
19:13:42.238     +1766.818s  M114                                     ok             1.4ms rx=2 busy=0
19:13:42.238     +1767.147s  M114                                     ok            11.2ms rx=2 busy=0
19:13:42.238     +1767.460s  M114                                     ok             1.4ms rx=2 busy=0
19:13:42.238     +1767.785s  M114                                     ok             5.1ms rx=2 busy=0
19:13:42.238     +1768.102s  M114                                     ok             1.6ms rx=2 busy=0
19:13:42.238     +1768.418s  M114                                     ok             1.5ms rx=2 busy=0
19:13:42.238     +1768.738s  M114                                     ok             1.6ms rx=2 busy=0
19:13:42.238     +1769.058s  M114                                     ok             1.5ms rx=2 busy=0
19:13:42.238     +1769.378s  M114                                     ok             1.5ms rx=2 busy=0
19:13:42.238     +1769.698s  M114                                     ok             1.3ms rx=2 busy=0
19:13:42.238     +1770.018s  M114                                     ok             1.7ms rx=2 busy=0
19:13:42.238     +1770.338s  M114                                     ok             1.3ms rx=2 busy=0
19:13:42.238     +1770.657s  M114                                     ok             1.3ms rx=2 busy=0
19:13:42.238     +1770.982s  M114                                     ok             4.3ms rx=2 busy=0
19:13:42.238     +1771.306s  M114                                     ok             8.6ms rx=2 busy=0
19:13:42.238     +1771.619s  M114                                     ok             1.7ms rx=2 busy=0
19:13:42.239     +1771.941s  M114                                     ok             2.3ms rx=2 busy=0
19:13:42.239     +1772.258s  M114                                     ok             1.4ms rx=2 busy=0
19:13:42.239     +1772.578s  M114                                     ok             1.4ms rx=2 busy=0
19:13:42.239     +1772.898s  M114                                     ok             1.3ms rx=2 busy=0
19:13:42.239     +1773.218s  M114                                     ok             1.4ms rx=2 busy=0
19:13:42.239     +1773.538s  M114                                     ok             1.7ms rx=2 busy=0
19:13:42.239     +1773.858s  M114                                     ok             1.3ms rx=2 busy=0
19:13:42.239     +1774.177s  M114                                     ok             1.3ms rx=2 busy=0
19:13:42.239     +1774.497s  M114                                     ok             1.3ms rx=2 busy=0
19:13:42.239     +1774.817s  M114                                     ok             1.3ms rx=2 busy=0
19:13:42.239     +1775.148s  M114                                     ok            11.9ms rx=2 busy=0
19:13:42.239     +1775.461s  M114                                     ok             3.5ms rx=2 busy=0
19:13:42.239     +1775.778s  M114                                     ok             1.3ms rx=2 busy=0
19:13:42.239     +1776.098s  M114                                     ok             1.4ms rx=2 busy=0
19:13:42.239     +1776.418s  M114                                     ok             1.3ms rx=2 busy=0
19:13:42.239     +1776.738s  M114                                     ok             1.5ms rx=2 busy=0
19:13:42.239     +1776.975s  G0 F18.78731109286744 X0.0600            ok             1.7ms rx=1 busy=0
19:13:42.239     +1777.273s  M400                                     ok           298.1ms rx=1 busy=0
19:13:42.239     +1777.297s  M114                                     ok             1.3ms rx=2 busy=0
19:13:42.239     +1777.617s  M114                                     ok             1.4ms rx=2 busy=0
19:13:42.239     +1777.938s  M114                                     ok             1.3ms rx=2 busy=0
19:13:42.239     +1778.259s  M114                                     ok             1.8ms rx=2 busy=0
19:13:42.239     +1778.584s  M114                                     ok             3.2ms rx=2 busy=0
19:13:42.239     +1778.901s  M114                                     ok             3.0ms rx=2 busy=0
19:13:42.239     +1779.218s  M114                                     ok             1.3ms rx=2 busy=0
19:13:42.239     +1779.563s  M114                                     ok            26.1ms rx=2 busy=0
19:13:42.239     +1779.874s  M114                                     ok             1.6ms rx=2 busy=0
19:13:42.239     +1780.194s  M114                                     ok             1.6ms rx=2 busy=0
19:13:42.239     +1780.514s  M114                                     ok             1.7ms rx=2 busy=0
19:13:42.239     +1780.834s  M114                                     ok             1.6ms rx=2 busy=0
19:13:42.239     +1781.164s  M114                                     ok            10.9ms rx=2 busy=0
19:13:42.239     +1781.480s  M114                                     ok             1.3ms rx=2 busy=0
19:13:42.239     +1781.794s  M114                                     ok             2.0ms rx=2 busy=0
19:13:42.239     +1782.115s  M114                                     ok             1.6ms rx=2 busy=0
19:13:42.239     +1782.274s  G0 F18.78731109286744 X0.3000            ok             1.4ms rx=1 busy=0
19:13:42.239     +1783.339s  M400                                     ok          1064.6ms rx=1 busy=0
19:13:42.239     +1783.351s  G0 F18.78731109286744 X-0.0600           ok             1.2ms rx=1 busy=0
19:13:42.239     +1783.649s  M400                                     ok           297.6ms rx=1 busy=0
19:13:42.239     +1783.717s  M114                                     ok            21.1ms rx=2 busy=0
19:13:42.239     +1784.034s  M114                                     ok             1.6ms rx=2 busy=0
19:13:42.239     +1784.354s  M114                                     ok             1.6ms rx=2 busy=0
19:13:42.239     +1784.676s  M114                                     ok             3.3ms rx=2 busy=0
19:13:42.239     +1785.004s  M114                                     ok             3.4ms rx=2 busy=0
19:13:42.239     +1785.316s  M114                                     ok             1.8ms rx=2 busy=0
19:13:42.239     +1785.637s  M114                                     ok             2.4ms rx=2 busy=0
19:13:42.239     +1785.954s  M114                                     ok             1.6ms rx=2 busy=0
19:13:42.239     +1786.275s  M114                                     ok             1.9ms rx=2 busy=0
19:13:42.239     +1786.594s  M114                                     ok             1.8ms rx=2 busy=0
19:13:42.239     +1786.914s  M114                                     ok             1.6ms rx=2 busy=0
19:13:42.239     +1787.234s  M114                                     ok             1.6ms rx=2 busy=0
19:13:42.239     +1787.554s  M114                                     ok             1.8ms rx=2 busy=0
19:13:42.239     +1787.874s  M114                                     ok             1.8ms rx=2 busy=0
19:13:42.239     +1788.196s  M114                                     ok             1.8ms rx=2 busy=0
19:13:42.240     +1788.514s  M114                                     ok             1.6ms rx=2 busy=0
19:13:42.240     +1788.689s  M114                                     ok             1.3ms rx=2 busy=0
19:13:42.240     +1788.834s  M114                                     ok             1.6ms rx=2 busy=0
19:13:42.240     +1788.923s  G0 F7.514924437146975 E0.2900            ok             1.2ms rx=1 busy=0
19:13:42.240     +1788.946s  M114                                     ok             2.1ms rx=2 busy=0
19:13:42.240     +1789.155s  M114                                     ok             2.4ms rx=2 busy=0
19:13:42.240     +1789.474s  M114                                     ok             1.8ms rx=2 busy=0
19:13:42.240     +1789.564s  G0 F7.514924437146975 E0.2900            ok             1.5ms rx=1 busy=0
19:13:42.240     +1789.586s  M114                                     ok             1.7ms rx=2 busy=0
19:13:42.240     +1789.794s  M114                                     ok             1.8ms rx=2 busy=0
19:13:42.240     +1790.004s  G0 F7.514924437146975 E0.2900            ok             2.2ms rx=1 busy=0
19:13:42.240     +1790.017s  M114                                     ok             1.3ms rx=2 busy=0
19:13:42.240     +1790.114s  M114                                     ok             1.6ms rx=2 busy=0
19:13:42.240     +1790.434s  M114                                     ok             1.6ms rx=2 busy=0
19:13:42.240     +1790.473s  G0 F7.514924437146975 E0.2900            ok             1.5ms rx=1 busy=0
19:13:42.240     +1790.482s  M114                                     ok             1.5ms rx=2 busy=0
19:13:42.240     +1790.754s  M114                                     ok             1.9ms rx=2 busy=0
19:13:42.240     +1790.967s  G0 F7.514924437146975 E0.2900            ok            25.1ms rx=1 busy=0
19:13:42.240     +1790.977s  M114                                     ok             1.3ms rx=2 busy=0
19:13:42.240     +1791.074s  M114                                     ok             1.7ms rx=2 busy=0
19:13:42.240     +1791.397s  M114                                     ok             4.0ms rx=2 busy=0
19:13:42.240     +1791.726s  M114                                     ok            12.5ms rx=2 busy=0
19:13:42.240     +1791.886s  G0 F7.514924437146975 E0.2900            ok             1.7ms rx=1 busy=0
19:13:42.240     +1791.906s  M114                                     ok             1.7ms rx=2 busy=0
19:13:42.240     +1792.034s  M114                                     ok             1.6ms rx=2 busy=0
19:13:42.240     +1792.354s  M114                                     ok             1.7ms rx=2 busy=0
19:13:42.240     +1792.609s  G0 F7.514924437146975 E0.2900            ok             1.5ms rx=1 busy=0
19:13:42.240     +1792.626s  M114                                     ok             1.6ms rx=2 busy=0
19:13:42.240     +1792.674s  M114                                     ok             1.8ms rx=2 busy=0
19:13:42.240     +1793.014s  M114                                     ok            22.4ms rx=2 busy=0
19:13:42.240     +1793.290s  G0 F7.514924437146975 E0.2900            ok             1.6ms rx=1 busy=0
19:13:42.240     +1793.314s  M114                                     ok             1.6ms rx=2 busy=0
19:13:42.240     +1793.330s  M114                                     ok             1.6ms rx=2 busy=0
19:13:42.240     +1793.652s  M114                                     ok             3.8ms rx=2 busy=0
19:13:42.240     +1793.976s  M114                                     ok             3.5ms rx=2 busy=0
19:13:42.240     +1794.294s  M114                                     ok             1.6ms rx=2 busy=0
19:13:42.240     +1794.468s  G0 F7.514924437146975 E0.2900            ok             1.7ms rx=1 busy=0
19:13:42.240     +1794.482s  M114                                     ok             1.7ms rx=2 busy=0
19:13:42.241     +1794.610s  M114                                     ok             1.7ms rx=2 busy=0
19:13:42.241     +1794.932s  M114                                     ok             1.8ms rx=2 busy=0
19:13:42.241     +1795.250s  M114                                     ok             1.5ms rx=2 busy=0
19:13:42.241     +1795.574s  M114                                     ok             6.0ms rx=2 busy=0
19:13:42.241     +1795.890s  M114                                     ok             1.4ms rx=2 busy=0
19:13:42.241     +1796.210s  M114                                     ok             1.3ms rx=2 busy=0
19:13:42.241     +1796.531s  M114                                     ok             2.1ms rx=2 busy=0
19:13:42.241     +1796.850s  M114                                     ok             1.5ms rx=2 busy=0
19:13:42.241     +1797.187s  M114                                     ok            18.9ms rx=2 busy=0
19:13:42.241     +1797.215s  G0 F7.514924437146975 E0.2900            ok             1.5ms rx=1 busy=0
19:13:42.241     +1797.234s  M114                                     ok             1.6ms rx=2 busy=0
19:13:42.241     +1797.506s  M114                                     ok             1.6ms rx=2 busy=0
19:13:42.241     +1797.827s  M114                                     ok             2.1ms rx=2 busy=0
19:13:42.241     +1798.091s  G0 F7.514924437146975 E0.2900            ok             1.5ms rx=1 busy=0
19:13:42.241     +1798.114s  M114                                     ok             1.8ms rx=2 busy=0
19:13:42.241     +1798.153s  M114                                     ok             4.3ms rx=2 busy=0
19:13:42.241     +1798.470s  M114                                     ok             2.3ms rx=2 busy=0
19:13:42.241     +1798.786s  M114                                     ok             2.0ms rx=2 busy=0
19:13:42.241     +1799.106s  M114                                     ok             1.6ms rx=2 busy=0
19:13:42.241     +1799.426s  M114                                     ok             1.8ms rx=2 busy=0
19:13:42.241     +1799.747s  M114                                     ok             1.7ms rx=2 busy=0
19:13:42.242     +1800.066s  M114                                     ok             1.7ms rx=2 busy=0
19:13:42.242     +1800.386s  M114                                     ok             1.6ms rx=2 busy=0
19:13:42.242     +1800.625s  G0 F7.514924437146975 E0.2900            ok             1.5ms rx=1 busy=0
19:13:42.242     +1800.642s  M114                                     ok             1.4ms rx=2 busy=0
19:13:42.242     +1800.706s  M114                                     ok             1.6ms rx=2 busy=0
19:13:42.242     +1801.026s  M114                                     ok             1.6ms rx=2 busy=0
19:13:42.242     +1801.349s  M114                                     ok             4.3ms rx=2 busy=0
19:13:42.243     +1801.537s  G0 F7.514924437146975 E0.2900            ok             1.8ms rx=1 busy=0
19:13:42.243     +1801.554s  M114                                     ok             1.6ms rx=2 busy=0
19:13:42.243     +1801.676s  M114                                     ok             9.6ms rx=2 busy=0
19:13:42.244     +1801.988s  M114                                     ok             2.8ms rx=2 busy=0
19:13:42.244     +1802.307s  M114                                     ok             1.9ms rx=2 busy=0
19:13:42.244     +1802.626s  M114                                     ok             1.7ms rx=2 busy=0
19:13:42.244     +1802.946s  M114                                     ok             1.6ms rx=2 busy=0
19:13:42.244     +1803.266s  M114                                     ok             1.7ms rx=2 busy=0
19:13:42.244     +1803.586s  M114                                     ok             1.6ms rx=2 busy=0
19:13:42.244     +1803.906s  M114                                     ok             2.0ms rx=2 busy=0
19:13:42.244     +1804.227s  M114                                     ok             1.3ms rx=2 busy=0
19:13:42.244     +1804.547s  M114                                     ok             1.4ms rx=2 busy=0
19:13:42.244     +1804.866s  M114                                     ok             1.7ms rx=2 busy=0
19:13:42.245     +1805.186s  M114                                     ok             1.6ms rx=2 busy=0
19:13:42.245     +1805.506s  M114                                     ok             1.7ms rx=2 busy=0
19:13:42.245     +1805.836s  M114                                     ok            10.0ms rx=2 busy=0
19:13:42.245     +1806.151s  M114                                     ok             2.3ms rx=2 busy=0
19:13:42.245     +1806.480s  M114                                     ok            15.8ms rx=2 busy=0
19:13:42.245     +1806.802s  M114                                     ok             1.8ms rx=2 busy=0
19:13:42.245     +1807.121s  M114                                     ok             1.3ms rx=2 busy=0
19:13:42.245     +1807.441s  M114                                     ok             1.3ms rx=2 busy=0
19:13:42.245     +1807.763s  M114                                     ok             2.2ms rx=2 busy=0
19:13:42.245     +1808.082s  M114                                     ok             1.3ms rx=2 busy=0
19:13:42.245     +1808.402s  M114                                     ok             1.5ms rx=2 busy=0
19:13:42.245     +1808.727s  M114                                     ok             6.9ms rx=2 busy=0
19:13:42.245     +1809.050s  M114                                     ok             6.4ms rx=2 busy=0
19:13:42.245     +1809.365s  M114                                     ok             1.4ms rx=2 busy=0
19:13:42.245     +1809.684s  M114                                     ok             2.2ms rx=2 busy=0
19:13:42.245     +1810.002s  M114                                     ok             1.9ms rx=2 busy=0
19:13:42.245     +1810.321s  M114                                     ok             1.3ms rx=2 busy=0
19:13:42.245     +1810.648s  M114                                     ok             8.2ms rx=2 busy=0
19:13:42.245     +1810.962s  M114                                     ok             1.3ms rx=2 busy=0
19:13:42.245     +1811.282s  M114                                     ok             1.4ms rx=2 busy=0
19:13:42.245     +1811.602s  M114                                     ok             1.5ms rx=2 busy=0
19:13:42.245     +1811.921s  M114                                     ok             1.3ms rx=2 busy=0
19:13:42.245     +1812.244s  M114                                     ok             3.4ms rx=2 busy=0
19:13:42.245     +1812.343s  G0 F18.78731109286744 X0.0600            ok             1.7ms rx=1 busy=0
19:13:42.245     +1818.344s  M400                                     timeout     6000.4ms rx=2 busy=2 no-ok
19:13:42.245     +1819.326s  M114                                     ok           926.1ms rx=2 busy=1
19:13:42.245     +1819.651s  M114                                     ok             1.6ms rx=2 busy=0
19:13:42.245     +1819.969s  M114                                     ok             0.6ms rx=2 busy=0
19:13:42.245     +1820.289s  M114                                     ok             0.6ms rx=2 busy=0
19:13:42.245     +1820.621s  M114                                     ok            11.9ms rx=2 busy=0
19:13:42.245     +1820.945s  M114                                     ok             0.9ms rx=2 busy=0
19:13:42.245     +1821.266s  M114                                     ok             1.7ms rx=2 busy=0
19:13:42.245     +1821.594s  M114                                     ok             7.6ms rx=2 busy=0
19:13:42.245     +1821.905s  M114                                     ok             0.8ms rx=2 busy=0
19:13:42.245     +1822.225s  M114                                     ok             0.6ms rx=2 busy=0
19:13:42.245     +1822.545s  M114                                     ok             0.5ms rx=2 busy=0
19:13:42.245     +1822.865s  M114                                     ok             0.6ms rx=2 busy=0
19:13:42.245     +1823.187s  M114                                     ok             2.2ms rx=2 busy=0
19:13:42.245     +1823.362s  G0 F18.78731109286744 X0.3000            ok             1.0ms rx=2 busy=0
19:13:42.245     +1823.362s  M400                                     ok             0.2ms rx=1 busy=0
19:13:42.245     +1824.427s  G0 F18.78731109286744 X-0.0600           ok          1064.7ms rx=1 busy=0
19:13:42.245 ---- end recent ----
19:13:55.371 STATS txns=6000 ok=5999 fail=1 reset=0 avg=4.6ms max=6000.4ms
19:14:34.422 ANOMALY M400                                     ok          1065.9ms rx=1 busy=0
19:14:34.423 ---- recent ZP transactions (anomaly: M400 -> ok) [300] ----
19:14:34.423     +1788.514s  M114                                     ok             1.6ms rx=2 busy=0
19:14:34.423     +1788.689s  M114                                     ok             1.3ms rx=2 busy=0
19:14:34.424     +1788.834s  M114                                     ok             1.6ms rx=2 busy=0
19:14:34.424     +1788.923s  G0 F7.514924437146975 E0.2900            ok             1.2ms rx=1 busy=0
19:14:34.425     +1788.946s  M114                                     ok             2.1ms rx=2 busy=0
19:14:34.425     +1789.155s  M114                                     ok             2.4ms rx=2 busy=0
19:14:34.425     +1789.474s  M114                                     ok             1.8ms rx=2 busy=0
19:14:34.426     +1789.564s  G0 F7.514924437146975 E0.2900            ok             1.5ms rx=1 busy=0
19:14:34.426     +1789.586s  M114                                     ok             1.7ms rx=2 busy=0
19:14:34.426     +1789.794s  M114                                     ok             1.8ms rx=2 busy=0
19:14:34.426     +1790.004s  G0 F7.514924437146975 E0.2900            ok             2.2ms rx=1 busy=0
19:14:34.426     +1790.017s  M114                                     ok             1.3ms rx=2 busy=0
19:14:34.426     +1790.114s  M114                                     ok             1.6ms rx=2 busy=0
19:14:34.426     +1790.434s  M114                                     ok             1.6ms rx=2 busy=0
19:14:34.426     +1790.473s  G0 F7.514924437146975 E0.2900            ok             1.5ms rx=1 busy=0
19:14:34.426     +1790.482s  M114                                     ok             1.5ms rx=2 busy=0
19:14:34.427     +1790.754s  M114                                     ok             1.9ms rx=2 busy=0
19:14:34.427     +1790.967s  G0 F7.514924437146975 E0.2900            ok            25.1ms rx=1 busy=0
19:14:34.427     +1790.977s  M114                                     ok             1.3ms rx=2 busy=0
19:14:34.427     +1791.074s  M114                                     ok             1.7ms rx=2 busy=0
19:14:34.427     +1791.397s  M114                                     ok             4.0ms rx=2 busy=0
19:14:34.427     +1791.726s  M114                                     ok            12.5ms rx=2 busy=0
19:14:34.427     +1791.886s  G0 F7.514924437146975 E0.2900            ok             1.7ms rx=1 busy=0
19:14:34.427     +1791.906s  M114                                     ok             1.7ms rx=2 busy=0
19:14:34.428     +1792.034s  M114                                     ok             1.6ms rx=2 busy=0
19:14:34.428     +1792.354s  M114                                     ok             1.7ms rx=2 busy=0
19:14:34.428     +1792.609s  G0 F7.514924437146975 E0.2900            ok             1.5ms rx=1 busy=0
19:14:34.428     +1792.626s  M114                                     ok             1.6ms rx=2 busy=0
19:14:34.428     +1792.674s  M114                                     ok             1.8ms rx=2 busy=0
19:14:34.428     +1793.014s  M114                                     ok            22.4ms rx=2 busy=0
19:14:34.428     +1793.290s  G0 F7.514924437146975 E0.2900            ok             1.6ms rx=1 busy=0
19:14:34.428     +1793.314s  M114                                     ok             1.6ms rx=2 busy=0
19:14:34.428     +1793.330s  M114                                     ok             1.6ms rx=2 busy=0
19:14:34.428     +1793.652s  M114                                     ok             3.8ms rx=2 busy=0
19:14:34.428     +1793.976s  M114                                     ok             3.5ms rx=2 busy=0
19:14:34.428     +1794.294s  M114                                     ok             1.6ms rx=2 busy=0
19:14:34.428     +1794.468s  G0 F7.514924437146975 E0.2900            ok             1.7ms rx=1 busy=0
19:14:34.428     +1794.482s  M114                                     ok             1.7ms rx=2 busy=0
19:14:34.428     +1794.610s  M114                                     ok             1.7ms rx=2 busy=0
19:14:34.428     +1794.932s  M114                                     ok             1.8ms rx=2 busy=0
19:14:34.428     +1795.250s  M114                                     ok             1.5ms rx=2 busy=0
19:14:34.428     +1795.574s  M114                                     ok             6.0ms rx=2 busy=0
19:14:34.428     +1795.890s  M114                                     ok             1.4ms rx=2 busy=0
19:14:34.428     +1796.210s  M114                                     ok             1.3ms rx=2 busy=0
19:14:34.428     +1796.531s  M114                                     ok             2.1ms rx=2 busy=0
19:14:34.428     +1796.850s  M114                                     ok             1.5ms rx=2 busy=0
19:14:34.428     +1797.187s  M114                                     ok            18.9ms rx=2 busy=0
19:14:34.428     +1797.215s  G0 F7.514924437146975 E0.2900            ok             1.5ms rx=1 busy=0
19:14:34.428     +1797.234s  M114                                     ok             1.6ms rx=2 busy=0
19:14:34.428     +1797.506s  M114                                     ok             1.6ms rx=2 busy=0
19:14:34.428     +1797.827s  M114                                     ok             2.1ms rx=2 busy=0
19:14:34.428     +1798.091s  G0 F7.514924437146975 E0.2900            ok             1.5ms rx=1 busy=0
19:14:34.428     +1798.114s  M114                                     ok             1.8ms rx=2 busy=0
19:14:34.428     +1798.153s  M114                                     ok             4.3ms rx=2 busy=0
19:14:34.428     +1798.470s  M114                                     ok             2.3ms rx=2 busy=0
19:14:34.428     +1798.786s  M114                                     ok             2.0ms rx=2 busy=0
19:14:34.428     +1799.106s  M114                                     ok             1.6ms rx=2 busy=0
19:14:34.428     +1799.426s  M114                                     ok             1.8ms rx=2 busy=0
19:14:34.428     +1799.747s  M114                                     ok             1.7ms rx=2 busy=0
19:14:34.428     +1800.066s  M114                                     ok             1.7ms rx=2 busy=0
19:14:34.428     +1800.386s  M114                                     ok             1.6ms rx=2 busy=0
19:14:34.428     +1800.625s  G0 F7.514924437146975 E0.2900            ok             1.5ms rx=1 busy=0
19:14:34.428     +1800.642s  M114                                     ok             1.4ms rx=2 busy=0
19:14:34.429     +1800.706s  M114                                     ok             1.6ms rx=2 busy=0
19:14:34.429     +1801.026s  M114                                     ok             1.6ms rx=2 busy=0
19:14:34.429     +1801.349s  M114                                     ok             4.3ms rx=2 busy=0
19:14:34.429     +1801.537s  G0 F7.514924437146975 E0.2900            ok             1.8ms rx=1 busy=0
19:14:34.429     +1801.554s  M114                                     ok             1.6ms rx=2 busy=0
19:14:34.430     +1801.676s  M114                                     ok             9.6ms rx=2 busy=0
19:14:34.430     +1801.988s  M114                                     ok             2.8ms rx=2 busy=0
19:14:34.431     +1802.307s  M114                                     ok             1.9ms rx=2 busy=0
19:14:34.431     +1802.626s  M114                                     ok             1.7ms rx=2 busy=0
19:14:34.431     +1802.946s  M114                                     ok             1.6ms rx=2 busy=0
19:14:34.431     +1803.266s  M114                                     ok             1.7ms rx=2 busy=0
19:14:34.432     +1803.586s  M114                                     ok             1.6ms rx=2 busy=0
19:14:34.432     +1803.906s  M114                                     ok             2.0ms rx=2 busy=0
19:14:34.432     +1804.227s  M114                                     ok             1.3ms rx=2 busy=0
19:14:34.432     +1804.547s  M114                                     ok             1.4ms rx=2 busy=0
19:14:34.432     +1804.866s  M114                                     ok             1.7ms rx=2 busy=0
19:14:34.432     +1805.186s  M114                                     ok             1.6ms rx=2 busy=0
19:14:34.432     +1805.506s  M114                                     ok             1.7ms rx=2 busy=0
19:14:34.432     +1805.836s  M114                                     ok            10.0ms rx=2 busy=0
19:14:34.432     +1806.151s  M114                                     ok             2.3ms rx=2 busy=0
19:14:34.432     +1806.480s  M114                                     ok            15.8ms rx=2 busy=0
19:14:34.432     +1806.802s  M114                                     ok             1.8ms rx=2 busy=0
19:14:34.432     +1807.121s  M114                                     ok             1.3ms rx=2 busy=0
19:14:34.432     +1807.441s  M114                                     ok             1.3ms rx=2 busy=0
19:14:34.432     +1807.763s  M114                                     ok             2.2ms rx=2 busy=0
19:14:34.432     +1808.082s  M114                                     ok             1.3ms rx=2 busy=0
19:14:34.432     +1808.402s  M114                                     ok             1.5ms rx=2 busy=0
19:14:34.432     +1808.727s  M114                                     ok             6.9ms rx=2 busy=0
19:14:34.432     +1809.050s  M114                                     ok             6.4ms rx=2 busy=0
19:14:34.432     +1809.365s  M114                                     ok             1.4ms rx=2 busy=0
19:14:34.432     +1809.684s  M114                                     ok             2.2ms rx=2 busy=0
19:14:34.432     +1810.002s  M114                                     ok             1.9ms rx=2 busy=0
19:14:34.432     +1810.321s  M114                                     ok             1.3ms rx=2 busy=0
19:14:34.432     +1810.648s  M114                                     ok             8.2ms rx=2 busy=0
19:14:34.432     +1810.962s  M114                                     ok             1.3ms rx=2 busy=0
19:14:34.432     +1811.282s  M114                                     ok             1.4ms rx=2 busy=0
19:14:34.432     +1811.602s  M114                                     ok             1.5ms rx=2 busy=0
19:14:34.432     +1811.921s  M114                                     ok             1.3ms rx=2 busy=0
19:14:34.432     +1812.244s  M114                                     ok             3.4ms rx=2 busy=0
19:14:34.432     +1812.343s  G0 F18.78731109286744 X0.0600            ok             1.7ms rx=1 busy=0
19:14:34.432     +1818.344s  M400                                     timeout     6000.4ms rx=2 busy=2 no-ok
19:14:34.432     +1819.326s  M114                                     ok           926.1ms rx=2 busy=1
19:14:34.432     +1819.651s  M114                                     ok             1.6ms rx=2 busy=0
19:14:34.432     +1819.969s  M114                                     ok             0.6ms rx=2 busy=0
19:14:34.432     +1820.289s  M114                                     ok             0.6ms rx=2 busy=0
19:14:34.432     +1820.621s  M114                                     ok            11.9ms rx=2 busy=0
19:14:34.432     +1820.945s  M114                                     ok             0.9ms rx=2 busy=0
19:14:34.433     +1821.266s  M114                                     ok             1.7ms rx=2 busy=0
19:14:34.433     +1821.594s  M114                                     ok             7.6ms rx=2 busy=0
19:14:34.433     +1821.905s  M114                                     ok             0.8ms rx=2 busy=0
19:14:34.433     +1822.225s  M114                                     ok             0.6ms rx=2 busy=0
19:14:34.433     +1822.545s  M114                                     ok             0.5ms rx=2 busy=0
19:14:34.433     +1822.865s  M114                                     ok             0.6ms rx=2 busy=0
19:14:34.433     +1823.187s  M114                                     ok             2.2ms rx=2 busy=0
19:14:34.433     +1823.362s  G0 F18.78731109286744 X0.3000            ok             1.0ms rx=2 busy=0
19:14:34.433     +1823.362s  M400                                     ok             0.2ms rx=1 busy=0
19:14:34.433     +1824.427s  G0 F18.78731109286744 X-0.0600           ok          1064.7ms rx=1 busy=0
19:14:34.433     +1824.428s  M114                                     ok           919.4ms rx=1 busy=0
19:14:34.433     +1824.726s  M400                                     ok           288.8ms rx=1 busy=0
19:14:34.433     +1824.738s  M114                                     ok             1.7ms rx=2 busy=0
19:14:34.433     +1825.058s  M114                                     ok             1.3ms rx=2 busy=0
19:14:34.433     +1825.388s  M114                                     ok             9.5ms rx=2 busy=0
19:14:34.433     +1825.703s  M114                                     ok             4.4ms rx=2 busy=0
19:14:34.433     +1826.018s  M114                                     ok             1.3ms rx=2 busy=0
19:14:34.433     +1826.339s  M114                                     ok             1.6ms rx=2 busy=0
19:14:34.433     +1826.658s  M114                                     ok             1.4ms rx=2 busy=0
19:14:34.433     +1826.977s  M114                                     ok             1.3ms rx=2 busy=0
19:14:34.433     +1827.298s  M114                                     ok             1.5ms rx=2 busy=0
19:14:34.433     +1827.618s  M114                                     ok             1.3ms rx=2 busy=0
19:14:34.433     +1827.937s  M114                                     ok             1.3ms rx=2 busy=0
19:14:34.433     +1828.258s  M114                                     ok             1.9ms rx=2 busy=0
19:14:34.433     +1828.578s  M114                                     ok             1.3ms rx=2 busy=0
19:14:34.433     +1828.898s  M114                                     ok             1.3ms rx=2 busy=0
19:14:34.433     +1829.218s  M114                                     ok             1.8ms rx=2 busy=0
19:14:34.433     +1829.537s  M114                                     ok             1.4ms rx=2 busy=0
19:14:34.433     +1829.746s  M114                                     ok             1.6ms rx=2 busy=0
19:14:34.433     +1829.861s  M114                                     ok             5.2ms rx=2 busy=0
19:14:34.433     +1830.181s  M114                                     ok             2.3ms rx=2 busy=0
19:14:34.433     +1830.498s  M114                                     ok             1.4ms rx=2 busy=0
19:14:34.433     +1830.818s  M114                                     ok             1.4ms rx=2 busy=0
19:14:34.433     +1831.138s  M114                                     ok             1.5ms rx=2 busy=0
19:14:34.433     +1831.457s  M114                                     ok             1.3ms rx=2 busy=0
19:14:34.433     +1831.778s  M114                                     ok             1.3ms rx=2 busy=0
19:14:34.433     +1831.797s  G0 F7.514924437146975 Y0.3000            ok             1.2ms rx=1 busy=0
19:14:34.433     +1831.810s  M114                                     ok             2.1ms rx=2 busy=0
19:14:34.433     +1832.097s  M114                                     ok             1.3ms rx=2 busy=0
19:14:34.433     +1832.417s  M114                                     ok             1.4ms rx=2 busy=0
19:14:34.433     +1832.738s  M114                                     ok             1.7ms rx=2 busy=0
19:14:34.433     +1833.057s  M114                                     ok             1.3ms rx=2 busy=0
19:14:34.433     +1833.378s  M114                                     ok             2.2ms rx=2 busy=0
19:14:34.433     +1833.698s  M114                                     ok             1.3ms rx=2 busy=0
19:14:34.433     +1834.020s  M114                                     ok             3.2ms rx=2 busy=0
19:14:34.433     +1834.345s  M114                                     ok             4.5ms rx=2 busy=0
19:14:34.433     +1834.658s  M114                                     ok             1.4ms rx=2 busy=0
19:14:34.433     +1834.978s  M114                                     ok             1.5ms rx=2 busy=0
19:14:34.433     +1835.298s  M114                                     ok             1.3ms rx=2 busy=0
19:14:34.434     +1835.623s  M114                                     ok             6.5ms rx=2 busy=0
19:14:34.434     +1835.938s  M114                                     ok             1.3ms rx=2 busy=0
19:14:34.434     +1836.258s  M114                                     ok             1.8ms rx=2 busy=0
19:14:34.434     +1836.360s  G0 F7.514924437146975 E0.2900            ok             2.4ms rx=1 busy=0
19:14:34.434     +1836.386s  M114                                     ok             1.7ms rx=2 busy=0
19:14:34.434     +1836.578s  M114                                     ok             1.4ms rx=2 busy=0
19:14:34.434     +1836.898s  M114                                     ok             1.8ms rx=2 busy=0
19:14:34.434     +1837.221s  M114                                     ok             3.3ms rx=2 busy=0
19:14:34.434     +1837.562s  M114                                     ok            25.3ms rx=2 busy=0
19:14:34.434     +1837.874s  M114                                     ok             1.6ms rx=2 busy=0
19:14:34.434     +1838.194s  M114                                     ok             1.6ms rx=2 busy=0
19:14:34.434     +1838.514s  M114                                     ok             1.6ms rx=2 busy=0
19:14:34.434     +1838.834s  M114                                     ok             1.6ms rx=2 busy=0
19:14:34.434     +1839.154s  M114                                     ok             2.2ms rx=2 busy=0
19:14:34.434     +1839.475s  M114                                     ok             1.4ms rx=2 busy=0
19:14:34.434     +1839.799s  M114                                     ok             7.1ms rx=2 busy=0
19:14:34.434     +1840.118s  M114                                     ok             1.4ms rx=2 busy=0
19:14:34.434     +1840.434s  M114                                     ok             1.6ms rx=2 busy=0
19:14:34.434     +1840.754s  M114                                     ok             1.7ms rx=2 busy=0
19:14:34.434     +1841.074s  M114                                     ok             1.6ms rx=2 busy=0
19:14:34.434     +1841.394s  M114                                     ok             1.6ms rx=2 busy=0
19:14:34.434     +1841.717s  M114                                     ok             4.9ms rx=2 busy=0
19:14:34.434     +1841.948s  G0 F7.514924437146975 E0.2900            ok             1.2ms rx=1 busy=0
19:14:34.434     +1841.969s  M114                                     ok             1.3ms rx=2 busy=0
19:14:34.434     +1842.034s  M114                                     ok             1.6ms rx=2 busy=0
19:14:34.434     +1842.360s  M114                                     ok             5.8ms rx=2 busy=0
19:14:34.434     +1842.674s  M114                                     ok             1.6ms rx=2 busy=0
19:14:34.434     +1842.994s  M114                                     ok             1.6ms rx=2 busy=0
19:14:34.434     +1843.314s  M114                                     ok             1.6ms rx=2 busy=0
19:14:34.434     +1843.634s  M114                                     ok             1.6ms rx=2 busy=0
19:14:34.434     +1843.954s  M114                                     ok             1.6ms rx=2 busy=0
19:14:34.434     +1844.277s  M114                                     ok             4.8ms rx=2 busy=0
19:14:34.434     +1844.605s  M114                                     ok            12.0ms rx=2 busy=0
19:14:34.434     +1844.916s  M114                                     ok             1.7ms rx=2 busy=0
19:14:34.434     +1844.969s  G0 F7.514924437146975 E0.2900            ok             1.2ms rx=1 busy=0
19:14:34.435     +1844.977s  M114                                     ok             1.3ms rx=2 busy=0
19:14:34.435     +1845.234s  M114                                     ok             1.6ms rx=2 busy=0
19:14:34.435     +1845.555s  M114                                     ok             1.9ms rx=2 busy=0
19:14:34.435     +1845.875s  M114                                     ok             2.5ms rx=2 busy=0
19:14:34.435     +1846.195s  M114                                     ok             2.3ms rx=2 busy=0
19:14:34.435     +1846.514s  M114                                     ok             1.6ms rx=2 busy=0
19:14:34.435     +1846.834s  M114                                     ok             1.9ms rx=2 busy=0
19:14:34.435     +1847.154s  M114                                     ok             1.6ms rx=2 busy=0
19:14:34.435     +1847.474s  M114                                     ok             1.8ms rx=2 busy=0
19:14:34.435     +1847.794s  M114                                     ok             1.6ms rx=2 busy=0
19:14:34.435     +1848.117s  M114                                     ok             2.0ms rx=2 busy=0
19:14:34.435     +1848.434s  M114                                     ok             1.7ms rx=2 busy=0
19:14:34.435     +1848.755s  M114                                     ok             2.3ms rx=2 busy=0
19:14:34.435     +1849.074s  M114                                     ok             1.6ms rx=2 busy=0
19:14:34.435     +1849.394s  M114                                     ok             1.8ms rx=2 busy=0
19:14:34.435     +1849.714s  M114                                     ok             1.8ms rx=2 busy=0
19:14:34.435     +1850.034s  M114                                     ok             1.7ms rx=2 busy=0
19:14:34.435     +1850.355s  M114                                     ok             2.5ms rx=2 busy=0
19:14:34.436     +1850.674s  M114                                     ok             1.6ms rx=2 busy=0
19:14:34.436     +1851.015s  M114                                     ok            22.5ms rx=2 busy=0
19:14:34.436     +1851.330s  M114                                     ok             1.5ms rx=2 busy=0
19:14:34.436     +1851.650s  M114                                     ok             1.6ms rx=2 busy=0
19:14:34.436     +1851.970s  M114                                     ok             1.3ms rx=2 busy=0
19:14:34.436     +1852.289s  M114                                     ok             1.3ms rx=2 busy=0
19:14:34.436     +1852.610s  M114                                     ok             1.4ms rx=2 busy=0
19:14:34.436     +1852.929s  M114                                     ok             1.3ms rx=2 busy=0
19:14:34.436     +1853.250s  M114                                     ok             1.3ms rx=2 busy=0
19:14:34.436     +1853.570s  M114                                     ok             1.3ms rx=2 busy=0
19:14:34.436     +1853.889s  M114                                     ok             1.4ms rx=2 busy=0
19:14:34.436     +1854.210s  M114                                     ok             1.3ms rx=2 busy=0
19:14:34.436     +1854.530s  M114                                     ok             1.5ms rx=2 busy=0
19:14:34.436     +1854.849s  M114                                     ok             1.3ms rx=2 busy=0
19:14:34.436     +1855.180s  M114                                     ok            11.2ms rx=2 busy=0
19:14:34.436     +1855.495s  M114                                     ok             1.4ms rx=2 busy=0
19:14:34.436     +1855.810s  M114                                     ok             1.8ms rx=2 busy=0
19:14:34.436     +1856.130s  M114                                     ok             1.4ms rx=2 busy=0
19:14:34.436     +1856.450s  M114                                     ok             1.5ms rx=2 busy=0
19:14:34.436     +1856.770s  M114                                     ok             1.6ms rx=2 busy=0
19:14:34.436     +1857.089s  M114                                     ok             1.4ms rx=2 busy=0
19:14:34.436     +1857.409s  M114                                     ok             1.3ms rx=2 busy=0
19:14:34.436     +1857.729s  M114                                     ok             1.4ms rx=2 busy=0
19:14:34.436     +1858.002s  G0 F7.514924437146975 E0.2900            ok             1.3ms rx=1 busy=0
19:14:34.436     +1858.017s  M114                                     ok             1.3ms rx=2 busy=0
19:14:34.436     +1858.050s  M114                                     ok             1.3ms rx=2 busy=0
19:14:34.436     +1858.370s  M114                                     ok             1.3ms rx=2 busy=0
19:14:34.436     +1858.691s  M114                                     ok             2.4ms rx=2 busy=0
19:14:34.436     +1859.017s  M114                                     ok             3.9ms rx=2 busy=0
19:14:34.436     +1859.332s  M114                                     ok             1.4ms rx=2 busy=0
19:14:34.436     +1859.650s  M114                                     ok             1.8ms rx=2 busy=0
19:14:34.436     +1859.970s  M114                                     ok             1.5ms rx=2 busy=0
19:14:34.436     +1860.290s  M114                                     ok             1.3ms rx=2 busy=0
19:14:34.437     +1860.610s  M114                                     ok             1.3ms rx=2 busy=0
19:14:34.437     +1860.889s  G0 F7.514924437146975 E0.2900            ok             1.2ms rx=1 busy=0
19:14:34.437     +1860.898s  M114                                     ok             1.3ms rx=2 busy=0
19:14:34.437     +1860.929s  M114                                     ok             1.3ms rx=2 busy=0
19:14:34.437     +1861.250s  M114                                     ok             1.4ms rx=2 busy=0
19:14:34.437     +1861.571s  M114                                     ok             2.5ms rx=2 busy=0
19:14:34.437     +1861.898s  M114                                     ok             2.9ms rx=2 busy=0
19:14:34.437     +1862.211s  M114                                     ok             2.0ms rx=2 busy=0
19:14:34.437     +1862.538s  M114                                     ok             3.8ms rx=2 busy=0
19:14:34.437     +1862.855s  M114                                     ok             1.5ms rx=2 busy=0
19:14:34.437     +1863.170s  M114                                     ok             1.4ms rx=2 busy=0
19:14:34.437     +1863.490s  M114                                     ok             1.3ms rx=2 busy=0
19:14:34.437     +1863.810s  M114                                     ok             1.4ms rx=2 busy=0
19:14:34.437     +1864.130s  M114                                     ok             1.4ms rx=2 busy=0
19:14:34.437     +1864.449s  M114                                     ok             1.3ms rx=2 busy=0
19:14:34.437     +1864.770s  M114                                     ok             2.0ms rx=2 busy=0
19:14:34.437     +1865.090s  M114                                     ok             1.3ms rx=2 busy=0
19:14:34.437     +1865.409s  M114                                     ok             1.3ms rx=2 busy=0
19:14:34.437     +1865.740s  M114                                     ok            10.9ms rx=2 busy=0
19:14:34.438     +1866.056s  M114                                     ok             1.6ms rx=2 busy=0
19:14:34.438     +1866.229s  G0 F7.514924437146975 Y0.3000            ok             1.2ms rx=1 busy=0
19:14:34.438     +1866.242s  M114                                     ok             1.3ms rx=2 busy=0
19:14:34.438     +1866.370s  M114                                     ok             1.4ms rx=2 busy=0
19:14:34.438     +1866.693s  M114                                     ok             3.2ms rx=2 busy=0
19:14:34.438     +1867.010s  M114                                     ok             1.3ms rx=2 busy=0
19:14:34.438     +1867.330s  M114                                     ok             1.6ms rx=2 busy=0
19:14:34.438     +1867.651s  M114                                     ok             1.5ms rx=2 busy=0
19:14:34.438     +1867.975s  M114                                     ok             4.9ms rx=2 busy=0
19:14:34.438     +1868.290s  M114                                     ok             1.9ms rx=2 busy=0
19:14:34.438     +1868.633s  M114                                     ok            24.5ms rx=2 busy=0
19:14:34.438     +1868.947s  M114                                     ok             1.9ms rx=2 busy=0
19:14:34.438     +1869.274s  M114                                     ok             9.3ms rx=2 busy=0
19:14:34.438     +1869.590s  M114                                     ok             2.7ms rx=2 busy=0
19:14:34.438     +1869.906s  M114                                     ok             1.9ms rx=2 busy=0
19:14:34.438     +1870.226s  M114                                     ok             1.6ms rx=2 busy=0
19:14:34.438     +1870.247s  G0 F18.78731109286744 X0.0600            ok             1.5ms rx=1 busy=0
19:14:34.438     +1870.545s  M400                                     ok           298.2ms rx=1 busy=0
19:14:34.439     +1870.602s  M114                                     ok             9.4ms rx=2 busy=0
19:14:34.439     +1870.921s  M114                                     ok             4.1ms rx=2 busy=0
19:14:34.439     +1871.234s  M114                                     ok             2.1ms rx=2 busy=0
19:14:34.439     +1871.554s  M114                                     ok             2.1ms rx=2 busy=0
19:14:34.439     +1871.874s  M114                                     ok             2.0ms rx=2 busy=0
19:14:34.439     +1872.194s  M114                                     ok             1.8ms rx=2 busy=0
19:14:34.439     +1872.514s  M114                                     ok             1.6ms rx=2 busy=0
19:14:34.439     +1872.834s  M114                                     ok             1.8ms rx=2 busy=0
19:14:34.439     +1873.154s  M114                                     ok             1.7ms rx=2 busy=0
19:14:34.439     +1873.474s  M114                                     ok             1.6ms rx=2 busy=0
19:14:34.439     +1873.812s  M114                                     ok            19.9ms rx=2 busy=0
19:14:34.439     +1874.130s  M114                                     ok             1.3ms rx=2 busy=0
19:14:34.439     +1874.450s  M114                                     ok             1.5ms rx=2 busy=0
19:14:34.439     +1874.770s  M114                                     ok             1.4ms rx=2 busy=0
19:14:34.439     +1875.090s  M114                                     ok             1.4ms rx=2 busy=0
19:14:34.439     +1875.410s  M114                                     ok             1.4ms rx=2 busy=0
19:14:34.439     +1875.547s  G0 F18.78731109286744 X0.3000            ok             1.4ms rx=1 busy=0
19:14:34.439     +1876.613s  M400                                     ok          1065.9ms rx=1 busy=0
19:14:34.439 ---- end recent ----
19:14:46.373 ANOMALY M400                                     ok          1065.1ms rx=1 busy=0
19:14:46.373 ---- recent ZP transactions (anomaly: M400 -> ok) [300] ----
19:14:46.373     +1795.250s  M114                                     ok             1.5ms rx=2 busy=0
19:14:46.373     +1795.574s  M114                                     ok             6.0ms rx=2 busy=0
19:14:46.373     +1795.890s  M114                                     ok             1.4ms rx=2 busy=0
19:14:46.373     +1796.210s  M114                                     ok             1.3ms rx=2 busy=0
19:14:46.373     +1796.531s  M114                                     ok             2.1ms rx=2 busy=0
19:14:46.373     +1796.850s  M114                                     ok             1.5ms rx=2 busy=0
19:14:46.373     +1797.187s  M114                                     ok            18.9ms rx=2 busy=0
19:14:46.373     +1797.215s  G0 F7.514924437146975 E0.2900            ok             1.5ms rx=1 busy=0
19:14:46.373     +1797.234s  M114                                     ok             1.6ms rx=2 busy=0
19:14:46.373     +1797.506s  M114                                     ok             1.6ms rx=2 busy=0
19:14:46.373     +1797.827s  M114                                     ok             2.1ms rx=2 busy=0
19:14:46.373     +1798.091s  G0 F7.514924437146975 E0.2900            ok             1.5ms rx=1 busy=0
19:14:46.373     +1798.114s  M114                                     ok             1.8ms rx=2 busy=0
19:14:46.373     +1798.153s  M114                                     ok             4.3ms rx=2 busy=0
19:14:46.373     +1798.470s  M114                                     ok             2.3ms rx=2 busy=0
19:14:46.373     +1798.786s  M114                                     ok             2.0ms rx=2 busy=0
19:14:46.373     +1799.106s  M114                                     ok             1.6ms rx=2 busy=0
19:14:46.373     +1799.426s  M114                                     ok             1.8ms rx=2 busy=0
19:14:46.373     +1799.747s  M114                                     ok             1.7ms rx=2 busy=0
19:14:46.373     +1800.066s  M114                                     ok             1.7ms rx=2 busy=0
19:14:46.373     +1800.386s  M114                                     ok             1.6ms rx=2 busy=0
19:14:46.373     +1800.625s  G0 F7.514924437146975 E0.2900            ok             1.5ms rx=1 busy=0
19:14:46.373     +1800.642s  M114                                     ok             1.4ms rx=2 busy=0
19:14:46.374     +1800.706s  M114                                     ok             1.6ms rx=2 busy=0
19:14:46.374     +1801.026s  M114                                     ok             1.6ms rx=2 busy=0
19:14:46.374     +1801.349s  M114                                     ok             4.3ms rx=2 busy=0
19:14:46.374     +1801.537s  G0 F7.514924437146975 E0.2900            ok             1.8ms rx=1 busy=0
19:14:46.374     +1801.554s  M114                                     ok             1.6ms rx=2 busy=0
19:14:46.374     +1801.676s  M114                                     ok             9.6ms rx=2 busy=0
19:14:46.374     +1801.988s  M114                                     ok             2.8ms rx=2 busy=0
19:14:46.374     +1802.307s  M114                                     ok             1.9ms rx=2 busy=0
19:14:46.374     +1802.626s  M114                                     ok             1.7ms rx=2 busy=0
19:14:46.374     +1802.946s  M114                                     ok             1.6ms rx=2 busy=0
19:14:46.374     +1803.266s  M114                                     ok             1.7ms rx=2 busy=0
19:14:46.374     +1803.586s  M114                                     ok             1.6ms rx=2 busy=0
19:14:46.374     +1803.906s  M114                                     ok             2.0ms rx=2 busy=0
19:14:46.374     +1804.227s  M114                                     ok             1.3ms rx=2 busy=0
19:14:46.374     +1804.547s  M114                                     ok             1.4ms rx=2 busy=0
19:14:46.374     +1804.866s  M114                                     ok             1.7ms rx=2 busy=0
19:14:46.374     +1805.186s  M114                                     ok             1.6ms rx=2 busy=0
19:14:46.374     +1805.506s  M114                                     ok             1.7ms rx=2 busy=0
19:14:46.374     +1805.836s  M114                                     ok            10.0ms rx=2 busy=0
19:14:46.374     +1806.151s  M114                                     ok             2.3ms rx=2 busy=0
19:14:46.374     +1806.480s  M114                                     ok            15.8ms rx=2 busy=0
19:14:46.375     +1806.802s  M114                                     ok             1.8ms rx=2 busy=0
19:14:46.375     +1807.121s  M114                                     ok             1.3ms rx=2 busy=0
19:14:46.375     +1807.441s  M114                                     ok             1.3ms rx=2 busy=0
19:14:46.375     +1807.763s  M114                                     ok             2.2ms rx=2 busy=0
19:14:46.375     +1808.082s  M114                                     ok             1.3ms rx=2 busy=0
19:14:46.375     +1808.402s  M114                                     ok             1.5ms rx=2 busy=0
19:14:46.375     +1808.727s  M114                                     ok             6.9ms rx=2 busy=0
19:14:46.375     +1809.050s  M114                                     ok             6.4ms rx=2 busy=0
19:14:46.375     +1809.365s  M114                                     ok             1.4ms rx=2 busy=0
19:14:46.375     +1809.684s  M114                                     ok             2.2ms rx=2 busy=0
19:14:46.375     +1810.002s  M114                                     ok             1.9ms rx=2 busy=0
19:14:46.375     +1810.321s  M114                                     ok             1.3ms rx=2 busy=0
19:14:46.375     +1810.648s  M114                                     ok             8.2ms rx=2 busy=0
19:14:46.375     +1810.962s  M114                                     ok             1.3ms rx=2 busy=0
19:14:46.375     +1811.282s  M114                                     ok             1.4ms rx=2 busy=0
19:14:46.375     +1811.602s  M114                                     ok             1.5ms rx=2 busy=0
19:14:46.375     +1811.921s  M114                                     ok             1.3ms rx=2 busy=0
19:14:46.375     +1812.244s  M114                                     ok             3.4ms rx=2 busy=0
19:14:46.375     +1812.343s  G0 F18.78731109286744 X0.0600            ok             1.7ms rx=1 busy=0
19:14:46.375     +1818.344s  M400                                     timeout     6000.4ms rx=2 busy=2 no-ok
19:14:46.375     +1819.326s  M114                                     ok           926.1ms rx=2 busy=1
19:14:46.375     +1819.651s  M114                                     ok             1.6ms rx=2 busy=0
19:14:46.375     +1819.969s  M114                                     ok             0.6ms rx=2 busy=0
19:14:46.375     +1820.289s  M114                                     ok             0.6ms rx=2 busy=0
19:14:46.375     +1820.621s  M114                                     ok            11.9ms rx=2 busy=0
19:14:46.375     +1820.945s  M114                                     ok             0.9ms rx=2 busy=0
19:14:46.375     +1821.266s  M114                                     ok             1.7ms rx=2 busy=0
19:14:46.375     +1821.594s  M114                                     ok             7.6ms rx=2 busy=0
19:14:46.375     +1821.905s  M114                                     ok             0.8ms rx=2 busy=0
19:14:46.375     +1822.225s  M114                                     ok             0.6ms rx=2 busy=0
19:14:46.375     +1822.545s  M114                                     ok             0.5ms rx=2 busy=0
19:14:46.376     +1822.865s  M114                                     ok             0.6ms rx=2 busy=0
19:14:46.376     +1823.187s  M114                                     ok             2.2ms rx=2 busy=0
19:14:46.376     +1823.362s  G0 F18.78731109286744 X0.3000            ok             1.0ms rx=2 busy=0
19:14:46.376     +1823.362s  M400                                     ok             0.2ms rx=1 busy=0
19:14:46.376     +1824.427s  G0 F18.78731109286744 X-0.0600           ok          1064.7ms rx=1 busy=0
19:14:46.376     +1824.428s  M114                                     ok           919.4ms rx=1 busy=0
19:14:46.376     +1824.726s  M400                                     ok           288.8ms rx=1 busy=0
19:14:46.376     +1824.738s  M114                                     ok             1.7ms rx=2 busy=0
19:14:46.376     +1825.058s  M114                                     ok             1.3ms rx=2 busy=0
19:14:46.376     +1825.388s  M114                                     ok             9.5ms rx=2 busy=0
19:14:46.376     +1825.703s  M114                                     ok             4.4ms rx=2 busy=0
19:14:46.376     +1826.018s  M114                                     ok             1.3ms rx=2 busy=0
19:14:46.376     +1826.339s  M114                                     ok             1.6ms rx=2 busy=0
19:14:46.376     +1826.658s  M114                                     ok             1.4ms rx=2 busy=0
19:14:46.376     +1826.977s  M114                                     ok             1.3ms rx=2 busy=0
19:14:46.376     +1827.298s  M114                                     ok             1.5ms rx=2 busy=0
19:14:46.376     +1827.618s  M114                                     ok             1.3ms rx=2 busy=0
19:14:46.376     +1827.937s  M114                                     ok             1.3ms rx=2 busy=0
19:14:46.376     +1828.258s  M114                                     ok             1.9ms rx=2 busy=0
19:14:46.376     +1828.578s  M114                                     ok             1.3ms rx=2 busy=0
19:14:46.376     +1828.898s  M114                                     ok             1.3ms rx=2 busy=0
19:14:46.376     +1829.218s  M114                                     ok             1.8ms rx=2 busy=0
19:14:46.376     +1829.537s  M114                                     ok             1.4ms rx=2 busy=0
19:14:46.376     +1829.746s  M114                                     ok             1.6ms rx=2 busy=0
19:14:46.376     +1829.861s  M114                                     ok             5.2ms rx=2 busy=0
19:14:46.376     +1830.181s  M114                                     ok             2.3ms rx=2 busy=0
19:14:46.376     +1830.498s  M114                                     ok             1.4ms rx=2 busy=0
19:14:46.376     +1830.818s  M114                                     ok             1.4ms rx=2 busy=0
19:14:46.376     +1831.138s  M114                                     ok             1.5ms rx=2 busy=0
19:14:46.376     +1831.457s  M114                                     ok             1.3ms rx=2 busy=0
19:14:46.376     +1831.778s  M114                                     ok             1.3ms rx=2 busy=0
19:14:46.376     +1831.797s  G0 F7.514924437146975 Y0.3000            ok             1.2ms rx=1 busy=0
19:14:46.376     +1831.810s  M114                                     ok             2.1ms rx=2 busy=0
19:14:46.376     +1832.097s  M114                                     ok             1.3ms rx=2 busy=0
19:14:46.376     +1832.417s  M114                                     ok             1.4ms rx=2 busy=0
19:14:46.376     +1832.738s  M114                                     ok             1.7ms rx=2 busy=0
19:14:46.376     +1833.057s  M114                                     ok             1.3ms rx=2 busy=0
19:14:46.376     +1833.378s  M114                                     ok             2.2ms rx=2 busy=0
19:14:46.376     +1833.698s  M114                                     ok             1.3ms rx=2 busy=0
19:14:46.376     +1834.020s  M114                                     ok             3.2ms rx=2 busy=0
19:14:46.376     +1834.345s  M114                                     ok             4.5ms rx=2 busy=0
19:14:46.376     +1834.658s  M114                                     ok             1.4ms rx=2 busy=0
19:14:46.376     +1834.978s  M114                                     ok             1.5ms rx=2 busy=0
19:14:46.376     +1835.298s  M114                                     ok             1.3ms rx=2 busy=0
19:14:46.376     +1835.623s  M114                                     ok             6.5ms rx=2 busy=0
19:14:46.376     +1835.938s  M114                                     ok             1.3ms rx=2 busy=0
19:14:46.376     +1836.258s  M114                                     ok             1.8ms rx=2 busy=0
19:14:46.376     +1836.360s  G0 F7.514924437146975 E0.2900            ok             2.4ms rx=1 busy=0
19:14:46.376     +1836.386s  M114                                     ok             1.7ms rx=2 busy=0
19:14:46.376     +1836.578s  M114                                     ok             1.4ms rx=2 busy=0
19:14:46.376     +1836.898s  M114                                     ok             1.8ms rx=2 busy=0
19:14:46.376     +1837.221s  M114                                     ok             3.3ms rx=2 busy=0
19:14:46.376     +1837.562s  M114                                     ok            25.3ms rx=2 busy=0
19:14:46.376     +1837.874s  M114                                     ok             1.6ms rx=2 busy=0
19:14:46.376     +1838.194s  M114                                     ok             1.6ms rx=2 busy=0
19:14:46.376     +1838.514s  M114                                     ok             1.6ms rx=2 busy=0
19:14:46.376     +1838.834s  M114                                     ok             1.6ms rx=2 busy=0
19:14:46.377     +1839.154s  M114                                     ok             2.2ms rx=2 busy=0
19:14:46.377     +1839.475s  M114                                     ok             1.4ms rx=2 busy=0
19:14:46.377     +1839.799s  M114                                     ok             7.1ms rx=2 busy=0
19:14:46.377     +1840.118s  M114                                     ok             1.4ms rx=2 busy=0
19:14:46.377     +1840.434s  M114                                     ok             1.6ms rx=2 busy=0
19:14:46.377     +1840.754s  M114                                     ok             1.7ms rx=2 busy=0
19:14:46.377     +1841.074s  M114                                     ok             1.6ms rx=2 busy=0
19:14:46.377     +1841.394s  M114                                     ok             1.6ms rx=2 busy=0
19:14:46.377     +1841.717s  M114                                     ok             4.9ms rx=2 busy=0
19:14:46.377     +1841.948s  G0 F7.514924437146975 E0.2900            ok             1.2ms rx=1 busy=0
19:14:46.377     +1841.969s  M114                                     ok             1.3ms rx=2 busy=0
19:14:46.377     +1842.034s  M114                                     ok             1.6ms rx=2 busy=0
19:14:46.377     +1842.360s  M114                                     ok             5.8ms rx=2 busy=0
19:14:46.377     +1842.674s  M114                                     ok             1.6ms rx=2 busy=0
19:14:46.377     +1842.994s  M114                                     ok             1.6ms rx=2 busy=0
19:14:46.377     +1843.314s  M114                                     ok             1.6ms rx=2 busy=0
19:14:46.377     +1843.634s  M114                                     ok             1.6ms rx=2 busy=0
19:14:46.377     +1843.954s  M114                                     ok             1.6ms rx=2 busy=0
19:14:46.377     +1844.277s  M114                                     ok             4.8ms rx=2 busy=0
19:14:46.377     +1844.605s  M114                                     ok            12.0ms rx=2 busy=0
19:14:46.377     +1844.916s  M114                                     ok             1.7ms rx=2 busy=0
19:14:46.377     +1844.969s  G0 F7.514924437146975 E0.2900            ok             1.2ms rx=1 busy=0
19:14:46.377     +1844.977s  M114                                     ok             1.3ms rx=2 busy=0
19:14:46.377     +1845.234s  M114                                     ok             1.6ms rx=2 busy=0
19:14:46.377     +1845.555s  M114                                     ok             1.9ms rx=2 busy=0
19:14:46.377     +1845.875s  M114                                     ok             2.5ms rx=2 busy=0
19:14:46.377     +1846.195s  M114                                     ok             2.3ms rx=2 busy=0
19:14:46.377     +1846.514s  M114                                     ok             1.6ms rx=2 busy=0
19:14:46.377     +1846.834s  M114                                     ok             1.9ms rx=2 busy=0
19:14:46.377     +1847.154s  M114                                     ok             1.6ms rx=2 busy=0
19:14:46.377     +1847.474s  M114                                     ok             1.8ms rx=2 busy=0
19:14:46.377     +1847.794s  M114                                     ok             1.6ms rx=2 busy=0
19:14:46.377     +1848.117s  M114                                     ok             2.0ms rx=2 busy=0
19:14:46.377     +1848.434s  M114                                     ok             1.7ms rx=2 busy=0
19:14:46.377     +1848.755s  M114                                     ok             2.3ms rx=2 busy=0
19:14:46.377     +1849.074s  M114                                     ok             1.6ms rx=2 busy=0
19:14:46.377     +1849.394s  M114                                     ok             1.8ms rx=2 busy=0
19:14:46.377     +1849.714s  M114                                     ok             1.8ms rx=2 busy=0
19:14:46.377     +1850.034s  M114                                     ok             1.7ms rx=2 busy=0
19:14:46.377     +1850.355s  M114                                     ok             2.5ms rx=2 busy=0
19:14:46.377     +1850.674s  M114                                     ok             1.6ms rx=2 busy=0
19:14:46.377     +1851.015s  M114                                     ok            22.5ms rx=2 busy=0
19:14:46.377     +1851.330s  M114                                     ok             1.5ms rx=2 busy=0
19:14:46.377     +1851.650s  M114                                     ok             1.6ms rx=2 busy=0
19:14:46.377     +1851.970s  M114                                     ok             1.3ms rx=2 busy=0
19:14:46.377     +1852.289s  M114                                     ok             1.3ms rx=2 busy=0
19:14:46.377     +1852.610s  M114                                     ok             1.4ms rx=2 busy=0
19:14:46.377     +1852.929s  M114                                     ok             1.3ms rx=2 busy=0
19:14:46.377     +1853.250s  M114                                     ok             1.3ms rx=2 busy=0
19:14:46.377     +1853.570s  M114                                     ok             1.3ms rx=2 busy=0
19:14:46.377     +1853.889s  M114                                     ok             1.4ms rx=2 busy=0
19:14:46.377     +1854.210s  M114                                     ok             1.3ms rx=2 busy=0
19:14:46.377     +1854.530s  M114                                     ok             1.5ms rx=2 busy=0
19:14:46.377     +1854.849s  M114                                     ok             1.3ms rx=2 busy=0
19:14:46.377     +1855.180s  M114                                     ok            11.2ms rx=2 busy=0
19:14:46.378     +1855.495s  M114                                     ok             1.4ms rx=2 busy=0
19:14:46.378     +1855.810s  M114                                     ok             1.8ms rx=2 busy=0
19:14:46.378     +1856.130s  M114                                     ok             1.4ms rx=2 busy=0
19:14:46.378     +1856.450s  M114                                     ok             1.5ms rx=2 busy=0
19:14:46.378     +1856.770s  M114                                     ok             1.6ms rx=2 busy=0
19:14:46.378     +1857.089s  M114                                     ok             1.4ms rx=2 busy=0
19:14:46.378     +1857.409s  M114                                     ok             1.3ms rx=2 busy=0
19:14:46.378     +1857.729s  M114                                     ok             1.4ms rx=2 busy=0
19:14:46.378     +1858.002s  G0 F7.514924437146975 E0.2900            ok             1.3ms rx=1 busy=0
19:14:46.378     +1858.017s  M114                                     ok             1.3ms rx=2 busy=0
19:14:46.378     +1858.050s  M114                                     ok             1.3ms rx=2 busy=0
19:14:46.378     +1858.370s  M114                                     ok             1.3ms rx=2 busy=0
19:14:46.378     +1858.691s  M114                                     ok             2.4ms rx=2 busy=0
19:14:46.378     +1859.017s  M114                                     ok             3.9ms rx=2 busy=0
19:14:46.378     +1859.332s  M114                                     ok             1.4ms rx=2 busy=0
19:14:46.378     +1859.650s  M114                                     ok             1.8ms rx=2 busy=0
19:14:46.378     +1859.970s  M114                                     ok             1.5ms rx=2 busy=0
19:14:46.378     +1860.290s  M114                                     ok             1.3ms rx=2 busy=0
19:14:46.378     +1860.610s  M114                                     ok             1.3ms rx=2 busy=0
19:14:46.378     +1860.889s  G0 F7.514924437146975 E0.2900            ok             1.2ms rx=1 busy=0
19:14:46.378     +1860.898s  M114                                     ok             1.3ms rx=2 busy=0
19:14:46.378     +1860.929s  M114                                     ok             1.3ms rx=2 busy=0
19:14:46.378     +1861.250s  M114                                     ok             1.4ms rx=2 busy=0
19:14:46.378     +1861.571s  M114                                     ok             2.5ms rx=2 busy=0
19:14:46.378     +1861.898s  M114                                     ok             2.9ms rx=2 busy=0
19:14:46.378     +1862.211s  M114                                     ok             2.0ms rx=2 busy=0
19:14:46.378     +1862.538s  M114                                     ok             3.8ms rx=2 busy=0
19:14:46.378     +1862.855s  M114                                     ok             1.5ms rx=2 busy=0
19:14:46.378     +1863.170s  M114                                     ok             1.4ms rx=2 busy=0
19:14:46.378     +1863.490s  M114                                     ok             1.3ms rx=2 busy=0
19:14:46.378     +1863.810s  M114                                     ok             1.4ms rx=2 busy=0
19:14:46.378     +1864.130s  M114                                     ok             1.4ms rx=2 busy=0
19:14:46.378     +1864.449s  M114                                     ok             1.3ms rx=2 busy=0
19:14:46.378     +1864.770s  M114                                     ok             2.0ms rx=2 busy=0
19:14:46.378     +1865.090s  M114                                     ok             1.3ms rx=2 busy=0
19:14:46.378     +1865.409s  M114                                     ok             1.3ms rx=2 busy=0
19:14:46.378     +1865.740s  M114                                     ok            10.9ms rx=2 busy=0
19:14:46.379     +1866.056s  M114                                     ok             1.6ms rx=2 busy=0
19:14:46.379     +1866.229s  G0 F7.514924437146975 Y0.3000            ok             1.2ms rx=1 busy=0
19:14:46.379     +1866.242s  M114                                     ok             1.3ms rx=2 busy=0
19:14:46.379     +1866.370s  M114                                     ok             1.4ms rx=2 busy=0
19:14:46.379     +1866.693s  M114                                     ok             3.2ms rx=2 busy=0
19:14:46.379     +1867.010s  M114                                     ok             1.3ms rx=2 busy=0
19:14:46.379     +1867.330s  M114                                     ok             1.6ms rx=2 busy=0
19:14:46.379     +1867.651s  M114                                     ok             1.5ms rx=2 busy=0
19:14:46.379     +1867.975s  M114                                     ok             4.9ms rx=2 busy=0
19:14:46.379     +1868.290s  M114                                     ok             1.9ms rx=2 busy=0
19:14:46.379     +1868.633s  M114                                     ok            24.5ms rx=2 busy=0
19:14:46.379     +1868.947s  M114                                     ok             1.9ms rx=2 busy=0
19:14:46.379     +1869.274s  M114                                     ok             9.3ms rx=2 busy=0
19:14:46.379     +1869.590s  M114                                     ok             2.7ms rx=2 busy=0
19:14:46.379     +1869.906s  M114                                     ok             1.9ms rx=2 busy=0
19:14:46.379     +1870.226s  M114                                     ok             1.6ms rx=2 busy=0
19:14:46.379     +1870.247s  G0 F18.78731109286744 X0.0600            ok             1.5ms rx=1 busy=0
19:14:46.379     +1870.545s  M400                                     ok           298.2ms rx=1 busy=0
19:14:46.379     +1870.602s  M114                                     ok             9.4ms rx=2 busy=0
19:14:46.379     +1870.921s  M114                                     ok             4.1ms rx=2 busy=0
19:14:46.379     +1871.234s  M114                                     ok             2.1ms rx=2 busy=0
19:14:46.379     +1871.554s  M114                                     ok             2.1ms rx=2 busy=0
19:14:46.379     +1871.874s  M114                                     ok             2.0ms rx=2 busy=0
19:14:46.379     +1872.194s  M114                                     ok             1.8ms rx=2 busy=0
19:14:46.379     +1872.514s  M114                                     ok             1.6ms rx=2 busy=0
19:14:46.379     +1872.834s  M114                                     ok             1.8ms rx=2 busy=0
19:14:46.379     +1873.154s  M114                                     ok             1.7ms rx=2 busy=0
19:14:46.379     +1873.474s  M114                                     ok             1.6ms rx=2 busy=0
19:14:46.379     +1873.812s  M114                                     ok            19.9ms rx=2 busy=0
19:14:46.379     +1874.130s  M114                                     ok             1.3ms rx=2 busy=0
19:14:46.379     +1874.450s  M114                                     ok             1.5ms rx=2 busy=0
19:14:46.379     +1874.770s  M114                                     ok             1.4ms rx=2 busy=0
19:14:46.379     +1875.090s  M114                                     ok             1.4ms rx=2 busy=0
19:14:46.379     +1875.410s  M114                                     ok             1.4ms rx=2 busy=0
19:14:46.379     +1875.547s  G0 F18.78731109286744 X0.3000            ok             1.4ms rx=1 busy=0
19:14:46.379     +1876.613s  M400                                     ok          1065.9ms rx=1 busy=0
19:14:46.379     +1876.633s  G0 F18.78731109286744 X-0.0600           ok             2.0ms rx=1 busy=0
19:14:46.379     +1876.933s  M400                                     ok           299.5ms rx=1 busy=0
19:14:46.379     +1876.978s  M114                                     ok             1.4ms rx=2 busy=0
19:14:46.379     +1877.298s  M114                                     ok             1.3ms rx=2 busy=0
19:14:46.379     +1877.619s  M114                                     ok             1.7ms rx=2 busy=0
19:14:46.379     +1877.956s  M114                                     ok            17.4ms rx=2 busy=0
19:14:46.379     +1878.274s  M114                                     ok             1.6ms rx=2 busy=0
19:14:46.379     +1878.594s  M114                                     ok             1.6ms rx=2 busy=0
19:14:46.380     +1878.914s  M114                                     ok             1.6ms rx=2 busy=0
19:14:46.380     +1879.234s  M114                                     ok             1.6ms rx=2 busy=0
19:14:46.380     +1879.557s  M114                                     ok             1.6ms rx=2 busy=0
19:14:46.380     +1879.874s  M114                                     ok             1.7ms rx=2 busy=0
19:14:46.380     +1880.194s  M114                                     ok             1.6ms rx=2 busy=0
19:14:46.380     +1880.514s  M114                                     ok             1.9ms rx=2 busy=0
19:14:46.380     +1880.834s  M114                                     ok             1.8ms rx=2 busy=0
19:14:46.380     +1881.164s  M114                                     ok             9.3ms rx=2 busy=0
19:14:46.380     +1881.478s  M114                                     ok             1.8ms rx=2 busy=0
19:14:46.380     +1881.795s  M114                                     ok             1.7ms rx=2 busy=0
19:14:46.380     +1881.954s  M114                                     ok             1.6ms rx=2 busy=0
19:14:46.380     +1882.114s  M114                                     ok             1.6ms rx=2 busy=0
19:14:46.380     +1882.199s  G0 F18.78731109286744 X0.0600            ok             1.2ms rx=1 busy=0
19:14:46.380     +1882.497s  M400                                     ok           297.9ms rx=1 busy=0
19:14:46.380     +1882.530s  M114                                     ok             2.0ms rx=2 busy=0
19:14:46.380     +1882.850s  M114                                     ok             1.7ms rx=2 busy=0
19:14:46.380     +1883.170s  M114                                     ok             1.3ms rx=2 busy=0
19:14:46.380     +1883.491s  M114                                     ok             3.0ms rx=2 busy=0
19:14:46.380     +1883.814s  M114                                     ok             1.7ms rx=2 busy=0
19:14:46.380     +1884.157s  M114                                     ok            25.1ms rx=2 busy=0
19:14:46.380     +1884.466s  M114                                     ok             1.6ms rx=2 busy=0
19:14:46.380     +1884.786s  M114                                     ok             1.6ms rx=2 busy=0
19:14:46.380     +1885.106s  M114                                     ok             1.6ms rx=2 busy=0
19:14:46.380     +1885.426s  M114                                     ok             1.7ms rx=2 busy=0
19:14:46.380     +1885.746s  M114                                     ok             1.7ms rx=2 busy=0
19:14:46.380     +1886.066s  M114                                     ok             1.6ms rx=2 busy=0
19:14:46.380     +1886.391s  M114                                     ok             4.3ms rx=2 busy=0
19:14:46.380     +1886.711s  M114                                     ok             1.8ms rx=2 busy=0
19:14:46.380     +1887.027s  M114                                     ok             1.7ms rx=2 busy=0
19:14:46.380     +1887.346s  M114                                     ok             2.0ms rx=2 busy=0
19:14:46.380     +1887.499s  G0 F18.78731109286744 X0.3000            ok             1.3ms rx=1 busy=0
19:14:46.380     +1888.564s  M400                                     ok          1065.1ms rx=1 busy=0
19:14:46.380 ---- end recent ----
19:15:03.787 ANOMALY M400                                     ok          1064.2ms rx=1 busy=0
19:15:03.787 ---- recent ZP transactions (anomaly: M400 -> ok) [300] ----
19:15:03.787     +1810.962s  M114                                     ok             1.3ms rx=2 busy=0
19:15:03.787     +1811.282s  M114                                     ok             1.4ms rx=2 busy=0
19:15:03.787     +1811.602s  M114                                     ok             1.5ms rx=2 busy=0
19:15:03.787     +1811.921s  M114                                     ok             1.3ms rx=2 busy=0
19:15:03.787     +1812.244s  M114                                     ok             3.4ms rx=2 busy=0
19:15:03.787     +1812.343s  G0 F18.78731109286744 X0.0600            ok             1.7ms rx=1 busy=0
19:15:03.787     +1818.344s  M400                                     timeout     6000.4ms rx=2 busy=2 no-ok
19:15:03.787     +1819.326s  M114                                     ok           926.1ms rx=2 busy=1
19:15:03.787     +1819.651s  M114                                     ok             1.6ms rx=2 busy=0
19:15:03.787     +1819.969s  M114                                     ok             0.6ms rx=2 busy=0
19:15:03.787     +1820.289s  M114                                     ok             0.6ms rx=2 busy=0
19:15:03.787     +1820.621s  M114                                     ok            11.9ms rx=2 busy=0
19:15:03.787     +1820.945s  M114                                     ok             0.9ms rx=2 busy=0
19:15:03.787     +1821.266s  M114                                     ok             1.7ms rx=2 busy=0
19:15:03.787     +1821.594s  M114                                     ok             7.6ms rx=2 busy=0
19:15:03.787     +1821.905s  M114                                     ok             0.8ms rx=2 busy=0
19:15:03.787     +1822.225s  M114                                     ok             0.6ms rx=2 busy=0
19:15:03.787     +1822.545s  M114                                     ok             0.5ms rx=2 busy=0
19:15:03.787     +1822.865s  M114                                     ok             0.6ms rx=2 busy=0
19:15:03.787     +1823.187s  M114                                     ok             2.2ms rx=2 busy=0
19:15:03.787     +1823.362s  G0 F18.78731109286744 X0.3000            ok             1.0ms rx=2 busy=0
19:15:03.787     +1823.362s  M400                                     ok             0.2ms rx=1 busy=0
19:15:03.787     +1824.427s  G0 F18.78731109286744 X-0.0600           ok          1064.7ms rx=1 busy=0
19:15:03.788     +1824.428s  M114                                     ok           919.4ms rx=1 busy=0
19:15:03.788     +1824.726s  M400                                     ok           288.8ms rx=1 busy=0
19:15:03.788     +1824.738s  M114                                     ok             1.7ms rx=2 busy=0
19:15:03.788     +1825.058s  M114                                     ok             1.3ms rx=2 busy=0
19:15:03.788     +1825.388s  M114                                     ok             9.5ms rx=2 busy=0
19:15:03.788     +1825.703s  M114                                     ok             4.4ms rx=2 busy=0
19:15:03.788     +1826.018s  M114                                     ok             1.3ms rx=2 busy=0
19:15:03.788     +1826.339s  M114                                     ok             1.6ms rx=2 busy=0
19:15:03.788     +1826.658s  M114                                     ok             1.4ms rx=2 busy=0
19:15:03.788     +1826.977s  M114                                     ok             1.3ms rx=2 busy=0
19:15:03.788     +1827.298s  M114                                     ok             1.5ms rx=2 busy=0
19:15:03.788     +1827.618s  M114                                     ok             1.3ms rx=2 busy=0
19:15:03.788     +1827.937s  M114                                     ok             1.3ms rx=2 busy=0
19:15:03.788     +1828.258s  M114                                     ok             1.9ms rx=2 busy=0
19:15:03.788     +1828.578s  M114                                     ok             1.3ms rx=2 busy=0
19:15:03.788     +1828.898s  M114                                     ok             1.3ms rx=2 busy=0
19:15:03.788     +1829.218s  M114                                     ok             1.8ms rx=2 busy=0
19:15:03.788     +1829.537s  M114                                     ok             1.4ms rx=2 busy=0
19:15:03.788     +1829.746s  M114                                     ok             1.6ms rx=2 busy=0
19:15:03.788     +1829.861s  M114                                     ok             5.2ms rx=2 busy=0
19:15:03.788     +1830.181s  M114                                     ok             2.3ms rx=2 busy=0
19:15:03.788     +1830.498s  M114                                     ok             1.4ms rx=2 busy=0
19:15:03.788     +1830.818s  M114                                     ok             1.4ms rx=2 busy=0
19:15:03.788     +1831.138s  M114                                     ok             1.5ms rx=2 busy=0
19:15:03.788     +1831.457s  M114                                     ok             1.3ms rx=2 busy=0
19:15:03.788     +1831.778s  M114                                     ok             1.3ms rx=2 busy=0
19:15:03.788     +1831.797s  G0 F7.514924437146975 Y0.3000            ok             1.2ms rx=1 busy=0
19:15:03.788     +1831.810s  M114                                     ok             2.1ms rx=2 busy=0
19:15:03.788     +1832.097s  M114                                     ok             1.3ms rx=2 busy=0
19:15:03.788     +1832.417s  M114                                     ok             1.4ms rx=2 busy=0
19:15:03.788     +1832.738s  M114                                     ok             1.7ms rx=2 busy=0
19:15:03.788     +1833.057s  M114                                     ok             1.3ms rx=2 busy=0
19:15:03.788     +1833.378s  M114                                     ok             2.2ms rx=2 busy=0
19:15:03.788     +1833.698s  M114                                     ok             1.3ms rx=2 busy=0
19:15:03.788     +1834.020s  M114                                     ok             3.2ms rx=2 busy=0
19:15:03.788     +1834.345s  M114                                     ok             4.5ms rx=2 busy=0
19:15:03.788     +1834.658s  M114                                     ok             1.4ms rx=2 busy=0
19:15:03.788     +1834.978s  M114                                     ok             1.5ms rx=2 busy=0
19:15:03.788     +1835.298s  M114                                     ok             1.3ms rx=2 busy=0
19:15:03.788     +1835.623s  M114                                     ok             6.5ms rx=2 busy=0
19:15:03.788     +1835.938s  M114                                     ok             1.3ms rx=2 busy=0
19:15:03.788     +1836.258s  M114                                     ok             1.8ms rx=2 busy=0
19:15:03.788     +1836.360s  G0 F7.514924437146975 E0.2900            ok             2.4ms rx=1 busy=0
19:15:03.788     +1836.386s  M114                                     ok             1.7ms rx=2 busy=0
19:15:03.788     +1836.578s  M114                                     ok             1.4ms rx=2 busy=0
19:15:03.788     +1836.898s  M114                                     ok             1.8ms rx=2 busy=0
19:15:03.788     +1837.221s  M114                                     ok             3.3ms rx=2 busy=0
19:15:03.788     +1837.562s  M114                                     ok            25.3ms rx=2 busy=0
19:15:03.788     +1837.874s  M114                                     ok             1.6ms rx=2 busy=0
19:15:03.788     +1838.194s  M114                                     ok             1.6ms rx=2 busy=0
19:15:03.788     +1838.514s  M114                                     ok             1.6ms rx=2 busy=0
19:15:03.788     +1838.834s  M114                                     ok             1.6ms rx=2 busy=0
19:15:03.788     +1839.154s  M114                                     ok             2.2ms rx=2 busy=0
19:15:03.788     +1839.475s  M114                                     ok             1.4ms rx=2 busy=0
19:15:03.788     +1839.799s  M114                                     ok             7.1ms rx=2 busy=0
19:15:03.788     +1840.118s  M114                                     ok             1.4ms rx=2 busy=0
19:15:03.788     +1840.434s  M114                                     ok             1.6ms rx=2 busy=0
19:15:03.788     +1840.754s  M114                                     ok             1.7ms rx=2 busy=0
19:15:03.788     +1841.074s  M114                                     ok             1.6ms rx=2 busy=0
19:15:03.788     +1841.394s  M114                                     ok             1.6ms rx=2 busy=0
19:15:03.788     +1841.717s  M114                                     ok             4.9ms rx=2 busy=0
19:15:03.789     +1841.948s  G0 F7.514924437146975 E0.2900            ok             1.2ms rx=1 busy=0
19:15:03.789     +1841.969s  M114                                     ok             1.3ms rx=2 busy=0
19:15:03.789     +1842.034s  M114                                     ok             1.6ms rx=2 busy=0
19:15:03.789     +1842.360s  M114                                     ok             5.8ms rx=2 busy=0
19:15:03.789     +1842.674s  M114                                     ok             1.6ms rx=2 busy=0
19:15:03.789     +1842.994s  M114                                     ok             1.6ms rx=2 busy=0
19:15:03.789     +1843.314s  M114                                     ok             1.6ms rx=2 busy=0
19:15:03.789     +1843.634s  M114                                     ok             1.6ms rx=2 busy=0
19:15:03.789     +1843.954s  M114                                     ok             1.6ms rx=2 busy=0
19:15:03.789     +1844.277s  M114                                     ok             4.8ms rx=2 busy=0
19:15:03.789     +1844.605s  M114                                     ok            12.0ms rx=2 busy=0
19:15:03.789     +1844.916s  M114                                     ok             1.7ms rx=2 busy=0
19:15:03.789     +1844.969s  G0 F7.514924437146975 E0.2900            ok             1.2ms rx=1 busy=0
19:15:03.789     +1844.977s  M114                                     ok             1.3ms rx=2 busy=0
19:15:03.789     +1845.234s  M114                                     ok             1.6ms rx=2 busy=0
19:15:03.789     +1845.555s  M114                                     ok             1.9ms rx=2 busy=0
19:15:03.789     +1845.875s  M114                                     ok             2.5ms rx=2 busy=0
19:15:03.789     +1846.195s  M114                                     ok             2.3ms rx=2 busy=0
19:15:03.789     +1846.514s  M114                                     ok             1.6ms rx=2 busy=0
19:15:03.789     +1846.834s  M114                                     ok             1.9ms rx=2 busy=0
19:15:03.789     +1847.154s  M114                                     ok             1.6ms rx=2 busy=0
19:15:03.789     +1847.474s  M114                                     ok             1.8ms rx=2 busy=0
19:15:03.789     +1847.794s  M114                                     ok             1.6ms rx=2 busy=0
19:15:03.789     +1848.117s  M114                                     ok             2.0ms rx=2 busy=0
19:15:03.789     +1848.434s  M114                                     ok             1.7ms rx=2 busy=0
19:15:03.789     +1848.755s  M114                                     ok             2.3ms rx=2 busy=0
19:15:03.789     +1849.074s  M114                                     ok             1.6ms rx=2 busy=0
19:15:03.789     +1849.394s  M114                                     ok             1.8ms rx=2 busy=0
19:15:03.789     +1849.714s  M114                                     ok             1.8ms rx=2 busy=0
19:15:03.789     +1850.034s  M114                                     ok             1.7ms rx=2 busy=0
19:15:03.789     +1850.355s  M114                                     ok             2.5ms rx=2 busy=0
19:15:03.789     +1850.674s  M114                                     ok             1.6ms rx=2 busy=0
19:15:03.789     +1851.015s  M114                                     ok            22.5ms rx=2 busy=0
19:15:03.789     +1851.330s  M114                                     ok             1.5ms rx=2 busy=0
19:15:03.789     +1851.650s  M114                                     ok             1.6ms rx=2 busy=0
19:15:03.789     +1851.970s  M114                                     ok             1.3ms rx=2 busy=0
19:15:03.789     +1852.289s  M114                                     ok             1.3ms rx=2 busy=0
19:15:03.789     +1852.610s  M114                                     ok             1.4ms rx=2 busy=0
19:15:03.789     +1852.929s  M114                                     ok             1.3ms rx=2 busy=0
19:15:03.789     +1853.250s  M114                                     ok             1.3ms rx=2 busy=0
19:15:03.789     +1853.570s  M114                                     ok             1.3ms rx=2 busy=0
19:15:03.789     +1853.889s  M114                                     ok             1.4ms rx=2 busy=0
19:15:03.789     +1854.210s  M114                                     ok             1.3ms rx=2 busy=0
19:15:03.789     +1854.530s  M114                                     ok             1.5ms rx=2 busy=0
19:15:03.789     +1854.849s  M114                                     ok             1.3ms rx=2 busy=0
19:15:03.789     +1855.180s  M114                                     ok            11.2ms rx=2 busy=0
19:15:03.789     +1855.495s  M114                                     ok             1.4ms rx=2 busy=0
19:15:03.789     +1855.810s  M114                                     ok             1.8ms rx=2 busy=0
19:15:03.789     +1856.130s  M114                                     ok             1.4ms rx=2 busy=0
19:15:03.789     +1856.450s  M114                                     ok             1.5ms rx=2 busy=0
19:15:03.789     +1856.770s  M114                                     ok             1.6ms rx=2 busy=0
19:15:03.789     +1857.089s  M114                                     ok             1.4ms rx=2 busy=0
19:15:03.789     +1857.409s  M114                                     ok             1.3ms rx=2 busy=0
19:15:03.789     +1857.729s  M114                                     ok             1.4ms rx=2 busy=0
19:15:03.789     +1858.002s  G0 F7.514924437146975 E0.2900            ok             1.3ms rx=1 busy=0
19:15:03.789     +1858.017s  M114                                     ok             1.3ms rx=2 busy=0
19:15:03.789     +1858.050s  M114                                     ok             1.3ms rx=2 busy=0
19:15:03.789     +1858.370s  M114                                     ok             1.3ms rx=2 busy=0
19:15:03.789     +1858.691s  M114                                     ok             2.4ms rx=2 busy=0
19:15:03.789     +1859.017s  M114                                     ok             3.9ms rx=2 busy=0
19:15:03.790     +1859.332s  M114                                     ok             1.4ms rx=2 busy=0
19:15:03.790     +1859.650s  M114                                     ok             1.8ms rx=2 busy=0
19:15:03.790     +1859.970s  M114                                     ok             1.5ms rx=2 busy=0
19:15:03.790     +1860.290s  M114                                     ok             1.3ms rx=2 busy=0
19:15:03.790     +1860.610s  M114                                     ok             1.3ms rx=2 busy=0
19:15:03.790     +1860.889s  G0 F7.514924437146975 E0.2900            ok             1.2ms rx=1 busy=0
19:15:03.790     +1860.898s  M114                                     ok             1.3ms rx=2 busy=0
19:15:03.790     +1860.929s  M114                                     ok             1.3ms rx=2 busy=0
19:15:03.790     +1861.250s  M114                                     ok             1.4ms rx=2 busy=0
19:15:03.790     +1861.571s  M114                                     ok             2.5ms rx=2 busy=0
19:15:03.790     +1861.898s  M114                                     ok             2.9ms rx=2 busy=0
19:15:03.790     +1862.211s  M114                                     ok             2.0ms rx=2 busy=0
19:15:03.790     +1862.538s  M114                                     ok             3.8ms rx=2 busy=0
19:15:03.790     +1862.855s  M114                                     ok             1.5ms rx=2 busy=0
19:15:03.790     +1863.170s  M114                                     ok             1.4ms rx=2 busy=0
19:15:03.790     +1863.490s  M114                                     ok             1.3ms rx=2 busy=0
19:15:03.790     +1863.810s  M114                                     ok             1.4ms rx=2 busy=0
19:15:03.790     +1864.130s  M114                                     ok             1.4ms rx=2 busy=0
19:15:03.790     +1864.449s  M114                                     ok             1.3ms rx=2 busy=0
19:15:03.790     +1864.770s  M114                                     ok             2.0ms rx=2 busy=0
19:15:03.790     +1865.090s  M114                                     ok             1.3ms rx=2 busy=0
19:15:03.790     +1865.409s  M114                                     ok             1.3ms rx=2 busy=0
19:15:03.790     +1865.740s  M114                                     ok            10.9ms rx=2 busy=0
19:15:03.790     +1866.056s  M114                                     ok             1.6ms rx=2 busy=0
19:15:03.790     +1866.229s  G0 F7.514924437146975 Y0.3000            ok             1.2ms rx=1 busy=0
19:15:03.790     +1866.242s  M114                                     ok             1.3ms rx=2 busy=0
19:15:03.790     +1866.370s  M114                                     ok             1.4ms rx=2 busy=0
19:15:03.790     +1866.693s  M114                                     ok             3.2ms rx=2 busy=0
19:15:03.790     +1867.010s  M114                                     ok             1.3ms rx=2 busy=0
19:15:03.790     +1867.330s  M114                                     ok             1.6ms rx=2 busy=0
19:15:03.790     +1867.651s  M114                                     ok             1.5ms rx=2 busy=0
19:15:03.790     +1867.975s  M114                                     ok             4.9ms rx=2 busy=0
19:15:03.790     +1868.290s  M114                                     ok             1.9ms rx=2 busy=0
19:15:03.790     +1868.633s  M114                                     ok            24.5ms rx=2 busy=0
19:15:03.790     +1868.947s  M114                                     ok             1.9ms rx=2 busy=0
19:15:03.790     +1869.274s  M114                                     ok             9.3ms rx=2 busy=0
19:15:03.790     +1869.590s  M114                                     ok             2.7ms rx=2 busy=0
19:15:03.790     +1869.906s  M114                                     ok             1.9ms rx=2 busy=0
19:15:03.790     +1870.226s  M114                                     ok             1.6ms rx=2 busy=0
19:15:03.790     +1870.247s  G0 F18.78731109286744 X0.0600            ok             1.5ms rx=1 busy=0
19:15:03.790     +1870.545s  M400                                     ok           298.2ms rx=1 busy=0
19:15:03.790     +1870.602s  M114                                     ok             9.4ms rx=2 busy=0
19:15:03.790     +1870.921s  M114                                     ok             4.1ms rx=2 busy=0
19:15:03.790     +1871.234s  M114                                     ok             2.1ms rx=2 busy=0
19:15:03.790     +1871.554s  M114                                     ok             2.1ms rx=2 busy=0
19:15:03.790     +1871.874s  M114                                     ok             2.0ms rx=2 busy=0
19:15:03.790     +1872.194s  M114                                     ok             1.8ms rx=2 busy=0
19:15:03.790     +1872.514s  M114                                     ok             1.6ms rx=2 busy=0
19:15:03.790     +1872.834s  M114                                     ok             1.8ms rx=2 busy=0
19:15:03.790     +1873.154s  M114                                     ok             1.7ms rx=2 busy=0
19:15:03.790     +1873.474s  M114                                     ok             1.6ms rx=2 busy=0
19:15:03.790     +1873.812s  M114                                     ok            19.9ms rx=2 busy=0
19:15:03.790     +1874.130s  M114                                     ok             1.3ms rx=2 busy=0
19:15:03.790     +1874.450s  M114                                     ok             1.5ms rx=2 busy=0
19:15:03.790     +1874.770s  M114                                     ok             1.4ms rx=2 busy=0
19:15:03.790     +1875.090s  M114                                     ok             1.4ms rx=2 busy=0
19:15:03.790     +1875.410s  M114                                     ok             1.4ms rx=2 busy=0
19:15:03.790     +1875.547s  G0 F18.78731109286744 X0.3000            ok             1.4ms rx=1 busy=0
19:15:03.790     +1876.613s  M400                                     ok          1065.9ms rx=1 busy=0
19:15:03.790     +1876.633s  G0 F18.78731109286744 X-0.0600           ok             2.0ms rx=1 busy=0
19:15:03.790     +1876.933s  M400                                     ok           299.5ms rx=1 busy=0
19:15:03.790     +1876.978s  M114                                     ok             1.4ms rx=2 busy=0
19:15:03.791     +1877.298s  M114                                     ok             1.3ms rx=2 busy=0
19:15:03.791     +1877.619s  M114                                     ok             1.7ms rx=2 busy=0
19:15:03.791     +1877.956s  M114                                     ok            17.4ms rx=2 busy=0
19:15:03.791     +1878.274s  M114                                     ok             1.6ms rx=2 busy=0
19:15:03.791     +1878.594s  M114                                     ok             1.6ms rx=2 busy=0
19:15:03.791     +1878.914s  M114                                     ok             1.6ms rx=2 busy=0
19:15:03.791     +1879.234s  M114                                     ok             1.6ms rx=2 busy=0
19:15:03.791     +1879.557s  M114                                     ok             1.6ms rx=2 busy=0
19:15:03.791     +1879.874s  M114                                     ok             1.7ms rx=2 busy=0
19:15:03.791     +1880.194s  M114                                     ok             1.6ms rx=2 busy=0
19:15:03.791     +1880.514s  M114                                     ok             1.9ms rx=2 busy=0
19:15:03.791     +1880.834s  M114                                     ok             1.8ms rx=2 busy=0
19:15:03.791     +1881.164s  M114                                     ok             9.3ms rx=2 busy=0
19:15:03.791     +1881.478s  M114                                     ok             1.8ms rx=2 busy=0
19:15:03.791     +1881.795s  M114                                     ok             1.7ms rx=2 busy=0
19:15:03.791     +1881.954s  M114                                     ok             1.6ms rx=2 busy=0
19:15:03.791     +1882.114s  M114                                     ok             1.6ms rx=2 busy=0
19:15:03.791     +1882.199s  G0 F18.78731109286744 X0.0600            ok             1.2ms rx=1 busy=0
19:15:03.791     +1882.497s  M400                                     ok           297.9ms rx=1 busy=0
19:15:03.791     +1882.530s  M114                                     ok             2.0ms rx=2 busy=0
19:15:03.791     +1882.850s  M114                                     ok             1.7ms rx=2 busy=0
19:15:03.791     +1883.170s  M114                                     ok             1.3ms rx=2 busy=0
19:15:03.791     +1883.491s  M114                                     ok             3.0ms rx=2 busy=0
19:15:03.791     +1883.814s  M114                                     ok             1.7ms rx=2 busy=0
19:15:03.791     +1884.157s  M114                                     ok            25.1ms rx=2 busy=0
19:15:03.791     +1884.466s  M114                                     ok             1.6ms rx=2 busy=0
19:15:03.791     +1884.786s  M114                                     ok             1.6ms rx=2 busy=0
19:15:03.791     +1885.106s  M114                                     ok             1.6ms rx=2 busy=0
19:15:03.791     +1885.426s  M114                                     ok             1.7ms rx=2 busy=0
19:15:03.791     +1885.746s  M114                                     ok             1.7ms rx=2 busy=0
19:15:03.791     +1886.066s  M114                                     ok             1.6ms rx=2 busy=0
19:15:03.791     +1886.391s  M114                                     ok             4.3ms rx=2 busy=0
19:15:03.791     +1886.711s  M114                                     ok             1.8ms rx=2 busy=0
19:15:03.791     +1887.027s  M114                                     ok             1.7ms rx=2 busy=0
19:15:03.791     +1887.346s  M114                                     ok             2.0ms rx=2 busy=0
19:15:03.791     +1887.499s  G0 F18.78731109286744 X0.3000            ok             1.3ms rx=1 busy=0
19:15:03.791     +1888.564s  M400                                     ok          1065.1ms rx=1 busy=0
19:15:03.791     +1888.575s  G0 F18.78731109286744 X-0.0600           ok             2.2ms rx=1 busy=0
19:15:03.791     +1888.872s  M400                                     ok           296.6ms rx=1 busy=0
19:15:03.791     +1888.914s  M114                                     ok             1.6ms rx=2 busy=0
19:15:03.791     +1889.234s  M114                                     ok             1.6ms rx=2 busy=0
19:15:03.791     +1889.554s  M114                                     ok             1.6ms rx=2 busy=0
19:15:03.791     +1889.874s  M114                                     ok             1.6ms rx=2 busy=0
19:15:03.791     +1890.194s  M114                                     ok             1.6ms rx=2 busy=0
19:15:03.791     +1890.514s  M114                                     ok             1.6ms rx=2 busy=0
19:15:03.791     +1890.834s  M114                                     ok             1.7ms rx=2 busy=0
19:15:03.791     +1891.163s  M114                                     ok            10.4ms rx=2 busy=0
19:15:03.791     +1891.482s  M114                                     ok             1.7ms rx=2 busy=0
19:15:03.791     +1891.797s  M114                                     ok             2.3ms rx=2 busy=0
19:15:03.791     +1892.114s  M114                                     ok             2.4ms rx=2 busy=0
19:15:03.791     +1892.457s  M114                                     ok            24.3ms rx=2 busy=0
19:15:03.791     +1892.770s  M114                                     ok             1.5ms rx=2 busy=0
19:15:03.791     +1893.089s  M114                                     ok             1.4ms rx=2 busy=0
19:15:03.791     +1893.410s  M114                                     ok             1.4ms rx=2 busy=0
19:15:03.791     +1893.730s  M114                                     ok             1.4ms rx=2 busy=0
19:15:03.791     +1893.889s  M114                                     ok             1.3ms rx=2 busy=0
19:15:03.791     +1894.054s  M114                                     ok             5.9ms rx=2 busy=0
19:15:03.791     +1894.374s  M114                                     ok             3.4ms rx=2 busy=0
19:15:03.791     +1894.690s  M114                                     ok             1.5ms rx=2 busy=0
19:15:03.791     +1895.010s  M114                                     ok             2.0ms rx=2 busy=0
19:15:03.791     +1895.330s  M114                                     ok             1.4ms rx=2 busy=0
19:15:03.791     +1895.650s  M114                                     ok             1.4ms rx=2 busy=0
19:15:03.792     +1895.970s  M114                                     ok             1.3ms rx=2 busy=0
19:15:03.792     +1896.290s  M114                                     ok             1.3ms rx=2 busy=0
19:15:03.792     +1896.611s  M114                                     ok             2.8ms rx=2 busy=0
19:15:03.792     +1896.930s  M114                                     ok             1.9ms rx=2 busy=0
19:15:03.792     +1897.261s  M114                                     ok            12.3ms rx=2 busy=0
19:15:03.792     +1897.578s  M114                                     ok             5.1ms rx=2 busy=0
19:15:03.792     +1897.892s  M114                                     ok             1.4ms rx=2 busy=0
19:15:03.792     +1898.214s  M114                                     ok             4.8ms rx=2 busy=0
19:15:03.792     +1898.530s  M114                                     ok             1.6ms rx=2 busy=0
19:15:03.792     +1898.851s  M114                                     ok             1.3ms rx=2 busy=0
19:15:03.792     +1899.170s  M114                                     ok             1.3ms rx=2 busy=0
19:15:03.792     +1899.489s  M114                                     ok             1.4ms rx=2 busy=0
19:15:03.792     +1899.615s  G0 F18.78731109286744 X0.0600            ok             2.7ms rx=1 busy=0
19:15:03.792     +1899.912s  M400                                     ok           296.8ms rx=1 busy=0
19:15:03.792     +1899.954s  M114                                     ok             1.6ms rx=2 busy=0
19:15:03.792     +1900.274s  M114                                     ok             1.6ms rx=2 busy=0
19:15:03.792     +1900.595s  M114                                     ok             2.5ms rx=2 busy=0
19:15:03.792     +1900.916s  M114                                     ok             2.8ms rx=2 busy=0
19:15:03.792     +1901.242s  M114                                     ok             9.6ms rx=2 busy=0
19:15:03.792     +1901.559s  M114                                     ok             3.6ms rx=2 busy=0
19:15:03.792     +1901.875s  M114                                     ok             2.5ms rx=2 busy=0
19:15:03.792     +1902.194s  M114                                     ok             1.8ms rx=2 busy=0
19:15:03.792     +1902.514s  M114                                     ok             1.7ms rx=2 busy=0
19:15:03.792     +1902.834s  M114                                     ok             2.1ms rx=2 busy=0
19:15:03.792     +1903.154s  M114                                     ok             1.5ms rx=2 busy=0
19:15:03.792     +1903.474s  M114                                     ok             1.6ms rx=2 busy=0
19:15:03.792     +1903.794s  M114                                     ok             1.8ms rx=2 busy=0
19:15:03.792     +1904.114s  M114                                     ok             1.6ms rx=2 busy=0
19:15:03.792     +1904.434s  M114                                     ok             1.8ms rx=2 busy=0
19:15:03.792     +1904.754s  M114                                     ok             1.9ms rx=2 busy=0
19:15:03.792     +1904.914s  G0 F18.78731109286744 X0.3000            ok             1.6ms rx=1 busy=0
19:15:03.792     +1905.978s  M400                                     ok          1064.2ms rx=1 busy=0
19:15:03.792 ---- end recent ----
19:15:09.586 STATS txns=6250 ok=6249 fail=1 reset=0 avg=5.3ms max=6000.4ms
19:15:19.960 ANOMALY M400                                     ok          4899.9ms rx=3 busy=2
19:15:19.960 ---- recent ZP transactions (anomaly: M400 -> ok) [300] ----
19:15:19.960     +1829.746s  M114                                     ok             1.6ms rx=2 busy=0
19:15:19.960     +1829.861s  M114                                     ok             5.2ms rx=2 busy=0
19:15:19.960     +1830.181s  M114                                     ok             2.3ms rx=2 busy=0
19:15:19.960     +1830.498s  M114                                     ok             1.4ms rx=2 busy=0
19:15:19.960     +1830.818s  M114                                     ok             1.4ms rx=2 busy=0
19:15:19.960     +1831.138s  M114                                     ok             1.5ms rx=2 busy=0
19:15:19.960     +1831.457s  M114                                     ok             1.3ms rx=2 busy=0
19:15:19.960     +1831.778s  M114                                     ok             1.3ms rx=2 busy=0
19:15:19.960     +1831.797s  G0 F7.514924437146975 Y0.3000            ok             1.2ms rx=1 busy=0
19:15:19.961     +1831.810s  M114                                     ok             2.1ms rx=2 busy=0
19:15:19.961     +1832.097s  M114                                     ok             1.3ms rx=2 busy=0
19:15:19.961     +1832.417s  M114                                     ok             1.4ms rx=2 busy=0
19:15:19.961     +1832.738s  M114                                     ok             1.7ms rx=2 busy=0
19:15:19.961     +1833.057s  M114                                     ok             1.3ms rx=2 busy=0
19:15:19.961     +1833.378s  M114                                     ok             2.2ms rx=2 busy=0
19:15:19.961     +1833.698s  M114                                     ok             1.3ms rx=2 busy=0
19:15:19.961     +1834.020s  M114                                     ok             3.2ms rx=2 busy=0
19:15:19.961     +1834.345s  M114                                     ok             4.5ms rx=2 busy=0
19:15:19.961     +1834.658s  M114                                     ok             1.4ms rx=2 busy=0
19:15:19.961     +1834.978s  M114                                     ok             1.5ms rx=2 busy=0
19:15:19.961     +1835.298s  M114                                     ok             1.3ms rx=2 busy=0
19:15:19.961     +1835.623s  M114                                     ok             6.5ms rx=2 busy=0
19:15:19.961     +1835.938s  M114                                     ok             1.3ms rx=2 busy=0
19:15:19.961     +1836.258s  M114                                     ok             1.8ms rx=2 busy=0
19:15:19.961     +1836.360s  G0 F7.514924437146975 E0.2900            ok             2.4ms rx=1 busy=0
19:15:19.961     +1836.386s  M114                                     ok             1.7ms rx=2 busy=0
19:15:19.961     +1836.578s  M114                                     ok             1.4ms rx=2 busy=0
19:15:19.961     +1836.898s  M114                                     ok             1.8ms rx=2 busy=0
19:15:19.961     +1837.221s  M114                                     ok             3.3ms rx=2 busy=0
19:15:19.961     +1837.562s  M114                                     ok            25.3ms rx=2 busy=0
19:15:19.961     +1837.874s  M114                                     ok             1.6ms rx=2 busy=0
19:15:19.961     +1838.194s  M114                                     ok             1.6ms rx=2 busy=0
19:15:19.961     +1838.514s  M114                                     ok             1.6ms rx=2 busy=0
19:15:19.961     +1838.834s  M114                                     ok             1.6ms rx=2 busy=0
19:15:19.961     +1839.154s  M114                                     ok             2.2ms rx=2 busy=0
19:15:19.961     +1839.475s  M114                                     ok             1.4ms rx=2 busy=0
19:15:19.961     +1839.799s  M114                                     ok             7.1ms rx=2 busy=0
19:15:19.961     +1840.118s  M114                                     ok             1.4ms rx=2 busy=0
19:15:19.961     +1840.434s  M114                                     ok             1.6ms rx=2 busy=0
19:15:19.961     +1840.754s  M114                                     ok             1.7ms rx=2 busy=0
19:15:19.961     +1841.074s  M114                                     ok             1.6ms rx=2 busy=0
19:15:19.961     +1841.394s  M114                                     ok             1.6ms rx=2 busy=0
19:15:19.961     +1841.717s  M114                                     ok             4.9ms rx=2 busy=0
19:15:19.961     +1841.948s  G0 F7.514924437146975 E0.2900            ok             1.2ms rx=1 busy=0
19:15:19.961     +1841.969s  M114                                     ok             1.3ms rx=2 busy=0
19:15:19.961     +1842.034s  M114                                     ok             1.6ms rx=2 busy=0
19:15:19.961     +1842.360s  M114                                     ok             5.8ms rx=2 busy=0
19:15:19.961     +1842.674s  M114                                     ok             1.6ms rx=2 busy=0
19:15:19.961     +1842.994s  M114                                     ok             1.6ms rx=2 busy=0
19:15:19.961     +1843.314s  M114                                     ok             1.6ms rx=2 busy=0
19:15:19.961     +1843.634s  M114                                     ok             1.6ms rx=2 busy=0
19:15:19.961     +1843.954s  M114                                     ok             1.6ms rx=2 busy=0
19:15:19.961     +1844.277s  M114                                     ok             4.8ms rx=2 busy=0
19:15:19.961     +1844.605s  M114                                     ok            12.0ms rx=2 busy=0
19:15:19.961     +1844.916s  M114                                     ok             1.7ms rx=2 busy=0
19:15:19.961     +1844.969s  G0 F7.514924437146975 E0.2900            ok             1.2ms rx=1 busy=0
19:15:19.961     +1844.977s  M114                                     ok             1.3ms rx=2 busy=0
19:15:19.961     +1845.234s  M114                                     ok             1.6ms rx=2 busy=0
19:15:19.961     +1845.555s  M114                                     ok             1.9ms rx=2 busy=0
19:15:19.961     +1845.875s  M114                                     ok             2.5ms rx=2 busy=0
19:15:19.961     +1846.195s  M114                                     ok             2.3ms rx=2 busy=0
19:15:19.961     +1846.514s  M114                                     ok             1.6ms rx=2 busy=0
19:15:19.961     +1846.834s  M114                                     ok             1.9ms rx=2 busy=0
19:15:19.961     +1847.154s  M114                                     ok             1.6ms rx=2 busy=0
19:15:19.961     +1847.474s  M114                                     ok             1.8ms rx=2 busy=0
19:15:19.961     +1847.794s  M114                                     ok             1.6ms rx=2 busy=0
19:15:19.961     +1848.117s  M114                                     ok             2.0ms rx=2 busy=0
19:15:19.961     +1848.434s  M114                                     ok             1.7ms rx=2 busy=0
19:15:19.961     +1848.755s  M114                                     ok             2.3ms rx=2 busy=0
19:15:19.961     +1849.074s  M114                                     ok             1.6ms rx=2 busy=0
19:15:19.961     +1849.394s  M114                                     ok             1.8ms rx=2 busy=0
19:15:19.962     +1849.714s  M114                                     ok             1.8ms rx=2 busy=0
19:15:19.962     +1850.034s  M114                                     ok             1.7ms rx=2 busy=0
19:15:19.962     +1850.355s  M114                                     ok             2.5ms rx=2 busy=0
19:15:19.962     +1850.674s  M114                                     ok             1.6ms rx=2 busy=0
19:15:19.962     +1851.015s  M114                                     ok            22.5ms rx=2 busy=0
19:15:19.962     +1851.330s  M114                                     ok             1.5ms rx=2 busy=0
19:15:19.962     +1851.650s  M114                                     ok             1.6ms rx=2 busy=0
19:15:19.962     +1851.970s  M114                                     ok             1.3ms rx=2 busy=0
19:15:19.962     +1852.289s  M114                                     ok             1.3ms rx=2 busy=0
19:15:19.962     +1852.610s  M114                                     ok             1.4ms rx=2 busy=0
19:15:19.962     +1852.929s  M114                                     ok             1.3ms rx=2 busy=0
19:15:19.962     +1853.250s  M114                                     ok             1.3ms rx=2 busy=0
19:15:19.962     +1853.570s  M114                                     ok             1.3ms rx=2 busy=0
19:15:19.962     +1853.889s  M114                                     ok             1.4ms rx=2 busy=0
19:15:19.962     +1854.210s  M114                                     ok             1.3ms rx=2 busy=0
19:15:19.962     +1854.530s  M114                                     ok             1.5ms rx=2 busy=0
19:15:19.962     +1854.849s  M114                                     ok             1.3ms rx=2 busy=0
19:15:19.962     +1855.180s  M114                                     ok            11.2ms rx=2 busy=0
19:15:19.962     +1855.495s  M114                                     ok             1.4ms rx=2 busy=0
19:15:19.962     +1855.810s  M114                                     ok             1.8ms rx=2 busy=0
19:15:19.962     +1856.130s  M114                                     ok             1.4ms rx=2 busy=0
19:15:19.962     +1856.450s  M114                                     ok             1.5ms rx=2 busy=0
19:15:19.962     +1856.770s  M114                                     ok             1.6ms rx=2 busy=0
19:15:19.962     +1857.089s  M114                                     ok             1.4ms rx=2 busy=0
19:15:19.962     +1857.409s  M114                                     ok             1.3ms rx=2 busy=0
19:15:19.962     +1857.729s  M114                                     ok             1.4ms rx=2 busy=0
19:15:19.962     +1858.002s  G0 F7.514924437146975 E0.2900            ok             1.3ms rx=1 busy=0
19:15:19.962     +1858.017s  M114                                     ok             1.3ms rx=2 busy=0
19:15:19.962     +1858.050s  M114                                     ok             1.3ms rx=2 busy=0
19:15:19.962     +1858.370s  M114                                     ok             1.3ms rx=2 busy=0
19:15:19.962     +1858.691s  M114                                     ok             2.4ms rx=2 busy=0
19:15:19.962     +1859.017s  M114                                     ok             3.9ms rx=2 busy=0
19:15:19.962     +1859.332s  M114                                     ok             1.4ms rx=2 busy=0
19:15:19.962     +1859.650s  M114                                     ok             1.8ms rx=2 busy=0
19:15:19.962     +1859.970s  M114                                     ok             1.5ms rx=2 busy=0
19:15:19.962     +1860.290s  M114                                     ok             1.3ms rx=2 busy=0
19:15:19.962     +1860.610s  M114                                     ok             1.3ms rx=2 busy=0
19:15:19.962     +1860.889s  G0 F7.514924437146975 E0.2900            ok             1.2ms rx=1 busy=0
19:15:19.962     +1860.898s  M114                                     ok             1.3ms rx=2 busy=0
19:15:19.962     +1860.929s  M114                                     ok             1.3ms rx=2 busy=0
19:15:19.962     +1861.250s  M114                                     ok             1.4ms rx=2 busy=0
19:15:19.962     +1861.571s  M114                                     ok             2.5ms rx=2 busy=0
19:15:19.962     +1861.898s  M114                                     ok             2.9ms rx=2 busy=0
19:15:19.962     +1862.211s  M114                                     ok             2.0ms rx=2 busy=0
19:15:19.962     +1862.538s  M114                                     ok             3.8ms rx=2 busy=0
19:15:19.962     +1862.855s  M114                                     ok             1.5ms rx=2 busy=0
19:15:19.962     +1863.170s  M114                                     ok             1.4ms rx=2 busy=0
19:15:19.962     +1863.490s  M114                                     ok             1.3ms rx=2 busy=0
19:15:19.962     +1863.810s  M114                                     ok             1.4ms rx=2 busy=0
19:15:19.962     +1864.130s  M114                                     ok             1.4ms rx=2 busy=0
19:15:19.962     +1864.449s  M114                                     ok             1.3ms rx=2 busy=0
19:15:19.962     +1864.770s  M114                                     ok             2.0ms rx=2 busy=0
19:15:19.962     +1865.090s  M114                                     ok             1.3ms rx=2 busy=0
19:15:19.962     +1865.409s  M114                                     ok             1.3ms rx=2 busy=0
19:15:19.963     +1865.740s  M114                                     ok            10.9ms rx=2 busy=0
19:15:19.963     +1866.056s  M114                                     ok             1.6ms rx=2 busy=0
19:15:19.963     +1866.229s  G0 F7.514924437146975 Y0.3000            ok             1.2ms rx=1 busy=0
19:15:19.963     +1866.242s  M114                                     ok             1.3ms rx=2 busy=0
19:15:19.963     +1866.370s  M114                                     ok             1.4ms rx=2 busy=0
19:15:19.963     +1866.693s  M114                                     ok             3.2ms rx=2 busy=0
19:15:19.963     +1867.010s  M114                                     ok             1.3ms rx=2 busy=0
19:15:19.963     +1867.330s  M114                                     ok             1.6ms rx=2 busy=0
19:15:19.963     +1867.651s  M114                                     ok             1.5ms rx=2 busy=0
19:15:19.963     +1867.975s  M114                                     ok             4.9ms rx=2 busy=0
19:15:19.963     +1868.290s  M114                                     ok             1.9ms rx=2 busy=0
19:15:19.963     +1868.633s  M114                                     ok            24.5ms rx=2 busy=0
19:15:19.963     +1868.947s  M114                                     ok             1.9ms rx=2 busy=0
19:15:19.963     +1869.274s  M114                                     ok             9.3ms rx=2 busy=0
19:15:19.963     +1869.590s  M114                                     ok             2.7ms rx=2 busy=0
19:15:19.963     +1869.906s  M114                                     ok             1.9ms rx=2 busy=0
19:15:19.963     +1870.226s  M114                                     ok             1.6ms rx=2 busy=0
19:15:19.963     +1870.247s  G0 F18.78731109286744 X0.0600            ok             1.5ms rx=1 busy=0
19:15:19.963     +1870.545s  M400                                     ok           298.2ms rx=1 busy=0
19:15:19.963     +1870.602s  M114                                     ok             9.4ms rx=2 busy=0
19:15:19.963     +1870.921s  M114                                     ok             4.1ms rx=2 busy=0
19:15:19.963     +1871.234s  M114                                     ok             2.1ms rx=2 busy=0
19:15:19.963     +1871.554s  M114                                     ok             2.1ms rx=2 busy=0
19:15:19.963     +1871.874s  M114                                     ok             2.0ms rx=2 busy=0
19:15:19.963     +1872.194s  M114                                     ok             1.8ms rx=2 busy=0
19:15:19.963     +1872.514s  M114                                     ok             1.6ms rx=2 busy=0
19:15:19.963     +1872.834s  M114                                     ok             1.8ms rx=2 busy=0
19:15:19.963     +1873.154s  M114                                     ok             1.7ms rx=2 busy=0
19:15:19.963     +1873.474s  M114                                     ok             1.6ms rx=2 busy=0
19:15:19.963     +1873.812s  M114                                     ok            19.9ms rx=2 busy=0
19:15:19.963     +1874.130s  M114                                     ok             1.3ms rx=2 busy=0
19:15:19.963     +1874.450s  M114                                     ok             1.5ms rx=2 busy=0
19:15:19.963     +1874.770s  M114                                     ok             1.4ms rx=2 busy=0
19:15:19.963     +1875.090s  M114                                     ok             1.4ms rx=2 busy=0
19:15:19.963     +1875.410s  M114                                     ok             1.4ms rx=2 busy=0
19:15:19.963     +1875.547s  G0 F18.78731109286744 X0.3000            ok             1.4ms rx=1 busy=0
19:15:19.963     +1876.613s  M400                                     ok          1065.9ms rx=1 busy=0
19:15:19.963     +1876.633s  G0 F18.78731109286744 X-0.0600           ok             2.0ms rx=1 busy=0
19:15:19.963     +1876.933s  M400                                     ok           299.5ms rx=1 busy=0
19:15:19.963     +1876.978s  M114                                     ok             1.4ms rx=2 busy=0
19:15:19.963     +1877.298s  M114                                     ok             1.3ms rx=2 busy=0
19:15:19.963     +1877.619s  M114                                     ok             1.7ms rx=2 busy=0
19:15:19.963     +1877.956s  M114                                     ok            17.4ms rx=2 busy=0
19:15:19.963     +1878.274s  M114                                     ok             1.6ms rx=2 busy=0
19:15:19.963     +1878.594s  M114                                     ok             1.6ms rx=2 busy=0
19:15:19.963     +1878.914s  M114                                     ok             1.6ms rx=2 busy=0
19:15:19.963     +1879.234s  M114                                     ok             1.6ms rx=2 busy=0
19:15:19.963     +1879.557s  M114                                     ok             1.6ms rx=2 busy=0
19:15:19.963     +1879.874s  M114                                     ok             1.7ms rx=2 busy=0
19:15:19.963     +1880.194s  M114                                     ok             1.6ms rx=2 busy=0
19:15:19.963     +1880.514s  M114                                     ok             1.9ms rx=2 busy=0
19:15:19.963     +1880.834s  M114                                     ok             1.8ms rx=2 busy=0
19:15:19.963     +1881.164s  M114                                     ok             9.3ms rx=2 busy=0
19:15:19.963     +1881.478s  M114                                     ok             1.8ms rx=2 busy=0
19:15:19.963     +1881.795s  M114                                     ok             1.7ms rx=2 busy=0
19:15:19.963     +1881.954s  M114                                     ok             1.6ms rx=2 busy=0
19:15:19.963     +1882.114s  M114                                     ok             1.6ms rx=2 busy=0
19:15:19.963     +1882.199s  G0 F18.78731109286744 X0.0600            ok             1.2ms rx=1 busy=0
19:15:19.963     +1882.497s  M400                                     ok           297.9ms rx=1 busy=0
19:15:19.964     +1882.530s  M114                                     ok             2.0ms rx=2 busy=0
19:15:19.964     +1882.850s  M114                                     ok             1.7ms rx=2 busy=0
19:15:19.964     +1883.170s  M114                                     ok             1.3ms rx=2 busy=0
19:15:19.964     +1883.491s  M114                                     ok             3.0ms rx=2 busy=0
19:15:19.964     +1883.814s  M114                                     ok             1.7ms rx=2 busy=0
19:15:19.964     +1884.157s  M114                                     ok            25.1ms rx=2 busy=0
19:15:19.964     +1884.466s  M114                                     ok             1.6ms rx=2 busy=0
19:15:19.964     +1884.786s  M114                                     ok             1.6ms rx=2 busy=0
19:15:19.964     +1885.106s  M114                                     ok             1.6ms rx=2 busy=0
19:15:19.964     +1885.426s  M114                                     ok             1.7ms rx=2 busy=0
19:15:19.964     +1885.746s  M114                                     ok             1.7ms rx=2 busy=0
19:15:19.964     +1886.066s  M114                                     ok             1.6ms rx=2 busy=0
19:15:19.964     +1886.391s  M114                                     ok             4.3ms rx=2 busy=0
19:15:19.964     +1886.711s  M114                                     ok             1.8ms rx=2 busy=0
19:15:19.964     +1887.027s  M114                                     ok             1.7ms rx=2 busy=0
19:15:19.964     +1887.346s  M114                                     ok             2.0ms rx=2 busy=0
19:15:19.964     +1887.499s  G0 F18.78731109286744 X0.3000            ok             1.3ms rx=1 busy=0
19:15:19.964     +1888.564s  M400                                     ok          1065.1ms rx=1 busy=0
19:15:19.964     +1888.575s  G0 F18.78731109286744 X-0.0600           ok             2.2ms rx=1 busy=0
19:15:19.964     +1888.872s  M400                                     ok           296.6ms rx=1 busy=0
19:15:19.964     +1888.914s  M114                                     ok             1.6ms rx=2 busy=0
19:15:19.964     +1889.234s  M114                                     ok             1.6ms rx=2 busy=0
19:15:19.964     +1889.554s  M114                                     ok             1.6ms rx=2 busy=0
19:15:19.964     +1889.874s  M114                                     ok             1.6ms rx=2 busy=0
19:15:19.964     +1890.194s  M114                                     ok             1.6ms rx=2 busy=0
19:15:19.964     +1890.514s  M114                                     ok             1.6ms rx=2 busy=0
19:15:19.964     +1890.834s  M114                                     ok             1.7ms rx=2 busy=0
19:15:19.964     +1891.163s  M114                                     ok            10.4ms rx=2 busy=0
19:15:19.964     +1891.482s  M114                                     ok             1.7ms rx=2 busy=0
19:15:19.964     +1891.797s  M114                                     ok             2.3ms rx=2 busy=0
19:15:19.964     +1892.114s  M114                                     ok             2.4ms rx=2 busy=0
19:15:19.964     +1892.457s  M114                                     ok            24.3ms rx=2 busy=0
19:15:19.964     +1892.770s  M114                                     ok             1.5ms rx=2 busy=0
19:15:19.964     +1893.089s  M114                                     ok             1.4ms rx=2 busy=0
19:15:19.964     +1893.410s  M114                                     ok             1.4ms rx=2 busy=0
19:15:19.964     +1893.730s  M114                                     ok             1.4ms rx=2 busy=0
19:15:19.964     +1893.889s  M114                                     ok             1.3ms rx=2 busy=0
19:15:19.964     +1894.054s  M114                                     ok             5.9ms rx=2 busy=0
19:15:19.964     +1894.374s  M114                                     ok             3.4ms rx=2 busy=0
19:15:19.964     +1894.690s  M114                                     ok             1.5ms rx=2 busy=0
19:15:19.964     +1895.010s  M114                                     ok             2.0ms rx=2 busy=0
19:15:19.964     +1895.330s  M114                                     ok             1.4ms rx=2 busy=0
19:15:19.964     +1895.650s  M114                                     ok             1.4ms rx=2 busy=0
19:15:19.964     +1895.970s  M114                                     ok             1.3ms rx=2 busy=0
19:15:19.964     +1896.290s  M114                                     ok             1.3ms rx=2 busy=0
19:15:19.964     +1896.611s  M114                                     ok             2.8ms rx=2 busy=0
19:15:19.964     +1896.930s  M114                                     ok             1.9ms rx=2 busy=0
19:15:19.964     +1897.261s  M114                                     ok            12.3ms rx=2 busy=0
19:15:19.964     +1897.578s  M114                                     ok             5.1ms rx=2 busy=0
19:15:19.964     +1897.892s  M114                                     ok             1.4ms rx=2 busy=0
19:15:19.964     +1898.214s  M114                                     ok             4.8ms rx=2 busy=0
19:15:19.965     +1898.530s  M114                                     ok             1.6ms rx=2 busy=0
19:15:19.965     +1898.851s  M114                                     ok             1.3ms rx=2 busy=0
19:15:19.965     +1899.170s  M114                                     ok             1.3ms rx=2 busy=0
19:15:19.965     +1899.489s  M114                                     ok             1.4ms rx=2 busy=0
19:15:19.965     +1899.615s  G0 F18.78731109286744 X0.0600            ok             2.7ms rx=1 busy=0
19:15:19.965     +1899.912s  M400                                     ok           296.8ms rx=1 busy=0
19:15:19.965     +1899.954s  M114                                     ok             1.6ms rx=2 busy=0
19:15:19.965     +1900.274s  M114                                     ok             1.6ms rx=2 busy=0
19:15:19.965     +1900.595s  M114                                     ok             2.5ms rx=2 busy=0
19:15:19.965     +1900.916s  M114                                     ok             2.8ms rx=2 busy=0
19:15:19.965     +1901.242s  M114                                     ok             9.6ms rx=2 busy=0
19:15:19.965     +1901.559s  M114                                     ok             3.6ms rx=2 busy=0
19:15:19.965     +1901.875s  M114                                     ok             2.5ms rx=2 busy=0
19:15:19.965     +1902.194s  M114                                     ok             1.8ms rx=2 busy=0
19:15:19.965     +1902.514s  M114                                     ok             1.7ms rx=2 busy=0
19:15:19.965     +1902.834s  M114                                     ok             2.1ms rx=2 busy=0
19:15:19.965     +1903.154s  M114                                     ok             1.5ms rx=2 busy=0
19:15:19.965     +1903.474s  M114                                     ok             1.6ms rx=2 busy=0
19:15:19.965     +1903.794s  M114                                     ok             1.8ms rx=2 busy=0
19:15:19.965     +1904.114s  M114                                     ok             1.6ms rx=2 busy=0
19:15:19.965     +1904.434s  M114                                     ok             1.8ms rx=2 busy=0
19:15:19.965     +1904.754s  M114                                     ok             1.9ms rx=2 busy=0
19:15:19.965     +1904.914s  G0 F18.78731109286744 X0.3000            ok             1.6ms rx=1 busy=0
19:15:19.965     +1905.978s  M400                                     ok          1064.2ms rx=1 busy=0
19:15:19.965     +1905.986s  G0 F18.78731109286744 X-0.0600           ok             1.5ms rx=1 busy=0
19:15:19.965     +1906.283s  M400                                     ok           297.3ms rx=1 busy=0
19:15:19.965     +1906.325s  M114                                     ok             4.1ms rx=2 busy=0
19:15:19.965     +1906.642s  M114                                     ok             1.6ms rx=2 busy=0
19:15:19.965     +1906.979s  M114                                     ok            15.8ms rx=2 busy=0
19:15:19.965     +1907.298s  M114                                     ok             1.4ms rx=2 busy=0
19:15:19.965     +1907.619s  M114                                     ok             1.6ms rx=2 busy=0
19:15:19.965     +1907.938s  M114                                     ok             1.3ms rx=2 busy=0
19:15:19.965     +1908.257s  M114                                     ok             1.3ms rx=2 busy=0
19:15:19.965     +1908.577s  M114                                     ok             1.3ms rx=2 busy=0
19:15:19.965     +1908.898s  M114                                     ok             1.5ms rx=2 busy=0
19:15:19.965     +1909.218s  M114                                     ok             2.0ms rx=2 busy=0
19:15:19.965     +1909.537s  M114                                     ok             1.3ms rx=2 busy=0
19:15:19.965     +1909.858s  M114                                     ok             1.6ms rx=2 busy=0
19:15:19.965     +1910.179s  M114                                     ok             1.4ms rx=2 busy=0
19:15:19.965     +1910.498s  M114                                     ok             1.3ms rx=2 busy=0
19:15:19.965     +1910.818s  M114                                     ok             1.4ms rx=2 busy=0
19:15:19.965     +1911.137s  M114                                     ok             1.3ms rx=2 busy=0
19:15:19.965     +1911.298s  M114                                     ok             1.4ms rx=2 busy=0
19:15:19.965     +1911.458s  M114                                     ok             1.4ms rx=2 busy=0
19:15:19.965     +1911.778s  M114                                     ok             1.3ms rx=2 busy=0
19:15:19.965     +1911.952s  G0 F18.78731109286744 X0.0600            ok             1.2ms rx=1 busy=0
19:15:19.965     +1912.250s  M400                                     ok           297.6ms rx=1 busy=0
19:15:19.965     +1912.291s  M114                                     ok             1.5ms rx=2 busy=0
19:15:19.965     +1912.610s  M114                                     ok             1.4ms rx=2 busy=0
19:15:19.965     +1912.931s  M114                                     ok             1.3ms rx=2 busy=0
19:15:19.965     +1913.250s  M114                                     ok             1.4ms rx=2 busy=0
19:15:19.965     +1913.570s  M114                                     ok             1.4ms rx=2 busy=0
19:15:19.965     +1913.890s  M114                                     ok             1.3ms rx=2 busy=0
19:15:19.965     +1914.218s  M114                                     ok             9.8ms rx=2 busy=0
19:15:19.965     +1914.530s  M114                                     ok             1.4ms rx=2 busy=0
19:15:19.965     +1914.850s  M114                                     ok             1.5ms rx=2 busy=0
19:15:19.965     +1915.169s  M114                                     ok             1.4ms rx=2 busy=0
19:15:19.965     +1915.492s  M114                                     ok             2.5ms rx=2 busy=0
19:15:19.965     +1915.816s  M114                                     ok             3.9ms rx=2 busy=0
19:15:19.965     +1916.130s  M114                                     ok             1.4ms rx=2 busy=0
19:15:19.965     +1916.450s  M114                                     ok             1.3ms rx=2 busy=0
19:15:19.965     +1916.770s  M114                                     ok             1.5ms rx=2 busy=0
19:15:19.965     +1917.092s  M114                                     ok             1.5ms rx=2 busy=0
19:15:19.966     +1917.252s  G0 F18.78731109286744 X1.5000            ok             1.3ms rx=1 busy=0
19:15:19.966     +1922.152s  M400                                     ok          4899.9ms rx=3 busy=2
19:15:19.966 ---- end recent ----
19:15:38.269 ANOMALY M400                                     ok          4899.4ms rx=3 busy=2
19:15:38.269 ---- recent ZP transactions (anomaly: M400 -> ok) [300] ----
19:15:38.269     +1842.994s  M114                                     ok             1.6ms rx=2 busy=0
19:15:38.269     +1843.314s  M114                                     ok             1.6ms rx=2 busy=0
19:15:38.269     +1843.634s  M114                                     ok             1.6ms rx=2 busy=0
19:15:38.269     +1843.954s  M114                                     ok             1.6ms rx=2 busy=0
19:15:38.269     +1844.277s  M114                                     ok             4.8ms rx=2 busy=0
19:15:38.269     +1844.605s  M114                                     ok            12.0ms rx=2 busy=0
19:15:38.269     +1844.916s  M114                                     ok             1.7ms rx=2 busy=0
19:15:38.269     +1844.969s  G0 F7.514924437146975 E0.2900            ok             1.2ms rx=1 busy=0
19:15:38.269     +1844.977s  M114                                     ok             1.3ms rx=2 busy=0
19:15:38.269     +1845.234s  M114                                     ok             1.6ms rx=2 busy=0
19:15:38.269     +1845.555s  M114                                     ok             1.9ms rx=2 busy=0
19:15:38.270     +1845.875s  M114                                     ok             2.5ms rx=2 busy=0
19:15:38.270     +1846.195s  M114                                     ok             2.3ms rx=2 busy=0
19:15:38.270     +1846.514s  M114                                     ok             1.6ms rx=2 busy=0
19:15:38.270     +1846.834s  M114                                     ok             1.9ms rx=2 busy=0
19:15:38.270     +1847.154s  M114                                     ok             1.6ms rx=2 busy=0
19:15:38.270     +1847.474s  M114                                     ok             1.8ms rx=2 busy=0
19:15:38.270     +1847.794s  M114                                     ok             1.6ms rx=2 busy=0
19:15:38.270     +1848.117s  M114                                     ok             2.0ms rx=2 busy=0
19:15:38.270     +1848.434s  M114                                     ok             1.7ms rx=2 busy=0
19:15:38.270     +1848.755s  M114                                     ok             2.3ms rx=2 busy=0
19:15:38.270     +1849.074s  M114                                     ok             1.6ms rx=2 busy=0
19:15:38.270     +1849.394s  M114                                     ok             1.8ms rx=2 busy=0
19:15:38.270     +1849.714s  M114                                     ok             1.8ms rx=2 busy=0
19:15:38.270     +1850.034s  M114                                     ok             1.7ms rx=2 busy=0
19:15:38.270     +1850.355s  M114                                     ok             2.5ms rx=2 busy=0
19:15:38.270     +1850.674s  M114                                     ok             1.6ms rx=2 busy=0
19:15:38.270     +1851.015s  M114                                     ok            22.5ms rx=2 busy=0
19:15:38.270     +1851.330s  M114                                     ok             1.5ms rx=2 busy=0
19:15:38.270     +1851.650s  M114                                     ok             1.6ms rx=2 busy=0
19:15:38.270     +1851.970s  M114                                     ok             1.3ms rx=2 busy=0
19:15:38.270     +1852.289s  M114                                     ok             1.3ms rx=2 busy=0
19:15:38.270     +1852.610s  M114                                     ok             1.4ms rx=2 busy=0
19:15:38.270     +1852.929s  M114                                     ok             1.3ms rx=2 busy=0
19:15:38.270     +1853.250s  M114                                     ok             1.3ms rx=2 busy=0
19:15:38.270     +1853.570s  M114                                     ok             1.3ms rx=2 busy=0
19:15:38.270     +1853.889s  M114                                     ok             1.4ms rx=2 busy=0
19:15:38.270     +1854.210s  M114                                     ok             1.3ms rx=2 busy=0
19:15:38.270     +1854.530s  M114                                     ok             1.5ms rx=2 busy=0
19:15:38.270     +1854.849s  M114                                     ok             1.3ms rx=2 busy=0
19:15:38.270     +1855.180s  M114                                     ok            11.2ms rx=2 busy=0
19:15:38.270     +1855.495s  M114                                     ok             1.4ms rx=2 busy=0
19:15:38.270     +1855.810s  M114                                     ok             1.8ms rx=2 busy=0
19:15:38.270     +1856.130s  M114                                     ok             1.4ms rx=2 busy=0
19:15:38.270     +1856.450s  M114                                     ok             1.5ms rx=2 busy=0
19:15:38.270     +1856.770s  M114                                     ok             1.6ms rx=2 busy=0
19:15:38.270     +1857.089s  M114                                     ok             1.4ms rx=2 busy=0
19:15:38.270     +1857.409s  M114                                     ok             1.3ms rx=2 busy=0
19:15:38.270     +1857.729s  M114                                     ok             1.4ms rx=2 busy=0
19:15:38.270     +1858.002s  G0 F7.514924437146975 E0.2900            ok             1.3ms rx=1 busy=0
19:15:38.270     +1858.017s  M114                                     ok             1.3ms rx=2 busy=0
19:15:38.270     +1858.050s  M114                                     ok             1.3ms rx=2 busy=0
19:15:38.270     +1858.370s  M114                                     ok             1.3ms rx=2 busy=0
19:15:38.271     +1858.691s  M114                                     ok             2.4ms rx=2 busy=0
19:15:38.271     +1859.017s  M114                                     ok             3.9ms rx=2 busy=0
19:15:38.271     +1859.332s  M114                                     ok             1.4ms rx=2 busy=0
19:15:38.271     +1859.650s  M114                                     ok             1.8ms rx=2 busy=0
19:15:38.271     +1859.970s  M114                                     ok             1.5ms rx=2 busy=0
19:15:38.271     +1860.290s  M114                                     ok             1.3ms rx=2 busy=0
19:15:38.271     +1860.610s  M114                                     ok             1.3ms rx=2 busy=0
19:15:38.271     +1860.889s  G0 F7.514924437146975 E0.2900            ok             1.2ms rx=1 busy=0
19:15:38.271     +1860.898s  M114                                     ok             1.3ms rx=2 busy=0
19:15:38.271     +1860.929s  M114                                     ok             1.3ms rx=2 busy=0
19:15:38.271     +1861.250s  M114                                     ok             1.4ms rx=2 busy=0
19:15:38.271     +1861.571s  M114                                     ok             2.5ms rx=2 busy=0
19:15:38.271     +1861.898s  M114                                     ok             2.9ms rx=2 busy=0
19:15:38.271     +1862.211s  M114                                     ok             2.0ms rx=2 busy=0
19:15:38.271     +1862.538s  M114                                     ok             3.8ms rx=2 busy=0
19:15:38.271     +1862.855s  M114                                     ok             1.5ms rx=2 busy=0
19:15:38.271     +1863.170s  M114                                     ok             1.4ms rx=2 busy=0
19:15:38.271     +1863.490s  M114                                     ok             1.3ms rx=2 busy=0
19:15:38.271     +1863.810s  M114                                     ok             1.4ms rx=2 busy=0
19:15:38.271     +1864.130s  M114                                     ok             1.4ms rx=2 busy=0
19:15:38.271     +1864.449s  M114                                     ok             1.3ms rx=2 busy=0
19:15:38.271     +1864.770s  M114                                     ok             2.0ms rx=2 busy=0
19:15:38.271     +1865.090s  M114                                     ok             1.3ms rx=2 busy=0
19:15:38.271     +1865.409s  M114                                     ok             1.3ms rx=2 busy=0
19:15:38.271     +1865.740s  M114                                     ok            10.9ms rx=2 busy=0
19:15:38.272     +1866.056s  M114                                     ok             1.6ms rx=2 busy=0
19:15:38.272     +1866.229s  G0 F7.514924437146975 Y0.3000            ok             1.2ms rx=1 busy=0
19:15:38.272     +1866.242s  M114                                     ok             1.3ms rx=2 busy=0
19:15:38.272     +1866.370s  M114                                     ok             1.4ms rx=2 busy=0
19:15:38.272     +1866.693s  M114                                     ok             3.2ms rx=2 busy=0
19:15:38.272     +1867.010s  M114                                     ok             1.3ms rx=2 busy=0
19:15:38.272     +1867.330s  M114                                     ok             1.6ms rx=2 busy=0
19:15:38.272     +1867.651s  M114                                     ok             1.5ms rx=2 busy=0
19:15:38.272     +1867.975s  M114                                     ok             4.9ms rx=2 busy=0
19:15:38.272     +1868.290s  M114                                     ok             1.9ms rx=2 busy=0
19:15:38.272     +1868.633s  M114                                     ok            24.5ms rx=2 busy=0
19:15:38.272     +1868.947s  M114                                     ok             1.9ms rx=2 busy=0
19:15:38.272     +1869.274s  M114                                     ok             9.3ms rx=2 busy=0
19:15:38.272     +1869.590s  M114                                     ok             2.7ms rx=2 busy=0
19:15:38.272     +1869.906s  M114                                     ok             1.9ms rx=2 busy=0
19:15:38.272     +1870.226s  M114                                     ok             1.6ms rx=2 busy=0
19:15:38.273     +1870.247s  G0 F18.78731109286744 X0.0600            ok             1.5ms rx=1 busy=0
19:15:38.273     +1870.545s  M400                                     ok           298.2ms rx=1 busy=0
19:15:38.273     +1870.602s  M114                                     ok             9.4ms rx=2 busy=0
19:15:38.273     +1870.921s  M114                                     ok             4.1ms rx=2 busy=0
19:15:38.273     +1871.234s  M114                                     ok             2.1ms rx=2 busy=0
19:15:38.273     +1871.554s  M114                                     ok             2.1ms rx=2 busy=0
19:15:38.273     +1871.874s  M114                                     ok             2.0ms rx=2 busy=0
19:15:38.273     +1872.194s  M114                                     ok             1.8ms rx=2 busy=0
19:15:38.273     +1872.514s  M114                                     ok             1.6ms rx=2 busy=0
19:15:38.273     +1872.834s  M114                                     ok             1.8ms rx=2 busy=0
19:15:38.273     +1873.154s  M114                                     ok             1.7ms rx=2 busy=0
19:15:38.273     +1873.474s  M114                                     ok             1.6ms rx=2 busy=0
19:15:38.273     +1873.812s  M114                                     ok            19.9ms rx=2 busy=0
19:15:38.273     +1874.130s  M114                                     ok             1.3ms rx=2 busy=0
19:15:38.273     +1874.450s  M114                                     ok             1.5ms rx=2 busy=0
19:15:38.273     +1874.770s  M114                                     ok             1.4ms rx=2 busy=0
19:15:38.273     +1875.090s  M114                                     ok             1.4ms rx=2 busy=0
19:15:38.273     +1875.410s  M114                                     ok             1.4ms rx=2 busy=0
19:15:38.273     +1875.547s  G0 F18.78731109286744 X0.3000            ok             1.4ms rx=1 busy=0
19:15:38.273     +1876.613s  M400                                     ok          1065.9ms rx=1 busy=0
19:15:38.273     +1876.633s  G0 F18.78731109286744 X-0.0600           ok             2.0ms rx=1 busy=0
19:15:38.273     +1876.933s  M400                                     ok           299.5ms rx=1 busy=0
19:15:38.273     +1876.978s  M114                                     ok             1.4ms rx=2 busy=0
19:15:38.273     +1877.298s  M114                                     ok             1.3ms rx=2 busy=0
19:15:38.273     +1877.619s  M114                                     ok             1.7ms rx=2 busy=0
19:15:38.273     +1877.956s  M114                                     ok            17.4ms rx=2 busy=0
19:15:38.273     +1878.274s  M114                                     ok             1.6ms rx=2 busy=0
19:15:38.273     +1878.594s  M114                                     ok             1.6ms rx=2 busy=0
19:15:38.273     +1878.914s  M114                                     ok             1.6ms rx=2 busy=0
19:15:38.273     +1879.234s  M114                                     ok             1.6ms rx=2 busy=0
19:15:38.273     +1879.557s  M114                                     ok             1.6ms rx=2 busy=0
19:15:38.273     +1879.874s  M114                                     ok             1.7ms rx=2 busy=0
19:15:38.273     +1880.194s  M114                                     ok             1.6ms rx=2 busy=0
19:15:38.273     +1880.514s  M114                                     ok             1.9ms rx=2 busy=0
19:15:38.273     +1880.834s  M114                                     ok             1.8ms rx=2 busy=0
19:15:38.273     +1881.164s  M114                                     ok             9.3ms rx=2 busy=0
19:15:38.273     +1881.478s  M114                                     ok             1.8ms rx=2 busy=0
19:15:38.273     +1881.795s  M114                                     ok             1.7ms rx=2 busy=0
19:15:38.273     +1881.954s  M114                                     ok             1.6ms rx=2 busy=0
19:15:38.273     +1882.114s  M114                                     ok             1.6ms rx=2 busy=0
19:15:38.273     +1882.199s  G0 F18.78731109286744 X0.0600            ok             1.2ms rx=1 busy=0
19:15:38.273     +1882.497s  M400                                     ok           297.9ms rx=1 busy=0
19:15:38.273     +1882.530s  M114                                     ok             2.0ms rx=2 busy=0
19:15:38.273     +1882.850s  M114                                     ok             1.7ms rx=2 busy=0
19:15:38.273     +1883.170s  M114                                     ok             1.3ms rx=2 busy=0
19:15:38.273     +1883.491s  M114                                     ok             3.0ms rx=2 busy=0
19:15:38.273     +1883.814s  M114                                     ok             1.7ms rx=2 busy=0
19:15:38.273     +1884.157s  M114                                     ok            25.1ms rx=2 busy=0
19:15:38.273     +1884.466s  M114                                     ok             1.6ms rx=2 busy=0
19:15:38.273     +1884.786s  M114                                     ok             1.6ms rx=2 busy=0
19:15:38.273     +1885.106s  M114                                     ok             1.6ms rx=2 busy=0
19:15:38.273     +1885.426s  M114                                     ok             1.7ms rx=2 busy=0
19:15:38.273     +1885.746s  M114                                     ok             1.7ms rx=2 busy=0
19:15:38.273     +1886.066s  M114                                     ok             1.6ms rx=2 busy=0
19:15:38.273     +1886.391s  M114                                     ok             4.3ms rx=2 busy=0
19:15:38.274     +1886.711s  M114                                     ok             1.8ms rx=2 busy=0
19:15:38.274     +1887.027s  M114                                     ok             1.7ms rx=2 busy=0
19:15:38.274     +1887.346s  M114                                     ok             2.0ms rx=2 busy=0
19:15:38.274     +1887.499s  G0 F18.78731109286744 X0.3000            ok             1.3ms rx=1 busy=0
19:15:38.274     +1888.564s  M400                                     ok          1065.1ms rx=1 busy=0
19:15:38.274     +1888.575s  G0 F18.78731109286744 X-0.0600           ok             2.2ms rx=1 busy=0
19:15:38.274     +1888.872s  M400                                     ok           296.6ms rx=1 busy=0
19:15:38.274     +1888.914s  M114                                     ok             1.6ms rx=2 busy=0
19:15:38.274     +1889.234s  M114                                     ok             1.6ms rx=2 busy=0
19:15:38.274     +1889.554s  M114                                     ok             1.6ms rx=2 busy=0
19:15:38.274     +1889.874s  M114                                     ok             1.6ms rx=2 busy=0
19:15:38.274     +1890.194s  M114                                     ok             1.6ms rx=2 busy=0
19:15:38.274     +1890.514s  M114                                     ok             1.6ms rx=2 busy=0
19:15:38.274     +1890.834s  M114                                     ok             1.7ms rx=2 busy=0
19:15:38.274     +1891.163s  M114                                     ok            10.4ms rx=2 busy=0
19:15:38.274     +1891.482s  M114                                     ok             1.7ms rx=2 busy=0
19:15:38.274     +1891.797s  M114                                     ok             2.3ms rx=2 busy=0
19:15:38.274     +1892.114s  M114                                     ok             2.4ms rx=2 busy=0
19:15:38.274     +1892.457s  M114                                     ok            24.3ms rx=2 busy=0
19:15:38.274     +1892.770s  M114                                     ok             1.5ms rx=2 busy=0
19:15:38.274     +1893.089s  M114                                     ok             1.4ms rx=2 busy=0
19:15:38.274     +1893.410s  M114                                     ok             1.4ms rx=2 busy=0
19:15:38.274     +1893.730s  M114                                     ok             1.4ms rx=2 busy=0
19:15:38.274     +1893.889s  M114                                     ok             1.3ms rx=2 busy=0
19:15:38.274     +1894.054s  M114                                     ok             5.9ms rx=2 busy=0
19:15:38.274     +1894.374s  M114                                     ok             3.4ms rx=2 busy=0
19:15:38.274     +1894.690s  M114                                     ok             1.5ms rx=2 busy=0
19:15:38.274     +1895.010s  M114                                     ok             2.0ms rx=2 busy=0
19:15:38.274     +1895.330s  M114                                     ok             1.4ms rx=2 busy=0
19:15:38.274     +1895.650s  M114                                     ok             1.4ms rx=2 busy=0
19:15:38.274     +1895.970s  M114                                     ok             1.3ms rx=2 busy=0
19:15:38.274     +1896.290s  M114                                     ok             1.3ms rx=2 busy=0
19:15:38.274     +1896.611s  M114                                     ok             2.8ms rx=2 busy=0
19:15:38.274     +1896.930s  M114                                     ok             1.9ms rx=2 busy=0
19:15:38.274     +1897.261s  M114                                     ok            12.3ms rx=2 busy=0
19:15:38.274     +1897.578s  M114                                     ok             5.1ms rx=2 busy=0
19:15:38.274     +1897.892s  M114                                     ok             1.4ms rx=2 busy=0
19:15:38.274     +1898.214s  M114                                     ok             4.8ms rx=2 busy=0
19:15:38.274     +1898.530s  M114                                     ok             1.6ms rx=2 busy=0
19:15:38.274     +1898.851s  M114                                     ok             1.3ms rx=2 busy=0
19:15:38.274     +1899.170s  M114                                     ok             1.3ms rx=2 busy=0
19:15:38.274     +1899.489s  M114                                     ok             1.4ms rx=2 busy=0
19:15:38.274     +1899.615s  G0 F18.78731109286744 X0.0600            ok             2.7ms rx=1 busy=0
19:15:38.274     +1899.912s  M400                                     ok           296.8ms rx=1 busy=0
19:15:38.274     +1899.954s  M114                                     ok             1.6ms rx=2 busy=0
19:15:38.274     +1900.274s  M114                                     ok             1.6ms rx=2 busy=0
19:15:38.274     +1900.595s  M114                                     ok             2.5ms rx=2 busy=0
19:15:38.274     +1900.916s  M114                                     ok             2.8ms rx=2 busy=0
19:15:38.274     +1901.242s  M114                                     ok             9.6ms rx=2 busy=0
19:15:38.274     +1901.559s  M114                                     ok             3.6ms rx=2 busy=0
19:15:38.274     +1901.875s  M114                                     ok             2.5ms rx=2 busy=0
19:15:38.274     +1902.194s  M114                                     ok             1.8ms rx=2 busy=0
19:15:38.274     +1902.514s  M114                                     ok             1.7ms rx=2 busy=0
19:15:38.274     +1902.834s  M114                                     ok             2.1ms rx=2 busy=0
19:15:38.274     +1903.154s  M114                                     ok             1.5ms rx=2 busy=0
19:15:38.275     +1903.474s  M114                                     ok             1.6ms rx=2 busy=0
19:15:38.275     +1903.794s  M114                                     ok             1.8ms rx=2 busy=0
19:15:38.275     +1904.114s  M114                                     ok             1.6ms rx=2 busy=0
19:15:38.275     +1904.434s  M114                                     ok             1.8ms rx=2 busy=0
19:15:38.275     +1904.754s  M114                                     ok             1.9ms rx=2 busy=0
19:15:38.275     +1904.914s  G0 F18.78731109286744 X0.3000            ok             1.6ms rx=1 busy=0
19:15:38.275     +1905.978s  M400                                     ok          1064.2ms rx=1 busy=0
19:15:38.275     +1905.986s  G0 F18.78731109286744 X-0.0600           ok             1.5ms rx=1 busy=0
19:15:38.275     +1906.283s  M400                                     ok           297.3ms rx=1 busy=0
19:15:38.275     +1906.325s  M114                                     ok             4.1ms rx=2 busy=0
19:15:38.275     +1906.642s  M114                                     ok             1.6ms rx=2 busy=0
19:15:38.275     +1906.979s  M114                                     ok            15.8ms rx=2 busy=0
19:15:38.275     +1907.298s  M114                                     ok             1.4ms rx=2 busy=0
19:15:38.275     +1907.619s  M114                                     ok             1.6ms rx=2 busy=0
19:15:38.275     +1907.938s  M114                                     ok             1.3ms rx=2 busy=0
19:15:38.275     +1908.257s  M114                                     ok             1.3ms rx=2 busy=0
19:15:38.275     +1908.577s  M114                                     ok             1.3ms rx=2 busy=0
19:15:38.275     +1908.898s  M114                                     ok             1.5ms rx=2 busy=0
19:15:38.275     +1909.218s  M114                                     ok             2.0ms rx=2 busy=0
19:15:38.275     +1909.537s  M114                                     ok             1.3ms rx=2 busy=0
19:15:38.275     +1909.858s  M114                                     ok             1.6ms rx=2 busy=0
19:15:38.275     +1910.179s  M114                                     ok             1.4ms rx=2 busy=0
19:15:38.275     +1910.498s  M114                                     ok             1.3ms rx=2 busy=0
19:15:38.275     +1910.818s  M114                                     ok             1.4ms rx=2 busy=0
19:15:38.275     +1911.137s  M114                                     ok             1.3ms rx=2 busy=0
19:15:38.275     +1911.298s  M114                                     ok             1.4ms rx=2 busy=0
19:15:38.275     +1911.458s  M114                                     ok             1.4ms rx=2 busy=0
19:15:38.275     +1911.778s  M114                                     ok             1.3ms rx=2 busy=0
19:15:38.275     +1911.952s  G0 F18.78731109286744 X0.0600            ok             1.2ms rx=1 busy=0
19:15:38.275     +1912.250s  M400                                     ok           297.6ms rx=1 busy=0
19:15:38.275     +1912.291s  M114                                     ok             1.5ms rx=2 busy=0
19:15:38.275     +1912.610s  M114                                     ok             1.4ms rx=2 busy=0
19:15:38.275     +1912.931s  M114                                     ok             1.3ms rx=2 busy=0
19:15:38.275     +1913.250s  M114                                     ok             1.4ms rx=2 busy=0
19:15:38.275     +1913.570s  M114                                     ok             1.4ms rx=2 busy=0
19:15:38.275     +1913.890s  M114                                     ok             1.3ms rx=2 busy=0
19:15:38.275     +1914.218s  M114                                     ok             9.8ms rx=2 busy=0
19:15:38.276     +1914.530s  M114                                     ok             1.4ms rx=2 busy=0
19:15:38.276     +1914.850s  M114                                     ok             1.5ms rx=2 busy=0
19:15:38.276     +1915.169s  M114                                     ok             1.4ms rx=2 busy=0
19:15:38.276     +1915.492s  M114                                     ok             2.5ms rx=2 busy=0
19:15:38.276     +1915.816s  M114                                     ok             3.9ms rx=2 busy=0
19:15:38.276     +1916.130s  M114                                     ok             1.4ms rx=2 busy=0
19:15:38.276     +1916.450s  M114                                     ok             1.3ms rx=2 busy=0
19:15:38.276     +1916.770s  M114                                     ok             1.5ms rx=2 busy=0
19:15:38.276     +1917.092s  M114                                     ok             1.5ms rx=2 busy=0
19:15:38.276     +1917.252s  G0 F18.78731109286744 X1.5000            ok             1.3ms rx=1 busy=0
19:15:38.276     +1922.152s  M400                                     ok          4899.9ms rx=3 busy=2
19:15:38.276     +1922.159s  G0 F18.78731109286744 X-0.0600           ok             1.2ms rx=1 busy=0
19:15:38.276     +1922.467s  M400                                     ok           307.4ms rx=1 busy=0
19:15:38.276     +1922.504s  M114                                     ok             7.0ms rx=2 busy=0
19:15:38.276     +1922.817s  M114                                     ok             1.3ms rx=2 busy=0
19:15:38.276     +1923.138s  M114                                     ok             1.5ms rx=2 busy=0
19:15:38.276     +1923.458s  M114                                     ok             1.3ms rx=2 busy=0
19:15:38.276     +1923.778s  M114                                     ok             1.4ms rx=2 busy=0
19:15:38.276     +1924.098s  M114                                     ok             1.5ms rx=2 busy=0
19:15:38.276     +1924.426s  M114                                     ok             8.8ms rx=2 busy=0
19:15:38.276     +1924.738s  M114                                     ok             2.3ms rx=2 busy=0
19:15:38.276     +1925.059s  M114                                     ok             2.5ms rx=2 busy=0
19:15:38.276     +1925.386s  M114                                     ok             8.9ms rx=2 busy=0
19:15:38.276     +1925.700s  M114                                     ok             2.0ms rx=2 busy=0
19:15:38.276     +1926.018s  M114                                     ok             1.5ms rx=2 busy=0
19:15:38.276     +1926.338s  M114                                     ok             1.7ms rx=2 busy=0
19:15:38.276     +1926.658s  M114                                     ok             1.5ms rx=2 busy=0
19:15:38.276     +1926.978s  M114                                     ok             1.3ms rx=2 busy=0
19:15:38.276     +1927.298s  M114                                     ok             1.3ms rx=2 busy=0
19:15:38.276     +1927.489s  M114                                     ok             1.3ms rx=2 busy=0
19:15:38.276     +1927.618s  M114                                     ok             1.8ms rx=2 busy=0
19:15:38.276     +1927.940s  M114                                     ok             3.6ms rx=2 busy=0
19:15:38.276     +1928.261s  M114                                     ok             4.3ms rx=2 busy=0
19:15:38.276     +1928.578s  M114                                     ok             1.3ms rx=2 busy=0
19:15:38.276     +1928.898s  M114                                     ok             1.3ms rx=2 busy=0
19:15:38.276     +1929.218s  M114                                     ok             1.7ms rx=2 busy=0
19:15:38.276     +1929.540s  M114                                     ok             3.8ms rx=2 busy=0
19:15:38.276     +1929.858s  M114                                     ok             1.4ms rx=2 busy=0
19:15:38.276     +1930.178s  M114                                     ok             1.3ms rx=2 busy=0
19:15:38.277     +1930.262s  G0 F18.78731109286744 X-0.0600           ok             1.2ms rx=1 busy=0
19:15:38.277     +1930.559s  M400                                     ok           297.3ms rx=1 busy=0
19:15:38.277     +1930.594s  M114                                     ok             1.6ms rx=2 busy=0
19:15:38.277     +1930.927s  M114                                     ok            12.8ms rx=2 busy=0
19:15:38.277     +1931.234s  M114                                     ok             1.6ms rx=2 busy=0
19:15:38.277     +1931.558s  M114                                     ok             5.0ms rx=2 busy=0
19:15:38.277     +1931.878s  M114                                     ok             5.5ms rx=2 busy=0
19:15:38.277     +1932.197s  M114                                     ok             1.7ms rx=2 busy=0
19:15:38.277     +1932.514s  M114                                     ok             1.4ms rx=2 busy=0
19:15:38.277     +1932.847s  M114                                     ok            15.1ms rx=2 busy=0
19:15:38.277     +1933.170s  M114                                     ok             1.4ms rx=2 busy=0
19:15:38.277     +1933.490s  M114                                     ok             1.3ms rx=2 busy=0
19:15:38.277     +1933.818s  M114                                     ok             6.2ms rx=2 busy=0
19:15:38.277     +1934.130s  M114                                     ok             1.8ms rx=2 busy=0
19:15:38.277     +1934.456s  M114                                     ok             7.2ms rx=2 busy=0
19:15:38.277     +1934.776s  M114                                     ok             5.9ms rx=2 busy=0
19:15:38.277     +1935.093s  M114                                     ok             1.6ms rx=2 busy=0
19:15:38.277     +1935.410s  M114                                     ok             1.3ms rx=2 busy=0
19:15:38.277     +1935.561s  G0 F18.78731109286744 X-1.5000           ok             1.5ms rx=1 busy=0
19:15:38.277     +1940.460s  M400                                     ok          4899.4ms rx=3 busy=2
19:15:38.277 ---- end recent ----
19:16:13.895 ANOMALY M400                                     ok          1063.2ms rx=1 busy=0
19:16:13.895 ---- recent ZP transactions (anomaly: M400 -> ok) [300] ----
19:16:13.896     +1876.633s  G0 F18.78731109286744 X-0.0600           ok             2.0ms rx=1 busy=0
19:16:13.896     +1876.933s  M400                                     ok           299.5ms rx=1 busy=0
19:16:13.896     +1876.978s  M114                                     ok             1.4ms rx=2 busy=0
19:16:13.896     +1877.298s  M114                                     ok             1.3ms rx=2 busy=0
19:16:13.896     +1877.619s  M114                                     ok             1.7ms rx=2 busy=0
19:16:13.896     +1877.956s  M114                                     ok            17.4ms rx=2 busy=0
19:16:13.896     +1878.274s  M114                                     ok             1.6ms rx=2 busy=0
19:16:13.896     +1878.594s  M114                                     ok             1.6ms rx=2 busy=0
19:16:13.896     +1878.914s  M114                                     ok             1.6ms rx=2 busy=0
19:16:13.896     +1879.234s  M114                                     ok             1.6ms rx=2 busy=0
19:16:13.896     +1879.557s  M114                                     ok             1.6ms rx=2 busy=0
19:16:13.897     +1879.874s  M114                                     ok             1.7ms rx=2 busy=0
19:16:13.897     +1880.194s  M114                                     ok             1.6ms rx=2 busy=0
19:16:13.897     +1880.514s  M114                                     ok             1.9ms rx=2 busy=0
19:16:13.897     +1880.834s  M114                                     ok             1.8ms rx=2 busy=0
19:16:13.897     +1881.164s  M114                                     ok             9.3ms rx=2 busy=0
19:16:13.897     +1881.478s  M114                                     ok             1.8ms rx=2 busy=0
19:16:13.897     +1881.795s  M114                                     ok             1.7ms rx=2 busy=0
19:16:13.897     +1881.954s  M114                                     ok             1.6ms rx=2 busy=0
19:16:13.897     +1882.114s  M114                                     ok             1.6ms rx=2 busy=0
19:16:13.897     +1882.199s  G0 F18.78731109286744 X0.0600            ok             1.2ms rx=1 busy=0
19:16:13.897     +1882.497s  M400                                     ok           297.9ms rx=1 busy=0
19:16:13.897     +1882.530s  M114                                     ok             2.0ms rx=2 busy=0
19:16:13.897     +1882.850s  M114                                     ok             1.7ms rx=2 busy=0
19:16:13.897     +1883.170s  M114                                     ok             1.3ms rx=2 busy=0
19:16:13.897     +1883.491s  M114                                     ok             3.0ms rx=2 busy=0
19:16:13.897     +1883.814s  M114                                     ok             1.7ms rx=2 busy=0
19:16:13.897     +1884.157s  M114                                     ok            25.1ms rx=2 busy=0
19:16:13.897     +1884.466s  M114                                     ok             1.6ms rx=2 busy=0
19:16:13.897     +1884.786s  M114                                     ok             1.6ms rx=2 busy=0
19:16:13.897     +1885.106s  M114                                     ok             1.6ms rx=2 busy=0
19:16:13.897     +1885.426s  M114                                     ok             1.7ms rx=2 busy=0
19:16:13.897     +1885.746s  M114                                     ok             1.7ms rx=2 busy=0
19:16:13.897     +1886.066s  M114                                     ok             1.6ms rx=2 busy=0
19:16:13.897     +1886.391s  M114                                     ok             4.3ms rx=2 busy=0
19:16:13.897     +1886.711s  M114                                     ok             1.8ms rx=2 busy=0
19:16:13.897     +1887.027s  M114                                     ok             1.7ms rx=2 busy=0
19:16:13.897     +1887.346s  M114                                     ok             2.0ms rx=2 busy=0
19:16:13.897     +1887.499s  G0 F18.78731109286744 X0.3000            ok             1.3ms rx=1 busy=0
19:16:13.897     +1888.564s  M400                                     ok          1065.1ms rx=1 busy=0
19:16:13.897     +1888.575s  G0 F18.78731109286744 X-0.0600           ok             2.2ms rx=1 busy=0
19:16:13.897     +1888.872s  M400                                     ok           296.6ms rx=1 busy=0
19:16:13.897     +1888.914s  M114                                     ok             1.6ms rx=2 busy=0
19:16:13.897     +1889.234s  M114                                     ok             1.6ms rx=2 busy=0
19:16:13.897     +1889.554s  M114                                     ok             1.6ms rx=2 busy=0
19:16:13.897     +1889.874s  M114                                     ok             1.6ms rx=2 busy=0
19:16:13.897     +1890.194s  M114                                     ok             1.6ms rx=2 busy=0
19:16:13.897     +1890.514s  M114                                     ok             1.6ms rx=2 busy=0
19:16:13.897     +1890.834s  M114                                     ok             1.7ms rx=2 busy=0
19:16:13.897     +1891.163s  M114                                     ok            10.4ms rx=2 busy=0
19:16:13.897     +1891.482s  M114                                     ok             1.7ms rx=2 busy=0
19:16:13.897     +1891.797s  M114                                     ok             2.3ms rx=2 busy=0
19:16:13.897     +1892.114s  M114                                     ok             2.4ms rx=2 busy=0
19:16:13.897     +1892.457s  M114                                     ok            24.3ms rx=2 busy=0
19:16:13.897     +1892.770s  M114                                     ok             1.5ms rx=2 busy=0
19:16:13.897     +1893.089s  M114                                     ok             1.4ms rx=2 busy=0
19:16:13.897     +1893.410s  M114                                     ok             1.4ms rx=2 busy=0
19:16:13.897     +1893.730s  M114                                     ok             1.4ms rx=2 busy=0
19:16:13.897     +1893.889s  M114                                     ok             1.3ms rx=2 busy=0
19:16:13.897     +1894.054s  M114                                     ok             5.9ms rx=2 busy=0
19:16:13.897     +1894.374s  M114                                     ok             3.4ms rx=2 busy=0
19:16:13.897     +1894.690s  M114                                     ok             1.5ms rx=2 busy=0
19:16:13.898     +1895.010s  M114                                     ok             2.0ms rx=2 busy=0
19:16:13.898     +1895.330s  M114                                     ok             1.4ms rx=2 busy=0
19:16:13.898     +1895.650s  M114                                     ok             1.4ms rx=2 busy=0
19:16:13.898     +1895.970s  M114                                     ok             1.3ms rx=2 busy=0
19:16:13.898     +1896.290s  M114                                     ok             1.3ms rx=2 busy=0
19:16:13.898     +1896.611s  M114                                     ok             2.8ms rx=2 busy=0
19:16:13.898     +1896.930s  M114                                     ok             1.9ms rx=2 busy=0
19:16:13.898     +1897.261s  M114                                     ok            12.3ms rx=2 busy=0
19:16:13.898     +1897.578s  M114                                     ok             5.1ms rx=2 busy=0
19:16:13.898     +1897.892s  M114                                     ok             1.4ms rx=2 busy=0
19:16:13.898     +1898.214s  M114                                     ok             4.8ms rx=2 busy=0
19:16:13.898     +1898.530s  M114                                     ok             1.6ms rx=2 busy=0
19:16:13.898     +1898.851s  M114                                     ok             1.3ms rx=2 busy=0
19:16:13.898     +1899.170s  M114                                     ok             1.3ms rx=2 busy=0
19:16:13.898     +1899.489s  M114                                     ok             1.4ms rx=2 busy=0
19:16:13.898     +1899.615s  G0 F18.78731109286744 X0.0600            ok             2.7ms rx=1 busy=0
19:16:13.898     +1899.912s  M400                                     ok           296.8ms rx=1 busy=0
19:16:13.898     +1899.954s  M114                                     ok             1.6ms rx=2 busy=0
19:16:13.898     +1900.274s  M114                                     ok             1.6ms rx=2 busy=0
19:16:13.898     +1900.595s  M114                                     ok             2.5ms rx=2 busy=0
19:16:13.898     +1900.916s  M114                                     ok             2.8ms rx=2 busy=0
19:16:13.898     +1901.242s  M114                                     ok             9.6ms rx=2 busy=0
19:16:13.898     +1901.559s  M114                                     ok             3.6ms rx=2 busy=0
19:16:13.898     +1901.875s  M114                                     ok             2.5ms rx=2 busy=0
19:16:13.898     +1902.194s  M114                                     ok             1.8ms rx=2 busy=0
19:16:13.898     +1902.514s  M114                                     ok             1.7ms rx=2 busy=0
19:16:13.898     +1902.834s  M114                                     ok             2.1ms rx=2 busy=0
19:16:13.898     +1903.154s  M114                                     ok             1.5ms rx=2 busy=0
19:16:13.898     +1903.474s  M114                                     ok             1.6ms rx=2 busy=0
19:16:13.898     +1903.794s  M114                                     ok             1.8ms rx=2 busy=0
19:16:13.898     +1904.114s  M114                                     ok             1.6ms rx=2 busy=0
19:16:13.898     +1904.434s  M114                                     ok             1.8ms rx=2 busy=0
19:16:13.898     +1904.754s  M114                                     ok             1.9ms rx=2 busy=0
19:16:13.898     +1904.914s  G0 F18.78731109286744 X0.3000            ok             1.6ms rx=1 busy=0
19:16:13.898     +1905.978s  M400                                     ok          1064.2ms rx=1 busy=0
19:16:13.898     +1905.986s  G0 F18.78731109286744 X-0.0600           ok             1.5ms rx=1 busy=0
19:16:13.898     +1906.283s  M400                                     ok           297.3ms rx=1 busy=0
19:16:13.898     +1906.325s  M114                                     ok             4.1ms rx=2 busy=0
19:16:13.898     +1906.642s  M114                                     ok             1.6ms rx=2 busy=0
19:16:13.898     +1906.979s  M114                                     ok            15.8ms rx=2 busy=0
19:16:13.898     +1907.298s  M114                                     ok             1.4ms rx=2 busy=0
19:16:13.898     +1907.619s  M114                                     ok             1.6ms rx=2 busy=0
19:16:13.898     +1907.938s  M114                                     ok             1.3ms rx=2 busy=0
19:16:13.898     +1908.257s  M114                                     ok             1.3ms rx=2 busy=0
19:16:13.898     +1908.577s  M114                                     ok             1.3ms rx=2 busy=0
19:16:13.898     +1908.898s  M114                                     ok             1.5ms rx=2 busy=0
19:16:13.898     +1909.218s  M114                                     ok             2.0ms rx=2 busy=0
19:16:13.898     +1909.537s  M114                                     ok             1.3ms rx=2 busy=0
19:16:13.898     +1909.858s  M114                                     ok             1.6ms rx=2 busy=0
19:16:13.899     +1910.179s  M114                                     ok             1.4ms rx=2 busy=0
19:16:13.899     +1910.498s  M114                                     ok             1.3ms rx=2 busy=0
19:16:13.899     +1910.818s  M114                                     ok             1.4ms rx=2 busy=0
19:16:13.899     +1911.137s  M114                                     ok             1.3ms rx=2 busy=0
19:16:13.899     +1911.298s  M114                                     ok             1.4ms rx=2 busy=0
19:16:13.899     +1911.458s  M114                                     ok             1.4ms rx=2 busy=0
19:16:13.899     +1911.778s  M114                                     ok             1.3ms rx=2 busy=0
19:16:13.899     +1911.952s  G0 F18.78731109286744 X0.0600            ok             1.2ms rx=1 busy=0
19:16:13.899     +1912.250s  M400                                     ok           297.6ms rx=1 busy=0
19:16:13.899     +1912.291s  M114                                     ok             1.5ms rx=2 busy=0
19:16:13.899     +1912.610s  M114                                     ok             1.4ms rx=2 busy=0
19:16:13.899     +1912.931s  M114                                     ok             1.3ms rx=2 busy=0
19:16:13.899     +1913.250s  M114                                     ok             1.4ms rx=2 busy=0
19:16:13.899     +1913.570s  M114                                     ok             1.4ms rx=2 busy=0
19:16:13.899     +1913.890s  M114                                     ok             1.3ms rx=2 busy=0
19:16:13.899     +1914.218s  M114                                     ok             9.8ms rx=2 busy=0
19:16:13.899     +1914.530s  M114                                     ok             1.4ms rx=2 busy=0
19:16:13.899     +1914.850s  M114                                     ok             1.5ms rx=2 busy=0
19:16:13.899     +1915.169s  M114                                     ok             1.4ms rx=2 busy=0
19:16:13.899     +1915.492s  M114                                     ok             2.5ms rx=2 busy=0
19:16:13.899     +1915.816s  M114                                     ok             3.9ms rx=2 busy=0
19:16:13.899     +1916.130s  M114                                     ok             1.4ms rx=2 busy=0
19:16:13.899     +1916.450s  M114                                     ok             1.3ms rx=2 busy=0
19:16:13.899     +1916.770s  M114                                     ok             1.5ms rx=2 busy=0
19:16:13.899     +1917.092s  M114                                     ok             1.5ms rx=2 busy=0
19:16:13.899     +1917.252s  G0 F18.78731109286744 X1.5000            ok             1.3ms rx=1 busy=0
19:16:13.899     +1922.152s  M400                                     ok          4899.9ms rx=3 busy=2
19:16:13.899     +1922.159s  G0 F18.78731109286744 X-0.0600           ok             1.2ms rx=1 busy=0
19:16:13.899     +1922.467s  M400                                     ok           307.4ms rx=1 busy=0
19:16:13.899     +1922.504s  M114                                     ok             7.0ms rx=2 busy=0
19:16:13.899     +1922.817s  M114                                     ok             1.3ms rx=2 busy=0
19:16:13.899     +1923.138s  M114                                     ok             1.5ms rx=2 busy=0
19:16:13.899     +1923.458s  M114                                     ok             1.3ms rx=2 busy=0
19:16:13.899     +1923.778s  M114                                     ok             1.4ms rx=2 busy=0
19:16:13.900     +1924.098s  M114                                     ok             1.5ms rx=2 busy=0
19:16:13.900     +1924.426s  M114                                     ok             8.8ms rx=2 busy=0
19:16:13.900     +1924.738s  M114                                     ok             2.3ms rx=2 busy=0
19:16:13.900     +1925.059s  M114                                     ok             2.5ms rx=2 busy=0
19:16:13.900     +1925.386s  M114                                     ok             8.9ms rx=2 busy=0
19:16:13.900     +1925.700s  M114                                     ok             2.0ms rx=2 busy=0
19:16:13.900     +1926.018s  M114                                     ok             1.5ms rx=2 busy=0
19:16:13.900     +1926.338s  M114                                     ok             1.7ms rx=2 busy=0
19:16:13.900     +1926.658s  M114                                     ok             1.5ms rx=2 busy=0
19:16:13.900     +1926.978s  M114                                     ok             1.3ms rx=2 busy=0
19:16:13.900     +1927.298s  M114                                     ok             1.3ms rx=2 busy=0
19:16:13.900     +1927.489s  M114                                     ok             1.3ms rx=2 busy=0
19:16:13.900     +1927.618s  M114                                     ok             1.8ms rx=2 busy=0
19:16:13.900     +1927.940s  M114                                     ok             3.6ms rx=2 busy=0
19:16:13.900     +1928.261s  M114                                     ok             4.3ms rx=2 busy=0
19:16:13.900     +1928.578s  M114                                     ok             1.3ms rx=2 busy=0
19:16:13.900     +1928.898s  M114                                     ok             1.3ms rx=2 busy=0
19:16:13.900     +1929.218s  M114                                     ok             1.7ms rx=2 busy=0
19:16:13.900     +1929.540s  M114                                     ok             3.8ms rx=2 busy=0
19:16:13.900     +1929.858s  M114                                     ok             1.4ms rx=2 busy=0
19:16:13.900     +1930.178s  M114                                     ok             1.3ms rx=2 busy=0
19:16:13.900     +1930.262s  G0 F18.78731109286744 X-0.0600           ok             1.2ms rx=1 busy=0
19:16:13.900     +1930.559s  M400                                     ok           297.3ms rx=1 busy=0
19:16:13.900     +1930.594s  M114                                     ok             1.6ms rx=2 busy=0
19:16:13.900     +1930.927s  M114                                     ok            12.8ms rx=2 busy=0
19:16:13.900     +1931.234s  M114                                     ok             1.6ms rx=2 busy=0
19:16:13.900     +1931.558s  M114                                     ok             5.0ms rx=2 busy=0
19:16:13.900     +1931.878s  M114                                     ok             5.5ms rx=2 busy=0
19:16:13.900     +1932.197s  M114                                     ok             1.7ms rx=2 busy=0
19:16:13.900     +1932.514s  M114                                     ok             1.4ms rx=2 busy=0
19:16:13.900     +1932.847s  M114                                     ok            15.1ms rx=2 busy=0
19:16:13.900     +1933.170s  M114                                     ok             1.4ms rx=2 busy=0
19:16:13.900     +1933.490s  M114                                     ok             1.3ms rx=2 busy=0
19:16:13.900     +1933.818s  M114                                     ok             6.2ms rx=2 busy=0
19:16:13.900     +1934.130s  M114                                     ok             1.8ms rx=2 busy=0
19:16:13.900     +1934.456s  M114                                     ok             7.2ms rx=2 busy=0
19:16:13.900     +1934.776s  M114                                     ok             5.9ms rx=2 busy=0
19:16:13.900     +1935.093s  M114                                     ok             1.6ms rx=2 busy=0
19:16:13.900     +1935.410s  M114                                     ok             1.3ms rx=2 busy=0
19:16:13.900     +1935.561s  G0 F18.78731109286744 X-1.5000           ok             1.5ms rx=1 busy=0
19:16:13.900     +1940.460s  M400                                     ok          4899.4ms rx=3 busy=2
19:16:13.900     +1940.471s  G0 F18.78731109286744 X0.0600            ok             1.2ms rx=1 busy=0
19:16:13.900     +1940.769s  M400                                     ok           298.1ms rx=1 busy=0
19:16:13.900     +1940.819s  M114                                     ok             1.4ms rx=2 busy=0
19:16:13.900     +1941.147s  M114                                     ok            10.5ms rx=2 busy=0
19:16:13.900     +1941.457s  M114                                     ok             1.3ms rx=2 busy=0
19:16:13.900     +1941.778s  M114                                     ok             1.3ms rx=2 busy=0
19:16:13.900     +1942.098s  M114                                     ok             1.6ms rx=2 busy=0
19:16:13.900     +1942.418s  M114                                     ok             1.4ms rx=2 busy=0
19:16:13.900     +1942.739s  M114                                     ok             2.4ms rx=2 busy=0
19:16:13.900     +1943.058s  M114                                     ok             1.6ms rx=2 busy=0
19:16:13.900     +1943.381s  M114                                     ok             4.1ms rx=2 busy=0
19:16:13.900     +1943.703s  M114                                     ok             4.3ms rx=2 busy=0
19:16:13.900     +1944.023s  M114                                     ok             1.6ms rx=2 busy=0
19:16:13.900     +1944.338s  M114                                     ok             1.8ms rx=2 busy=0
19:16:13.900     +1944.657s  M114                                     ok             1.3ms rx=2 busy=0
19:16:13.900     +1944.978s  M114                                     ok             1.3ms rx=2 busy=0
19:16:13.901     +1945.298s  M114                                     ok             1.7ms rx=2 busy=0
19:16:13.901     +1945.618s  M114                                     ok             1.3ms rx=2 busy=0
19:16:13.901     +1945.778s  M114                                     ok             1.3ms rx=2 busy=0
19:16:13.901     +1945.938s  M114                                     ok             1.4ms rx=2 busy=0
19:16:13.901     +1946.267s  M114                                     ok             8.3ms rx=2 busy=0
19:16:13.901     +1946.581s  M114                                     ok             2.6ms rx=2 busy=0
19:16:13.901     +1946.898s  M114                                     ok             1.4ms rx=2 busy=0
19:16:13.901     +1947.218s  M114                                     ok             1.4ms rx=2 busy=0
19:16:13.901     +1947.540s  M114                                     ok             1.5ms rx=2 busy=0
19:16:13.901     +1947.862s  M114                                     ok             3.5ms rx=2 busy=0
19:16:13.901     +1948.178s  M114                                     ok             1.3ms rx=2 busy=0
19:16:13.901     +1948.497s  M114                                     ok             1.3ms rx=2 busy=0
19:16:13.901     +1948.818s  M114                                     ok             1.4ms rx=2 busy=0
19:16:13.901     +1949.138s  M114                                     ok             1.4ms rx=2 busy=0
19:16:13.901     +1949.458s  M114                                     ok             1.3ms rx=2 busy=0
19:16:13.901     +1949.778s  M114                                     ok             1.6ms rx=2 busy=0
19:16:13.901     +1950.098s  M114                                     ok             1.3ms rx=2 busy=0
19:16:13.901     +1950.418s  M114                                     ok             1.3ms rx=2 busy=0
19:16:13.901     +1950.751s  M114                                     ok            13.6ms rx=2 busy=0
19:16:13.901     +1951.074s  M114                                     ok             1.8ms rx=2 busy=0
19:16:13.901     +1951.394s  M114                                     ok             1.3ms rx=2 busy=0
19:16:13.901     +1951.714s  M114                                     ok             1.6ms rx=2 busy=0
19:16:13.901     +1952.034s  M114                                     ok             1.6ms rx=2 busy=0
19:16:13.901     +1952.354s  M114                                     ok             1.4ms rx=2 busy=0
19:16:13.901     +1952.674s  M114                                     ok             1.6ms rx=2 busy=0
19:16:13.901     +1952.994s  M114                                     ok             1.6ms rx=2 busy=0
19:16:13.901     +1953.314s  M114                                     ok             1.7ms rx=2 busy=0
19:16:13.901     +1953.643s  M114                                     ok             8.8ms rx=2 busy=0
19:16:13.901     +1953.955s  M114                                     ok             1.5ms rx=2 busy=0
19:16:13.901     +1954.274s  M114                                     ok             1.5ms rx=2 busy=0
19:16:13.901     +1954.614s  M114                                     ok            21.0ms rx=2 busy=0
19:16:13.901     +1954.931s  M114                                     ok             1.5ms rx=2 busy=0
19:16:13.901     +1955.250s  M114                                     ok             1.9ms rx=2 busy=0
19:16:13.901     +1955.570s  M114                                     ok             1.6ms rx=2 busy=0
19:16:13.901     +1955.890s  M114                                     ok             1.4ms rx=2 busy=0
19:16:13.901     +1956.210s  M114                                     ok             1.3ms rx=2 busy=0
19:16:13.901     +1956.530s  M114                                     ok             1.3ms rx=2 busy=0
19:16:13.901     +1956.850s  M114                                     ok             1.8ms rx=2 busy=0
19:16:13.901     +1957.170s  M114                                     ok             1.5ms rx=2 busy=0
19:16:13.901     +1957.491s  M114                                     ok             1.8ms rx=2 busy=0
19:16:13.901     +1957.810s  M114                                     ok             1.6ms rx=2 busy=0
19:16:13.901     +1958.135s  M114                                     ok             4.6ms rx=2 busy=0
19:16:13.901     +1958.450s  M114                                     ok             1.3ms rx=2 busy=0
19:16:13.901     +1958.770s  M114                                     ok             1.4ms rx=2 busy=0
19:16:13.901     +1959.091s  M114                                     ok             1.9ms rx=2 busy=0
19:16:13.901     +1959.410s  M114                                     ok             1.3ms rx=2 busy=0
19:16:13.901     +1959.730s  M114                                     ok             1.4ms rx=2 busy=0
19:16:13.901     +1960.051s  M114                                     ok             1.3ms rx=2 busy=0
19:16:13.901     +1960.370s  M114                                     ok             1.4ms rx=2 busy=0
19:16:13.901     +1960.690s  M114                                     ok             1.3ms rx=2 busy=0
19:16:13.901     +1961.010s  M114                                     ok             1.7ms rx=2 busy=0
19:16:13.901     +1961.330s  M114                                     ok             1.3ms rx=2 busy=0
19:16:13.901     +1961.649s  M114                                     ok             1.4ms rx=2 busy=0
19:16:13.901     +1961.981s  M114                                     ok            12.0ms rx=2 busy=0
19:16:13.901     +1962.306s  M114                                     ok             1.6ms rx=2 busy=0
19:16:13.902     +1962.626s  M114                                     ok             2.1ms rx=2 busy=0
19:16:13.902     +1962.946s  M114                                     ok             1.8ms rx=2 busy=0
19:16:13.902     +1963.266s  M114                                     ok             1.7ms rx=2 busy=0
19:16:13.902     +1963.586s  M114                                     ok             1.6ms rx=2 busy=0
19:16:13.902     +1963.936s  M114                                     ok            31.8ms rx=2 busy=0
19:16:13.902     +1964.258s  M114                                     ok             1.6ms rx=2 busy=0
19:16:13.902     +1964.578s  M114                                     ok             1.3ms rx=2 busy=0
19:16:13.902     +1964.904s  M114                                     ok             6.4ms rx=2 busy=0
19:16:13.902     +1965.218s  M114                                     ok             1.4ms rx=2 busy=0
19:16:13.902     +1965.538s  M114                                     ok             1.4ms rx=2 busy=0
19:16:13.902     +1965.858s  M114                                     ok             1.3ms rx=2 busy=0
19:16:13.902     +1966.178s  M114                                     ok             1.4ms rx=2 busy=0
19:16:13.902     +1966.501s  M114                                     ok             5.2ms rx=2 busy=0
19:16:13.902     +1966.821s  M114                                     ok             1.6ms rx=2 busy=0
19:16:13.902     +1967.140s  M114                                     ok             2.1ms rx=2 busy=0
19:16:13.902     +1967.458s  M114                                     ok             1.3ms rx=2 busy=0
19:16:13.902     +1967.778s  M114                                     ok             1.5ms rx=2 busy=0
19:16:13.902     +1968.098s  M114                                     ok             1.3ms rx=2 busy=0
19:16:13.902     +1968.417s  M114                                     ok             1.4ms rx=2 busy=0
19:16:13.902     +1968.738s  M114                                     ok             1.7ms rx=2 busy=0
19:16:13.902     +1969.058s  M114                                     ok             1.3ms rx=2 busy=0
19:16:13.902     +1969.378s  M114                                     ok             1.8ms rx=2 busy=0
19:16:13.902     +1969.700s  M114                                     ok             3.4ms rx=2 busy=0
19:16:13.902     +1969.721s  G0 F18.78731109286744 X-0.0600           ok             1.3ms rx=1 busy=0
19:16:13.902     +1970.020s  M400                                     ok           298.4ms rx=1 busy=0
19:16:13.902     +1970.066s  M114                                     ok             1.7ms rx=2 busy=0
19:16:13.902     +1970.386s  M114                                     ok             1.3ms rx=2 busy=0
19:16:13.902     +1970.706s  M114                                     ok             1.6ms rx=2 busy=0
19:16:13.902     +1971.028s  M114                                     ok             1.7ms rx=2 busy=0
19:16:13.902     +1971.351s  M114                                     ok             6.1ms rx=2 busy=0
19:16:13.902     +1971.673s  M114                                     ok             3.2ms rx=2 busy=0
19:16:13.902     +1971.988s  M114                                     ok             2.0ms rx=2 busy=0
19:16:13.902     +1972.306s  M114                                     ok             1.6ms rx=2 busy=0
19:16:13.902     +1972.626s  M114                                     ok             1.7ms rx=2 busy=0
19:16:13.902     +1972.946s  M114                                     ok             1.6ms rx=2 busy=0
19:16:13.902     +1973.266s  M114                                     ok             1.6ms rx=2 busy=0
19:16:13.902     +1973.586s  M114                                     ok             1.6ms rx=2 busy=0
19:16:13.902     +1973.906s  M114                                     ok             1.3ms rx=2 busy=0
19:16:13.902     +1974.228s  M114                                     ok             4.2ms rx=2 busy=0
19:16:13.902     +1974.550s  M114                                     ok             5.3ms rx=2 busy=0
19:16:13.902     +1974.868s  M114                                     ok             2.7ms rx=2 busy=0
19:16:13.902     +1975.023s  G0 F18.78731109286744 X-0.3000           ok             2.7ms rx=1 busy=0
19:16:13.902     +1976.087s  M400                                     ok          1063.2ms rx=1 busy=0
19:16:13.902 ---- end recent ----
19:16:34.789 STATS txns=6500 ok=6499 fail=1 reset=0 avg=7.2ms max=6000.4ms
19:17:51.090 STATS txns=6750 ok=6749 fail=1 reset=0 avg=7.0ms max=6000.4ms
19:19:05.123 STATS txns=7000 ok=6999 fail=1 reset=0 avg=6.9ms max=6000.4ms
19:20:24.453 STATS txns=7250 ok=7249 fail=1 reset=0 avg=6.8ms max=6000.4ms
19:21:44.740 STATS txns=7500 ok=7499 fail=1 reset=0 avg=6.6ms max=6000.4ms
19:23:04.034 STATS txns=7750 ok=7749 fail=1 reset=0 avg=6.5ms max=6000.4ms
19:24:24.244 STATS txns=8000 ok=7999 fail=1 reset=0 avg=6.4ms max=6000.4ms
19:25:44.388 STATS txns=8250 ok=8249 fail=1 reset=0 avg=6.3ms max=6000.4ms
19:27:04.532 STATS txns=8500 ok=8499 fail=1 reset=0 avg=6.2ms max=6000.4ms
19:28:22.484 STATS txns=8750 ok=8749 fail=1 reset=0 avg=6.1ms max=6000.4ms
09:03:13.178 === ZP serial trace opened (mode=summary, pid=19820) at 2026-08-01T09:03:13 ===
09:03:13.178 ANOMALY M400                                     timeout     2000.2ms rx=0 busy=0 SILENT
09:03:13.178 ---- recent ZP transactions (anomaly: M400 -> timeout) [2] ----
09:03:13.178     +   0.000s  G0 X1                                    ok             0.0ms rx=1 busy=0
09:03:13.178     +   2.000s  M400                                     timeout     2000.2ms rx=0 busy=0 SILENT
09:03:13.178 ---- end recent ----
09:03:14.179 ANOMALY M400                                     timeout     1000.1ms rx=0 busy=0 SILENT
09:03:14.380 ANOMALY G0 X1                                    timeout      200.0ms rx=0 busy=0
09:03:14.880 ANOMALY M114                                     timeout      500.0ms rx=0 busy=0
09:03:14.880 ---- recent ZP transactions (anomaly: M114 -> timeout) [6] ----
09:03:14.880     +   0.000s  G0 X1                                    ok             0.0ms rx=1 busy=0
09:03:14.880     +   2.000s  M400                                     timeout     2000.2ms rx=0 busy=0 SILENT
09:03:14.880     +   3.002s  M400                                     timeout     1000.1ms rx=0 busy=0 SILENT
09:03:14.880     +   3.202s  G0 X1                                    timeout      200.0ms rx=0 busy=0
09:03:14.880     +   3.203s  M114                                     ok             0.0ms rx=2 busy=0
09:03:14.880     +   3.703s  M114                                     timeout      500.0ms rx=0 busy=0
09:03:14.880 ---- end recent ----
09:03:14.881 EVENT board_reset line='start'
09:03:14.881 ---- recent ZP transactions (event: board_reset) [10] ----
09:03:14.881     +   0.000s  G0 X1                                    ok             0.0ms rx=1 busy=0
09:03:14.881     +   2.000s  M400                                     timeout     2000.2ms rx=0 busy=0 SILENT
09:03:14.881     +   3.002s  M400                                     timeout     1000.1ms rx=0 busy=0 SILENT
09:03:14.881     +   3.202s  G0 X1                                    timeout      200.0ms rx=0 busy=0
09:03:14.881     +   3.203s  M114                                     ok             0.0ms rx=2 busy=0
09:03:14.881     +   3.703s  M114                                     timeout      500.0ms rx=0 busy=0
09:03:14.881     +   3.703s  G90                                      ok             0.0ms rx=1 busy=0
09:03:14.881     +   3.703s  G0 X10.0000 F300                         ok             0.0ms rx=1 busy=0
09:03:14.881     +   3.703s  G91                                      ok             0.0ms rx=1 busy=0
09:03:14.881     +   3.703s  G0 F600.0 X1.5000                        ok             0.0ms rx=1 busy=0
09:03:14.881 ---- end recent ----
09:03:14.881 ANOMALY G0 X1                                    reset          0.3ms rx=1 busy=0
09:03:14.881 ---- recent ZP transactions (anomaly: G0 X1 -> reset) [11] ----
09:03:14.881     +   0.000s  G0 X1                                    ok             0.0ms rx=1 busy=0
09:03:14.881     +   2.000s  M400                                     timeout     2000.2ms rx=0 busy=0 SILENT
09:03:14.881     +   3.002s  M400                                     timeout     1000.1ms rx=0 busy=0 SILENT
09:03:14.881     +   3.202s  G0 X1                                    timeout      200.0ms rx=0 busy=0
09:03:14.881     +   3.203s  M114                                     ok             0.0ms rx=2 busy=0
09:03:14.881     +   3.703s  M114                                     timeout      500.0ms rx=0 busy=0
09:03:14.881     +   3.703s  G90                                      ok             0.0ms rx=1 busy=0
09:03:14.881     +   3.703s  G0 X10.0000 F300                         ok             0.0ms rx=1 busy=0
09:03:14.881     +   3.703s  G91                                      ok             0.0ms rx=1 busy=0
09:03:14.881     +   3.703s  G0 F600.0 X1.5000                        ok             0.0ms rx=1 busy=0
09:03:14.881     +   3.704s  G0 X1                                    reset          0.3ms rx=1 busy=0
09:03:14.881 ---- end recent ----
09:03:14.881 ANOMALY G0 X1                                    error          0.0ms rx=1 busy=0
09:03:14.881 ---- recent ZP transactions (anomaly: G0 X1 -> error) [13] ----
09:03:14.881     +   0.000s  G0 X1                                    ok             0.0ms rx=1 busy=0
09:03:14.881     +   2.000s  M400                                     timeout     2000.2ms rx=0 busy=0 SILENT
09:03:14.881     +   3.002s  M400                                     timeout     1000.1ms rx=0 busy=0 SILENT
09:03:14.881     +   3.202s  G0 X1                                    timeout      200.0ms rx=0 busy=0
09:03:14.881     +   3.203s  M114                                     ok             0.0ms rx=2 busy=0
09:03:14.881     +   3.703s  M114                                     timeout      500.0ms rx=0 busy=0
09:03:14.881     +   3.703s  G90                                      ok             0.0ms rx=1 busy=0
09:03:14.881     +   3.703s  G0 X10.0000 F300                         ok             0.0ms rx=1 busy=0
09:03:14.881     +   3.703s  G91                                      ok             0.0ms rx=1 busy=0
09:03:14.882     +   3.703s  G0 F600.0 X1.5000                        ok             0.0ms rx=1 busy=0
09:03:14.882     +   3.704s  G0 X1                                    reset          0.3ms rx=1 busy=0
09:03:14.882     +   3.704s  G0 X50                                   ok             0.0ms rx=2 busy=1
09:03:14.882     +   3.704s  G0 X1                                    error          0.0ms rx=1 busy=0
09:03:14.882 ---- end recent ----
09:03:15.182 ANOMALY G0 X1                                    timeout      300.0ms rx=0 busy=0
09:03:21.200 ANOMALY M114                                     timeout      500.0ms rx=0 busy=0
09:03:21.201 ---- recent ZP transactions (anomaly: M114 -> timeout) [32] ----
09:03:21.201     +   0.000s  G0 X1                                    ok             0.0ms rx=1 busy=0
09:03:21.201     +   2.000s  M400                                     timeout     2000.2ms rx=0 busy=0 SILENT
09:03:21.201     +   3.002s  M400                                     timeout     1000.1ms rx=0 busy=0 SILENT
09:03:21.201     +   3.202s  G0 X1                                    timeout      200.0ms rx=0 busy=0
09:03:21.201     +   3.203s  M114                                     ok             0.0ms rx=2 busy=0
09:03:21.201     +   3.703s  M114                                     timeout      500.0ms rx=0 busy=0
09:03:21.201     +   3.703s  G90                                      ok             0.0ms rx=1 busy=0
09:03:21.201     +   3.703s  G0 X10.0000 F300                         ok             0.0ms rx=1 busy=0
09:03:21.201     +   3.703s  G91                                      ok             0.0ms rx=1 busy=0
09:03:21.201     +   3.703s  G0 F600.0 X1.5000                        ok             0.0ms rx=1 busy=0
09:03:21.201     +   3.704s  G0 X1                                    reset          0.3ms rx=1 busy=0
09:03:21.201     +   3.704s  G0 X50                                   ok             0.0ms rx=2 busy=1
09:03:21.201     +   3.704s  G0 X1                                    error          0.0ms rx=1 busy=0
09:03:21.201     +   4.004s  G0 X1                                    timeout      300.0ms rx=0 busy=0
09:03:21.201     +   4.005s  G0 X1                                    ok             0.0ms rx=1 busy=0
09:03:21.201     +   4.005s  G0 F1.0 Z0.5000                          ok             0.0ms rx=1 busy=0
09:03:21.201     +   4.005s  G0 F1000.0 Z0.5000                       ok             0.0ms rx=1 busy=0
09:03:21.201     +   4.005s  G0 F1.0 Z0.5000                          ok             0.0ms rx=1 busy=0
09:03:21.201     +   4.005s  G0 F600.0 Z0.0120                        ok             0.0ms rx=1 busy=0
09:03:21.201     +   4.005s  G0 F600.0 Z0.0001                        ok             0.0ms rx=1 busy=0
09:03:21.201     +   4.005s  G90                                      ok             0.0ms rx=1 busy=0
09:03:21.201     +   4.005s  G0 Z0.0001 E12.5000 F300                 ok             0.0ms rx=1 busy=0
09:03:21.201     +   4.005s  G91                                      ok             0.0ms rx=1 busy=0
09:03:21.201     +   4.005s  G0 F600.0 Z0.0001                        ok             0.0ms rx=1 busy=0
09:03:21.201     +   4.005s  G0 F600.0 Z0.0003                        ok             0.0ms rx=1 busy=0
09:03:21.201     +   4.005s  G0 F600.0 Z1.2345                        ok             0.0ms rx=1 busy=0
09:03:21.201     +   4.005s  G0 F600.0 Z-0.0009                       ok             0.0ms rx=1 busy=0
09:03:21.201     +   9.021s  G92 Z5.2500                              ok             0.0ms rx=1 busy=0
09:03:21.201     +   9.021s  G92 X-2.0000                             ok             0.0ms rx=1 busy=0
09:03:21.201     +   9.021s  G92 X5.2500                              ok             0.0ms rx=1 busy=0
09:03:21.201     +   9.523s  M114                                     ok             0.0ms rx=3 busy=1
09:03:21.201     +  10.023s  M114                                     timeout      500.0ms rx=0 busy=0
09:03:21.201 ---- end recent ----
09:03:31.935 === ZP serial trace opened (mode=summary, pid=12032) at 2026-08-01T09:03:31 ===
09:03:31.935 ANOMALY M400                                     timeout     2000.8ms rx=0 busy=0 SILENT
09:03:31.935 ---- recent ZP transactions (anomaly: M400 -> timeout) [2] ----
09:03:31.935     +   0.000s  G0 X1                                    ok             0.0ms rx=1 busy=0
09:03:31.935     +   2.001s  M400                                     timeout     2000.8ms rx=0 busy=0 SILENT
09:03:31.935 ---- end recent ----
09:03:32.936 ANOMALY M400                                     timeout     1000.1ms rx=0 busy=0 SILENT
09:03:33.136 ANOMALY G0 X1                                    timeout      200.1ms rx=0 busy=0
09:03:33.637 ANOMALY M114                                     timeout      500.0ms rx=0 busy=0
09:03:33.637 ---- recent ZP transactions (anomaly: M114 -> timeout) [6] ----
09:03:33.637     +   0.000s  G0 X1                                    ok             0.0ms rx=1 busy=0
09:03:33.637     +   2.001s  M400                                     timeout     2000.8ms rx=0 busy=0 SILENT
09:03:33.637     +   3.003s  M400                                     timeout     1000.1ms rx=0 busy=0 SILENT
09:03:33.637     +   3.204s  G0 X1                                    timeout      200.1ms rx=0 busy=0
09:03:33.637     +   3.204s  M114                                     ok             0.0ms rx=2 busy=0
09:03:33.637     +   3.704s  M114                                     timeout      500.0ms rx=0 busy=0
09:03:33.637 ---- end recent ----
09:03:33.638 EVENT board_reset line='start'
09:03:33.638 ---- recent ZP transactions (event: board_reset) [10] ----
09:03:33.638     +   0.000s  G0 X1                                    ok             0.0ms rx=1 busy=0
09:03:33.638     +   2.001s  M400                                     timeout     2000.8ms rx=0 busy=0 SILENT
09:03:33.638     +   3.003s  M400                                     timeout     1000.1ms rx=0 busy=0 SILENT
09:03:33.638     +   3.204s  G0 X1                                    timeout      200.1ms rx=0 busy=0
09:03:33.638     +   3.204s  M114                                     ok             0.0ms rx=2 busy=0
09:03:33.638     +   3.704s  M114                                     timeout      500.0ms rx=0 busy=0
09:03:33.638     +   3.705s  G90                                      ok             0.0ms rx=1 busy=0
09:03:33.638     +   3.705s  G0 X10.0000 F300                         ok             0.0ms rx=1 busy=0
09:03:33.638     +   3.705s  G91                                      ok             0.0ms rx=1 busy=0
09:03:33.638     +   3.705s  G0 F600.0 X1.5000                        ok             0.0ms rx=1 busy=0
09:03:33.638 ---- end recent ----
09:03:33.638 ANOMALY G0 X1                                    reset          0.5ms rx=1 busy=0
09:03:33.638 ---- recent ZP transactions (anomaly: G0 X1 -> reset) [11] ----
09:03:33.638     +   0.000s  G0 X1                                    ok             0.0ms rx=1 busy=0
09:03:33.638     +   2.001s  M400                                     timeout     2000.8ms rx=0 busy=0 SILENT
09:03:33.638     +   3.003s  M400                                     timeout     1000.1ms rx=0 busy=0 SILENT
09:03:33.638     +   3.204s  G0 X1                                    timeout      200.1ms rx=0 busy=0
09:03:33.638     +   3.204s  M114                                     ok             0.0ms rx=2 busy=0
09:03:33.638     +   3.704s  M114                                     timeout      500.0ms rx=0 busy=0
09:03:33.638     +   3.705s  G90                                      ok             0.0ms rx=1 busy=0
09:03:33.638     +   3.705s  G0 X10.0000 F300                         ok             0.0ms rx=1 busy=0
09:03:33.638     +   3.705s  G91                                      ok             0.0ms rx=1 busy=0
09:03:33.638     +   3.705s  G0 F600.0 X1.5000                        ok             0.0ms rx=1 busy=0
09:03:33.638     +   3.705s  G0 X1                                    reset          0.5ms rx=1 busy=0
09:03:33.638 ---- end recent ----
09:03:33.639 ANOMALY G0 X1                                    error          0.0ms rx=1 busy=0
09:03:33.639 ---- recent ZP transactions (anomaly: G0 X1 -> error) [13] ----
09:03:33.639     +   0.000s  G0 X1                                    ok             0.0ms rx=1 busy=0
09:03:33.639     +   2.001s  M400                                     timeout     2000.8ms rx=0 busy=0 SILENT
09:03:33.639     +   3.003s  M400                                     timeout     1000.1ms rx=0 busy=0 SILENT
09:03:33.639     +   3.204s  G0 X1                                    timeout      200.1ms rx=0 busy=0
09:03:33.639     +   3.204s  M114                                     ok             0.0ms rx=2 busy=0
09:03:33.639     +   3.704s  M114                                     timeout      500.0ms rx=0 busy=0
09:03:33.639     +   3.705s  G90                                      ok             0.0ms rx=1 busy=0
09:03:33.639     +   3.705s  G0 X10.0000 F300                         ok             0.0ms rx=1 busy=0
09:03:33.639     +   3.705s  G91                                      ok             0.0ms rx=1 busy=0
09:03:33.639     +   3.705s  G0 F600.0 X1.5000                        ok             0.0ms rx=1 busy=0
09:03:33.639     +   3.705s  G0 X1                                    reset          0.5ms rx=1 busy=0
09:03:33.639     +   3.706s  G0 X50                                   ok             0.0ms rx=2 busy=1
09:03:33.639     +   3.706s  G0 X1                                    error          0.0ms rx=1 busy=0
09:03:33.639 ---- end recent ----
09:03:33.939 ANOMALY G0 X1                                    timeout      300.0ms rx=0 busy=0
09:03:39.980 ANOMALY M114                                     timeout      500.0ms rx=0 busy=0
09:03:39.980 ---- recent ZP transactions (anomaly: M114 -> timeout) [32] ----
09:03:39.980     +   0.000s  G0 X1                                    ok             0.0ms rx=1 busy=0
09:03:39.980     +   2.001s  M400                                     timeout     2000.8ms rx=0 busy=0 SILENT
09:03:39.980     +   3.003s  M400                                     timeout     1000.1ms rx=0 busy=0 SILENT
09:03:39.980     +   3.204s  G0 X1                                    timeout      200.1ms rx=0 busy=0
09:03:39.980     +   3.204s  M114                                     ok             0.0ms rx=2 busy=0
09:03:39.980     +   3.704s  M114                                     timeout      500.0ms rx=0 busy=0
09:03:39.981     +   3.705s  G90                                      ok             0.0ms rx=1 busy=0
09:03:39.981     +   3.705s  G0 X10.0000 F300                         ok             0.0ms rx=1 busy=0
09:03:39.981     +   3.705s  G91                                      ok             0.0ms rx=1 busy=0
09:03:39.981     +   3.705s  G0 F600.0 X1.5000                        ok             0.0ms rx=1 busy=0
09:03:39.981     +   3.705s  G0 X1                                    reset          0.5ms rx=1 busy=0
09:03:39.981     +   3.706s  G0 X50                                   ok             0.0ms rx=2 busy=1
09:03:39.981     +   3.706s  G0 X1                                    error          0.0ms rx=1 busy=0
09:03:39.981     +   4.006s  G0 X1                                    timeout      300.0ms rx=0 busy=0
09:03:39.981     +   4.006s  G0 X1                                    ok             0.0ms rx=1 busy=0
09:03:39.981     +   4.007s  G0 F1.0 Z0.5000                          ok             0.0ms rx=1 busy=0
09:03:39.981     +   4.007s  G0 F1000.0 Z0.5000                       ok             0.0ms rx=1 busy=0
09:03:39.981     +   4.007s  G0 F1.0 Z0.5000                          ok             0.0ms rx=1 busy=0
09:03:39.981     +   4.007s  G0 F600.0 Z0.0120                        ok             0.0ms rx=1 busy=0
09:03:39.981     +   4.007s  G0 F600.0 Z0.0001                        ok             0.0ms rx=1 busy=0
09:03:39.981     +   4.007s  G90                                      ok             0.0ms rx=1 busy=0
09:03:39.981     +   4.007s  G0 Z0.0001 E12.5000 F300                 ok             0.0ms rx=1 busy=0
09:03:39.981     +   4.007s  G91                                      ok             0.0ms rx=1 busy=0
09:03:39.981     +   4.007s  G0 F600.0 Z0.0001                        ok             0.0ms rx=1 busy=0
09:03:39.981     +   4.007s  G0 F600.0 Z0.0003                        ok             0.0ms rx=1 busy=0
09:03:39.981     +   4.007s  G0 F600.0 Z1.2345                        ok             0.0ms rx=1 busy=0
09:03:39.981     +   4.007s  G0 F600.0 Z-0.0009                       ok             0.0ms rx=1 busy=0
09:03:39.981     +   9.046s  G92 Z5.2500                              ok             0.0ms rx=1 busy=0
09:03:39.981     +   9.046s  G92 X-2.0000                             ok             0.0ms rx=1 busy=0
09:03:39.981     +   9.046s  G92 X5.2500                              ok             0.0ms rx=1 busy=0
09:03:39.981     +   9.547s  M114                                     ok             0.0ms rx=3 busy=1
09:03:39.981     +  10.047s  M114                                     timeout      500.0ms rx=0 busy=0
09:03:39.981 ---- end recent ----
09:05:07.626 === ZP serial trace opened (mode=summary, pid=21948) at 2026-08-01T09:05:07 ===
09:05:07.627 ANOMALY M400                                     aborted      163.5ms rx=0 busy=0
09:05:07.627 ---- recent ZP transactions (anomaly: M400 -> aborted) [1] ----
09:05:07.627     +   0.164s  M400                                     aborted      163.5ms rx=0 busy=0
09:05:07.627 ---- end recent ----
09:05:07.627 ANOMALY M400                                     aborted        0.0ms rx=0 busy=0
09:05:08.036 ANOMALY M400                                     timeout      408.5ms rx=0 busy=0 SILENT
09:05:18.874 === ZP serial trace opened (mode=summary, pid=14296) at 2026-08-01T09:05:18 ===
09:05:18.874 ANOMALY M400                                     aborted      162.7ms rx=0 busy=0
09:05:18.874 ---- recent ZP transactions (anomaly: M400 -> aborted) [1] ----
09:05:18.874     +   0.163s  M400                                     aborted      162.7ms rx=0 busy=0
09:05:18.874 ---- end recent ----
09:05:18.875 ANOMALY M400                                     aborted        0.0ms rx=0 busy=0
09:05:19.283 ANOMALY M400                                     timeout      408.1ms rx=0 busy=0 SILENT
09:06:52.102 === ZP serial trace opened (mode=summary, pid=12764) at 2026-08-01T09:06:52 ===
09:06:52.102 ANOMALY M400                                     timeout     2000.2ms rx=0 busy=0 SILENT
09:06:52.102 ---- recent ZP transactions (anomaly: M400 -> timeout) [2] ----
09:06:52.102     +   0.000s  G0 X1                                    ok             0.0ms rx=1 busy=0
09:06:52.102     +   2.000s  M400                                     timeout     2000.2ms rx=0 busy=0 SILENT
09:06:52.102 ---- end recent ----
09:06:53.103 ANOMALY M400                                     timeout     1000.4ms rx=0 busy=0 SILENT
09:06:53.305 ANOMALY G0 X1                                    timeout      200.0ms rx=0 busy=0
09:06:53.805 ANOMALY M114                                     timeout      500.0ms rx=0 busy=0
09:06:53.805 ---- recent ZP transactions (anomaly: M114 -> timeout) [6] ----
09:06:53.805     +   0.000s  G0 X1                                    ok             0.0ms rx=1 busy=0
09:06:53.805     +   2.000s  M400                                     timeout     2000.2ms rx=0 busy=0 SILENT
09:06:53.805     +   3.002s  M400                                     timeout     1000.4ms rx=0 busy=0 SILENT
09:06:53.805     +   3.204s  G0 X1                                    timeout      200.0ms rx=0 busy=0
09:06:53.805     +   3.204s  M114                                     ok             0.0ms rx=2 busy=0
09:06:53.805     +   3.704s  M114                                     timeout      500.0ms rx=0 busy=0
09:06:53.806 ---- end recent ----
09:06:53.806 EVENT board_reset line='start'
09:06:53.806 ---- recent ZP transactions (event: board_reset) [10] ----
09:06:53.806     +   0.000s  G0 X1                                    ok             0.0ms rx=1 busy=0
09:06:53.806     +   2.000s  M400                                     timeout     2000.2ms rx=0 busy=0 SILENT
09:06:53.806     +   3.002s  M400                                     timeout     1000.4ms rx=0 busy=0 SILENT
09:06:53.806     +   3.204s  G0 X1                                    timeout      200.0ms rx=0 busy=0
09:06:53.806     +   3.204s  M114                                     ok             0.0ms rx=2 busy=0
09:06:53.806     +   3.704s  M114                                     timeout      500.0ms rx=0 busy=0
09:06:53.806     +   3.705s  G90                                      ok             0.0ms rx=1 busy=0
09:06:53.806     +   3.705s  G0 X10.0000 F300                         ok             0.0ms rx=1 busy=0
09:06:53.806     +   3.705s  G91                                      ok             0.0ms rx=1 busy=0
09:06:53.806     +   3.705s  G0 F600.0 X1.5000                        ok             0.0ms rx=1 busy=0
09:06:53.806 ---- end recent ----
09:06:53.806 ANOMALY G0 X1                                    reset          0.3ms rx=1 busy=0
09:06:53.806 ---- recent ZP transactions (anomaly: G0 X1 -> reset) [11] ----
09:06:53.806     +   0.000s  G0 X1                                    ok             0.0ms rx=1 busy=0
09:06:53.806     +   2.000s  M400                                     timeout     2000.2ms rx=0 busy=0 SILENT
09:06:53.806     +   3.002s  M400                                     timeout     1000.4ms rx=0 busy=0 SILENT
09:06:53.806     +   3.204s  G0 X1                                    timeout      200.0ms rx=0 busy=0
09:06:53.806     +   3.204s  M114                                     ok             0.0ms rx=2 busy=0
09:06:53.806     +   3.704s  M114                                     timeout      500.0ms rx=0 busy=0
09:06:53.806     +   3.705s  G90                                      ok             0.0ms rx=1 busy=0
09:06:53.806     +   3.705s  G0 X10.0000 F300                         ok             0.0ms rx=1 busy=0
09:06:53.806     +   3.705s  G91                                      ok             0.0ms rx=1 busy=0
09:06:53.806     +   3.705s  G0 F600.0 X1.5000                        ok             0.0ms rx=1 busy=0
09:06:53.806     +   3.705s  G0 X1                                    reset          0.3ms rx=1 busy=0
09:06:53.806 ---- end recent ----
09:06:53.806 ANOMALY G0 X1                                    error          0.0ms rx=1 busy=0
09:06:53.806 ---- recent ZP transactions (anomaly: G0 X1 -> error) [13] ----
09:06:53.806     +   0.000s  G0 X1                                    ok             0.0ms rx=1 busy=0
09:06:53.806     +   2.000s  M400                                     timeout     2000.2ms rx=0 busy=0 SILENT
09:06:53.807     +   3.002s  M400                                     timeout     1000.4ms rx=0 busy=0 SILENT
09:06:53.807     +   3.204s  G0 X1                                    timeout      200.0ms rx=0 busy=0
09:06:53.807     +   3.204s  M114                                     ok             0.0ms rx=2 busy=0
09:06:53.807     +   3.704s  M114                                     timeout      500.0ms rx=0 busy=0
09:06:53.807     +   3.705s  G90                                      ok             0.0ms rx=1 busy=0
09:06:53.807     +   3.705s  G0 X10.0000 F300                         ok             0.0ms rx=1 busy=0
09:06:53.807     +   3.705s  G91                                      ok             0.0ms rx=1 busy=0
09:06:53.807     +   3.705s  G0 F600.0 X1.5000                        ok             0.0ms rx=1 busy=0
09:06:53.807     +   3.705s  G0 X1                                    reset          0.3ms rx=1 busy=0
09:06:53.807     +   3.706s  G0 X50                                   ok             0.0ms rx=2 busy=1
09:06:53.807     +   3.706s  G0 X1                                    error          0.0ms rx=1 busy=0
09:06:53.807 ---- end recent ----
09:06:54.107 ANOMALY G0 X1                                    timeout      300.0ms rx=0 busy=0
09:07:00.129 ANOMALY M114                                     timeout      500.0ms rx=0 busy=0
09:07:00.129 ---- recent ZP transactions (anomaly: M114 -> timeout) [32] ----
09:07:00.129     +   0.000s  G0 X1                                    ok             0.0ms rx=1 busy=0
09:07:00.129     +   2.000s  M400                                     timeout     2000.2ms rx=0 busy=0 SILENT
09:07:00.129     +   3.002s  M400                                     timeout     1000.4ms rx=0 busy=0 SILENT
09:07:00.129     +   3.204s  G0 X1                                    timeout      200.0ms rx=0 busy=0
09:07:00.129     +   3.204s  M114                                     ok             0.0ms rx=2 busy=0
09:07:00.129     +   3.704s  M114                                     timeout      500.0ms rx=0 busy=0
09:07:00.129     +   3.705s  G90                                      ok             0.0ms rx=1 busy=0
09:07:00.129     +   3.705s  G0 X10.0000 F300                         ok             0.0ms rx=1 busy=0
09:07:00.129     +   3.705s  G91                                      ok             0.0ms rx=1 busy=0
09:07:00.129     +   3.705s  G0 F600.0 X1.5000                        ok             0.0ms rx=1 busy=0
09:07:00.129     +   3.705s  G0 X1                                    reset          0.3ms rx=1 busy=0
09:07:00.129     +   3.706s  G0 X50                                   ok             0.0ms rx=2 busy=1
09:07:00.129     +   3.706s  G0 X1                                    error          0.0ms rx=1 busy=0
09:07:00.129     +   4.006s  G0 X1                                    timeout      300.0ms rx=0 busy=0
09:07:00.129     +   4.006s  G0 X1                                    ok             0.0ms rx=1 busy=0
09:07:00.129     +   4.006s  G0 F1.0 Z0.5000                          ok             0.0ms rx=1 busy=0
09:07:00.129     +   4.006s  G0 F1000.0 Z0.5000                       ok             0.0ms rx=1 busy=0
09:07:00.129     +   4.006s  G0 F1.0 Z0.5000                          ok             0.0ms rx=1 busy=0
09:07:00.129     +   4.006s  G0 F600.0 Z0.0120                        ok             0.0ms rx=1 busy=0
09:07:00.129     +   4.006s  G0 F600.0 Z0.0001                        ok             0.0ms rx=1 busy=0
09:07:00.129     +   4.007s  G90                                      ok             0.0ms rx=1 busy=0
09:07:00.129     +   4.007s  G0 Z0.0001 E12.5000 F300                 ok             0.0ms rx=1 busy=0
09:07:00.129     +   4.007s  G91                                      ok             0.0ms rx=1 busy=0
09:07:00.129     +   4.007s  G0 F600.0 Z0.0001                        ok             0.0ms rx=1 busy=0
09:07:00.129     +   4.007s  G0 F600.0 Z0.0003                        ok             0.0ms rx=1 busy=0
09:07:00.130     +   4.007s  G0 F600.0 Z1.2345                        ok             0.0ms rx=1 busy=0
09:07:00.130     +   4.007s  G0 F600.0 Z-0.0009                       ok             0.0ms rx=1 busy=0
09:07:00.130     +   9.026s  G92 Z5.2500                              ok             0.0ms rx=1 busy=0
09:07:00.130     +   9.026s  G92 X-2.0000                             ok             0.0ms rx=1 busy=0
09:07:00.130     +   9.026s  G92 X5.2500                              ok             0.0ms rx=1 busy=0
09:07:00.130     +   9.528s  M114                                     ok             0.0ms rx=3 busy=1
09:07:00.130     +  10.028s  M114                                     timeout      500.0ms rx=0 busy=0
09:07:00.130 ---- end recent ----
09:15:22.974 === ZP serial trace opened (mode=summary, pid=8896) at 2026-08-01T09:15:22 ===
09:15:22.974 ANOMALY M400                                     timeout     2000.3ms rx=0 busy=0 SILENT
09:15:22.974 ---- recent ZP transactions (anomaly: M400 -> timeout) [2] ----
09:15:22.974     +   0.000s  G0 X1                                    ok             0.0ms rx=1 busy=0
09:15:22.974     +   2.000s  M400                                     timeout     2000.3ms rx=0 busy=0 SILENT
09:15:22.974 ---- end recent ----
09:15:23.975 ANOMALY M400                                     timeout     1000.1ms rx=0 busy=0 SILENT
09:15:24.176 ANOMALY G0 X1                                    timeout      200.0ms rx=0 busy=0
09:15:24.676 ANOMALY M114                                     timeout      500.0ms rx=0 busy=0
09:15:24.676 ---- recent ZP transactions (anomaly: M114 -> timeout) [6] ----
09:15:24.676     +   0.000s  G0 X1                                    ok             0.0ms rx=1 busy=0
09:15:24.676     +   2.000s  M400                                     timeout     2000.3ms rx=0 busy=0 SILENT
09:15:24.676     +   3.002s  M400                                     timeout     1000.1ms rx=0 busy=0 SILENT
09:15:24.676     +   3.203s  G0 X1                                    timeout      200.0ms rx=0 busy=0
09:15:24.676     +   3.203s  M114                                     ok             0.0ms rx=2 busy=0
09:15:24.676     +   3.703s  M114                                     timeout      500.0ms rx=0 busy=0
09:15:24.676 ---- end recent ----
09:15:24.676 EVENT board_reset line='start'
09:15:24.677 ---- recent ZP transactions (event: board_reset) [10] ----
09:15:24.677     +   0.000s  G0 X1                                    ok             0.0ms rx=1 busy=0
09:15:24.677     +   2.000s  M400                                     timeout     2000.3ms rx=0 busy=0 SILENT
09:15:24.677     +   3.002s  M400                                     timeout     1000.1ms rx=0 busy=0 SILENT
09:15:24.677     +   3.203s  G0 X1                                    timeout      200.0ms rx=0 busy=0
09:15:24.677     +   3.203s  M114                                     ok             0.0ms rx=2 busy=0
09:15:24.677     +   3.703s  M114                                     timeout      500.0ms rx=0 busy=0
09:15:24.677     +   3.704s  G90                                      ok             0.0ms rx=1 busy=0
09:15:24.677     +   3.704s  G0 X10.0000 F300                         ok             0.0ms rx=1 busy=0
09:15:24.677     +   3.704s  G91                                      ok             0.0ms rx=1 busy=0
09:15:24.677     +   3.704s  G0 F600.0 X1.5000                        ok             0.0ms rx=1 busy=0
09:15:24.677 ---- end recent ----
09:15:24.677 ANOMALY G0 X1                                    reset          0.4ms rx=1 busy=0
09:15:24.677 ---- recent ZP transactions (anomaly: G0 X1 -> reset) [11] ----
09:15:24.677     +   0.000s  G0 X1                                    ok             0.0ms rx=1 busy=0
09:15:24.677     +   2.000s  M400                                     timeout     2000.3ms rx=0 busy=0 SILENT
09:15:24.677     +   3.002s  M400                                     timeout     1000.1ms rx=0 busy=0 SILENT
09:15:24.677     +   3.203s  G0 X1                                    timeout      200.0ms rx=0 busy=0
09:15:24.677     +   3.203s  M114                                     ok             0.0ms rx=2 busy=0
09:15:24.677     +   3.703s  M114                                     timeout      500.0ms rx=0 busy=0
09:15:24.677     +   3.704s  G90                                      ok             0.0ms rx=1 busy=0
09:15:24.677     +   3.704s  G0 X10.0000 F300                         ok             0.0ms rx=1 busy=0
09:15:24.677     +   3.704s  G91                                      ok             0.0ms rx=1 busy=0
09:15:24.677     +   3.704s  G0 F600.0 X1.5000                        ok             0.0ms rx=1 busy=0
09:15:24.677     +   3.704s  G0 X1                                    reset          0.4ms rx=1 busy=0
09:15:24.677 ---- end recent ----
09:15:24.677 ANOMALY G0 X1                                    error          0.0ms rx=1 busy=0
09:15:24.677 ---- recent ZP transactions (anomaly: G0 X1 -> error) [13] ----
09:15:24.677     +   0.000s  G0 X1                                    ok             0.0ms rx=1 busy=0
09:15:24.677     +   2.000s  M400                                     timeout     2000.3ms rx=0 busy=0 SILENT
09:15:24.677     +   3.002s  M400                                     timeout     1000.1ms rx=0 busy=0 SILENT
09:15:24.677     +   3.203s  G0 X1                                    timeout      200.0ms rx=0 busy=0
09:15:24.677     +   3.203s  M114                                     ok             0.0ms rx=2 busy=0
09:15:24.677     +   3.703s  M114                                     timeout      500.0ms rx=0 busy=0
09:15:24.677     +   3.704s  G90                                      ok             0.0ms rx=1 busy=0
09:15:24.677     +   3.704s  G0 X10.0000 F300                         ok             0.0ms rx=1 busy=0
09:15:24.677     +   3.704s  G91                                      ok             0.0ms rx=1 busy=0
09:15:24.677     +   3.704s  G0 F600.0 X1.5000                        ok             0.0ms rx=1 busy=0
09:15:24.677     +   3.704s  G0 X1                                    reset          0.4ms rx=1 busy=0
09:15:24.677     +   3.704s  G0 X50                                   ok             0.0ms rx=2 busy=1
09:15:24.677     +   3.705s  G0 X1                                    error          0.0ms rx=1 busy=0
09:15:24.677 ---- end recent ----
09:15:24.978 ANOMALY G0 X1                                    timeout      300.0ms rx=0 busy=0
09:16:08.616 === ZP serial trace opened (mode=summary, pid=21156) at 2026-08-01T09:16:08 ===
09:16:08.616 ANOMALY M400                                     aborted      163.2ms rx=0 busy=0
09:16:08.616 ---- recent ZP transactions (anomaly: M400 -> aborted) [1] ----
09:16:08.616     +   0.163s  M400                                     aborted      163.2ms rx=0 busy=0
09:16:08.616 ---- end recent ----
09:16:08.617 ANOMALY M400                                     aborted        0.0ms rx=0 busy=0
09:16:09.023 ANOMALY M400                                     timeout      406.7ms rx=0 busy=0 SILENT
09:17:35.935 === ZP serial trace opened (mode=summary, pid=14940) at 2026-08-01T09:17:35 ===
09:17:35.935 ANOMALY M400                                     aborted      183.6ms rx=0 busy=0
09:17:35.935 ---- recent ZP transactions (anomaly: M400 -> aborted) [1] ----
09:17:35.935     +   0.184s  M400                                     aborted      183.6ms rx=0 busy=0
09:17:35.935 ---- end recent ----
09:17:35.936 ANOMALY M400                                     aborted        0.0ms rx=0 busy=0
09:17:36.344 ANOMALY M400                                     timeout      408.5ms rx=0 busy=0 SILENT
09:17:48.532 === ZP serial trace opened (mode=summary, pid=13960) at 2026-08-01T09:17:48 ===
09:17:48.532 ANOMALY M400                                     timeout     2000.2ms rx=0 busy=0 SILENT
09:17:48.532 ---- recent ZP transactions (anomaly: M400 -> timeout) [2] ----
09:17:48.532     +   0.000s  G0 X1                                    ok             0.0ms rx=1 busy=0
09:17:48.532     +   2.000s  M400                                     timeout     2000.2ms rx=0 busy=0 SILENT
09:17:48.532 ---- end recent ----
09:17:49.533 ANOMALY M400                                     timeout     1000.2ms rx=0 busy=0 SILENT
09:17:49.734 ANOMALY G0 X1                                    timeout      200.0ms rx=0 busy=0
09:17:50.234 ANOMALY M114                                     timeout      500.0ms rx=0 busy=0
09:17:50.234 ---- recent ZP transactions (anomaly: M114 -> timeout) [6] ----
09:17:50.234     +   0.000s  G0 X1                                    ok             0.0ms rx=1 busy=0
09:17:50.234     +   2.000s  M400                                     timeout     2000.2ms rx=0 busy=0 SILENT
09:17:50.234     +   3.002s  M400                                     timeout     1000.2ms rx=0 busy=0 SILENT
09:17:50.234     +   3.202s  G0 X1                                    timeout      200.0ms rx=0 busy=0
09:17:50.234     +   3.203s  M114                                     ok             0.0ms rx=2 busy=0
09:17:50.234     +   3.703s  M114                                     timeout      500.0ms rx=0 busy=0
09:17:50.234 ---- end recent ----
09:17:50.234 EVENT board_reset line='start'
09:17:50.235 ---- recent ZP transactions (event: board_reset) [10] ----
09:17:50.235     +   0.000s  G0 X1                                    ok             0.0ms rx=1 busy=0
09:17:50.235     +   2.000s  M400                                     timeout     2000.2ms rx=0 busy=0 SILENT
09:17:50.235     +   3.002s  M400                                     timeout     1000.2ms rx=0 busy=0 SILENT
09:17:50.235     +   3.202s  G0 X1                                    timeout      200.0ms rx=0 busy=0
09:17:50.235     +   3.203s  M114                                     ok             0.0ms rx=2 busy=0
09:17:50.235     +   3.703s  M114                                     timeout      500.0ms rx=0 busy=0
09:17:50.235     +   3.703s  G90                                      ok             0.0ms rx=1 busy=0
09:17:50.235     +   3.703s  G0 X10.0000 F300                         ok             0.0ms rx=1 busy=0
09:17:50.235     +   3.703s  G91                                      ok             0.0ms rx=1 busy=0
09:17:50.235     +   3.703s  G0 F600.0 X1.5000                        ok             0.0ms rx=1 busy=0
09:17:50.235 ---- end recent ----
09:17:50.235 ANOMALY G0 X1                                    reset          0.4ms rx=1 busy=0
09:17:50.235 ---- recent ZP transactions (anomaly: G0 X1 -> reset) [11] ----
09:17:50.235     +   0.000s  G0 X1                                    ok             0.0ms rx=1 busy=0
09:17:50.235     +   2.000s  M400                                     timeout     2000.2ms rx=0 busy=0 SILENT
09:17:50.235     +   3.002s  M400                                     timeout     1000.2ms rx=0 busy=0 SILENT
09:17:50.235     +   3.202s  G0 X1                                    timeout      200.0ms rx=0 busy=0
09:17:50.235     +   3.203s  M114                                     ok             0.0ms rx=2 busy=0
09:17:50.235     +   3.703s  M114                                     timeout      500.0ms rx=0 busy=0
09:17:50.235     +   3.703s  G90                                      ok             0.0ms rx=1 busy=0
09:17:50.235     +   3.703s  G0 X10.0000 F300                         ok             0.0ms rx=1 busy=0
09:17:50.235     +   3.703s  G91                                      ok             0.0ms rx=1 busy=0
09:17:50.235     +   3.703s  G0 F600.0 X1.5000                        ok             0.0ms rx=1 busy=0
09:17:50.235     +   3.704s  G0 X1                                    reset          0.4ms rx=1 busy=0
09:17:50.235 ---- end recent ----
09:17:50.235 ANOMALY G0 X1                                    error          0.0ms rx=1 busy=0
09:17:50.235 ---- recent ZP transactions (anomaly: G0 X1 -> error) [13] ----
09:17:50.235     +   0.000s  G0 X1                                    ok             0.0ms rx=1 busy=0
09:17:50.235     +   2.000s  M400                                     timeout     2000.2ms rx=0 busy=0 SILENT
09:17:50.235     +   3.002s  M400                                     timeout     1000.2ms rx=0 busy=0 SILENT
09:17:50.235     +   3.202s  G0 X1                                    timeout      200.0ms rx=0 busy=0
09:17:50.235     +   3.203s  M114                                     ok             0.0ms rx=2 busy=0
09:17:50.235     +   3.703s  M114                                     timeout      500.0ms rx=0 busy=0
09:17:50.235     +   3.703s  G90                                      ok             0.0ms rx=1 busy=0
09:17:50.235     +   3.703s  G0 X10.0000 F300                         ok             0.0ms rx=1 busy=0
09:17:50.235     +   3.703s  G91                                      ok             0.0ms rx=1 busy=0
09:17:50.235     +   3.703s  G0 F600.0 X1.5000                        ok             0.0ms rx=1 busy=0
09:17:50.235     +   3.704s  G0 X1                                    reset          0.4ms rx=1 busy=0
09:17:50.235     +   3.704s  G0 X50                                   ok             0.0ms rx=2 busy=1
09:17:50.236     +   3.704s  G0 X1                                    error          0.0ms rx=1 busy=0
09:17:50.236 ---- end recent ----
09:17:50.536 ANOMALY G0 X1                                    timeout      300.0ms rx=0 busy=0
09:59:46.798 === ZP serial trace opened (mode=summary, pid=10792) at 2026-08-01T09:59:46 ===
09:59:46.798 ANOMALY M400                                     aborted      162.8ms rx=0 busy=0
09:59:46.798 ---- recent ZP transactions (anomaly: M400 -> aborted) [1] ----
09:59:46.798     +   0.163s  M400                                     aborted      162.8ms rx=0 busy=0
09:59:46.798 ---- end recent ----
09:59:46.798 ANOMALY M400                                     aborted        0.0ms rx=0 busy=0
09:59:47.204 ANOMALY M400                                     timeout      405.8ms rx=0 busy=0 SILENT
